# https://github.com/mikedh/trimesh
v 6.97372055 -3.00000000 -54.00000000
v 6.63439989 -2.36517549 -54.00000000
v 6.33732510 -1.70951772 -54.00000000
v 6.08376837 -1.03583407 -54.00000000
v 5.87481594 -0.34700951 -54.00000000
v 5.71136189 0.35400647 -54.00000000
v 5.59410667 1.06421185 -54.00000000
v 5.52355194 1.78056562 -54.00000000
v 9.24719620 -5.77023792 -54.00000000
v 11.63482475 -7.36560011 -54.00000000
v 10.38872719 -6.64616585 -54.00000000
v 9.80362415 -6.22688675 -54.00000000
v 11.00000000 -7.02627945 -54.00000000
v 8.72182560 -5.27817440 -54.00000000
v 8.22976208 -4.75280380 -54.00000000
v 7.77311325 -4.19637585 -54.00000000
v 7.35383415 -3.61127257 -54.00000000
v 12.29048252 -7.66267490 -54.00000000
v 12.96416569 -7.91623163 -54.00000000
v 13.65299034 -8.12518406 -54.00000000
v 14.35400677 -8.28863811 -54.00000000
v 15.06421185 -8.40589333 -54.00000000
v 15.78056526 -8.47644806 -54.00000000
v 13.47711849 -0.52288151 -54.00000000
v 13.28588486 -0.31870335 -54.00000000
v 13.68129635 -0.71411520 -54.00000000
v 13.89754486 -0.89158553 -54.00000000
v 15.39354897 -1.62933290 -54.00000000
v 15.66598892 -1.69285703 -54.00000000
v 15.94200039 -1.73842680 -54.00000000
v 16.22040176 -1.76584685 -54.00000000
v 14.60921574 -1.33413100 -54.00000000
v 14.36250019 -1.20225859 -54.00000000
v 14.12493706 -1.05453265 -54.00000000
v 14.86402798 -1.44958496 -54.00000000
v 15.12584591 -1.54812634 -54.00000000
v 12.79774094 0.36250001 -54.00000000
v 12.66586876 0.60921586 -54.00000000
v 12.55041504 0.86402833 -54.00000000
v 13.10841465 -0.10245511 -54.00000000
v 12.94546700 0.12493725 -54.00000000
v 12.30714321 1.66598892 -54.00000000
v 12.45187378 1.12584627 -54.00000000
v 12.37066746 1.39354861 -54.00000000
v 12.26157284 1.94200051 -54.00000000
v 12.23415279 2.22040153 -54.00000000
v 4.50000000 -4.50000000 -21.00000000
v 4.50000000 -4.50000000 -14.00000000
v 1.02812755 -4.79999971 -6.91012573
v 0.91706330 -4.79999971 -6.39478588
v 1.84937716 -4.79999971 -8.24391937
v 1.22468734 -4.79999971 -7.39928293
v 1.50108767 -4.79999971 -7.84818602
v 2.06216288 -4.79999971 -6.31769228
v 2.17576265 -4.79999971 -6.72684240
v 0.89468950 -4.79999971 -5.86808777
v 0.96164978 -4.79999971 -5.34518528
v 1.11601782 -4.79999971 -4.84112072
v 2.03917384 -4.79999971 -5.89368725
v 2.10787106 -4.79999971 -5.47465324
v 1.35335302 -4.79999971 -4.37039471
v 1.66682708 -4.79999971 -3.94654965
v 2.04742241 -4.79999971 -3.58177853
v 2.25953627 -4.79999971 -8.57509995
v 2.71976519 -4.79999971 -8.83219910
v 3.21682429 -4.79999971 -9.00782204
v 2.64956021 -4.79999971 -7.42564201
v 2.37466192 -4.79999971 -7.10200691
v 2.43908763 -4.50001144 -6.56812572
v 2.61218095 -4.50001144 -6.91278267
v 2.98760390 -4.79999971 -7.68261528
v 3.37298584 -4.79999971 -7.86091232
v 2.86009216 -4.50001144 -7.20823193
v 3.16945577 -4.50001144 -7.43854475
v 3.73641372 -4.79999971 -9.09691429
v 4.26358604 -4.79999971 -9.09691429
v 3.78768587 -4.79999971 -7.95219469
v 3.52359438 -4.50001144 -7.59130478
v 3.90341640 -4.50001144 -7.65827751
v 4.21231365 -4.79999971 -7.95219469
v 4.28844500 -4.50001144 -7.63585281
v 4.78317595 -4.79999971 -9.00782204
v 5.28023481 -4.79999971 -8.83219910
v 5.74046373 -4.79999971 -8.57509995
v 4.62701416 -4.79999971 -7.86091232
v 5.01239586 -4.79999971 -7.68261528
v 4.65792322 -4.50001144 -7.52523804
v 4.99193287 -4.50001144 -7.33239698
v 5.35043955 -4.79999971 -7.42564201
v 5.62533808 -4.79999971 -7.10200691
v 5.27246714 -4.50001144 -7.06772709
v 5.48440266 -4.50001144 -6.74549532
v 5.61631298 -4.50001144 -6.38307333
v 6.15062284 -4.79999971 -8.24391937
v 5.82423735 -4.79999971 -6.72684240
v 5.93783760 -4.79999971 -6.31769228
v 6.49891281 -4.79999971 -7.84818602
v 6.77531242 -4.79999971 -7.39928293
v 6.97187233 -4.79999971 -6.91012573
v 2.26504183 -4.79999971 -5.08018398
v 2.50333762 -4.79999971 -4.72872353
v 2.35014343 -4.50001144 -6.19284058
v 2.35014343 -4.50001144 -5.80715942
v 2.43908763 -4.50001144 -5.43187428
v 2.61218095 -4.50001144 -5.08721733
v 2.86009216 -4.50001144 -4.79176807
v 2.81161571 -4.79999971 -4.43670702
v 2.48418999 -4.79999971 -3.28657508
v 3.17546129 -4.79999971 -4.21778870
v 2.96456456 -4.79999971 -3.06943202
v 3.16945577 -4.50001144 -4.56145573
v 3.57786131 -4.79999971 -4.08220387
v 4.00000000 -4.79999971 -4.03629398
v 3.47472668 -4.79999971 -2.93659639
v 3.52359438 -4.50001144 -4.40869474
v 3.90341640 -4.50001144 -4.34172201
v 4.42213869 -4.79999971 -4.08220387
v 4.52527332 -4.79999971 -2.93659639
v 4.28844500 -4.50001144 -4.36414766
v 4.00000000 -4.79999971 -2.89188886
v 4.99193287 -4.50001144 -4.66760254
v 5.49666214 -4.79999971 -4.72872353
v 5.73495817 -4.79999971 -5.08018398
v 5.66108799 -4.50001144 -6.00000000
v 5.61631298 -4.50001144 -5.61692667
v 5.48440266 -4.50001144 -5.25450516
v 5.27246714 -4.50001144 -4.93227291
v 4.82453871 -4.79999971 -4.21778870
v 5.18838406 -4.79999971 -4.43670702
v 5.03543568 -4.79999971 -3.06943202
v 4.65792322 -4.50001144 -4.47476196
v 5.51581001 -4.79999971 -3.28657508
v 5.96082640 -4.79999971 -5.89368725
v 5.89212894 -4.79999971 -5.47465324
v 6.88398266 -4.79999971 -4.84112072
v 6.33317280 -4.79999971 -3.94654965
v 5.95257759 -4.79999971 -3.58177853
v 6.64664698 -4.79999971 -4.37039471
v 6.97372055 -3.00000000 -21.00000000
v 6.63439989 -2.36517549 -21.00000000
v 6.33732510 -1.70951772 -21.00000000
v 6.08376837 -1.03583407 -21.00000000
v 5.87481594 -0.34700951 -21.00000000
v 5.71136189 0.35400647 -21.00000000
v 5.59410667 1.06421185 -21.00000000
v 5.52355194 1.78056562 -21.00000000
v 3.19265699 -0.00000003 -18.00000000
v 4.50000000 -0.00000003 -18.00000000
v 4.50000000 0.00000000 -14.00000000
v 6.87500000 -0.00000000 -14.00000000
v -0.87255234 0.02679492 -10.08724594
v -0.90428710 0.05857864 -10.11386681
v -0.83559638 0.00681483 -10.05624676
v -0.72200531 0.00000000 -10.10950661
v -0.94394577 0.14823619 -10.14713287
v -0.87284935 0.19650951 -10.24078465
v -0.92863810 0.09999999 -10.13429260
v -0.32191065 0.00681483 -10.59969807
v -0.27203572 0.08601253 -10.79871655
v -0.35494077 0.02679492 -10.63485050
v -0.38330439 0.05857864 -10.66503620
v -0.28831837 0.05734991 -10.75082970
v -0.22869724 0.00666508 -10.68477821
v -0.18335104 0.00309682 -10.70465469
v -0.12247203 0.00309157 -10.76432705
v -0.14949849 0.00309378 -10.73725319
v -0.19438961 -0.00000000 -10.64677143
v -0.19904740 0.03018982 -10.78757191
v -0.24020918 0.08599859 -10.82937336
v -0.22106254 0.05432832 -10.80992889
v -0.21480006 0.08598828 -10.85483360
v -0.17290355 0.03018318 -10.81376266
v -0.14810541 0.01299851 -10.78945351
v -0.14722247 0.03017715 -10.84041595
v -0.14130667 0.08596288 -10.93386745
v -0.17001605 0.05431189 -10.86198330
v -0.19531143 0.05431972 -10.83572865
v -0.18984061 0.08597889 -10.88074112
v -0.26071823 0.02621608 -10.72025299
v -0.20797424 0.01300904 -10.73077011
v -0.23179434 0.03019882 -10.75603485
v -0.25331753 0.05433997 -10.77886391
v -0.17468342 0.01300297 -10.76282978
v -0.28561315 0.12192172 -10.81311703
v -0.32331508 0.14543200 -10.78960228
v -0.29366273 0.15953578 -10.82165527
v -0.40506855 0.09999999 -10.68820000
v -0.41875008 0.14823619 -10.70276165
v -0.30965808 0.09799148 -10.77447128
v -0.32837903 0.19650951 -10.79521179
v -0.20422249 0.12188405 -10.89435005
v -0.25409815 0.12190612 -10.84347820
v -0.22893772 0.12189457 -10.86869144
v -0.21275140 0.15949574 -10.90241909
v -0.23732112 0.15950693 -10.87690926
v -0.26233339 0.15951920 -10.85184097
v -0.15616322 0.12186608 -10.94696140
v -0.16497484 0.15947661 -10.95472717
v -1.94537473 0.00681483 -8.11864281
v -1.99081206 0.02679492 -8.13483429
v -2.02982998 0.05857864 -8.14873791
v -2.05976963 0.09999999 -8.15940762
v -2.07859063 0.14823619 -8.16611385
v -2.05687213 0.19650951 -8.24571133
v -1.32176387 0.02679492 -9.48226547
v -1.35642433 0.05857864 -9.50494576
v -1.65306616 0.00681483 -8.80695057
v -1.69626963 0.02679492 -8.82840252
v -1.73336923 0.05857864 -8.84682369
v -1.86937547 0.00000000 -8.17619228
v -1.56560183 0.00000000 -8.86521530
v -1.77973223 0.14823619 -8.86984444
v -1.74339461 0.19650951 -8.95674515
v -1.39973927 0.14823619 -9.53328896
v -1.38302028 0.09999999 -9.52234840
v -1.34680736 0.19650951 -9.62499237
v -1.76183689 0.09999999 -8.86095905
v -2.20125675 0.02679492 -7.41129780
v -2.24164534 0.05857864 -7.42048931
v -2.15422344 0.00681483 -7.40059376
v -2.08821630 0.00000000 -7.45567989
v -2.36584163 0.05857864 -6.67230034
v -2.27667999 0.00681483 -6.66288376
v -2.21895814 0.00000000 -6.71410179
v -2.32464933 0.02679492 -6.66794968
v -2.29211855 0.14823619 -7.43197632
v -2.27263665 0.09999999 -7.42754221
v -2.28270388 0.19650951 -7.50218105
v -2.39744949 0.09999999 -6.67563820
v -2.41731930 0.14823619 -6.67773676
v -2.41762233 0.19650951 -6.73691368
v -1.18129146 0.00000000 -9.51277637
v -1.28140092 0.00681483 -9.45585442
v 0.31534058 0.02621608 -11.58816528
v 0.27644476 0.05734991 -11.60172367
v 0.44542605 0.00681483 -11.82043076
v 0.36046654 0.00666508 -11.57243538
v 0.40881497 -0.00000000 -11.55558205
v 0.35951334 0.05857864 -11.84628296
v 0.39924449 0.02679492 -11.83445549
v 0.46967715 0.11952885 -12.30628872
v 0.45686647 0.15674698 -12.30628872
v 0.45191631 0.19650951 -12.30628872
v 0.30946463 0.14823619 -11.85989952
v 0.29865134 0.19650951 -11.84923935
v 0.32890362 0.09999999 -11.85499763
v 0.37596139 0.19650951 -12.07753658
v 0.24637151 0.09799148 -11.61220646
v 0.22712526 0.14543200 -11.61891556
v 0.21998876 0.19650951 -11.62140369
v 0.49020618 0.08494659 -12.30628872
v 0.51655912 0.05576929 -12.30628872
v 0.54875088 0.03164599 -12.30628872
v 0.58417356 0.01431609 -12.30628872
v 0.62277782 0.00356992 -12.30628872
v 0.66235906 -0.00000000 -12.30628872
v 0.57946312 -0.00000000 -12.05550766
v 0.49494725 -0.00000000 -11.80526829
v -0.05002826 0.08594188 -11.04509449
v -0.00337035 0.03015350 -11.00950050
v -0.02832350 0.05428110 -11.02853680
v 0.15900719 0.03015477 -11.25681686
v 0.13162060 0.05428278 -11.27214527
v 0.10779928 0.08594392 -11.28547859
v -0.09592396 0.00308958 -10.79187870
v 0.00529264 0.00308373 -10.90666199
v -0.04430138 0.00308625 -10.84837437
v -0.09728562 0.03016690 -10.89507103
v -0.04931089 0.03015903 -10.95145798
v -0.12199786 0.01299447 -10.81654930
v -0.07123181 0.01298762 -10.87210846
v -0.12082911 0.05429856 -10.91582108
v -0.09467923 0.08595055 -10.98867607
v -0.07357460 0.05428831 -10.97136402
v -0.02246061 0.01298238 -10.92943096
v 0.02424246 0.01297870 -10.98843479
v 0.05278355 0.00308196 -10.96666145
v 0.05669790 0.00000012 -10.91453934
v 0.22063760 0.00308233 -11.22231960
v 0.25953728 0.00000012 -11.22014427
v 0.18931296 0.01297953 -11.23985291
v -0.10999149 0.12185223 -11.00123882
v -0.06577646 0.12184249 -11.05710888
v -0.11907432 0.15946183 -11.00869083
v -0.07511859 0.15945145 -11.06423473
v -0.10018890 0.19640958 -11.03869057
v 0.09051552 0.12184480 -11.29515457
v 0.08026265 0.15945393 -11.30089283
v 0.08420496 0.19640958 -11.31650543
v 0.98807478 0.00000000 -6.92239189
v 0.87551361 0.00000000 -6.40010595
v 1.82039261 0.00000000 -8.27416229
v 2.23607945 0.00000000 -8.60980511
v 1.18728352 0.00000000 -7.41814184
v 1.46740901 0.00000000 -7.87309456
v -2.35925770 0.02679492 -5.91522503
v -2.40067554 0.05857864 -5.91467285
v -2.31102610 0.00681483 -5.91586781
v -2.25970864 0.00000000 -5.96219110
v -2.25677896 0.00681483 -5.17003345
v -2.20987844 0.00000000 -5.21082783
v -2.30459619 0.02679492 -5.16369057
v -2.34565783 0.05857864 -5.15824366
v -2.43245649 0.09999999 -5.91424942
v -2.45243478 0.14823619 -5.91398287
v -2.45967460 0.19650951 -5.96098375
v -2.37716556 0.09999999 -5.15406418
v -2.39697218 0.14823619 -5.15143681
v -2.40825248 0.19650951 -5.18561745
v -2.20156121 0.05857864 -4.41363049
v -2.11470032 0.00681483 -4.43584967
v -2.07018828 0.00000000 -4.47088337
v -2.16143179 0.02679492 -4.42389584
v -1.93177450 0.02679492 -3.70622635
v -1.97040796 0.05857864 -3.69128704
v -2.23235345 0.09999999 -4.40575409
v -2.25171018 0.14823619 -4.40080261
v -2.26409984 0.19650951 -4.42203617
v -2.00005245 0.09999999 -3.67982364
v -2.01868796 0.14823619 -3.67261744
v -2.02930307 0.19650951 -3.68128824
v -1.88678491 0.00681483 -3.72362351
v -1.84265971 0.00000000 -3.75306630
v -1.61893559 0.02679492 -3.02092123
v -1.65553164 0.05857864 -3.00151873
v -1.57631874 0.00681483 -3.04351616
v -1.53058517 0.00000000 -3.06776333
v -1.68361282 0.09999999 -2.98663044
v -1.70126534 0.14823619 -2.97727132
v -1.70725930 0.19650951 -2.97409344
v -1.18740070 0.00681483 -2.40458632
v -1.26108885 0.05857864 -2.35351253
v -1.22704530 0.02679492 -2.37710834
v -1.13848054 0.00000000 -2.42489147
v -0.72574979 0.00681483 -1.81629169
v -0.79288018 0.05857864 -1.75686121
v -0.76186627 0.02679492 -1.78431773
v -1.28721142 0.09999999 -2.33540678
v -1.30363286 0.14823619 -2.32402515
v -1.30262876 0.19650951 -2.31068492
v -0.81667805 0.09999999 -1.73579288
v -0.83163792 0.14823619 -1.72254896
v -0.82126701 0.19650951 -1.70066249
v -0.67201966 0.00000000 -1.83375299
v -0.19775979 0.00681483 -1.28672731
v -0.13795255 0.00000000 -1.30290174
v -0.22984110 0.02679492 -1.25070620
v -0.25738996 0.05857864 -1.21977425
v -0.27852890 0.09999999 -1.19603920
v -0.29181743 0.14823619 -1.18111873
v -0.27013913 0.19650951 -1.15285349
v 0.85283822 0.00000000 -5.86631012
v 0.92070103 0.00000000 -5.33636045
v 1.07714963 0.00000000 -4.82550192
v 1.31768322 0.00000000 -4.34843206
v 1.63538218 0.00000000 -3.91887450
v 2.02110720 0.00000000 -3.54918742
v 0.38915756 0.00681483 -0.82332700
v 0.45599264 0.00000000 -0.84001994
v 0.36156178 0.02679492 -0.78376436
v 0.33786473 0.05857864 -0.74979115
v 0.31968135 0.09999999 -0.72372258
v 0.30825078 0.14823619 -0.70733517
v 0.34277961 0.19650951 -0.67518479
v 1.02676320 0.00681483 -0.43259576
v 0.98452777 0.05857864 -0.35350949
v 1.00404036 0.02679492 -0.39004698
v 0.96955526 0.09999999 -0.32547331
v 0.96014309 0.14823619 -0.30784902
v 1.00862002 0.19650951 -0.27456868
v 1.10122120 0.00000000 -0.45180532
v 1.65470827 0.14823619 0.01173183
v 1.78839660 0.00000000 -0.14387564
v 1.70610666 0.00681483 -0.12001871
v 1.68857563 0.02679492 -0.07508105
v 1.67352140 0.05857864 -0.03649221
v 1.66196990 0.09999999 -0.00688195
v 1.71774697 0.19650951 0.04319779
v 3.41511607 0.00000002 -12.30628872
v 3.53407335 -0.00000015 -12.28074646
v 3.65789509 0.00000000 -12.27669144
v 4.39850473 0.00000000 -12.27336025
v 2.70251083 0.00000000 -8.87036991
v 3.20626926 0.00000000 -9.04835892
v 3.73286128 0.00000000 -9.13865185
v 4.26713848 0.00000000 -9.13865185
v 5.13358212 0.00000000 -12.18294907
v 5.53861666 0.50000000 -12.30628872
v 5.56081486 0.80349052 -12.30628872
v 5.56303740 0.81501985 -12.30628872
v 5.56758404 0.82571560 -12.30628872
v 5.58134079 0.84440774 -12.30628872
v 5.62742424 0.85176378 -12.29643631
v 5.61677742 0.87275392 -12.30628872
v 5.70111322 0.91325587 -12.30628872
v 5.85292435 0.00000000 -12.00670719
v 6.54654503 0.00000000 -11.74708366
v 6.24837589 0.50000000 -12.08945179
v 5.87804222 0.96253347 -12.30628872
v 6.25263453 1.00000000 -12.30628872
v 6.26871824 0.80349052 -12.08755589
v 6.34739161 0.85176378 -12.06492901
v 6.35460377 0.90000004 -12.08356285
v 6.36607599 0.94142139 -12.11320400
v 6.39843845 0.99318516 -12.19681644
v 6.38102722 0.97320503 -12.15183258
v 6.92874622 0.50000000 -11.79301834
v 6.94711161 0.80349052 -11.78964138
v 6.96116829 1.00000000 -12.00625610
v 4.79373074 0.00000000 -9.04835892
v 5.29748917 0.00000000 -8.87036991
v 5.76392078 0.00000000 -8.60980511
v 6.17960739 0.00000000 -8.27416229
v 6.53259087 0.00000000 -7.87309456
v 6.81271648 0.00000000 -7.41814184
v 2.46376085 0.00000000 -3.25000548
v 2.95060968 0.00000000 -3.02993584
v 2.39517379 0.05857864 0.19681050
v 2.41765118 0.00681483 0.11001631
v 2.50757480 0.00000000 0.07931323
v 2.40555811 0.02679492 0.15671200
v 2.38720536 0.09999999 0.22757916
v 2.38219619 0.14823619 0.24692115
v 2.45989943 0.19650951 0.27351642
v 3.13935423 0.05857864 0.34312356
v 3.15140867 0.00681483 0.25428009
v 3.24834919 0.00000000 0.21453163
v 3.14492345 0.02679492 0.30207831
v 3.13508081 0.09999999 0.37461874
v 3.13239455 0.14823619 0.39441738
v 3.22433758 0.19650951 0.41305435
v 3.46764755 0.00000000 -2.89530993
v 4.00000000 0.00000000 -2.84999990
v 4.53235245 0.00000000 -2.89530993
v 4.00000000 0.00000000 0.25982288
v 3.89707828 0.00681483 0.31074747
v 4.00000000 0.00666508 0.31102452
v 3.89629173 0.02679492 0.35897726
v 3.89561629 0.05857864 0.40039313
v 4.00000000 0.02621608 0.35881352
v 4.00000000 0.05734991 0.40000471
v 3.89509797 0.09999999 0.43217260
v 3.89477229 0.14823619 0.45215005
v 4.00000000 0.09799148 0.43185270
v 4.00000000 0.14543200 0.45223477
v 4.00000000 0.19650951 0.45979244
v 5.04939032 0.00000000 -3.02993584
v 5.53623915 0.00000000 -3.25000548
v 6.92285061 0.00000000 -4.82550192
v 6.36461782 0.00000000 -3.91887450
v 5.97889328 0.00000000 -3.54918742
v 6.68231678 0.00000000 -4.34843206
v 5.10884571 0.00594086 0.30820727
v 5.10884571 0.02507606 0.35678479
v 5.10884571 0.05613204 0.39875454
v 5.10884571 0.09699239 0.43125632
v 5.10884571 0.14487253 0.45207524
v 6.21769142 0.00594086 0.30820727
v 6.21769142 0.02507606 0.35678479
v 6.21769142 0.05613204 0.39875454
v 6.21769142 0.09699239 0.43125632
v 6.21769142 0.14487253 0.45207524
v 9.24719620 -5.77023792 -14.00000000
v 11.63482475 -7.36560011 -14.00000000
v 10.38872719 -6.64616585 -14.00000000
v 9.80362415 -6.22688675 -14.00000000
v 11.00000000 -7.02627945 -14.00000000
v 8.00000000 -4.50000000 -23.50000000
v 8.00000000 -4.47283792 -23.50000000
v 8.02229118 -4.50000000 -23.50000000
v 8.00000000 -4.50000000 -21.00000000
v 8.00000000 -4.47283792 -21.00000000
v 8.02229118 -4.50000000 -21.00000000
v 7.77311325 -4.19637585 -21.00000000
v 7.35383415 -3.61127257 -21.00000000
v 8.00000000 -4.50000000 -14.00000000
v 8.00000000 -4.47283792 -14.00000000
v 7.99023485 -4.46093893 -14.00000000
v 8.02229118 -4.50000000 -14.00000000
v 8.72182560 -5.27817440 -14.00000000
v 8.22976208 -4.75280380 -14.00000000
v 12.29048252 -7.66267490 -14.00000000
v 12.96416569 -7.91623163 -14.00000000
v 13.65299034 -8.12518406 -14.00000000
v 14.35400677 -8.28863811 -14.00000000
v 15.06421185 -8.40589333 -14.00000000
v 15.78056526 -8.47644806 -14.00000000
v 8.00000000 -4.50000000 -12.50000000
v 7.08293676 -4.79999971 -6.39478588
v 7.10531044 -4.79999971 -5.86808777
v 7.03835011 -4.79999971 -5.34518528
v 8.00000000 -0.00000000 -14.00000000
v 8.00000000 0.00000001 -12.50000000
v 7.20481491 0.00000000 -11.40768147
v 7.81859827 0.00000000 -10.99321270
v 7.03561497 0.85176378 -11.75140476
v 7.04494095 0.90000004 -11.76907539
v 7.05977726 0.94142139 -11.79718399
v 7.10162687 0.99318516 -11.87647438
v 7.07911110 0.97320503 -11.83381557
v 7.63060760 1.00000000 -11.62692928
v 7.73555660 0.97320503 -11.43690586
v 7.76287174 0.99318516 -11.47666359
v 7.57083416 0.50000000 -11.42086411
v 7.58717155 0.80349052 -11.41642094
v 8.16624737 0.50000000 -10.97785091
v 7.68278646 0.85176378 -11.36010265
v 7.69410133 0.90000004 -11.37657070
v 7.71210003 0.94142139 -11.40276718
v 8.18057346 0.80349052 -10.97274876
v 8.37937260 0.00000000 -10.50942993
v 8.87935448 0.00000000 -9.96304989
v 8.70720291 0.50000006 -10.46977234
v 8.28015518 0.85176378 -10.89631462
v 8.29330444 0.90000004 -10.91135788
v 8.31422234 0.94142139 -10.93528652
v 8.25211430 1.00000000 -11.17331314
v 8.37323093 0.99318516 -11.00278854
v 8.34148407 0.97320503 -10.96647263
v 8.71959782 0.80349052 -10.46439362
v 9.18662834 0.50000006 -9.90326786
v 8.81748390 1.00000000 -10.65139675
v 8.81964111 0.85176378 -10.36631107
v 8.83444881 0.90000004 -10.37972546
v 8.85800362 0.94142139 -10.40106583
v 8.88870144 0.97320503 -10.42887592
v 8.92444897 0.99318516 -10.46126175
v 9.19723320 0.80349052 -9.89797211
v 9.29395008 0.85176378 -9.77726173
v 9.31021500 0.90000004 -9.78886700
v 9.33608818 0.94142139 -9.80732727
v 9.31925201 1.00000000 -10.06807137
v 9.36980629 0.97320503 -9.83138466
v 7.01192474 0.00000000 -6.92239189
v 7.12448645 0.00000000 -6.40010595
v 9.31160355 0.00000000 -9.36165619
v 9.40907288 0.99318516 -9.85940170
v 9.67011929 0.00000000 -8.71359730
v 9.94992542 0.00000000 -8.02786922
v 10.14713669 0.00000000 -7.31399155
v 10.25901699 0.00000000 -6.58187389
v 9.59825897 0.50000006 -9.28574371
v 9.93671417 0.50000006 -8.62526989
v 9.60726833 0.80349052 -9.28084755
v 9.69666767 0.85176378 -9.13713074
v 9.71416950 0.90000004 -9.14676857
v 9.74201107 0.94142139 -9.16210079
v 9.75079346 1.00000000 -9.43103886
v 9.77829456 0.97320503 -9.18208218
v 9.82054710 0.99318516 -9.20535088
v 9.94436836 0.80349052 -8.62104988
v 10.02234840 0.85176378 -8.45457649
v 10.04085064 0.90000004 -8.46211720
v 10.07028389 0.94142139 -8.47411346
v 10.10641003 1.00000000 -8.74870777
v 10.10864067 0.97320503 -8.48974705
v 10.15330887 0.99318516 -8.50795364
v 10.38140869 1.00000000 -8.03008842
v 10.19756889 0.50000006 -7.93048143
v 10.37741470 0.50000006 -7.21045923
v 10.47389889 0.50000006 -6.47461462
v 10.20415115 0.80349052 -7.92715836
v 10.26658535 0.85176378 -7.73882771
v 10.28583908 0.90000004 -7.74416924
v 10.31646538 0.94142139 -7.75266743
v 10.38323402 0.80349052 -7.20820141
v 10.35637856 0.97320503 -7.76374292
v 10.40285873 0.99318516 -7.77663946
v 10.42607880 0.85176378 -6.99956369
v 10.44582176 0.90000004 -7.00263453
v 10.47722816 0.94142139 -7.00751972
v 10.47928905 0.80349052 -6.47352791
v 10.51815605 0.97320503 -7.01388597
v 10.57215881 1.00000000 -7.28466606
v 10.56581974 0.99318516 -7.02130032
v 10.67614079 1.00000000 -6.52228403
v 7.14716196 0.00000000 -5.86631012
v 7.07929897 0.00000000 -5.33636045
v 7.32653713 0.00594086 0.30820727
v 7.32653713 0.02507606 0.35678479
v 7.32653713 0.05613204 0.39875454
v 7.32653713 0.09699239 0.43125632
v 7.32653713 0.14487253 0.45207524
v 9.04781246 0.00000000 -2.20598578
v 9.02233505 0.00000000 -2.11458635
v 9.13558769 0.00000000 -2.37513113
v 9.08538055 0.00000000 -2.29272699
v 9.00916672 0.00000000 -2.01989198
v 9.00895119 0.00000000 -1.92421317
v 9.02188492 0.00000000 -1.82956469
v 9.04762459 0.00000000 -1.73759270
v 9.08568001 0.00000000 -1.64992511
v 9.13525391 0.00000000 -1.56820154
v 9.19547939 0.00000000 -1.49402237
v 9.26531887 0.00000000 -1.42874014
v 9.34363461 0.00000000 -1.37359846
v 8.43538284 0.00594086 0.30820727
v 8.43538284 0.02507606 0.35678479
v 8.43538284 0.05613204 0.39875454
v 8.43538284 0.09699239 0.43125632
v 8.43538284 0.14487253 0.45207524
v 9.25155735 0.50000006 -2.15781641
v 9.30873966 0.49999997 -2.26452160
v 9.22168922 0.50000006 -2.04051852
v 9.22088051 0.50000006 -1.91949975
v 9.24917984 0.50000006 -1.80184782
v 9.30492878 0.50000006 -1.69445288
v 9.31852818 0.80349052 -2.26922536
v 9.28347397 0.80434227 -2.21124220
v 9.25655174 0.80514908 -2.14895988
v 9.23828888 0.80586559 -2.08350492
v 9.29030323 0.85176444 -2.20972133
v 9.24629021 0.85176641 -2.08875775
v 9.32472134 0.85456753 -2.26489139
v 9.26579762 0.90000218 -2.08443594
v 9.29682922 0.94142306 -2.07756019
v 9.30802727 0.90000027 -2.20049810
v 9.34140491 0.90200770 -2.25318360
v 9.33622265 0.94142127 -2.18582535
v 9.36747456 0.94264877 -2.23488927
v 9.37296581 0.97320449 -2.16670322
v 9.33726978 0.97320616 -2.06859946
v 9.22906113 0.80646247 -2.01606488
v 9.22908497 0.80693328 -1.94791007
v 9.23838997 0.80727768 -1.88033342
v 9.23508453 0.85176814 -1.96052444
v 9.25682640 0.80748969 -1.81460130
v 9.28405762 0.80756164 -1.75196886
v 9.25744915 0.85176933 -1.83376014
v 9.31958103 0.80749166 -1.69361925
v 9.36273003 0.80728149 -1.64065337
v 9.31186104 0.85176998 -1.71710384
v 9.25504589 0.90000379 -1.96139860
v 9.28679943 0.94142443 -1.96278858
v 9.30681705 0.94142556 -1.84933186
v 9.27650452 0.90000498 -1.83977079
v 9.32871246 0.90000564 -1.72784138
v 9.35551739 0.94142616 -1.74492180
v 9.32818222 0.97320747 -1.96459997
v 9.34632015 0.97320849 -1.86179173
v 10.28401184 0.00000000 -5.84167862
v 10.22177505 0.00000000 -5.10368109
v 9.52627754 0.00000000 -3.00431705
v 9.84025955 0.00000000 -3.67508459
v 10.07316971 0.00000000 -4.37812567
v 10.48576164 0.50000006 -5.73256588
v 10.41284657 0.50000006 -4.99401331
v 10.49867058 0.85176378 -6.24678230
v 10.51863575 0.90000004 -6.24754047
v 10.55039597 0.94142139 -6.24874687
v 10.49106789 0.80349052 -5.73269606
v 10.48337841 0.85176378 -5.49066496
v 10.50329685 0.90000004 -5.48909950
v 10.53498268 0.94142139 -5.48661041
v 10.38041019 0.85176378 -4.74143410
v 10.40001297 0.90000004 -4.73756742
v 10.41841698 0.80349052 -4.99534130
v 10.43119526 0.94142139 -4.73141670
v 10.47183228 0.97320503 -4.72340059
v 10.51915741 0.99318516 -4.71406555
v 9.91817951 0.85176378 -3.30393529
v 9.93636227 0.90000004 -3.29565239
v 9.96528530 0.94142139 -3.28247571
v 10.25610924 0.50000006 -4.26861000
v 10.01759720 0.50000006 -3.56583834
v 10.26228046 0.80349052 -4.27105379
v 10.19115639 0.85176378 -4.00922394
v 10.21017838 0.90000004 -4.00310755
v 10.24043560 0.94142139 -3.99337816
v 10.45957565 1.00000000 -4.23434734
v 10.27986908 0.97320503 -3.98069859
v 10.32578945 0.99318516 -3.96593285
v 10.02469063 0.80349052 -3.56925488
v 10.21439457 1.00000000 -3.50501537
v 10.00298023 0.97320503 -3.26530409
v 10.04687500 0.99318516 -3.24530697
v 10.59178829 0.97320503 -6.25031900
v 10.63998985 0.99318516 -6.25214958
v 10.69198227 1.00000000 -5.75300646
v 10.57627678 0.97320503 -5.48336601
v 10.62436581 0.99318516 -5.47958851
v 10.61947441 1.00000000 -4.98698997
v 9.42866516 0.00000000 -1.32961094
v 9.51814556 0.00000000 -1.29759800
v 9.61084461 0.00000000 -1.27818274
v 9.70738602 0.00000000 -1.27165008
v 9.54422855 0.00594086 0.30820727
v 9.54422855 0.02507606 0.35678479
v 9.54422855 0.05613204 0.39875454
v 9.54422855 0.09699239 0.43125632
v 9.54422855 0.14487253 0.45207524
v 9.70042801 0.50000006 -2.89488411
v 9.38486290 0.50000006 -1.60360503
v 9.48430157 0.50000006 -1.53462458
v 9.59741879 0.50000006 -1.49155152
v 9.71759129 0.50000006 -1.47690952
v 9.56516933 0.85176378 -2.63510656
v 9.58226681 0.90000004 -2.62476873
v 9.60946560 0.94142139 -2.60832334
v 9.64491081 0.97320503 -2.58689165
v 9.40119076 0.97378230 -2.21122766
v 9.44030857 0.99333310 -2.18377590
v 9.38436413 0.99318564 -2.05816436
v 9.41575336 0.99318421 -2.14443493
v 9.44802666 0.99999928 -2.09035778
v 9.48221970 0.99999875 -2.15436363
v 9.70873642 0.80349052 -2.89907312
v 9.68618870 0.99318516 -2.56193376
v 9.88716888 1.00000000 -2.80862308
v 9.40810966 0.90000570 -1.63323808
v 9.42958069 0.94142628 -1.65667403
v 9.41268158 0.80693853 -1.59407794
v 9.39461231 0.85177010 -1.61850548
v 9.46849251 0.80646878 -1.55475795
v 9.50006294 0.85176969 -1.54468405
v 9.50928783 0.90000522 -1.56240797
v 9.52908993 0.80587196 -1.52342856
v 9.59330940 0.80515444 -1.50066042
v 9.65995789 0.80434537 -1.48684371
v 9.62102699 0.85176861 -1.50067067
v 9.52396107 0.94142586 -1.59060228
v 9.62535000 0.90000427 -1.52017808
v 9.63222599 0.94142497 -1.55120945
v 9.37637138 0.99318683 -1.96670890
v 9.39232254 0.99318773 -1.87630153
v 9.43020821 1.00000036 -2.02001309
v 9.42980671 1.00000119 -1.94744778
v 9.44684601 1.00000179 -1.87691045
v 9.39044857 0.97320908 -1.76718128
v 9.43112850 0.99318814 -1.79310274
v 9.45756149 0.97320914 -1.68721604
v 9.49014568 0.99318832 -1.72278285
v 9.48032951 1.00000215 -1.81253064
v 9.56535244 0.99318796 -1.67013395
v 9.52829552 1.00000215 -1.75807774
v 9.58793736 1.00000191 -1.71673989
v 9.65162373 0.99318731 -1.63874376
v 9.65576077 1.00000131 -1.69093704
v 9.54308414 0.97320879 -1.62734556
v 9.64118767 0.97320795 -1.59165001
v 9.72779655 0.80349052 -1.48220682
v 9.72779655 0.85456848 -1.48976493
v 9.72779655 0.90200937 -1.51014745
v 9.72779655 0.94265115 -1.54199588
v 9.72779655 0.99333555 -1.63097751
v 9.72779655 1.00000024 -1.68217969
v 9.72779655 0.97378492 -1.58318770
v 10.65307522 0.00594086 0.30820727
v 10.65307522 0.02507606 0.35678479
v 10.65307522 0.05613204 0.39875454
v 10.65307522 0.09699239 0.43125632
v 10.65307522 0.14487253 0.45207524
v 10.85947800 0.85176378 -1.48899150
v 10.85947800 0.90000004 -1.50897157
v 10.85947800 0.94142139 -1.54075527
v 10.85947800 0.99318516 -1.63041294
v 10.85947800 0.97320503 -1.58217669
v 13.47711849 -0.52288151 -12.50000000
v 13.28588486 -0.31870335 -12.50000000
v 13.68129635 -0.71411520 -12.50000000
v 13.89754486 -0.89158553 -12.50000000
v 15.39354897 -1.62933290 -12.50000000
v 15.66598892 -1.69285703 -12.50000000
v 15.94200039 -1.73842680 -12.50000000
v 16.22040176 -1.76584685 -12.50000000
v 14.60921574 -1.33413100 -12.50000000
v 14.36250019 -1.20225859 -12.50000000
v 14.12493706 -1.05453265 -12.50000000
v 14.86402798 -1.44958496 -12.50000000
v 15.12584591 -1.54812634 -12.50000000
v 12.79774094 0.36250001 -11.50000000
v 12.72424603 0.50000006 -12.30628872
v 12.72424603 0.50000006 -12.28144550
v 12.66586876 0.60921586 -12.30628872
v 12.72424603 0.50000006 -12.22559357
v 12.72424603 0.50000006 -12.18073559
v 12.72424603 0.50000006 -11.50000000
v 12.55041504 0.86402833 -12.30628872
v 12.49923897 1.00000000 -12.30628872
v 12.49923897 1.00000000 -11.50000000
v 13.10841465 -0.10245511 -12.50000000
v 13.03499603 -0.00000001 -12.50000000
v 13.03499603 0.00000000 -12.30628872
v 13.03499603 0.00000000 -12.30539322
v 13.03499603 0.00000000 -12.31515598
v 13.03499603 0.00000000 -11.50000000
v 12.94546700 0.12493725 -11.50000000
v 13.48113441 1.00000000 -11.50000000
v 13.78647518 0.50000006 -11.50000000
v 13.77930069 0.76802379 -11.50000000
v 13.83515263 0.50000006 -11.45564938
v 13.77842331 0.80349052 -11.50000000
v 13.77032948 0.81981206 -11.50000000
v 13.76608562 0.86306667 -11.50000000
v 13.77377033 0.85176378 -11.50000000
v 13.73104477 0.90788531 -11.50000000
v 13.74097538 0.90000004 -11.50000000
v 13.68880558 0.94142139 -11.50000000
v 13.56053829 0.99318516 -11.48554039
v 13.54629326 0.99318516 -11.50000000
v 13.54253292 0.99349439 -11.50000000
v 13.57329845 0.98519713 -11.50000000
v 13.62081814 0.97320503 -11.50000000
v 13.82969475 0.80349052 -11.45322037
v 13.62538528 1.00000000 -11.36174297
v 14.11445522 0.94142139 -11.17423534
v 14.09163666 0.97320503 -11.13966560
v 14.06506443 0.99318516 -11.09940910
v 12.30714321 1.66598892 -11.50000000
v 12.45187378 1.12584627 -11.50000000
v 12.37066746 1.39354861 -11.50000000
v 12.26157284 1.94200051 -11.50000000
v 12.23415279 2.22040153 -11.50000000
v 14.96738148 0.00000000 -11.50000000
v 14.50123978 0.00000000 -11.25255966
v 14.98837662 0.00000000 -11.01596355
v 14.32118893 0.50000006 -11.11985970
v 14.14297199 0.85176378 -11.21743584
v 14.13196468 0.90000004 -11.20076084
v 14.31657982 0.80349052 -11.11643887
v 14.14383316 1.00000000 -10.98750210
v 14.67914200 0.85176378 -10.91497231
v 14.67056274 0.90000004 -10.89692688
v 14.65691566 0.94142139 -10.86822319
v 14.63912964 0.97320503 -10.83081341
v 14.61841774 0.99318516 -10.78725052
v 14.70911503 1.00000000 -10.68866920
v 14.84782314 0.50000006 -10.85219860
v 14.84422207 0.80349052 -10.84797478
v 15.25218964 0.85176378 -10.69007111
v 15.24620533 0.90000004 -10.67100906
v 15.23668480 0.94142139 -10.64068413
v 15.22427940 0.97320503 -10.60116386
v 15.20983219 0.99318516 -10.55514240
v 15.31033611 1.00000000 -10.47100639
v 15.50193405 0.00000000 -10.84409237
v 16.03335190 0.00000000 -10.73981094
v 15.40556335 0.50000006 -10.65748978
v 15.40309334 0.80349052 -10.65267563
v 15.85095978 0.85176378 -10.54711246
v 15.84768677 0.90000004 -10.52740192
v 15.84248066 0.94142139 -10.49604797
v 15.82779312 0.99318516 -10.40760136
v 15.83569527 0.97320503 -10.45518684
v 15.98435879 0.50000006 -10.53924370
v 15.98310280 0.80349052 -10.53406715
v 15.93590927 1.00000000 -10.33870697
v 16.46379852 0.85176378 -10.48887825
v 16.46330070 0.90000004 -10.46890354
v 16.46250916 0.94142139 -10.43712997
v 16.46147537 0.97320503 -10.39572239
v 16.46027374 0.99318516 -10.34750080
v 11.76192093 0.00594086 0.30820727
v 11.76192093 0.02507606 0.35678479
v 11.76192093 0.05613204 0.39875454
v 11.76192093 0.09699239 0.43125632
v 11.76192093 0.14487253 0.45207524
v 12.87076569 0.00594086 0.30820727
v 12.87076569 0.02507606 0.35678479
v 12.87076569 0.05613204 0.39875454
v 12.87076569 0.09699239 0.43125632
v 12.87076569 0.14487253 0.45207524
v 11.99115849 0.85176378 -1.48899150
v 11.99115849 0.90000004 -1.50897157
v 11.99115849 0.94142139 -1.54075527
v 11.99115849 0.99318516 -1.63041294
v 11.99115849 0.97320503 -1.58217669
v 13.97961235 0.00594086 0.30820727
v 13.97961235 0.02507606 0.35678479
v 13.97961235 0.05613204 0.39875454
v 13.97961235 0.09699239 0.43125632
v 13.97961235 0.14487253 0.45207524
v 13.12283993 0.85176378 -1.48899150
v 13.12283993 0.90000004 -1.50897157
v 13.12283993 0.94142139 -1.54075527
v 13.12283993 0.99318516 -1.63041294
v 13.12283993 0.97320503 -1.58217669
v 15.08845806 0.00594086 0.30820727
v 15.08845806 0.02507606 0.35678479
v 15.08845806 0.05613204 0.39875454
v 15.08845806 0.09699239 0.43125632
v 15.08845806 0.14487253 0.45207524
v 14.25452137 0.85176378 -1.48899150
v 14.25452137 0.90000004 -1.50897157
v 14.25452137 0.94142139 -1.54075527
v 14.25452137 0.99318516 -1.63041294
v 14.25452137 0.97320503 -1.58217669
v 16.19730377 0.00594086 0.30820727
v 16.19730377 0.02507606 0.35678479
v 16.19730377 0.05613204 0.39875454
v 16.19730377 0.09699239 0.43125632
v 16.19730377 0.14487253 0.45207524
v 15.38620186 0.85176378 -1.48899150
v 15.38620186 0.90000004 -1.50897157
v 15.38620186 0.94142139 -1.54075527
v 15.38620186 0.99318516 -1.63041294
v 15.38620186 0.97320503 -1.58217669
v 5.50000000 2.50000000 -54.00000000
v 5.52355194 3.21943450 -54.00000000
v 5.59410667 3.93578815 -54.00000000
v 5.71136189 4.64599371 -54.00000000
v 5.87481594 5.34700966 -54.00000000
v 6.08376837 6.03583431 -54.00000000
v 6.33732510 6.70951796 -54.00000000
v 6.63439989 7.36517572 -54.00000000
v 6.97372055 8.00000000 -54.00000000
v 12.22500038 2.50000000 -54.00000000
v 12.23415279 2.77959847 -54.00000000
v 12.26157284 3.05799937 -54.00000000
v 12.30714321 3.33401108 -54.00000000
v 12.37066746 3.60645151 -54.00000000
v 12.45187378 3.87415361 -54.00000000
v 12.55041504 4.13597155 -54.00000000
v 12.66586876 4.39078426 -54.00000000
v 12.79774094 4.63749981 -54.00000000
v 12.94546700 4.87506294 -54.00000000
v 13.10841465 5.10245514 -54.00000000
v 13.28588486 5.31870317 -54.00000000
v 13.47711849 5.52288151 -54.00000000
v 13.68129635 5.71411514 -54.00000000
v 13.89754486 5.89158535 -54.00000000
v 14.12493706 6.05453253 -54.00000000
v 14.36250019 6.20225859 -54.00000000
v 14.60921574 6.33413076 -54.00000000
v 14.86402798 6.44958496 -54.00000000
v 15.12584591 6.54812622 -54.00000000
v 15.39354897 6.62933302 -54.00000000
v 15.66598892 6.69285727 -54.00000000
v 15.94200039 6.73842669 -54.00000000
v 16.22040176 6.76584673 -54.00000000
v 7.35383415 8.61127281 -54.00000000
v 7.77311325 9.19637585 -54.00000000
v 8.22976208 9.75280380 -54.00000000
v 8.72182560 10.27817440 -54.00000000
v 9.24719620 10.77023792 -54.00000000
v 9.80362415 11.22688675 -54.00000000
v 10.38872719 11.64616585 -54.00000000
v 11.00000000 12.02627945 -54.00000000
v 11.63482475 12.36560059 -54.00000000
v 12.29048252 12.66267490 -54.00000000
v 12.96416569 12.91623116 -54.00000000
v 13.65299034 13.12518406 -54.00000000
v 14.35400677 13.28863811 -54.00000000
v 15.06421185 13.40589333 -54.00000000
v 15.78056526 13.47644806 -54.00000000
v 5.50000000 2.50000000 -21.00000000
v 5.52355194 3.21943450 -21.00000000
v 5.59410667 3.93578815 -21.00000000
v 5.71136189 4.64599371 -21.00000000
v 3.19265699 5.00000000 -18.00000000
v 4.50000000 5.00000000 -18.00000000
v 4.50000000 5.00000000 -14.00000000
v 5.62710142 5.00000000 -14.00000000
v 5.87481594 5.34700966 -21.00000000
v 6.08376837 6.03583431 -21.00000000
v 6.33732510 6.70951796 -21.00000000
v 6.63439989 7.36517572 -21.00000000
v -0.88359684 2.50000000 -10.28957844
v -0.13370240 2.50000000 -11.06298828
v -0.36116648 2.50000000 -10.81977463
v -2.04351854 2.50000000 -8.39288139
v -1.73032463 2.50000000 -9.06812286
v -1.34198654 2.50000000 -9.70313168
v -2.27746153 2.50000000 -7.68626165
v -2.42908525 2.50000000 -6.95752907
v -0.87284935 4.80349016 -10.24078465
v -0.94394577 4.85176373 -10.14713287
v -0.92863810 4.90000010 -10.13429260
v -0.90428710 4.94142151 -10.11386681
v -0.87255234 4.97320509 -10.08724594
v -0.83559638 4.99318504 -10.05624676
v -0.72200531 5.00000000 -10.10950661
v -0.32837903 4.80349064 -10.79521179
v -0.32331508 4.85456800 -10.78960228
v -0.29394212 4.83843994 -10.82195091
v -0.28674474 4.87406778 -10.81431770
v -0.41875008 4.85176373 -10.70276165
v -0.40506855 4.90000010 -10.68820000
v -0.30965808 4.90200853 -10.77447128
v -0.26261929 4.83845663 -10.85213184
v -0.25525576 4.87408352 -10.84465408
v -0.27459410 4.90841341 -10.80142975
v -0.38330439 4.94142151 -10.66503620
v -0.35494077 4.97320509 -10.63485050
v -0.28831837 4.94265032 -10.75082970
v -0.32191065 4.99318504 -10.59969807
v -0.24282619 4.90842772 -10.83203125
v -0.25773489 4.93932104 -10.78354836
v -0.22558093 4.93933296 -10.81451797
v -0.20300104 4.96617126 -10.79158688
v -0.23565964 4.96616173 -10.76013470
v -0.26071823 4.97378397 -10.72025299
v -0.21074450 4.98540831 -10.73370838
v -0.17751692 4.98541451 -10.76570702
v -0.22869724 4.99333477 -10.68477821
v -0.18474437 4.99653053 -10.70613098
v -0.15092361 4.99653387 -10.73870087
v -0.19438961 5.00000000 -10.64677143
v -2.05687213 4.80349016 -8.24571133
v -2.07859063 4.85176373 -8.16611385
v -2.05976963 4.90000010 -8.15940762
v -2.02982998 4.94142151 -8.14873791
v -1.99081206 4.97320509 -8.13483429
v -1.94537473 4.99318504 -8.11864281
v -1.77973223 4.85176373 -8.86984444
v -1.74339461 4.80349016 -8.95674515
v -1.34680736 4.80349016 -9.62499237
v -1.39973927 4.85176373 -9.53328896
v -1.38302028 4.90000010 -9.52234840
v -1.76183689 4.90000010 -8.86095905
v -1.35642433 4.94142151 -9.50494576
v -1.32176387 4.97320509 -9.48226547
v -1.73336923 4.94142151 -8.84682369
v -1.69626963 4.97320509 -8.82840252
v -1.65306616 4.99318504 -8.80695057
v -1.86937547 5.00000000 -8.17619228
v -1.56560183 5.00000000 -8.86521530
v -2.28270388 4.80349016 -7.50218105
v -2.29211855 4.85176373 -7.43197632
v -2.27263665 4.90000010 -7.42754221
v -2.41762233 4.80349016 -6.73691368
v -2.41731930 4.85176373 -6.67773676
v -2.39744949 4.90000010 -6.67563820
v -2.24164534 4.94142151 -7.42048931
v -2.20125675 4.97320509 -7.41129780
v -2.15422344 4.99318504 -7.40059376
v -2.08821630 5.00000000 -7.45567989
v -2.36584163 4.94142151 -6.67230034
v -2.32464933 4.97320509 -6.66794968
v -2.27667999 4.99318504 -6.66288376
v -2.21895814 5.00000000 -6.71410179
v -1.18129146 5.00000000 -9.51277637
v -1.28140092 4.99318504 -9.45585442
v 0.40958944 2.50000000 -12.30628872
v 0.26151186 2.50000000 -11.86489582
v 0.33618328 2.50000000 -12.08538055
v 0.18557774 2.50000000 -11.64484406
v 0.05024608 2.50000000 -11.34057617
v 0.45191631 4.80349016 -12.30628872
v 0.45686647 4.84325314 -12.30628872
v 0.46967715 4.88047123 -12.30628872
v 0.15868422 4.83848524 -11.45755386
v 0.16825944 4.87411070 -11.45324516
v 0.29865122 4.80349016 -11.84923935
v 0.30946463 4.85176373 -11.85989952
v 0.37596136 4.80349016 -12.07753658
v 0.32890362 4.90000010 -11.85499763
v 0.21998861 4.80349016 -11.62140274
v 0.22712526 4.85456800 -11.61891556
v 0.24637151 4.90200853 -11.61220646
v 0.18441893 4.90845203 -11.44597435
v 0.20683703 4.93935394 -11.43588638
v 0.23618810 4.96618795 -11.42267990
v 0.27644476 4.94265032 -11.60172367
v 0.31534058 4.97378397 -11.58816528
v 0.35951334 4.94142151 -11.84628296
v 0.39924449 4.97320509 -11.83445549
v 0.44542605 4.99318504 -11.82043076
v 0.36046654 4.99333477 -11.57243538
v 0.40881497 5.00000000 -11.55558205
v 0.49020618 4.91505337 -12.30628872
v 0.51655912 4.94423056 -12.30628872
v 0.54875088 4.96835423 -12.30628872
v 0.58417356 4.98568392 -12.30628872
v 0.62277782 4.99642992 -12.30628872
v 0.66235906 5.00000000 -12.30628872
v 0.57946312 5.00000000 -12.05550766
v 0.49494725 5.00000000 -11.80526829
v -0.10018899 4.80359030 -11.03869057
v -0.07544310 4.83852434 -11.06448269
v -0.06708932 4.87414789 -11.05811024
v 0.00641112 4.83853245 -11.18002415
v 0.01519534 4.87415504 -11.17425537
v 0.08420482 4.80359030 -11.31650448
v 0.07990652 4.83852196 -11.30109215
v 0.08907466 4.87414551 -11.29595947
v -0.05299527 4.90848589 -11.04735756
v -0.03344525 4.93938255 -11.03244305
v -0.00785141 4.96620989 -11.01291847
v 0.10454296 4.90848351 -11.28730202
v 0.12599938 4.93938065 -11.27529240
v 0.15408915 4.96620846 -11.25956917
v 0.03001478 4.90849209 -11.16452599
v 0.05057044 4.93938828 -11.15102863
v 0.07748040 4.96621418 -11.13335991
v 0.10784793 4.98544312 -11.11342049
v 0.13953432 4.99654770 -11.09261513
v 0.02103125 4.98544025 -10.99088478
v 0.05116857 4.99654675 -10.96789360
v 0.05669790 5.00000000 -10.91453934
v 0.18578857 4.98543930 -11.24182606
v 0.26931283 4.98542595 -11.40777493
v 0.21886511 4.99654579 -11.22331142
v 0.30387810 4.99653912 -11.39222145
v 0.25953728 5.00000000 -11.22014427
v 0.92070103 5.00000000 -6.66363955
v 1.63538218 5.00000000 -8.08112526
v 2.02110720 5.00000000 -8.45081234
v 1.31768322 5.00000000 -7.65156794
v 1.07714963 5.00000000 -7.17449760
v -2.49640203 2.50000000 -6.21623993
v -2.47852898 2.50000000 -5.47211456
v -2.37570024 2.50000000 -4.73491240
v -2.18926430 2.50000000 -4.01429939
v -1.92166615 2.50000000 -3.31972575
v -1.57641470 2.50000000 -2.66029954
v -1.15803742 2.50000000 -2.04466820
v -0.67202085 2.50000000 -1.48090482
v -0.12473813 2.50000000 -0.97640216
v -2.45967460 4.80349016 -5.96098375
v -2.45243478 4.85176373 -5.91398287
v -2.43245649 4.90000010 -5.91424942
v -2.40825248 4.80349016 -5.18561745
v -2.39697218 4.85176373 -5.15143681
v -2.37716556 4.90000010 -5.15406418
v -2.40067554 4.94142151 -5.91467285
v -2.35925770 4.97320509 -5.91522503
v -2.31102610 4.99318504 -5.91586781
v -2.25970864 5.00000000 -5.96219110
v -2.34565783 4.94142151 -5.15824366
v -2.30459619 4.97320509 -5.16369057
v -2.25677896 4.99318504 -5.17003345
v -2.20987844 5.00000000 -5.21082783
v -2.26409984 4.80349016 -4.42203617
v -2.25171018 4.85176373 -4.40080261
v -2.23235345 4.90000010 -4.40575409
v -2.02930307 4.80349016 -3.68128824
v -2.01868796 4.85176373 -3.67261744
v -2.00005245 4.90000010 -3.67982364
v -2.20156121 4.94142151 -4.41363049
v -2.16143179 4.97320509 -4.42389584
v -2.11470032 4.99318504 -4.43584967
v -2.07018828 5.00000000 -4.47088337
v -1.97040796 4.94142151 -3.69128704
v -1.93177450 4.97320509 -3.70622635
v -1.70725930 4.80349016 -2.97409344
v -1.70126534 4.85176373 -2.97727132
v -1.68361282 4.90000010 -2.98663044
v -1.88678491 4.99318504 -3.72362351
v -1.84265971 5.00000000 -3.75306630
v -1.65553164 4.94142151 -3.00151873
v -1.61893559 4.97320509 -3.02092123
v -1.57631874 4.99318504 -3.04351616
v -1.53058517 5.00000000 -3.06776333
v -1.30262876 4.80349016 -2.31068492
v -1.30363286 4.85176373 -2.32402515
v -1.28721142 4.90000010 -2.33540678
v -0.82126701 4.80349016 -1.70066249
v -0.83163792 4.85176373 -1.72254896
v -0.81667805 4.90000010 -1.73579288
v -1.26108885 4.94142151 -2.35351253
v -1.22704530 4.97320509 -2.37710834
v -1.18740070 4.99318504 -2.40458632
v -1.13848054 5.00000000 -2.42489147
v -0.79288018 4.94142151 -1.75686121
v -0.76186627 4.97320509 -1.78431773
v -0.72574979 4.99318504 -1.81629169
v -0.67201966 5.00000000 -1.83375299
v -0.25738996 4.94142151 -1.21977425
v -0.22984110 4.97320509 -1.25070620
v -0.19775979 4.99318504 -1.28672731
v -0.13795255 5.00000000 -1.30290174
v -0.29181743 4.85176373 -1.18111873
v -0.27852890 4.90000010 -1.19603920
v -0.27013913 4.80349016 -1.15285349
v 0.47663394 2.50000000 -0.53777593
v 1.12420940 2.50000000 -0.17077807
v 1.80949616 2.50000000 0.11977884
v 0.85283822 5.00000000 -6.13368988
v 0.87551361 5.00000000 -5.59989405
v 0.98807478 5.00000000 -5.07760811
v 1.18728352 5.00000000 -4.58185816
v 1.46740901 5.00000000 -4.12690544
v 1.82039261 5.00000000 -3.72583842
v 2.23607945 5.00000000 -3.39019442
v 0.30825078 4.85176373 -0.70733517
v 0.31968135 4.90000010 -0.72372258
v 0.34277961 4.80349016 -0.67518479
v 0.36156178 4.97320509 -0.78376436
v 0.38915756 4.99318504 -0.82332700
v 0.45599264 5.00000000 -0.84001994
v 0.33786473 4.94142151 -0.74979115
v 1.00862002 4.80349016 -0.27456868
v 0.96014309 4.85176373 -0.30784902
v 0.96955526 4.90000010 -0.32547331
v 0.98452777 4.94142151 -0.35350949
v 1.00404036 4.97320509 -0.39004698
v 1.02676320 4.99318504 -0.43259576
v 1.65470827 4.85176373 0.01173183
v 1.10122120 5.00000000 -0.45180532
v 1.71774697 4.80349016 0.04319779
v 1.66196990 4.90000010 -0.00688195
v 1.67352140 4.94142151 -0.03649221
v 1.68857563 4.97320509 -0.07508105
v 1.78839660 5.00000000 -0.14387564
v 1.70610666 4.99318504 -0.12001871
v 2.44649315 2.50000000 -6.38290501
v 2.58327031 2.50000000 -6.74355698
v 2.80238271 2.50000000 -7.06099606
v 3.09109640 2.50000000 -7.31677437
v 3.43263197 2.50000000 -7.49602604
v 3.80714130 2.50000000 -7.58833408
v 4.19285870 2.50000000 -7.58833408
v 4.56736755 2.50000000 -7.49602604
v 3.41511059 5.00000000 -12.30628872
v 3.53388929 5.00000000 -12.28077412
v 3.65789509 5.00000000 -12.27669144
v 4.39850473 5.00000000 -12.27336025
v 2.46376085 5.00000000 -8.74999428
v 2.95060968 5.00000000 -8.97006416
v 3.46764755 5.00000000 -9.10468960
v 4.00000000 5.00000000 -9.15000057
v 4.53235245 5.00000000 -9.10468960
v 4.90890360 2.50000000 -7.31677437
v 5.19761753 2.50000000 -7.06099606
v 5.41672945 2.50000000 -6.74355698
v 5.55350685 2.50000000 -6.38290501
v 5.61728239 4.12692595 -12.30628872
v 5.58149767 4.15542555 -12.30628872
v 5.57398319 4.16432905 -12.30628872
v 5.56754494 4.17435837 -12.30628872
v 5.56307745 4.18485403 -12.30628872
v 5.56081486 4.19650936 -12.30628872
v 5.62742424 4.14823627 -12.29643631
v 5.70095730 4.08680344 -12.30628872
v 5.53861666 4.50000000 -12.30628872
v 5.13358212 5.00000000 -12.18294907
v 5.87884903 4.03730154 -12.30628872
v 6.25263453 4.00000000 -12.30628872
v 6.39843845 4.00681496 -12.19681644
v 6.38102722 4.02679491 -12.15183258
v 6.36607599 4.05857849 -12.11320400
v 6.35460377 4.09999990 -12.08356285
v 6.26871824 4.19650936 -12.08755589
v 6.34739161 4.14823627 -12.06492901
v 6.24837589 4.50000000 -12.08945179
v 6.96116877 4.00000000 -12.00625610
v 6.94711208 4.19650936 -11.78964138
v 6.92874622 4.50000000 -11.79301834
v 5.85292435 5.00000000 -12.00670719
v 6.54654503 5.00000000 -11.74708366
v 5.04939032 5.00000000 -8.97006416
v 5.53623915 5.00000000 -8.74999428
v 5.97889328 5.00000000 -8.45081234
v 6.36461782 5.00000000 -8.08112526
v 6.68231678 5.00000000 -7.65156794
v 6.92285061 5.00000000 -7.17449760
v 2.39999986 2.50000000 -6.00000000
v 2.44649315 2.50000000 -5.61709499
v 2.58327031 2.50000000 -5.25644302
v 2.80238271 2.50000000 -4.93900394
v 3.09109640 2.50000000 -4.68322563
v 3.43263197 2.50000000 -4.50397396
v 3.80714130 2.50000000 -4.41166592
v 4.19285870 2.50000000 -4.41166592
v 4.56736755 2.50000000 -4.50397396
v 2.52350807 2.50000000 0.33008459
v 3.25688148 2.50000000 0.45738143
v 4.00000000 2.50000000 0.50000000
v 2.70251083 5.00000000 -3.12963033
v 3.20626926 5.00000000 -2.95164108
v 2.38219619 4.85176373 0.24692115
v 2.38720536 4.90000010 0.22757916
v 2.45989943 4.80349016 0.27351642
v 2.39517379 4.94142151 0.19681050
v 2.40555811 4.97320509 0.15671200
v 2.41765118 4.99318504 0.11001631
v 2.50757480 5.00000000 0.07931323
v 3.13239455 4.85176373 0.39441738
v 3.13508081 4.90000010 0.37461874
v 3.22433758 4.80349016 0.41305435
v 3.13935423 4.94142151 0.34312356
v 3.14492345 4.97320509 0.30207831
v 3.15140867 4.99318504 0.25428009
v 3.24834919 5.00000000 0.21453163
v 3.73286128 5.00000000 -2.86134768
v 4.26713848 5.00000000 -2.86134768
v 4.00000000 4.80349016 0.45979244
v 3.89477229 4.85176373 0.45215005
v 3.89509797 4.90000010 0.43217260
v 4.00000000 4.85456800 0.45223477
v 4.00000000 4.90200853 0.43185270
v 3.89561629 4.94142151 0.40039313
v 3.89629173 4.97320509 0.35897726
v 4.00000000 4.94265032 0.40000471
v 4.00000000 4.97378397 0.35881352
v 4.00000000 5.00000000 0.25982288
v 3.89707828 4.99318504 0.31074747
v 4.00000000 4.99333477 0.31102452
v 4.90890360 2.50000000 -4.68322563
v 5.19761753 2.50000000 -4.93900394
v 5.59999990 2.50000000 -6.00000000
v 5.55350685 2.50000000 -5.61709499
v 5.41672945 2.50000000 -5.25644302
v 4.79373074 5.00000000 -2.95164108
v 5.29748917 5.00000000 -3.12963033
v 5.76392078 5.00000000 -3.39019442
v 6.17960739 5.00000000 -3.72583842
v 6.53259087 5.00000000 -4.12690544
v 6.81271648 5.00000000 -4.58185816
v 5.10015011 4.85512733 0.45207524
v 5.10015011 4.90300751 0.43125632
v 5.10015011 4.94386768 0.39875454
v 5.10015011 4.97492409 0.35678479
v 5.10015011 4.99405909 0.30820727
v 6.20030022 4.85512733 0.45207524
v 6.20030022 4.90300751 0.43125632
v 6.20030022 4.94386768 0.39875454
v 6.20030022 4.97492409 0.35678479
v 6.20030022 4.99405909 0.30820727
v 4.50000000 9.50000000 -21.00000000
v 6.97372055 8.00000000 -21.00000000
v 4.50000000 9.50000000 -14.00000000
v 0.96164978 9.80000019 -6.65481472
v 1.66682708 9.80000019 -8.05345058
v 2.04742241 9.80000019 -8.41822147
v 1.35335302 9.80000019 -7.62960529
v 1.11601782 9.80000019 -7.15887928
v 2.10787106 9.80000019 -6.52534723
v 0.89468950 9.80000019 -6.13191175
v 0.91706330 9.80000019 -5.60521412
v 1.02812755 9.80000019 -5.08987427
v 2.03917384 9.80000019 -6.10631275
v 2.06216288 9.80000019 -5.68230724
v 2.17576265 9.80000019 -5.27315712
v 1.22468734 9.80000019 -4.60071659
v 1.50108767 9.80000019 -4.15181398
v 1.84937716 9.80000019 -3.75608015
v 2.48418999 9.80000019 -8.71342468
v 2.96456456 9.80000019 -8.93056774
v 2.51559734 9.50001144 -6.74549532
v 2.38368654 9.50001144 -6.38307333
v 2.72753263 9.50001144 -7.06772709
v 2.50333762 9.80000019 -7.27127647
v 2.81161571 9.80000019 -7.56329298
v 2.26504183 9.80000019 -6.91981697
v 3.00806713 9.50001144 -7.33239698
v 3.34207654 9.50001144 -7.52523804
v 3.17546129 9.80000019 -7.78221130
v 3.47472668 9.80000019 -9.06340408
v 4.00000000 9.80000019 -9.10811138
v 4.52527332 9.80000019 -9.06340408
v 3.71155500 9.50001144 -7.63585281
v 3.57786131 9.80000019 -7.91779566
v 4.00000000 9.80000019 -7.96370602
v 4.09658384 9.50001144 -7.65827751
v 4.47640514 9.50001144 -7.59130478
v 4.42213869 9.80000019 -7.91779566
v 5.03543568 9.80000019 -8.93056774
v 5.51581001 9.80000019 -8.71342468
v 4.83054399 9.50001144 -7.43854475
v 5.13990784 9.50001144 -7.20823193
v 4.82453871 9.80000019 -7.78221130
v 5.18838406 9.80000019 -7.56329298
v 5.38781881 9.50001144 -6.91278267
v 5.56091261 9.50001144 -6.56812572
v 5.49666214 9.80000019 -7.27127647
v 5.73495817 9.80000019 -6.91981697
v 5.95257759 9.80000019 -8.41822147
v 6.33317280 9.80000019 -8.05345058
v 5.89212894 9.80000019 -6.52534723
v 6.64664698 9.80000019 -7.62960529
v 6.88398266 9.80000019 -7.15887928
v 2.33891201 9.50001144 -6.00000000
v 2.38368654 9.50001144 -5.61692667
v 2.51559734 9.50001144 -5.25450516
v 2.72753263 9.50001144 -4.93227291
v 2.37466192 9.80000019 -4.89799356
v 3.00806713 9.50001144 -4.66760254
v 2.64956021 9.80000019 -4.57435799
v 2.25953627 9.80000019 -3.42489982
v 2.71976519 9.80000019 -3.16780066
v 3.34207654 9.50001144 -4.47476196
v 2.98760390 9.80000019 -4.31738424
v 3.37298584 9.80000019 -4.13908768
v 3.21682429 9.80000019 -2.99217844
v 3.71155500 9.50001144 -4.36414766
v 3.78768587 9.80000019 -4.04780483
v 4.09658384 9.50001144 -4.34172201
v 4.47640514 9.50001144 -4.40869474
v 4.21231365 9.80000019 -4.04780483
v 3.73641372 9.80000019 -2.90308595
v 4.26358604 9.80000019 -2.90308595
v 5.13990784 9.50001144 -4.79176807
v 5.64985657 9.50001144 -6.19284058
v 5.64985657 9.50001144 -5.80715942
v 5.38781881 9.50001144 -5.08721733
v 5.56091261 9.50001144 -5.43187428
v 5.62533808 9.80000019 -4.89799356
v 4.83054399 9.50001144 -4.56145573
v 4.62701416 9.80000019 -4.13908768
v 5.01239586 9.80000019 -4.31738424
v 4.78317595 9.80000019 -2.99217844
v 5.35043955 9.80000019 -4.57435799
v 5.28023481 9.80000019 -3.16780066
v 5.74046373 9.80000019 -3.42489982
v 5.96082640 9.80000019 -6.10631275
v 5.93783760 9.80000019 -5.68230724
v 5.82423735 9.80000019 -5.27315712
v 6.97187233 9.80000019 -5.08987427
v 6.15062284 9.80000019 -3.75608015
v 6.49891281 9.80000019 -4.15181398
v 6.77531242 9.80000019 -4.60071659
v 8.00000000 5.00000000 -14.00000000
v 7.10162687 4.00681496 -11.87647438
v 7.07911110 4.02679491 -11.83381557
v 7.05977726 4.05857849 -11.79718399
v 7.04494095 4.09999990 -11.76907539
v 7.03561497 4.14823627 -11.75140476
v 7.63060760 4.00000000 -11.62692928
v 7.73555660 4.02679491 -11.43690586
v 7.76287174 4.00681496 -11.47666359
v 7.58717155 4.19650936 -11.41642094
v 7.57083416 4.50000000 -11.42086411
v 7.71210003 4.05857849 -11.40276718
v 7.69410133 4.09999990 -11.37657070
v 7.68278646 4.14823627 -11.36010265
v 8.18057346 4.19650936 -10.97274780
v 8.16624737 4.50000000 -10.97785091
v 8.00000000 5.00000000 -12.50000000
v 7.20481491 5.00000000 -11.40768147
v 7.81859827 5.00000000 -10.99321270
v 8.25211430 4.00000000 -11.17331314
v 8.37323093 4.00681496 -11.00278854
v 8.34148407 4.02679491 -10.96647263
v 8.31422234 4.05857849 -10.93528652
v 8.29330444 4.09999990 -10.91135788
v 8.28015518 4.14823627 -10.89631462
v 8.71959782 4.19650936 -10.46439362
v 8.70720291 4.50000000 -10.46977139
v 8.81748390 4.00000000 -10.65139675
v 8.88870144 4.02679491 -10.42887592
v 8.92444897 4.00681496 -10.46126175
v 8.83444881 4.09999990 -10.37972546
v 8.85800362 4.05857849 -10.40106583
v 8.81964111 4.14823627 -10.36631107
v 9.31925201 4.00000000 -10.06807137
v 9.36980629 4.02679491 -9.83138466
v 9.19723415 4.19650936 -9.89797211
v 9.33608818 4.05857849 -9.80732727
v 9.31021500 4.09999990 -9.78886700
v 9.29395008 4.14823627 -9.77726173
v 9.18662834 4.50000000 -9.90326786
v 8.37937260 5.00000000 -10.50942993
v 8.87935448 5.00000000 -9.96304989
v 7.07929897 5.00000000 -6.66363955
v 9.31160355 5.00000000 -9.36165619
v 9.40907288 4.00681496 -9.85940170
v 9.60726833 4.19650936 -9.28084755
v 9.75079346 4.00000000 -9.43103790
v 9.77829456 4.02679491 -9.18208218
v 9.82054710 4.00681496 -9.20535088
v 9.74201107 4.05857849 -9.16210079
v 9.71416950 4.09999990 -9.14676857
v 9.69666767 4.14823627 -9.13713074
v 9.94436932 4.19650936 -8.62104893
v 9.59825897 4.50000000 -9.28574371
v 9.93671417 4.50000000 -8.62526989
v 10.10641003 4.00000000 -8.74870777
v 10.10864067 4.02679491 -8.48974705
v 10.15330887 4.00681496 -8.50795364
v 10.04085064 4.09999990 -8.46211720
v 10.07028389 4.05857849 -8.47411346
v 10.02234840 4.14823627 -8.45457649
v 10.38140869 4.00000000 -8.03008842
v 10.20415115 4.19650936 -7.92715788
v 10.35637856 4.02679491 -7.76374292
v 10.40285873 4.00681496 -7.77663946
v 10.31646538 4.05857849 -7.75266743
v 10.28583908 4.09999990 -7.74416924
v 10.26658535 4.14823627 -7.73882771
v 10.38323402 4.19650936 -7.20820045
v 10.51815605 4.02679491 -7.01388597
v 10.47722816 4.05857849 -7.00751972
v 10.44582176 4.09999990 -7.00263453
v 10.42607880 4.14823627 -6.99956369
v 10.47928905 4.19650936 -6.47352743
v 10.19756889 4.50000000 -7.93048143
v 10.37741470 4.50000000 -7.21045923
v 10.47389889 4.50000000 -6.47461414
v 9.67011929 5.00000000 -8.71359730
v 9.94992542 5.00000000 -8.02786922
v 10.14713669 5.00000000 -7.31399155
v 10.25901699 5.00000000 -6.58187389
v 10.57215881 4.00000000 -7.28466606
v 10.56581974 4.00681496 -7.02130032
v 10.67614079 4.00000000 -6.52228403
v 7.14716196 5.00000000 -6.13368988
v 7.12448645 5.00000000 -5.59989405
v 7.01192474 5.00000000 -5.07760811
v 7.30045033 4.85512733 0.45207524
v 7.30045033 4.90300751 0.43125632
v 7.30045033 4.94386768 0.39875454
v 7.30045033 4.97492409 0.35678479
v 7.30045033 4.99405909 0.30820727
v 9.37296581 4.02679539 -2.16670322
v 9.33726978 4.02679396 -2.06859946
v 9.29682922 4.05857706 -2.07756019
v 9.26579762 4.09999800 -2.08443594
v 9.33622265 4.05857897 -2.18582535
v 9.36747456 4.05735064 -2.23488855
v 9.30802727 4.09999943 -2.20049810
v 9.34140396 4.09799194 -2.25318289
v 9.31852722 4.19650936 -2.26922536
v 9.29030323 4.14823580 -2.20972133
v 9.24629021 4.14823341 -2.08875775
v 9.28315258 4.19564724 -2.21061850
v 9.25615406 4.19483566 -2.14783072
v 9.23799324 4.19411945 -2.08206558
v 9.32472038 4.14543247 -2.26489091
v 9.32818222 4.02679253 -1.96459997
v 9.34632015 4.02679157 -1.86179173
v 9.28679943 4.05857563 -1.96278858
v 9.25504589 4.09999657 -1.96139860
v 9.30681705 4.05857468 -1.84933186
v 9.27650452 4.09999514 -1.83977079
v 9.35551739 4.05857372 -1.74492180
v 9.32871246 4.09999418 -1.72784138
v 9.23508453 4.14823198 -1.96052444
v 9.22896004 4.19352484 -2.01454353
v 9.22918415 4.19305754 -1.94649756
v 9.23863506 4.19271708 -1.87916398
v 9.25744915 4.14823103 -1.83376014
v 9.25712681 4.19250822 -1.81375921
v 9.28430939 4.19243813 -1.75148380
v 9.31186104 4.14823008 -1.71710384
v 9.31968594 4.19250822 -1.69347048
v 9.36261559 4.19271708 -1.64077699
v 9.25155735 4.50000000 -2.15781593
v 9.30873966 4.50000000 -2.26452136
v 9.22168922 4.50000000 -2.04051828
v 9.22088051 4.50000000 -1.91949952
v 9.24917984 4.50000000 -1.80184746
v 9.30492878 4.50000000 -1.69445276
v 9.04706573 5.00000000 -2.20386124
v 9.02178669 5.00000000 -2.11195755
v 9.13558769 5.00000000 -2.37513113
v 9.08476734 5.00000000 -2.29152894
v 9.00898552 5.00000000 -2.01719117
v 9.00912476 5.00000000 -1.92179847
v 9.02227879 5.00000000 -1.82770276
v 9.04804134 5.00000000 -1.73643756
v 9.08589172 5.00000000 -1.64951706
v 9.13507271 5.00000000 -1.56846821
v 9.19477367 5.00000000 -1.49478769
v 9.26405907 5.00000000 -1.42977595
v 9.34191227 5.00000000 -1.37464905
v 8.40060043 4.85512733 0.45207524
v 8.40060043 4.90300751 0.43125632
v 8.40060043 4.94386768 0.39875454
v 8.40060043 4.97492409 0.35678479
v 8.40060043 4.99405909 0.30820727
v 10.55039597 4.05857849 -6.24874687
v 10.51863575 4.09999990 -6.24754047
v 10.49867058 4.14823627 -6.24678230
v 10.53498268 4.05857849 -5.48661041
v 10.50329685 4.09999990 -5.48909950
v 10.49106789 4.19650936 -5.73269558
v 10.48337841 4.14823627 -5.49066496
v 10.47183228 4.02679491 -4.72340059
v 10.51915741 4.00681496 -4.71406555
v 10.40001297 4.09999990 -4.73756742
v 10.38041019 4.14823627 -4.74143410
v 10.43119526 4.05857849 -4.73141670
v 10.41841698 4.19650936 -4.99534035
v 10.48576164 4.50000000 -5.73256540
v 10.41284657 4.50000000 -4.99401283
v 9.96528530 4.05857849 -3.28247571
v 9.93636227 4.09999990 -3.29565239
v 9.91817951 4.14823627 -3.30393529
v 10.26228046 4.19650936 -4.27105331
v 10.24043560 4.05857849 -3.99337816
v 10.21017838 4.09999990 -4.00310755
v 10.19115639 4.14823627 -4.00922394
v 10.45957565 4.00000000 -4.23434687
v 10.27986908 4.02679491 -3.98069859
v 10.32578945 4.00681496 -3.96593285
v 10.21439457 4.00000000 -3.50501513
v 10.00298023 4.02679491 -3.26530409
v 10.04687500 4.00681496 -3.24530697
v 10.02469063 4.19650936 -3.56925440
v 10.25610924 4.50000000 -4.26861000
v 10.01759624 4.50000000 -3.56583810
v 10.28401184 5.00000000 -5.84167862
v 10.22177505 5.00000000 -5.10368109
v 9.52627754 5.00000000 -3.00431705
v 9.84025955 5.00000000 -3.67508459
v 10.07316971 5.00000000 -4.37812567
v 10.59178829 4.02679491 -6.25031900
v 10.63998985 4.00681496 -6.25214958
v 10.69198227 4.00000000 -5.75300646
v 10.57627678 4.02679491 -5.48336601
v 10.62436581 4.00681496 -5.47958851
v 10.61947441 4.00000000 -4.98698997
v 9.64491081 4.02679491 -2.58689165
v 9.44802856 4.00000048 -2.09036040
v 9.40119076 4.02621746 -2.21122694
v 9.44030857 4.00666666 -2.18377519
v 9.38436413 4.00681448 -2.05816436
v 9.41575336 4.00681591 -2.14443493
v 9.48221970 4.00000143 -2.15436339
v 9.58226681 4.09999990 -2.62476873
v 9.60946560 4.05857849 -2.60832334
v 9.56516933 4.14823627 -2.63510656
v 9.68618870 4.00681496 -2.56193376
v 9.88716888 4.00000000 -2.80862284
v 9.70873642 4.19650936 -2.89907241
v 9.43020916 3.99999976 -2.02001882
v 9.42980576 3.99999881 -1.94745660
v 9.44684219 3.99999833 -1.87692153
v 9.37637138 4.00681305 -1.96670890
v 9.39232254 4.00681210 -1.87630153
v 9.39044857 4.02679062 -1.76718128
v 9.43112850 4.00681162 -1.79310274
v 9.48032188 3.99999809 -1.81254292
v 9.45756149 4.02679062 -1.68721604
v 9.49014568 4.00681162 -1.72278285
v 9.52828217 3.99999762 -1.75808966
v 9.58791828 3.99999809 -1.71674955
v 9.56535244 4.00681210 -1.67013395
v 9.65573788 3.99999857 -1.69094276
v 9.65162373 4.00681305 -1.63874376
v 9.54308414 4.02679110 -1.62734556
v 9.64118767 4.02679205 -1.59165001
v 9.42958069 4.05857372 -1.65667403
v 9.40810966 4.09999418 -1.63323808
v 9.50928783 4.09999466 -1.56240797
v 9.39461231 4.14823008 -1.61850548
v 9.41231251 4.19305754 -1.59437799
v 9.50006294 4.14823008 -1.54468405
v 9.46788979 4.19352484 -1.55512428
v 9.52396107 4.05857420 -1.59060228
v 9.63222599 4.05857515 -1.55120945
v 9.62535000 4.09999561 -1.52017808
v 9.52835274 4.19411945 -1.52374887
v 9.59261608 4.19483566 -1.50085473
v 9.62102699 4.14823151 -1.50067067
v 9.65951538 4.19564724 -1.48690450
v 9.72776985 3.99999952 -1.68217969
v 9.72778130 4.00666380 -1.63097751
v 9.72779083 4.02621460 -1.58318782
v 9.72779942 4.05734873 -1.54199612
v 9.72780609 4.09799051 -1.51014781
v 9.72780991 4.14543152 -1.48976564
v 9.72780132 4.19650936 -1.48220718
v 9.70042706 4.50000000 -2.89488339
v 9.38486290 4.50000000 -1.60360479
v 9.48430157 4.50000000 -1.53462458
v 9.59741879 4.50000000 -1.49155152
v 9.71759129 4.50000000 -1.47690952
v 9.42671680 5.00000000 -1.33045566
v 9.51636982 5.00000000 -1.29810345
v 9.60973167 5.00000000 -1.27834249
v 9.70738602 5.00000000 -1.27165008
v 9.50075054 4.85512733 0.45207524
v 9.50075054 4.90300751 0.43125632
v 9.50075054 4.94386768 0.39875454
v 9.50075054 4.97492409 0.35678479
v 9.50075054 4.99405909 0.30820727
v 10.84278679 4.00681496 -1.63041294
v 10.84278679 4.02679491 -1.58217669
v 10.84278679 4.05857849 -1.54075527
v 10.84278679 4.09999990 -1.50897157
v 10.84278679 4.14823627 -1.48899150
v 10.60090065 4.85512733 0.45207524
v 10.60090065 4.90300751 0.43125632
v 10.60090065 4.94386768 0.39875454
v 10.60090065 4.97492409 0.35678479
v 10.60090065 4.99405909 0.30820727
v 11.70105076 4.85512733 0.45207524
v 11.70105076 4.90300751 0.43125632
v 11.70105076 4.94386768 0.39875454
v 11.70105076 4.97492409 0.35678479
v 11.70105076 4.99405909 0.30820727
v 12.22500038 2.50000000 -11.50000000
v 12.23415279 2.77959847 -11.50000000
v 12.26157284 3.05799937 -11.50000000
v 12.30714321 3.33401108 -11.50000000
v 12.37066746 3.60645151 -11.50000000
v 12.45187378 3.87415361 -11.50000000
v 12.49923897 4.00000000 -12.30628872
v 12.55041504 4.13597155 -12.30628872
v 12.49923897 4.00000000 -11.50000000
v 12.66586876 4.39078426 -12.30628872
v 12.72424603 4.50000000 -12.30628872
v 12.72424603 4.50000000 -11.50000000
v 12.79774094 4.63749981 -11.50000000
v 13.48113441 4.00000000 -11.50000000
v 13.56053829 4.00681496 -11.48554039
v 13.54253292 4.00650549 -11.50000000
v 13.54629326 4.00681496 -11.50000000
v 13.57329845 4.01480293 -11.50000000
v 13.62081814 4.02679491 -11.50000000
v 13.69662571 4.06478739 -11.50000000
v 13.68880558 4.05857849 -11.50000000
v 13.74796963 4.11028719 -11.50000000
v 13.74097538 4.09999990 -11.50000000
v 13.77377033 4.14823627 -11.50000000
v 13.77032948 4.18018770 -11.50000000
v 13.77842331 4.19650936 -11.50000000
v 13.82969475 4.19650936 -11.45322037
v 13.77930069 4.23197603 -11.50000000
v 13.78647518 4.50000000 -11.50000000
v 13.83515263 4.50000000 -11.45564938
v 13.62538528 4.00000000 -11.36174297
v 14.09163666 4.02679491 -11.13966560
v 14.06506443 4.00681496 -11.09940910
v 14.11445522 4.05857849 -11.17423534
v 12.94546700 4.87506294 -11.50000000
v 13.03499603 5.00000000 -12.50000000
v 13.10841465 5.10245514 -12.50000000
v 13.03499603 5.00000000 -11.50000000
v 13.24193668 5.00000000 -11.50000000
v 14.14383316 4.00000000 -10.98750210
v 14.13196468 4.09999990 -11.20076084
v 14.14297199 4.14823627 -11.21743584
v 14.31657982 4.19650936 -11.11643887
v 14.61841774 4.00681496 -10.78725052
v 14.63912964 4.02679491 -10.83081341
v 14.70911503 4.00000000 -10.68866920
v 14.65691566 4.05857849 -10.86822319
v 14.67056274 4.09999990 -10.89692688
v 14.67914200 4.14823627 -10.91497231
v 14.32118893 4.50000000 -11.11985970
v 14.84422207 4.19650936 -10.84797478
v 15.22427940 4.02679491 -10.60116386
v 15.23668480 4.05857849 -10.64068413
v 15.24620533 4.09999990 -10.67100906
v 15.25218964 4.14823627 -10.69007111
v 15.20983219 4.00681496 -10.55514240
v 15.31033611 4.00000000 -10.47100639
v 14.84782314 4.50000000 -10.85219860
v 14.50123978 5.00000000 -11.25255966
v 14.98837662 5.00000000 -11.01596355
v 15.40309334 4.19650936 -10.65267563
v 15.82779312 4.00681496 -10.40760136
v 15.83569527 4.02679491 -10.45518684
v 15.84248066 4.05857849 -10.49604797
v 15.84768677 4.09999990 -10.52740192
v 15.85095978 4.14823627 -10.54711246
v 15.40556335 4.50000000 -10.65748978
v 15.93590927 4.00000000 -10.33870697
v 15.98310280 4.19650936 -10.53406715
v 16.46147537 4.02679491 -10.39572239
v 16.46027374 4.00681496 -10.34750080
v 16.46250916 4.05857849 -10.43712997
v 16.46330070 4.09999990 -10.46890354
v 16.46379852 4.14823627 -10.48887825
v 15.98435879 4.50000000 -10.53924370
v 15.50193405 5.00000000 -10.84409237
v 16.03335190 5.00000000 -10.73981094
v 11.95780373 4.00681496 -1.63041294
v 11.95780373 4.02679491 -1.58217669
v 11.95780373 4.05857849 -1.54075527
v 11.95780373 4.09999990 -1.50897157
v 11.95780373 4.14823627 -1.48899150
v 12.80120087 4.85512733 0.45207524
v 12.80120087 4.90300751 0.43125632
v 12.80120087 4.94386768 0.39875454
v 12.80120087 4.97492409 0.35678479
v 12.80120087 4.99405909 0.30820727
v 13.07282066 4.00681496 -1.63041294
v 13.07282066 4.02679491 -1.58217669
v 13.07282066 4.05857849 -1.54075527
v 13.07282066 4.09999990 -1.50897157
v 13.07282066 4.14823627 -1.48899150
v 13.90135193 4.85512733 0.45207524
v 13.90135193 4.90300751 0.43125632
v 13.90135193 4.94386768 0.39875454
v 13.90135193 4.97492409 0.35678479
v 13.90135193 4.99405909 0.30820727
v 14.18783665 4.00681496 -1.63041294
v 14.18783665 4.02679491 -1.58217669
v 14.18783665 4.05857849 -1.54075527
v 14.18783665 4.09999990 -1.50897157
v 14.18783665 4.14823627 -1.48899150
v 15.30285358 4.00681496 -1.63041294
v 15.30285358 4.02679491 -1.58217669
v 15.30285358 4.05857849 -1.54075527
v 15.30285358 4.09999990 -1.50897157
v 15.30285358 4.14823627 -1.48899150
v 15.00150108 4.85512733 0.45207524
v 15.00150108 4.90300751 0.43125632
v 15.00150108 4.94386768 0.39875454
v 15.00150108 4.97492409 0.35678479
v 15.00150108 4.99405909 0.30820727
v 16.41786957 4.00681496 -1.63041294
v 16.41786957 4.02679491 -1.58217669
v 16.41786957 4.05857849 -1.54075527
v 16.41786957 4.09999990 -1.50897157
v 16.41786957 4.14823627 -1.48899150
v 16.10165024 4.85512733 0.45207524
v 16.10165024 4.90300751 0.43125632
v 16.10165024 4.94386768 0.39875454
v 16.10165024 4.97492409 0.35678479
v 16.10165024 4.99405909 0.30820727
v 13.28588486 5.31870317 -12.50000000
v 13.47711849 5.52288151 -12.50000000
v 13.68129635 5.71411514 -12.50000000
v 13.89754486 5.89158535 -12.50000000
v 14.12493706 6.05453253 -12.50000000
v 14.36250019 6.20225859 -12.50000000
v 14.60921574 6.33413076 -12.50000000
v 14.86402798 6.44958496 -12.50000000
v 15.12584591 6.54812622 -12.50000000
v 15.39354897 6.62933302 -12.50000000
v 15.66598892 6.69285727 -12.50000000
v 15.94200039 6.73842669 -12.50000000
v 16.22040176 6.76584673 -12.50000000
v 7.35383415 8.61127281 -21.00000000
v 7.77311325 9.19637585 -21.00000000
v 8.00000000 9.47283840 -23.50000000
v 8.00000000 9.50000000 -23.50000000
v 8.02229118 9.50000000 -23.50000000
v 8.00000000 9.47283840 -21.00000000
v 8.00000000 9.50000000 -21.00000000
v 8.02229118 9.50000000 -21.00000000
v 8.00000000 9.50000000 -14.00000000
v 8.02229118 9.50000000 -14.00000000
v 8.22976208 9.75280380 -14.00000000
v 8.72182560 10.27817440 -14.00000000
v 9.24719620 10.77023792 -14.00000000
v 9.80362415 11.22688675 -14.00000000
v 10.38872719 11.64616585 -14.00000000
v 11.00000000 12.02627945 -14.00000000
v 11.63482475 12.36560059 -14.00000000
v 12.29048252 12.66267490 -14.00000000
v 12.96416569 12.91623116 -14.00000000
v 13.65299034 13.12518406 -14.00000000
v 14.35400677 13.28863811 -14.00000000
v 15.06421185 13.40589333 -14.00000000
v 15.78056526 13.47644806 -14.00000000
v 8.00000000 9.50000000 -12.50000000
v 7.03835011 9.80000019 -6.65481472
v 7.10531044 9.80000019 -6.13191175
v 7.08293676 9.80000019 -5.60521412
v 16.50000000 -8.50000000 -54.00000000
v 17.21943474 -8.47644806 -54.00000000
v 17.93578720 -8.40589333 -54.00000000
v 18.64599419 -8.28863811 -54.00000000
v 19.34700966 -8.12518406 -54.00000000
v 20.03583336 -7.91623163 -54.00000000
v 20.70951843 -7.66267490 -54.00000000
v 21.36517525 -7.36560011 -54.00000000
v 22.00000000 -7.02627945 -54.00000000
v 22.61127281 -6.64616585 -54.00000000
v 23.19637489 -6.22688675 -54.00000000
v 23.75280380 -5.77023792 -54.00000000
v 24.27817535 -5.27817440 -54.00000000
v 24.77023697 -4.75280380 -54.00000000
v 25.22688675 -4.19637585 -54.00000000
v 25.64616585 -3.61127257 -54.00000000
v 16.50000000 -1.77499998 -54.00000000
v 16.77959824 -1.76584685 -54.00000000
v 17.05799866 -1.73842680 -54.00000000
v 17.33401108 -1.69285703 -54.00000000
v 17.60645103 -1.62933290 -54.00000000
v 17.87415314 -1.54812634 -54.00000000
v 18.13597107 -1.44958496 -54.00000000
v 18.39078331 -1.33413100 -54.00000000
v 18.63750076 -1.20225859 -54.00000000
v 18.87506294 -1.05453265 -54.00000000
v 19.10245514 -0.89158553 -54.00000000
v 19.31870270 -0.71411520 -54.00000000
v 19.52288055 -0.52288151 -54.00000000
v 19.71411514 -0.31870335 -54.00000000
v 19.89158630 -0.10245511 -54.00000000
v 20.05453300 0.12493725 -54.00000000
v 20.20225906 0.36250001 -54.00000000
v 20.33413124 0.60921586 -54.00000000
v 20.44958496 0.86402833 -54.00000000
v 20.54812622 1.12584627 -54.00000000
v 20.60095596 1.29999995 -54.00000000
v 26.02627945 -3.00000000 -54.00000000
v 26.36560059 -2.36517549 -54.00000000
v 26.66267395 -1.70951772 -54.00000000
v 26.91623116 -1.03583407 -54.00000000
v 27.12518501 -0.34700951 -54.00000000
v 27.28863716 0.35400647 -54.00000000
v 27.40589333 1.06421185 -54.00000000
v 27.42911720 1.29999995 -54.00000000
v 26.18663216 -2.70000005 -38.50000000
v 26.36560059 -2.36517549 -38.50000000
v 26.66267395 -1.70951772 -38.50000000
v 27.85455132 -2.70000005 -35.84999847
v 26.91623116 -1.03583407 -38.50000000
v 27.12518501 -0.34700951 -38.50000000
v 26.20910263 -2.70000005 -33.00000000
v 26.18663216 -2.70000005 -27.50000000
v 26.36560059 -2.36517549 -27.50000000
v 26.66267395 -1.70951772 -27.50000000
v 27.85455132 -2.70000005 -30.14999962
v 26.91623116 -1.03583407 -27.50000000
v 27.12518501 -0.34700951 -27.50000000
v 27.28863716 0.35400647 -38.50000000
v 27.40589333 1.06421185 -38.50000000
v 27.85455132 0.40000001 -35.84999847
v 28.00073433 0.40000001 -33.80137634
v 27.92940521 0.40000001 -33.65056229
v 28.18588257 0.40000001 -34.07846832
v 28.29791832 0.40000001 -34.20207977
v 28.08650208 0.40000001 -33.94446945
v 27.42911720 1.29999995 -38.50000000
v 28.00073433 1.29999995 -33.80137634
v 27.92940521 1.29999995 -33.65056229
v 28.18588257 1.29999995 -34.07846832
v 28.29791832 1.29999995 -34.20207977
v 28.08650208 1.29999995 -33.94446945
v 28.69862556 0.40000001 -34.49926758
v 28.84943771 0.40000001 -34.57059479
v 28.42153168 0.40000001 -34.31411743
v 28.55553055 0.40000001 -34.41349792
v 29.00651550 0.40000001 -34.62679672
v 29.16834641 0.40000001 -34.66733551
v 29.33337021 0.40000001 -34.69181442
v 29.50000000 0.40000001 -34.70000076
v 29.66662979 0.40000001 -34.69181442
v 29.83165359 0.40000001 -34.66733551
v 29.99348450 0.40000001 -34.62679672
v 30.15056229 0.40000001 -34.57059479
v 30.30137444 0.40000001 -34.49926758
v 30.44446945 0.40000001 -34.41349792
v 30.57846832 0.40000001 -34.31411743
v 30.70208168 0.40000001 -34.20207977
v 28.69862556 1.29999995 -34.49926758
v 28.84943771 1.29999995 -34.57059479
v 28.42153168 1.29999995 -34.31411743
v 28.55553055 1.29999995 -34.41349792
v 29.00651550 1.29999995 -34.62679672
v 29.16834641 1.29999995 -34.66733551
v 29.33337021 1.29999995 -34.69181442
v 29.50000000 1.29999995 -34.70000076
v 29.66662979 1.29999995 -34.69181442
v 29.83165359 1.29999995 -34.66733551
v 29.99348450 1.29999995 -34.62679672
v 30.15056229 1.29999995 -34.57059479
v 30.30137444 1.29999995 -34.49926758
v 30.44446945 1.29999995 -34.41349792
v 30.57846832 1.29999995 -34.31411743
v 30.70208168 1.29999995 -34.20207977
v 26.20910263 0.40000001 -33.00000000
v 27.87320137 0.40000001 -33.49348450
v 27.83266449 0.40000001 -33.33165359
v 27.80818558 0.40000001 -33.16662979
v 27.79999924 0.40000001 -33.00000000
v 27.80818558 0.40000001 -32.83337021
v 27.83266449 0.40000001 -32.66834641
v 27.87320137 0.40000001 -32.50651550
v 27.92940521 0.40000001 -32.34943771
v 28.00073433 0.40000001 -32.19862366
v 28.08650208 0.40000001 -32.05553055
v 28.18588257 0.40000001 -31.92153168
v 28.29791832 0.40000001 -31.79791832
v 27.85455132 0.40000001 -30.14999962
v 27.28863716 0.35400647 -27.50000000
v 27.40589333 1.06421185 -27.50000000
v 27.87320137 1.29999995 -33.49348450
v 27.83266449 1.29999995 -33.33165359
v 27.80818558 1.29999995 -33.16662979
v 27.79999924 1.29999995 -33.00000000
v 27.80818558 1.29999995 -32.83337021
v 27.83266449 1.29999995 -32.66834641
v 27.87320137 1.29999995 -32.50651550
v 27.92940521 1.29999995 -32.34943771
v 28.00073433 1.29999995 -32.19862366
v 28.08650208 1.29999995 -32.05553055
v 28.18588257 1.29999995 -31.92153168
v 28.29791832 1.29999995 -31.79791832
v 27.42911720 1.29999995 -27.50000000
v 28.42153168 0.40000001 -31.68588257
v 28.55553055 0.40000001 -31.58650208
v 28.69862556 0.40000001 -31.50073433
v 28.84943771 0.40000001 -31.42940521
v 29.00651550 0.40000001 -31.37320137
v 29.16834641 0.40000001 -31.33266449
v 29.33337021 0.40000001 -31.30818558
v 29.50000000 0.40000001 -31.29999924
v 29.66662979 0.40000001 -31.30818558
v 29.83165359 0.40000001 -31.33266449
v 29.99348450 0.40000001 -31.37320137
v 30.30137444 0.40000001 -31.50073433
v 30.44446945 0.40000001 -31.58650208
v 30.15056229 0.40000001 -31.42940521
v 30.57846832 0.40000001 -31.68588257
v 30.70208168 0.40000001 -31.79791832
v 28.42153168 1.29999995 -31.68588257
v 28.55553055 1.29999995 -31.58650208
v 28.69862556 1.29999995 -31.50073433
v 28.84943771 1.29999995 -31.42940521
v 29.00651550 1.29999995 -31.37320137
v 29.16834641 1.29999995 -31.33266449
v 29.33337021 1.29999995 -31.30818558
v 29.50000000 1.29999995 -31.29999924
v 29.66662979 1.29999995 -31.30818558
v 29.83165359 1.29999995 -31.33266449
v 29.99348450 1.29999995 -31.37320137
v 30.30137444 1.29999995 -31.50073433
v 30.44446945 1.29999995 -31.58650208
v 30.15056229 1.29999995 -31.42940521
v 30.57846832 1.29999995 -31.68588257
v 30.70208168 1.29999995 -31.79791832
v 31.14544868 -2.70000005 -35.84999847
v 34.50000000 -2.70000005 -38.50000000
v 32.79089737 -2.70000005 -33.00000000
v 31.14544868 -2.70000005 -30.14999962
v 34.50000000 -2.70000005 -27.50000000
v 31.14544868 0.40000001 -35.84999847
v 30.81411743 0.40000001 -34.07846832
v 30.91349792 0.40000001 -33.94446945
v 30.99926567 0.40000001 -33.80137634
v 31.07059479 0.40000001 -33.65056229
v 30.81411743 1.29999995 -34.07846832
v 30.91349792 1.29999995 -33.94446945
v 30.99926567 1.29999995 -33.80137634
v 31.07059479 1.29999995 -33.65056229
v 34.50000000 1.29999995 -38.50000000
v 31.12679863 0.40000001 -33.49348450
v 31.16733551 0.40000001 -33.33165359
v 31.19181442 0.40000001 -33.16662979
v 31.20000076 0.40000001 -33.00000000
v 31.19181442 0.40000001 -32.83337021
v 30.81411743 0.40000001 -31.92153168
v 30.99926567 0.40000001 -32.19862366
v 30.91349792 0.40000001 -32.05553055
v 31.16733551 0.40000001 -32.66834641
v 31.12679863 0.40000001 -32.50651550
v 31.07059479 0.40000001 -32.34943771
v 32.79089737 0.40000001 -33.00000000
v 31.14544868 0.40000001 -30.14999962
v 31.12679863 1.29999995 -33.49348450
v 31.16733551 1.29999995 -33.33165359
v 31.19181442 1.29999995 -33.16662979
v 31.20000076 1.29999995 -33.00000000
v 31.19181442 1.29999995 -32.83337021
v 30.81411743 1.29999995 -31.92153168
v 30.99926567 1.29999995 -32.19862366
v 30.91349792 1.29999995 -32.05553055
v 31.16733551 1.29999995 -32.66834641
v 31.12679863 1.29999995 -32.50651550
v 31.07059479 1.29999995 -32.34943771
v 34.50000000 1.29999995 -27.50000000
v 16.50000000 -8.50000000 -14.00000000
v 17.21943474 -8.47644806 -14.00000000
v 17.93578720 -8.40589333 -14.00000000
v 18.64599419 -8.28863811 -14.00000000
v 19.34700966 -8.12518406 -14.00000000
v 20.03583336 -7.91623163 -14.00000000
v 20.70951843 -7.66267490 -14.00000000
v 21.36517525 -7.36560011 -14.00000000
v 22.00000000 -7.02627945 -14.00000000
v 22.61127281 -6.64616585 -14.00000000
v 23.19637489 -6.22688675 -14.00000000
v 23.75280380 -5.77023792 -14.00000000
v 24.97770882 -4.50000000 -23.50000000
v 25.00000000 -4.50000000 -23.50000000
v 25.00000000 -4.47283745 -23.50000000
v 24.97770882 -4.50000000 -21.00000000
v 25.00000000 -4.50000000 -21.00000000
v 25.00000000 -4.47283745 -21.00000000
v 25.22688675 -4.19637585 -21.00000000
v 25.64616585 -3.61127257 -21.00000000
v 24.27817535 -5.27817440 -14.00000000
v 24.77023697 -4.75280380 -14.00000000
v 24.97770882 -4.50000000 -14.00000000
v 25.00000000 -4.50000000 -14.00000000
v 25.00000000 -4.50000000 -12.50000000
v 25.96164894 -4.79999971 -6.65481472
v 25.89468956 -4.79999971 -6.13191175
v 25.91706276 -4.79999971 -5.60521412
v 20.60095596 1.29999995 -20.59247780
v 25.00000000 -0.00000006 -13.84148979
v 25.00000000 1.29999995 -14.00000000
v 25.00000000 1.29999995 -13.84148979
v 16.50000000 -1.77499998 -12.50000000
v 16.77959824 -1.76584685 -12.50000000
v 17.05799866 -1.73842680 -12.50000000
v 17.33401108 -1.69285703 -12.50000000
v 17.60645103 -1.62933290 -12.50000000
v 17.87415314 -1.54812634 -12.50000000
v 18.13597107 -1.44958496 -12.50000000
v 18.39078331 -1.33413100 -12.50000000
v 18.63750076 -1.20225859 -12.50000000
v 18.87506294 -1.05453265 -12.50000000
v 19.10245514 -0.89158553 -12.50000000
v 19.31870270 -0.71411520 -12.50000000
v 19.52288055 -0.52288151 -12.50000000
v 19.71411514 -0.31870335 -12.50000000
v 16.57377625 0.00000000 -10.70485592
v 16.57377625 0.50000006 -10.49958992
v 16.57377625 0.80349052 -10.49429131
v 16.57377625 0.85456800 -10.48673439
v 16.57377625 0.90200847 -10.46635151
v 16.57377625 0.94265008 -10.43450356
v 16.57377625 0.97378397 -10.39331341
v 16.57377625 0.99333495 -10.34552383
v 16.57377625 1.00000000 -10.29432201
v 17.07817078 0.85176378 -10.48750782
v 17.07817078 0.90000004 -10.46752739
v 17.07817078 0.94142139 -10.43574333
v 17.07817078 0.97320503 -10.39432144
v 17.07817078 0.99318516 -10.34608650
v 18.19380188 0.85176378 -10.48750782
v 18.19380188 0.90000004 -10.46752739
v 18.19380188 0.94142139 -10.43574333
v 18.19380188 0.97320503 -10.39432144
v 18.19380188 0.99318516 -10.34608650
v 19.89158630 -0.10245511 -12.50000000
v 19.96500397 -0.00000003 -12.50000000
v 19.96500397 -0.00000003 -12.41680527
v 19.96500397 -0.00000002 -12.39064980
v 19.96675110 0.00243845 -12.29095840
v 19.96544266 0.00061054 -12.27543831
v 19.96892548 0.00547255 -12.30628872
v 19.96500397 -0.00000002 -12.30628872
v 19.96500397 0.00000000 -12.25982285
v 19.96500397 0.00000000 -11.50000000
v 20.05453300 0.12493725 -11.50000000
v 19.30943489 0.85176378 -10.48750782
v 19.30943489 0.90000004 -10.46752739
v 19.30943489 0.94142139 -10.43574333
v 19.30943489 0.97320503 -10.39432144
v 19.30943489 0.99318516 -10.34608650
v 20.20225906 0.36250001 -11.50000000
v 20.33413124 0.60921586 -11.50000000
v 20.44958496 0.86402833 -11.50000000
v 20.42506790 0.85176378 -10.48750782
v 20.42506790 0.90000004 -10.46752739
v 20.42506790 0.94142139 -10.43574333
v 20.42506790 0.97320503 -10.39432144
v 20.42506790 0.99318516 -10.34608650
v 20.54812622 1.12584627 -11.50000000
v 20.60095596 1.29999995 -12.00000000
v 20.62933350 1.39354861 -12.00000000
v 20.62933350 1.39354861 -11.50000000
v 20.69285774 1.66598892 -12.00000000
v 20.69285774 1.66598892 -11.50000000
v 20.73842621 1.94200051 -12.00000000
v 20.73842621 1.94200051 -11.50000000
v 20.76584625 2.22040153 -12.00000000
v 20.76584625 2.22040153 -11.50000000
v 17.30614853 0.00594086 0.30820727
v 17.30614853 0.02507606 0.35678479
v 17.30614853 0.05613204 0.39875454
v 17.30614853 0.09699239 0.43125632
v 17.30614853 0.14487253 0.45207524
v 16.51788521 0.85176378 -1.48899150
v 16.51788521 0.90000004 -1.50897157
v 16.51788521 0.94142139 -1.54075527
v 16.51788521 0.99318516 -1.63041294
v 16.51788521 0.97320503 -1.58217669
v 17.64956665 0.85176378 -1.48899150
v 17.64956665 0.90000004 -1.50897157
v 17.64956665 0.94142139 -1.54075527
v 17.64956665 0.99318516 -1.63041294
v 17.64956665 0.97320503 -1.58217669
v 18.41499519 0.00594086 0.30820727
v 18.41499519 0.02507606 0.35678479
v 18.41499519 0.05613204 0.39875454
v 18.41499519 0.09699239 0.43125632
v 18.41499519 0.14487253 0.45207524
v 18.78124619 0.85176378 -1.48899150
v 18.78124619 0.90000004 -1.50897157
v 18.78124619 0.94142139 -1.54075527
v 18.78124619 0.99318516 -1.63041294
v 18.78124619 0.97320503 -1.58217669
v 19.52384186 0.00594086 0.30820727
v 19.52384186 0.02507606 0.35678479
v 19.52384186 0.05613204 0.39875454
v 19.52384186 0.09699239 0.43125632
v 19.52384186 0.14487253 0.45207524
v 19.91292763 0.85176378 -1.48899150
v 19.91292763 0.90000004 -1.50897157
v 19.91292763 0.94142139 -1.54075527
v 19.91292763 0.99318516 -1.63041294
v 19.91292763 0.97320503 -1.58217669
v 20.63268661 0.00594086 0.30820727
v 20.63268661 0.02507606 0.35678479
v 20.63268661 0.05613204 0.39875454
v 20.63268661 0.09699239 0.43125632
v 20.63268661 0.14487253 0.45207524
v 21.04460907 0.85176378 -1.48899150
v 21.04460907 0.90000004 -1.50897157
v 21.04460907 0.94142139 -1.54075527
v 21.04460907 0.99318516 -1.63041294
v 21.04460907 0.97320503 -1.58217669
v 21.54069901 0.85176378 -10.48750782
v 21.54069901 0.90000004 -10.46752739
v 21.54069901 0.94142139 -10.43574333
v 21.54069901 0.97320503 -10.39432144
v 21.54069901 0.99318516 -10.34608650
v 22.67552567 0.00000000 -10.70485020
v 22.77042007 0.00000000 -10.69860363
v 22.86105919 0.00000000 -10.68006611
v 22.94814682 0.00000000 -10.64952278
v 23.03134727 0.00000000 -10.60746670
v 23.10871506 0.00000000 -10.55471611
v 23.17823219 0.00000000 -10.49214268
v 23.23857307 0.00000000 -10.42089844
v 23.28886986 0.00000000 -10.34232235
v 23.32829666 0.00000000 -10.25777435
v 23.35615349 0.00000000 -10.16868401
v 23.37177658 0.00000000 -10.07649899
v 23.37490845 0.00000000 -9.98295498
v 23.36589813 0.00000000 -9.89022350
v 23.34510612 0.00000000 -9.80038261
v 22.66591835 0.50000012 -10.49958992
v 22.78339005 0.50000012 -10.48560524
v 22.89427185 0.50000012 -10.44443321
v 22.99237061 0.50000018 -10.37837601
v 22.65630341 0.80349058 -10.49429131
v 22.72258377 0.80427718 -10.48986626
v 22.65629578 0.85456824 -10.48673248
v 22.65629959 0.90200901 -10.46635056
v 22.65630531 0.94265074 -10.43450260
v 22.65631104 0.97378457 -10.39331055
v 22.65632248 0.99333537 -10.34552193
v 22.65633011 1.00000012 -10.29432106
v 22.72674942 1.00000107 -10.28594875
v 22.78775978 0.80501866 -10.47667694
v 22.76355934 0.85176849 -10.47571754
v 22.85067749 0.80567509 -10.45492649
v 22.75921631 0.90000415 -10.45621490
v 22.75230789 0.94142485 -10.42519093
v 22.87523651 0.90000522 -10.41386509
v 22.86053467 0.94142586 -10.38568592
v 22.91022110 0.80622077 -10.42496681
v 22.88447952 0.85176969 -10.43157959
v 22.96529579 0.80665016 -10.38731956
v 22.98985481 0.85177028 -10.35764885
v 23.01488686 0.80696321 -10.34265327
v 22.97634125 0.90000582 -10.34293079
v 22.95484543 0.94142640 -10.31951714
v 22.74330521 0.97320771 -10.38475895
v 22.73282051 0.99318695 -10.33767605
v 22.79323578 1.00000167 -10.26127720
v 22.81905937 0.99318790 -10.30619717
v 22.84137344 0.97320867 -10.34896278
v 22.85206985 1.00000215 -10.22168350
v 22.89421272 0.99318826 -10.25346947
v 22.92683411 0.97320920 -10.28900242
v 22.89996338 1.00000215 -10.16938305
v 22.95315742 0.99318826 -10.18308830
v 22.99386597 0.97320914 -10.20896816
v 22.93423653 1.00000179 -10.10729980
v 22.99187851 0.99318779 -10.09984970
v 23.00773621 0.99318689 -10.00942421
v 22.95297623 1.00000131 -10.03890514
v 22.95513153 1.00000036 -9.96802139
v 22.91014671 0.99999875 -9.83456230
v 22.94058228 0.99999934 -9.89861393
v 22.96817398 0.99318409 -9.83173752
v 22.99965096 0.99318564 -9.91797638
v 22.95347023 0.99333286 -9.80727291
v 23.01093864 0.97320443 -9.80942535
v 22.99390411 0.97378194 -9.78180122
v 23.07219505 0.50000018 -10.29112816
v 23.12928009 0.50000018 -10.18756962
v 23.16043091 0.50000018 -10.07349396
v 23.16390991 0.50000018 -9.95527840
v 23.08862305 0.50000006 -9.73274803
v 23.13951874 0.50000018 -9.83953857
v 23.05809975 0.80715501 -10.29175949
v 23.09414673 0.80721885 -10.23556614
v 23.07250595 0.85177016 -10.25896549
v 23.12237930 0.80715346 -10.17508316
v 23.05564117 0.90000576 -10.24824524
v 23.02882004 0.94142640 -10.23119164
v 23.14229584 0.80696017 -10.11140251
v 23.15355110 0.80664581 -10.04568958
v 23.15596390 0.80621570 -9.97912025
v 23.12679482 0.85176951 -10.14225197
v 23.14903069 0.85176826 -10.01546383
v 23.07935333 0.80349052 -9.72798920
v 23.09355545 0.85176438 -9.76632214
v 23.07295036 0.85456735 -9.73201180
v 23.13437653 0.80501443 -9.84823990
v 23.14952087 0.80567002 -9.91290569
v 23.11083794 0.80427462 -9.78624249
v 23.13769341 0.85176653 -9.88724136
v 23.07741165 0.94142580 -10.12673187
v 23.09731293 0.94142467 -10.01325226
v 23.10773468 0.90000516 -10.13626099
v 23.12906647 0.90000397 -10.01461029
v 23.05570412 0.90200728 -9.74287415
v 23.07584000 0.90000021 -9.77556419
v 23.08716583 0.94142306 -9.89849091
v 23.04766083 0.94142115 -9.79026604
v 23.02875710 0.94264841 -9.75984764
v 23.11819077 0.90000224 -9.89158344
v 23.03789520 0.97320861 -10.11431217
v 23.05593109 0.97320759 -10.01148415
v 23.04673386 0.97320616 -9.90749264
v 22.38456917 0.00000000 -7.51193333
v 22.25606918 0.00000000 -6.75448990
v 22.40242386 0.50000012 -8.31298256
v 22.39564896 0.80349052 -8.30966187
v 22.37114716 0.99318516 -8.66572857
v 22.41589737 0.97320503 -8.64773178
v 22.20689583 1.00000000 -8.37568855
v 22.18366623 0.50000012 -7.55417824
v 22.05187607 0.50000012 -6.77554417
v 21.98271942 1.00000000 -7.59623146
v 22.11436081 0.99318516 -7.90677071
v 22.25065231 0.85176378 -7.86902857
v 22.20076561 0.94142139 -7.88284302
v 22.23139572 0.90000004 -7.87436056
v 22.17770576 0.80349052 -7.55186796
v 22.16084671 0.97320503 -7.89389801
v 22.08382607 0.85176378 -7.10158920
v 22.04641342 0.80349052 -6.77436399
v 22.03270721 0.94142139 -7.10973167
v 22.06409454 0.90000004 -7.10473251
v 21.98401451 0.90000004 -6.32121086
v 21.95226479 0.94142139 -6.32266474
v 22.00397491 0.85176378 -6.32029724
v 21.94416428 0.99318516 -7.12383461
v 21.84767532 1.00000000 -6.79650068
v 21.99180222 0.97320503 -7.11624670
v 21.86269951 0.99318516 -6.32676506
v 21.91088676 0.97320503 -6.32455873
v 22.89321136 0.00000000 -8.95922279
v 22.59786224 0.00000000 -8.24999714
v 23.26683235 0.00000000 -9.63051891
v 23.31229210 0.00000000 -9.71396732
v 22.70536423 0.50000018 -9.04227448
v 22.69747543 0.80349052 -9.03811932
v 22.71129417 0.99318516 -9.39116287
v 22.51735306 1.00000000 -9.12497139
v 22.83576965 0.85176378 -9.32403946
v 22.79020691 0.94142139 -9.34860802
v 22.81818390 0.90000004 -9.33352280
v 22.75374985 0.97320503 -9.36826897
v 22.50235558 0.85176378 -8.61296463
v 22.48381805 0.90000004 -8.62041855
v 22.45432854 0.94142139 -8.63227749
v 25.00000000 -0.00000004 -12.50000000
v 25.92070007 0.00000000 -6.66363955
v 22.21400833 0.00000000 -5.98737717
v 22.25892258 0.00000000 -5.22042561
v 22.39023972 0.00000000 -4.46346569
v 21.80347252 1.00000000 -5.98665285
v 22.00873947 0.50000018 -5.98701477
v 22.05480576 0.50000018 -5.19865084
v 22.00344276 0.80349052 -5.98702478
v 21.96045113 0.94142139 -5.53153944
v 22.01210213 0.85176378 -5.53497696
v 21.99216652 0.90000004 -5.53364992
v 21.87099266 0.99318516 -5.52558613
v 21.91912079 0.97320503 -5.52878904
v 22.04933357 0.80349052 -5.19985008
v 22.10810661 0.85176378 -4.75550413
v 22.05716705 0.94142139 -4.74630547
v 22.08844376 0.90000004 -4.75195360
v 21.85067749 1.00000000 -5.17697430
v 21.96893501 0.99318516 -4.73037338
v 22.01640320 0.97320503 -4.73894548
v 22.18948555 0.50000018 -4.42051172
v 22.41106224 0.50000018 -3.66252542
v 21.98868942 1.00000000 -4.37775040
v 22.18350983 0.80349052 -4.42283821
v 22.27164078 0.90000004 -3.98595238
v 22.24118996 0.94142139 -3.97683811
v 22.29078102 0.85176378 -3.99168205
v 22.15530014 0.99318516 -3.95112729
v 22.20150948 0.97320503 -3.96495962
v 22.40426064 0.80349052 -3.66585851
v 22.21575165 1.00000000 -3.59913015
v 22.42773819 0.99318516 -3.19764662
v 22.60627556 0.00000000 -3.72620058
v 22.90426254 0.00000000 -3.01807880
v 22.71670914 0.50000018 -2.93436313
v 22.55782700 0.85176378 -3.25311565
v 22.53944778 0.90000004 -3.24527884
v 22.51021194 0.94142139 -3.23281264
v 22.70878792 0.80349052 -2.93852544
v 22.47210693 0.97320503 -3.21656609
v 21.74153328 0.00594086 0.30820727
v 21.74153328 0.02507606 0.35678479
v 21.74153328 0.05613204 0.39875454
v 21.74153328 0.09699239 0.43125632
v 21.74153328 0.14487253 0.45207524
v 22.17628860 0.85176378 -1.48899150
v 22.17628860 0.90000004 -1.50897157
v 22.17628860 0.94142139 -1.54075527
v 22.17628860 0.99318516 -1.63041294
v 22.17628860 0.97320503 -1.58217669
v 22.69046974 0.00000000 -1.27164853
v 22.78551292 0.00000000 -1.27791500
v 22.87628365 0.00000000 -1.29650891
v 22.96348381 0.00000000 -1.32714248
v 23.28038025 0.00000000 -2.34817719
v 23.32625961 0.00000000 -2.26466846
v 23.35942459 0.00000000 -2.17815447
v 23.38052368 0.00000000 -2.08818007
v 23.30434799 0.00000000 -1.63514519
v 23.12420845 0.00000000 -1.42221260
v 23.04677582 0.00000000 -1.36931777
v 23.19375610 0.00000000 -1.48495245
v 23.25409126 0.00000000 -1.55637765
v 23.38979530 0.00000000 -1.99528646
v 23.38688087 0.00000000 -1.90156031
v 23.37142754 0.00000000 -1.80918193
v 23.34369469 0.00000000 -1.71989143
v 22.85037804 0.00594086 0.30820727
v 22.85037804 0.02507606 0.35678479
v 22.85037804 0.05613204 0.39875454
v 22.85037804 0.09699239 0.43125632
v 22.85037804 0.14487253 0.45207524
v 22.68081856 0.50000018 -1.47690952
v 22.79849052 0.50000018 -1.49094164
v 22.90954208 0.50000018 -1.53225398
v 23.00774002 0.50000018 -1.59852695
v 22.52898788 1.00000000 -2.85100484
v 22.86084366 0.94142139 -2.52358627
v 22.90588570 0.85176378 -2.54909301
v 22.88850021 0.90000004 -2.53924799
v 22.82480049 0.97320503 -2.50317574
v 22.78282547 0.99318516 -2.47940755
v 22.92441177 0.99999934 -2.14287543
v 22.96763229 0.99333453 -2.17032623
v 23.00797272 0.97378397 -2.19594693
v 23.00199509 0.99318528 -2.10158205
v 22.95512390 0.99999970 -2.07881999
v 22.67116165 0.80349052 -1.48220706
v 22.67115402 0.85456818 -1.48976564
v 22.71306038 0.85176551 -1.49076843
v 22.67115593 0.90200877 -1.51014781
v 22.71136475 0.90000141 -1.51067686
v 22.67116356 0.94265038 -1.54199600
v 22.70867157 0.94142228 -1.54234624
v 22.67118073 0.99333471 -1.63097680
v 22.70106888 0.99318516 -1.63168073
v 22.67118835 0.99999952 -1.68217874
v 22.67116928 0.97378403 -1.58318746
v 22.70515633 0.97320557 -1.58361840
v 23.00865364 0.94142437 -1.69760454
v 22.73762512 0.80428290 -1.48665607
v 22.80294418 0.80502939 -1.49991143
v 22.86596298 0.80568999 -1.52175379
v 22.83879852 0.85176659 -1.51833129
v 22.83201027 0.90000242 -1.53712285
v 22.82120895 0.94142324 -1.56701553
v 22.92556000 0.80623895 -1.55181670
v 22.98064995 0.80667084 -1.58957219
v 22.95311737 0.85176742 -1.57749820
v 22.94169617 0.90000319 -1.59389234
v 22.92352676 0.94142401 -1.61997128
v 22.79074478 0.99318600 -1.65133846
v 22.74172974 1.00000000 -1.69058025
v 22.87227631 0.99318653 -1.69353604
v 22.86721039 1.00000095 -1.75505710
v 22.80831528 1.00000048 -1.71533537
v 22.94932938 1.00000095 -1.86977088
v 23.02165222 0.99318600 -2.01190639
v 23.01743317 0.99318659 -1.92019844
v 22.96991348 1.00000036 -2.00933790
v 22.96794510 1.00000072 -1.93832684
v 22.94010925 0.99318683 -1.75539792
v 22.89984894 0.97320712 -1.65395796
v 22.91511154 1.00000107 -1.80751669
v 22.98961830 0.99318683 -1.83270824
v 22.97698593 0.97320741 -1.72430491
v 22.80713272 0.97320646 -1.60597229
v 23.10252953 0.50000012 -2.24531937
v 23.15388870 0.50000018 -2.13852239
v 23.08757782 0.50000018 -1.68604124
v 23.14456749 0.50000018 -1.78988469
v 23.17868042 0.50000018 -2.02265763
v 23.17551422 0.50000018 -1.90422940
v 23.09321976 0.80349052 -2.25007677
v 23.08683395 0.85456818 -2.24603224
v 23.12502289 0.80428129 -2.19171977
v 23.14882278 0.80502677 -2.12960148
v 23.16417503 0.80568671 -2.06480956
v 23.13500404 0.85176563 -2.14963460
v 23.06962967 0.90200877 -2.23510528
v 23.04274559 0.94265032 -2.21803069
v 23.08631897 0.94142234 -2.13204646
v 23.11621094 0.90000147 -2.14284587
v 23.04736137 0.97320563 -2.11797214
v 23.17078590 0.80623561 -1.99847758
v 23.16850853 0.80666780 -1.93180096
v 23.15736771 0.80698359 -1.86598682
v 23.16256714 0.85176671 -2.02389693
v 23.15664673 0.85176754 -1.89531016
v 23.03022766 0.80698586 -1.63434482
v 23.07340240 0.80717885 -1.68533945
v 23.04822922 0.85176790 -1.66423702
v 23.13754272 0.80717754 -1.80221128
v 23.10938835 0.80724323 -1.74163246
v 23.11764717 0.85176790 -1.77263677
v 23.14265823 0.90000248 -2.02220321
v 23.13697815 0.90000325 -1.89882648
v 23.11098862 0.94142330 -2.01950836
v 23.10569000 0.94142401 -1.90442014
v 23.09955978 0.90000361 -1.78112388
v 23.03295326 0.90000355 -1.67711639
v 23.07078552 0.94142437 -1.79462481
v 23.06971550 0.97320652 -2.01599622
v 23.06491661 0.97320712 -1.91170979
v 23.03328705 0.97320741 -1.81221914
v 25.85283661 0.00000000 -6.13368988
v 25.87551308 0.00000000 -5.59989405
v 25.98807526 0.00000000 -5.07760811
v 23.95922470 0.00594086 0.30820727
v 23.95922470 0.02507606 0.35678479
v 23.95922470 0.05613204 0.39875454
v 23.95922470 0.09699239 0.43125632
v 23.95922470 0.14487253 0.45207524
v 25.06807137 0.00594086 0.30820727
v 25.06807137 0.02507606 0.35678479
v 25.06807137 0.05613204 0.39875454
v 25.06807137 0.09699239 0.43125632
v 25.06807137 0.14487253 0.45207524
v 28.50000000 -4.50000000 -21.00000000
v 28.50000000 -4.50000000 -14.00000000
v 26.66682816 -4.79999971 -8.05345058
v 27.04742241 -4.79999971 -8.41822147
v 26.35335159 -4.79999971 -7.62960529
v 26.11601830 -4.79999971 -7.15887928
v 27.17576218 -4.79999971 -6.72684240
v 27.06216431 -4.79999971 -6.31769228
v 27.48418999 -4.79999971 -8.71342468
v 27.96456337 -4.79999971 -8.93056774
v 27.64955902 -4.79999971 -7.42564201
v 27.37466049 -4.79999971 -7.10200691
v 27.43908882 -4.50001144 -6.56812572
v 27.61218071 -4.50001144 -6.91278267
v 27.98760414 -4.79999971 -7.68261528
v 27.86009216 -4.50001144 -7.20823193
v 28.16945648 -4.50001144 -7.43854475
v 28.47472763 -4.79999971 -9.06340408
v 29.00000000 -4.79999971 -9.10811138
v 29.52527237 -4.79999971 -9.06340408
v 28.37298584 -4.79999971 -7.86091232
v 28.78768730 -4.79999971 -7.95219469
v 28.52359581 -4.50001144 -7.59130478
v 28.90341568 -4.50001144 -7.65827751
v 29.21231461 -4.79999971 -7.95219469
v 29.28844452 -4.50001144 -7.63585281
v 30.03543663 -4.79999971 -8.93056774
v 30.51580811 -4.79999971 -8.71342468
v 29.62701416 -4.79999971 -7.86091232
v 30.01239586 -4.79999971 -7.68261528
v 29.65792465 -4.50001144 -7.52523804
v 29.99193192 -4.50001144 -7.33239698
v 30.35043907 -4.79999971 -7.42564201
v 30.62533951 -4.79999971 -7.10200691
v 30.27246666 -4.50001144 -7.06772709
v 30.48440170 -4.50001144 -6.74549532
v 30.61631393 -4.50001144 -6.38307333
v 26.02812767 -4.79999971 -5.08987427
v 27.03917313 -4.79999971 -5.89368725
v 27.10787010 -4.79999971 -5.47465324
v 26.22468758 -4.79999971 -4.60071659
v 26.50108719 -4.79999971 -4.15181398
v 26.84937668 -4.79999971 -3.75608015
v 27.26504135 -4.79999971 -5.08018398
v 27.50333786 -4.79999971 -4.72872353
v 27.35014343 -4.50001144 -6.19284058
v 27.35014343 -4.50001144 -5.80715942
v 27.43908882 -4.50001144 -5.43187428
v 27.61218071 -4.50001144 -5.08721733
v 27.86009216 -4.50001144 -4.79176807
v 27.25953674 -4.79999971 -3.42489982
v 27.71976471 -4.79999971 -3.16780066
v 27.81161499 -4.79999971 -4.43670702
v 28.17546082 -4.79999971 -4.21778870
v 28.21682358 -4.79999971 -2.99217844
v 28.16945648 -4.50001144 -4.56145573
v 28.57786179 -4.79999971 -4.08220387
v 28.52359581 -4.50001144 -4.40869474
v 28.90341568 -4.50001144 -4.34172201
v 29.00000000 -4.79999971 -4.03629398
v 29.42213821 -4.79999971 -4.08220387
v 29.28844452 -4.50001144 -4.36414766
v 29.99193192 -4.50001144 -4.66760254
v 30.73495865 -4.79999971 -5.08018398
v 30.49666214 -4.79999971 -4.72872353
v 30.66108704 -4.50001144 -6.00000000
v 30.61631393 -4.50001144 -5.61692667
v 30.27246666 -4.50001144 -4.93227291
v 30.48440170 -4.50001144 -5.25450516
v 29.82453918 -4.79999971 -4.21778870
v 29.78317451 -4.79999971 -2.99217844
v 29.65792465 -4.50001144 -4.47476196
v 30.18838501 -4.79999971 -4.43670702
v 30.28023529 -4.79999971 -3.16780066
v 30.74046326 -4.79999971 -3.42489982
v 28.73641586 -4.79999971 -2.90308595
v 29.26358795 -4.79999971 -2.90308595
v 30.95257759 -4.79999971 -8.41822147
v 31.33317184 -4.79999971 -8.05345058
v 30.82423782 -4.79999971 -6.72684240
v 30.93783569 -4.79999971 -6.31769228
v 31.64664841 -4.79999971 -7.62960529
v 31.88398170 -4.79999971 -7.15887928
v 32.03834915 -4.79999971 -6.65481472
v 30.96082687 -4.79999971 -5.89368725
v 30.89212799 -4.79999971 -5.47465324
v 31.15062332 -4.79999971 -3.75608015
v 31.49891090 -4.79999971 -4.15181398
v 31.77531242 -4.79999971 -4.60071659
v 32.10530853 -4.79999971 -6.13191175
v 32.08293533 -4.79999971 -5.60521412
v 31.97187233 -4.79999971 -5.08987427
v 26.02627945 -3.00000000 -21.00000000
v 26.36560059 -2.36517549 -21.00000000
v 26.66267395 -1.70951772 -21.00000000
v 26.91623116 -1.03583407 -21.00000000
v 27.12518501 -0.34700951 -21.00000000
v 27.28863716 0.35400647 -21.00000000
v 27.40589333 1.06421185 -21.00000000
v 27.42911720 1.29999995 -21.00000000
v 28.50000000 1.29999995 -21.00000000
v 27.28504181 0.35983136 -14.00000000
v 28.50000000 1.29999995 -14.00000000
v 26.63538170 0.00000000 -8.08112526
v 27.02110672 0.00000000 -8.45081234
v 26.07714844 0.00000000 -7.17449760
v 26.31768227 0.00000000 -7.65156794
v 27.46376038 0.00000000 -8.74999428
v 27.95060921 0.00000000 -8.97006416
v 29.00000000 0.00547255 -12.30628872
v 29.00000000 0.00243845 -12.29095840
v 29.00000000 0.00061054 -12.27543831
v 29.00000000 0.00000000 -12.25982285
v 29.73225403 0.02081262 -12.30628872
v 29.83065414 0.02679492 -12.30534458
v 30.09199142 0.05747773 -12.30628872
v 29.75453949 0.00000000 -12.21418190
v 29.82435226 0.00681483 -12.25752068
v 30.60552979 -0.00000007 -12.30628872
v 30.49807358 0.00000000 -12.07792377
v 30.55866432 0.00681483 -12.11610031
v 30.57057571 0.02679492 -12.16284370
v 30.58080482 0.05857864 -12.20298195
v 30.26041794 0.09658872 -12.30628872
v 30.34091568 0.13026838 -12.30628872
v 30.36080933 0.14270237 -12.30628872
v 30.37854195 0.15726401 -12.30628872
v 30.38601112 0.16537714 -12.30628872
v 30.39262772 0.17477959 -12.30628872
v 30.39745331 0.18512480 -12.30628872
v 30.39987183 0.19650951 -12.30628872
v 30.58865356 0.09999999 -12.23378086
v 30.59358788 0.14823619 -12.25314236
v 28.46764755 0.00000000 -9.10468960
v 29.00000000 0.00000000 -9.15000057
v 29.53235245 0.00000000 -9.10468960
v 30.04939079 0.00000000 -8.97006416
v 30.53623962 0.00000000 -8.74999428
v 30.48619461 1.29999995 -12.30628872
v 30.49551392 1.29999995 -12.30364037
v 30.60552979 1.29999995 -12.30628872
v 26.18728447 0.00000000 -4.58185816
v 26.46740913 0.00000000 -4.12690544
v 26.82039261 0.00000000 -3.72583842
v 27.23608017 0.00000000 -3.39019442
v 27.70251083 0.00000000 -3.12963033
v 28.20627022 0.00000000 -2.95164108
v 26.17691422 0.00594086 0.30820727
v 26.17691422 0.02507606 0.35678479
v 26.17691422 0.05613204 0.39875454
v 26.17691422 0.09699239 0.43125632
v 26.17691422 0.14487253 0.45207524
v 27.28576279 0.00594086 0.30820727
v 27.28576279 0.02507606 0.35678479
v 27.28576279 0.05613204 0.39875454
v 27.28576279 0.09699239 0.43125632
v 27.28576279 0.14487253 0.45207524
v 29.79372978 0.00000000 -2.95164108
v 30.29748917 0.00000000 -3.12963033
v 28.73286247 0.00000000 -2.86134768
v 29.26713943 0.00000000 -2.86134768
v 28.39460564 0.00594086 0.30820727
v 28.39460564 0.02507606 0.35678479
v 28.39460564 0.05613204 0.39875454
v 28.39460564 0.09699239 0.43125632
v 28.39460564 0.14487253 0.45207524
v 29.00000000 0.00000000 0.25982288
v 29.00000000 0.00666508 0.31102452
v 29.00000000 0.02621608 0.35881352
v 29.00000000 0.05734991 0.40000471
v 29.29554176 0.00681483 0.30466351
v 29.29780006 0.02679492 0.35284680
v 29.29973793 0.05857864 0.39422271
v 29.00000000 0.09799148 0.43185270
v 29.00000000 0.14543200 0.45223477
v 29.00000000 0.19650951 0.45979244
v 29.30122757 0.09999999 0.42597157
v 29.30216217 0.14823619 0.44592974
v 29.75453949 0.00000000 0.21418172
v 30.03913879 0.00681483 0.22545710
v 30.04708099 0.02679492 0.27303505
v 30.05390167 0.05857864 0.31389114
v 29.75359917 0.19650951 0.41568443
v 30.05913162 0.09999999 0.34524113
v 30.06242371 0.14823619 0.36494857
v 30.49807358 0.00000000 0.07792381
v 30.49690628 0.19650951 0.28396285
v 31.21976471 0.00000000 -11.85303593
v 31.27109528 0.00681483 -11.88882446
v 31.28845215 0.02679492 -11.93383026
v 31.30335617 0.05857864 -11.97247696
v 31.12600517 0.19650951 -12.09992027
v 31.31479263 0.09999999 -12.00213242
v 31.32198143 0.14823619 -12.02077389
v 31.90908432 0.00000000 -11.54279804
v 31.82310295 0.19650951 -11.81024933
v 31.95164490 0.00681483 -11.57888222
v 31.99357224 0.05857864 -11.65813065
v 31.97420120 0.02679492 -11.62151814
v 32.00843430 0.09999999 -11.68622494
v 32.01778030 0.14823619 -11.70388603
v 32.48165131 0.19650951 -11.44123268
v 32.55598450 0.00000000 -11.15173340
v 32.58629608 0.00681483 -11.19370937
v 32.61461639 0.02679492 -11.23277187
v 32.63907623 0.05857864 -11.26622009
v 32.65806580 0.09999999 -11.29172897
v 32.67035294 0.14823619 -11.30752563
v 33.09265137 0.19650951 -10.99791145
v 30.97889137 0.00000000 -8.45081234
v 31.36461639 0.00000000 -8.08112526
v 31.68231773 0.00000000 -7.65156794
v 31.92285156 0.00000000 -7.17449760
v 32.07929993 0.00000000 -6.66363955
v 30.86206055 1.29999995 -12.19878101
v 31.20627594 1.29999995 -12.09128952
v 31.42596626 1.29999995 -12.00000000
v 31.45322227 1.80549979 -12.00000000
v 33.15103149 0.00000000 -10.68554497
v 33.17946625 0.00681483 -10.72950172
v 33.23883820 0.05857864 -10.79668522
v 33.21140671 0.02679492 -10.76564693
v 33.70950317 0.00681483 -10.20198727
v 33.68554306 0.00000000 -10.15102959
v 33.25988388 0.09999999 -10.82050228
v 33.27311707 0.14823619 -10.83547401
v 33.64776230 0.19650951 -10.48633671
v 33.74549484 0.02679492 -10.23409939
v 33.77640533 0.05857864 -10.26167679
v 33.80012131 0.09999999 -10.28283691
v 33.81502914 0.14823619 -10.29613876
v 34.13940430 0.19650951 -9.91349602
v 34.15173340 0.00000000 -9.55598450
v 34.17343140 0.00681483 -9.61548519
v 34.21296692 0.02679492 -9.64311695
v 34.24692154 0.05857864 -9.66684437
v 34.27297211 0.09999999 -9.68505096
v 34.28935242 0.14823619 -9.69649601
v 34.56473541 0.00681483 -8.97823048
v 34.54280090 0.00000000 -8.90908432
v 34.60726166 0.02679492 -9.00099182
v 34.64378357 0.05857864 -9.02053642
v 34.87792206 0.00681483 -8.29916763
v 34.85303497 0.00000000 -8.21976376
v 34.56085968 0.19650951 -9.28721237
v 34.67180634 0.09999999 -9.03553391
v 34.68942261 0.14823619 -9.04496288
v 34.92284393 0.02679492 -8.31673908
v 34.96141815 0.05857864 -8.33182716
v 34.90637589 0.19650951 -8.61603737
v 34.99102020 0.09999999 -8.34340572
v 35.00962448 0.14823619 -8.35068417
v 35.15528107 0.02679492 -7.59996462
v 35.07792664 0.00000000 -7.49807358
v 35.10859680 0.00681483 -7.58782959
v 35.19536591 0.05857864 -7.61038494
v 35.25351715 0.00681483 -6.85420227
v 35.21417999 0.00000000 -6.75453854
v 35.30130768 0.02679492 -6.86073017
v 35.34235001 0.05857864 -6.86633587
v 35.17123413 0.19650951 -7.90913773
v 35.22613144 0.09999999 -7.61838055
v 35.24546814 0.14823619 -7.62340736
v 35.35181427 0.19650951 -7.17616606
v 35.37384033 0.09999999 -6.87063742
v 35.39363480 0.14823619 -6.87334156
v 35.44565582 0.19650951 -6.42713308
v 30.76392174 0.00000000 -3.39019442
v 31.17960739 0.00000000 -3.72583842
v 31.53259087 0.00000000 -4.12690544
v 31.81271553 0.00000000 -4.58185816
v 32.14716339 0.00000000 -6.13368988
v 32.12448502 0.00000000 -5.59989405
v 32.01192474 0.00000000 -5.07760811
v 30.76815033 0.00681483 0.05885891
v 30.78166199 0.02679492 0.10516363
v 30.79326630 0.05857864 0.14492640
v 31.21976471 0.00000000 -0.14696392
v 30.80217171 0.09999999 0.17543745
v 30.80776978 0.14823619 0.19461749
v 31.21977234 0.19650951 0.06642646
v 31.90908432 0.00000000 -0.45720214
v 31.47233963 0.00681483 -0.19279239
v 31.49123383 0.02679492 -0.14841090
v 31.50746155 0.05857864 -0.11029965
v 31.51991081 0.09999999 -0.08105587
v 31.52773666 0.14823619 -0.06267245
v 31.91232491 0.19650951 -0.23395404
v 32.14182281 0.00681483 -0.52596414
v 32.16583633 0.02679492 -0.48412889
v 32.18645477 0.05857864 -0.44820422
v 32.20227432 0.09999999 -0.42063817
v 32.21222305 0.14823619 -0.40330946
v 32.55598450 0.00000000 -0.84826678
v 32.76720428 0.00681483 -0.93597937
v 32.79599380 0.02679492 -0.89727765
v 32.82071686 0.05857864 -0.86404377
v 32.56510544 0.19650951 -0.61307657
v 32.83969116 0.09999999 -0.83854252
v 32.85161209 0.14823619 -0.82251179
v 35.31065369 0.00681483 -6.10858345
v 35.25982285 0.00000000 -6.00000000
v 35.35888290 0.02679492 -6.10941315
v 35.40029907 0.05857864 -6.11012554
v 35.15960312 0.00681483 -4.62326097
v 35.27920151 0.00681483 -5.36144018
v 35.21417999 0.00000000 -5.24546146
v 35.32719040 0.02679492 -5.35655975
v 35.36840057 0.05857864 -5.35236931
v 35.20667648 0.02679492 -4.61273956
v 35.43207550 0.09999999 -6.11067247
v 35.45205307 0.14823619 -6.11101627
v 35.45147324 0.19650951 -5.67226696
v 35.40001678 0.09999999 -5.34915400
v 35.41989899 0.14823619 -5.34713221
v 35.36919022 0.19650951 -4.92187595
v 34.85303497 0.00000000 -3.78023624
v 34.54280090 0.00000000 -3.09091544
v 34.66389847 0.00681483 -3.21497321
v 34.70718765 0.02679492 -3.19368863
v 34.74435425 0.05857864 -3.17541146
v 34.77287674 0.09999999 -3.16138649
v 34.79080963 0.14823619 -3.15257049
v 35.07792664 0.00000000 -4.50192642
v 34.95354080 0.00681483 -3.90440845
v 34.99903870 0.02679492 -3.88839293
v 35.03811264 0.05857864 -3.87464023
v 35.24710083 0.05857864 -4.60370445
v 35.06808853 0.09999999 -3.86408710
v 35.08693695 0.14823619 -3.85745335
v 35.27812195 0.09999999 -4.59677124
v 35.29761887 0.14823619 -4.59241295
v 35.19992447 0.19650951 -4.18620872
v 34.94599533 0.19650951 -3.47531056
v 33.15103149 0.00000000 -1.31445527
v 33.33969879 0.00681483 -1.41708231
v 33.37286377 0.02679492 -1.38205755
v 33.40134430 0.05857864 -1.35198092
v 33.68554306 0.00000000 -1.84896958
v 33.42319870 0.09999999 -1.32890236
v 33.43693542 0.14823619 -1.31439459
v 34.29475021 0.00681483 -2.56463385
v 34.15173340 0.00000000 -2.44401526
v 33.85127640 0.00681483 -1.96251941
v 33.88835144 0.02679492 -1.93166304
v 33.92018890 0.05857864 -1.90516603
v 34.19911194 0.19650951 -2.16618419
v 33.94461823 0.09999999 -1.88483417
v 33.95997620 0.14823619 -1.87205315
v 33.71635818 0.19650951 -1.58583379
v 33.16920090 0.19650951 -1.06576383
v 34.33521652 0.02679492 -2.53837919
v 34.36996460 0.05857864 -2.51583362
v 34.39662552 0.09999999 -2.49853396
v 34.41338730 0.14823619 -2.48765898
v 34.61086655 0.19650951 -2.79888988
v 20.60095596 3.70000005 -54.00000000
v 20.54812622 3.87415361 -54.00000000
v 20.60095596 3.70000005 -47.40752029
v 20.05453300 4.87506294 -54.00000000
v 19.89158630 5.10245514 -54.00000000
v 20.44958496 4.13597155 -54.00000000
v 20.33413124 4.39078426 -54.00000000
v 20.20225906 4.63749981 -54.00000000
v 17.87415314 6.54812622 -54.00000000
v 18.13597107 6.44958496 -54.00000000
v 18.63750076 6.20225859 -54.00000000
v 18.39078331 6.33413076 -54.00000000
v 16.50000000 6.77500010 -54.00000000
v 16.77959824 6.76584673 -54.00000000
v 17.05799866 6.73842669 -54.00000000
v 17.33401108 6.69285727 -54.00000000
v 17.60645103 6.62933302 -54.00000000
v 19.10245514 5.89158535 -54.00000000
v 19.31870270 5.71411514 -54.00000000
v 19.71411514 5.31870317 -54.00000000
v 19.52288055 5.52288151 -54.00000000
v 18.87506294 6.05453253 -54.00000000
v 16.50000000 13.50000000 -54.00000000
v 17.21943474 13.47644806 -54.00000000
v 17.93578720 13.40589333 -54.00000000
v 18.64599419 13.28863811 -54.00000000
v 19.34700966 13.12518406 -54.00000000
v 20.03583336 12.91623116 -54.00000000
v 20.70951843 12.66267490 -54.00000000
v 25.64616585 8.61127281 -54.00000000
v 25.22688675 9.19637585 -54.00000000
v 24.77023697 9.75280380 -54.00000000
v 24.27817535 10.27817440 -54.00000000
v 22.00000000 12.02627945 -54.00000000
v 23.19637489 11.22688675 -54.00000000
v 22.61127281 11.64616585 -54.00000000
v 21.36517525 12.36560059 -54.00000000
v 23.75280380 10.77023792 -54.00000000
v 27.42911720 3.70000005 -54.00000000
v 27.40589333 3.93578815 -54.00000000
v 27.28863716 4.64599371 -54.00000000
v 27.12518501 5.34700966 -54.00000000
v 26.91623116 6.03583431 -54.00000000
v 26.66267395 6.70951796 -54.00000000
v 26.36560059 7.36517572 -54.00000000
v 27.42911720 3.70000005 -38.50000000
v 28.00073433 3.70000005 -33.80137634
v 27.92940521 3.70000005 -33.65056229
v 28.18588257 3.70000005 -34.07846832
v 28.29791832 3.70000005 -34.20207977
v 28.08650208 3.70000005 -33.94446945
v 27.40589333 3.93578815 -38.50000000
v 27.28863716 4.64599371 -38.50000000
v 26.54358482 4.50000000 -34.22458649
v 26.43779182 4.50000000 -33.92890930
v 26.36148643 4.50000000 -33.62429047
v 26.67785263 4.50000000 -34.50846863
v 26.83929634 4.50000000 -34.77782440
v 27.02636719 4.50000000 -35.03005981
v 27.46994209 4.50000000 -35.47363281
v 27.72217560 4.50000000 -35.66070175
v 27.99153137 4.50000000 -35.82214737
v 28.27541351 4.50000000 -35.95641327
v 27.23725891 4.50000000 -35.26274109
v 28.00073433 4.50000000 -33.80137634
v 27.92940521 4.50000000 -33.65056229
v 28.18588257 4.50000000 -34.07846832
v 28.29791832 4.50000000 -34.20207977
v 28.08650208 4.50000000 -33.94446945
v 28.69862556 3.70000005 -34.49926758
v 28.84943771 3.70000005 -34.57059479
v 28.42153168 3.70000005 -34.31411743
v 28.55553055 3.70000005 -34.41349792
v 29.00651550 3.70000005 -34.62679672
v 29.16834641 3.70000005 -34.66733551
v 29.33337021 3.70000005 -34.69181442
v 29.50000000 3.70000005 -34.70000076
v 29.66662979 3.70000005 -34.69181442
v 29.83165359 3.70000005 -34.66733551
v 29.99348450 3.70000005 -34.62679672
v 30.15056229 3.70000005 -34.57059479
v 30.30137444 3.70000005 -34.49926758
v 30.44446945 3.70000005 -34.41349792
v 30.57846832 3.70000005 -34.31411743
v 30.70208168 3.70000005 -34.20207977
v 28.87571144 4.50000000 -36.13851166
v 28.57108879 4.50000000 -36.06221008
v 29.18634605 4.50000000 -36.18458939
v 29.50000000 4.50000000 -36.20000076
v 28.69862556 4.50000000 -34.49926758
v 28.84943771 4.50000000 -34.57059479
v 28.42153168 4.50000000 -34.31411743
v 28.55553055 4.50000000 -34.41349792
v 29.00651550 4.50000000 -34.62679672
v 29.16834641 4.50000000 -34.66733551
v 29.33337021 4.50000000 -34.69181442
v 29.50000000 4.50000000 -34.70000076
v 29.81365395 4.50000000 -36.18458939
v 30.12428856 4.50000000 -36.13851166
v 30.42891121 4.50000000 -36.06221008
v 30.72458649 4.50000000 -35.95641327
v 29.66662979 4.50000000 -34.69181442
v 29.83165359 4.50000000 -34.66733551
v 29.99348450 4.50000000 -34.62679672
v 30.15056229 4.50000000 -34.57059479
v 30.30137444 4.50000000 -34.49926758
v 30.44446945 4.50000000 -34.41349792
v 30.57846832 4.50000000 -34.31411743
v 30.70208168 4.50000000 -34.20207977
v 27.87320137 3.70000005 -33.49348450
v 27.83266449 3.70000005 -33.33165359
v 27.80818558 3.70000005 -33.16662979
v 27.79999924 3.70000005 -33.00000000
v 27.80818558 3.70000005 -32.83337021
v 27.83266449 3.70000005 -32.66834641
v 27.87320137 3.70000005 -32.50651550
v 27.92940521 3.70000005 -32.34943771
v 28.00073433 3.70000005 -32.19862366
v 28.08650208 3.70000005 -32.05553055
v 28.18588257 3.70000005 -31.92153168
v 28.29791832 3.70000005 -31.79791832
v 27.42911720 3.70000005 -27.50000000
v 26.31540871 4.50000000 -33.31365585
v 26.29999924 4.50000000 -33.00000000
v 26.31540871 4.50000000 -32.68634415
v 26.36148643 4.50000000 -32.37570953
v 26.43779182 4.50000000 -32.07109070
v 26.54358482 4.50000000 -31.77541351
v 26.67785263 4.50000000 -31.49153137
v 26.83929634 4.50000000 -31.22217560
v 27.02636719 4.50000000 -30.96994209
v 27.87320137 4.50000000 -33.49348450
v 27.83266449 4.50000000 -33.33165359
v 27.80818558 4.50000000 -33.16662979
v 27.79999924 4.50000000 -33.00000000
v 27.80818558 4.50000000 -32.83337021
v 27.83266449 4.50000000 -32.66834641
v 27.87320137 4.50000000 -32.50651550
v 27.92940521 4.50000000 -32.34943771
v 28.00073433 4.50000000 -32.19862366
v 28.08650208 4.50000000 -32.05553055
v 28.18588257 4.50000000 -31.92153168
v 27.23725891 4.50000000 -30.73725891
v 27.46994209 4.50000000 -30.52636719
v 27.72217560 4.50000000 -30.33929634
v 28.29791832 4.50000000 -31.79791832
v 27.99153137 4.50000000 -30.17785263
v 28.27541351 4.50000000 -30.04358482
v 27.40589333 3.93578815 -27.50000000
v 27.28863716 4.64599371 -27.50000000
v 28.42153168 3.70000005 -31.68588257
v 28.55553055 3.70000005 -31.58650208
v 28.69862556 3.70000005 -31.50073433
v 28.84943771 3.70000005 -31.42940521
v 29.00651550 3.70000005 -31.37320137
v 29.16834641 3.70000005 -31.33266449
v 29.33337021 3.70000005 -31.30818558
v 29.50000000 3.70000005 -31.29999924
v 29.66662979 3.70000005 -31.30818558
v 29.83165359 3.70000005 -31.33266449
v 29.99348450 3.70000005 -31.37320137
v 30.30137444 3.70000005 -31.50073433
v 30.44446945 3.70000005 -31.58650208
v 30.15056229 3.70000005 -31.42940521
v 30.57846832 3.70000005 -31.68588257
v 30.70208168 3.70000005 -31.79791832
v 28.42153168 4.50000000 -31.68588257
v 28.55553055 4.50000000 -31.58650208
v 28.69862556 4.50000000 -31.50073433
v 28.84943771 4.50000000 -31.42940521
v 29.00651550 4.50000000 -31.37320137
v 29.16834641 4.50000000 -31.33266449
v 29.33337021 4.50000000 -31.30818558
v 29.50000000 4.50000000 -31.29999924
v 29.66662979 4.50000000 -31.30818558
v 29.83165359 4.50000000 -31.33266449
v 29.99348450 4.50000000 -31.37320137
v 30.30137444 4.50000000 -31.50073433
v 30.44446945 4.50000000 -31.58650208
v 30.15056229 4.50000000 -31.42940521
v 30.57846832 4.50000000 -31.68588257
v 30.70208168 4.50000000 -31.79791832
v 28.57108879 4.50000000 -29.93779182
v 28.87571144 4.50000000 -29.86148643
v 29.18634605 4.50000000 -29.81540871
v 29.50000000 4.50000000 -29.79999924
v 29.81365395 4.50000000 -29.81540871
v 30.12428856 4.50000000 -29.86148643
v 30.42891121 4.50000000 -29.93779182
v 30.72458649 4.50000000 -30.04358482
v 27.12518501 5.34700966 -38.50000000
v 26.91623116 6.03583431 -38.50000000
v 26.66267395 6.70951796 -38.50000000
v 26.36560059 7.36517572 -38.50000000
v 26.18663406 7.69999981 -38.50000000
v 26.54358482 7.69999981 -34.22458649
v 26.43779182 7.69999981 -33.92890930
v 26.36148643 7.69999981 -33.62429047
v 26.67785263 7.69999981 -34.50846863
v 26.83929634 7.69999981 -34.77782440
v 27.02636719 7.69999981 -35.03005981
v 27.46994209 7.69999981 -35.47363281
v 27.72217560 7.69999981 -35.66070175
v 27.99153137 7.69999981 -35.82214737
v 28.27541351 7.69999981 -35.95641327
v 27.23725891 7.69999981 -35.26274109
v 28.87571144 7.69999981 -36.13851166
v 28.57108879 7.69999981 -36.06221008
v 29.18634605 7.69999981 -36.18458939
v 29.50000000 7.69999981 -36.20000076
v 29.81365395 7.69999981 -36.18458939
v 30.12428856 7.69999981 -36.13851166
v 30.42891121 7.69999981 -36.06221008
v 30.72458649 7.69999981 -35.95641327
v 27.12518501 5.34700966 -27.50000000
v 26.91623116 6.03583431 -27.50000000
v 26.31540871 7.69999981 -33.31365585
v 26.29999924 7.69999981 -33.00000000
v 26.31540871 7.69999981 -32.68634415
v 26.36148643 7.69999981 -32.37570953
v 26.43779182 7.69999981 -32.07109070
v 26.54358482 7.69999981 -31.77541351
v 26.67785263 7.69999981 -31.49153137
v 26.83929634 7.69999981 -31.22217560
v 27.02636719 7.69999981 -30.96994209
v 27.23725891 7.69999981 -30.73725891
v 27.46994209 7.69999981 -30.52636719
v 27.72217560 7.69999981 -30.33929634
v 27.99153137 7.69999981 -30.17785263
v 26.66267395 6.70951796 -27.50000000
v 26.36560059 7.36517572 -27.50000000
v 26.18663406 7.69999981 -27.50000000
v 28.27541351 7.69999981 -30.04358482
v 28.57108879 7.69999981 -29.93779182
v 28.87571144 7.69999981 -29.86148643
v 29.18634605 7.69999981 -29.81540871
v 29.50000000 7.69999981 -29.79999924
v 29.81365395 7.69999981 -29.81540871
v 30.12428856 7.69999981 -29.86148643
v 30.42891121 7.69999981 -29.93779182
v 30.72458649 7.69999981 -30.04358482
v 30.81411743 3.70000005 -34.07846832
v 30.91349792 3.70000005 -33.94446945
v 30.99926567 3.70000005 -33.80137634
v 31.07059479 3.70000005 -33.65056229
v 31.00846863 4.50000000 -35.82214737
v 31.27782440 4.50000000 -35.66070175
v 31.53005791 4.50000000 -35.47363281
v 30.81411743 4.50000000 -34.07846832
v 30.91349792 4.50000000 -33.94446945
v 30.99926567 4.50000000 -33.80137634
v 31.07059479 4.50000000 -33.65056229
v 31.76274109 4.50000000 -35.26274109
v 31.97363281 4.50000000 -35.03005981
v 32.16070175 4.50000000 -34.77782440
v 32.32214737 4.50000000 -34.50846863
v 32.45641327 4.50000000 -34.22458649
v 32.56221008 4.50000000 -33.92890930
v 32.63851166 4.50000000 -33.62429047
v 34.50000000 3.70000005 -38.50000000
v 31.12679863 3.70000005 -33.49348450
v 31.16733551 3.70000005 -33.33165359
v 31.19181442 3.70000005 -33.16662979
v 31.20000076 3.70000005 -33.00000000
v 31.19181442 3.70000005 -32.83337021
v 30.81411743 3.70000005 -31.92153168
v 30.99926567 3.70000005 -32.19862366
v 30.91349792 3.70000005 -32.05553055
v 31.16733551 3.70000005 -32.66834641
v 31.12679863 3.70000005 -32.50651550
v 31.07059479 3.70000005 -32.34943771
v 31.12679863 4.50000000 -33.49348450
v 31.16733551 4.50000000 -33.33165359
v 31.19181442 4.50000000 -33.16662979
v 31.20000076 4.50000000 -33.00000000
v 31.19181442 4.50000000 -32.83337021
v 30.81411743 4.50000000 -31.92153168
v 30.99926567 4.50000000 -32.19862366
v 30.91349792 4.50000000 -32.05553055
v 31.16733551 4.50000000 -32.66834641
v 31.12679863 4.50000000 -32.50651550
v 31.07059479 4.50000000 -32.34943771
v 31.00846863 4.50000000 -30.17785263
v 31.27782440 4.50000000 -30.33929634
v 31.53005791 4.50000000 -30.52636719
v 31.76274109 4.50000000 -30.73725891
v 32.68458939 4.50000000 -33.31365585
v 32.70000076 4.50000000 -33.00000000
v 32.63851166 4.50000000 -32.37570953
v 32.68458939 4.50000000 -32.68634415
v 32.56221008 4.50000000 -32.07109070
v 32.16070175 4.50000000 -31.22217560
v 32.32214737 4.50000000 -31.49153137
v 32.45641327 4.50000000 -31.77541351
v 31.97363281 4.50000000 -30.96994209
v 34.50000000 3.70000005 -27.50000000
v 31.00846863 7.69999981 -35.82214737
v 31.27782440 7.69999981 -35.66070175
v 31.53005791 7.69999981 -35.47363281
v 31.76274109 7.69999981 -35.26274109
v 31.97363281 7.69999981 -35.03005981
v 32.16070175 7.69999981 -34.77782440
v 32.32214737 7.69999981 -34.50846863
v 32.45641327 7.69999981 -34.22458649
v 32.56221008 7.69999981 -33.92890930
v 32.63851166 7.69999981 -33.62429047
v 34.50000000 7.69999981 -38.50000000
v 31.00846863 7.69999981 -30.17785263
v 31.27782440 7.69999981 -30.33929634
v 31.53005791 7.69999981 -30.52636719
v 31.76274109 7.69999981 -30.73725891
v 32.68458939 7.69999981 -33.31365585
v 32.70000076 7.69999981 -33.00000000
v 32.63851166 7.69999981 -32.37570953
v 32.68458939 7.69999981 -32.68634415
v 32.56221008 7.69999981 -32.07109070
v 32.16070175 7.69999981 -31.22217560
v 32.32214737 7.69999981 -31.49153137
v 32.45641327 7.69999981 -31.77541351
v 31.97363281 7.69999981 -30.96994209
v 34.50000000 7.69999981 -27.50000000
v 26.02627945 8.00000000 -54.00000000
v 25.00000000 3.70000005 -14.00000000
v 25.00000000 3.85549283 -14.00000000
v 25.00000000 3.70000005 -13.84148979
v 25.00000000 5.00000000 -13.84148979
v 16.50000000 2.50000000 -11.50000000
v 16.57377625 4.02621603 -10.39331341
v 16.57377625 4.00000000 -10.29432201
v 16.57377625 4.00666523 -10.34552383
v 16.57377625 4.05734968 -10.43450356
v 16.57377625 4.09799147 -10.46635151
v 16.57377625 4.14543200 -10.48673439
v 16.57377625 4.19650936 -10.49429131
v 16.57377625 4.50000000 -10.49958992
v 17.24483681 4.02679491 -10.39432144
v 17.24483681 4.00681496 -10.34608650
v 17.24483681 4.05857849 -10.43574333
v 17.24483681 4.09999990 -10.46752739
v 17.24483681 4.14823627 -10.48750782
v 16.57377625 5.00000000 -10.70485592
v 18.32713699 4.02679491 -10.39432144
v 18.32713699 4.00681496 -10.34608650
v 18.32713699 4.05857849 -10.43574333
v 18.32713699 4.09999990 -10.46752739
v 18.32713699 4.14823627 -10.48750782
v 20.77499962 2.50000000 -12.00000000
v 20.77499962 2.50000000 -11.50000000
v 20.76584625 2.77959847 -12.00000000
v 20.76584625 2.77959847 -11.50000000
v 20.73842621 3.05799937 -12.00000000
v 20.73842621 3.05799937 -11.50000000
v 20.62933350 3.60645151 -12.00000000
v 20.60095596 3.70000005 -12.00000000
v 20.62933350 3.60645151 -11.50000000
v 20.54812622 3.87415361 -11.50000000
v 20.69285774 3.33401108 -12.00000000
v 20.69285774 3.33401108 -11.50000000
v 19.40943336 4.02679491 -10.39432144
v 19.40943336 4.00681496 -10.34608650
v 19.40943336 4.05857849 -10.43574333
v 19.40943336 4.09999990 -10.46752739
v 19.40943336 4.14823627 -10.48750782
v 20.05453300 4.87506294 -11.50000000
v 19.96500397 5.00000000 -12.50000000
v 19.96892548 4.99452734 -12.30628872
v 19.96544266 4.99938917 -12.27543831
v 19.96500397 5.00000000 -12.30628872
v 19.96675110 4.99756145 -12.29095840
v 19.89158630 5.10245514 -12.50000000
v 19.96500397 5.00000000 -12.25982285
v 19.96500397 5.00000000 -11.50000000
v 20.44958496 4.13597155 -11.50000000
v 20.33413124 4.39078426 -11.50000000
v 20.49173355 4.02679491 -10.39432144
v 20.49173355 4.00681496 -10.34608650
v 20.49173355 4.05857849 -10.43574333
v 20.49173355 4.09999990 -10.46752739
v 20.49173355 4.14823627 -10.48750782
v 20.20225906 4.63749981 -11.50000000
v 17.53288651 4.00681496 -1.63041294
v 17.53288651 4.02679491 -1.58217669
v 17.53288651 4.05857849 -1.54075527
v 17.53288651 4.09999990 -1.50897157
v 17.53288651 4.14823627 -1.48899150
v 17.20180130 4.85512733 0.45207524
v 17.20180130 4.90300751 0.43125632
v 17.20180130 4.94386768 0.39875454
v 17.20180130 4.97492409 0.35678479
v 17.20180130 4.99405909 0.30820727
v 18.64790344 4.00681496 -1.63041294
v 18.64790344 4.02679491 -1.58217669
v 18.64790344 4.05857849 -1.54075527
v 18.64790344 4.09999990 -1.50897157
v 18.64790344 4.14823627 -1.48899150
v 18.30195236 4.85512733 0.45207524
v 18.30195236 4.90300751 0.43125632
v 18.30195236 4.94386768 0.39875454
v 18.30195236 4.97492409 0.35678479
v 18.30195236 4.99405909 0.30820727
v 19.76292038 4.00681496 -1.63041294
v 19.76292038 4.02679491 -1.58217669
v 19.76292038 4.05857849 -1.54075527
v 19.76292038 4.09999990 -1.50897157
v 19.76292038 4.14823627 -1.48899150
v 19.40210152 4.85512733 0.45207524
v 19.40210152 4.90300751 0.43125632
v 19.40210152 4.94386768 0.39875454
v 19.40210152 4.97492409 0.35678479
v 19.40210152 4.99405909 0.30820727
v 20.87793732 4.00681496 -1.63041294
v 20.87793732 4.02679491 -1.58217669
v 20.87793732 4.05857849 -1.54075527
v 20.87793732 4.09999990 -1.50897157
v 20.87793732 4.14823627 -1.48899150
v 20.50225258 4.85512733 0.45207524
v 20.50225258 4.90300751 0.43125632
v 20.50225258 4.94386768 0.39875454
v 20.50225258 4.97492409 0.35678479
v 20.50225258 4.99405909 0.30820727
v 17.87415314 6.54812622 -12.50000000
v 18.13597107 6.44958496 -12.50000000
v 18.63750076 6.20225859 -12.50000000
v 18.39078331 6.33413076 -12.50000000
v 16.50000000 6.77500010 -12.50000000
v 16.77959824 6.76584673 -12.50000000
v 17.05799866 6.73842669 -12.50000000
v 17.33401108 6.69285727 -12.50000000
v 17.60645103 6.62933302 -12.50000000
v 19.10245514 5.89158535 -12.50000000
v 19.31870270 5.71411514 -12.50000000
v 19.71411514 5.31870317 -12.50000000
v 19.52288055 5.52288151 -12.50000000
v 18.87506294 6.05453253 -12.50000000
v 21.57403183 4.02679491 -10.39432144
v 21.57403183 4.00681496 -10.34608650
v 21.57403183 4.05857849 -10.43574333
v 21.57403183 4.09999990 -10.46752739
v 21.57403183 4.14823627 -10.48750782
v 22.65631104 4.02621555 -10.39331055
v 22.65632820 3.99999976 -10.29432106
v 22.72674942 3.99999881 -10.28594875
v 22.65631866 4.00666428 -10.34552193
v 22.65630531 4.05734921 -10.43450260
v 22.65629768 4.09799099 -10.46635056
v 22.65629578 4.14543200 -10.48673248
v 22.65630341 4.19650936 -10.49429131
v 22.72302246 4.19571590 -10.48980808
v 22.74330521 4.02679253 -10.38475895
v 22.79323578 3.99999833 -10.26127720
v 22.73282051 4.00681305 -10.33767605
v 22.85206985 3.99999809 -10.22168350
v 22.81905937 4.00681210 -10.30619717
v 22.84137344 4.02679110 -10.34896278
v 22.89996338 3.99999809 -10.16938400
v 22.89421272 4.00681162 -10.25346947
v 22.92683411 4.02679062 -10.28900242
v 22.95315742 4.00681162 -10.18308830
v 22.99386597 4.02679062 -10.20896816
v 22.93423653 3.99999833 -10.10729980
v 22.95297623 3.99999881 -10.03890514
v 22.95513153 3.99999952 -9.96802139
v 22.99187851 4.00681210 -10.09984970
v 23.00773621 4.00681305 -10.00942421
v 22.91014671 4.00000143 -9.83456230
v 22.94058228 4.00000048 -9.89861393
v 22.96817398 4.00681591 -9.83173752
v 22.99965096 4.00681448 -9.91797638
v 22.95347023 4.00666714 -9.80727291
v 23.01093864 4.02679539 -9.80942535
v 22.99390411 4.02621794 -9.78180313
v 22.75230789 4.05857515 -10.42519093
v 22.75921631 4.09999561 -10.45621490
v 22.86053467 4.05857420 -10.38568592
v 22.87523651 4.09999466 -10.41386509
v 22.76355934 4.14823151 -10.47571754
v 22.78844833 4.19497204 -10.47648907
v 22.85141754 4.19431639 -10.45461273
v 22.95484543 4.05857372 -10.31951714
v 22.97634125 4.09999418 -10.34293079
v 22.88447952 4.14823008 -10.43157959
v 22.91083908 4.19377327 -10.42460346
v 22.98985481 4.14822960 -10.35764885
v 22.96568871 4.19334602 -10.38700867
v 23.01503372 4.19303513 -10.34250069
v 22.66591835 4.50000000 -10.49958992
v 22.78339005 4.50000000 -10.48560619
v 22.89427185 4.50000000 -10.44443321
v 22.99237061 4.50000000 -10.37837601
v 23.03789520 4.02679157 -10.11431217
v 23.05593109 4.02679253 -10.01148415
v 23.04673386 4.02679396 -9.90749264
v 23.02882004 4.05857372 -10.23119164
v 23.05564117 4.09999418 -10.24824524
v 23.07250595 4.14822960 -10.25896549
v 23.05802917 4.19284487 -10.29185772
v 23.09391975 4.19278097 -10.23597717
v 23.12208557 4.19284487 -10.17583084
v 23.07741165 4.05857420 -10.12673187
v 23.09731293 4.05857515 -10.01325226
v 23.10773468 4.09999466 -10.13626099
v 23.12906647 4.09999609 -10.01461029
v 23.08716583 4.05857658 -9.89849091
v 23.04766083 4.05857897 -9.79026604
v 23.02875710 4.05735111 -9.75984859
v 23.05570412 4.09799242 -9.74287510
v 23.07584000 4.09999943 -9.77556419
v 23.11819077 4.09999800 -9.89158344
v 23.12679482 4.14823055 -10.14225197
v 23.14903069 4.14823151 -10.01546383
v 23.14204025 4.19303513 -10.11246586
v 23.15341568 4.19334602 -10.04699230
v 23.15600586 4.19377327 -9.98053932
v 23.09355545 4.14823580 -9.76632214
v 23.07295036 4.14543247 -9.73201180
v 23.07935333 4.19650936 -9.72799015
v 23.13769341 4.14823341 -9.88724136
v 23.13470459 4.19497204 -9.84931183
v 23.14974213 4.19431639 -9.91426086
v 23.11111259 4.19571590 -9.78684235
v 23.07219505 4.50000000 -10.29112816
v 23.12928009 4.50000000 -10.18756962
v 23.16043091 4.50000000 -10.07349396
v 23.16390991 4.50000000 -9.95527935
v 23.08862305 4.50000000 -9.73274803
v 23.13951874 4.50000000 -9.83953857
v 22.67552567 5.00000000 -10.70485020
v 22.77104568 5.00000000 -10.69851398
v 22.86208344 5.00000000 -10.67977524
v 22.94931221 5.00000000 -10.64902687
v 23.03240776 5.00000000 -10.60684013
v 23.10951614 5.00000000 -10.55407619
v 23.17870712 5.00000000 -10.49163818
v 23.23873138 5.00000000 -10.42067051
v 23.28877640 5.00000000 -10.34247208
v 23.32806587 5.00000000 -10.25835228
v 23.35590553 5.00000000 -10.16967678
v 23.37163544 5.00000000 -10.07781982
v 23.37495613 5.00000000 -9.98445129
v 23.36613846 5.00000000 -9.89168644
v 23.34545517 5.00000000 -9.80155468
v 22.37114716 4.00681496 -8.66572857
v 22.41589737 4.02679491 -8.64773178
v 22.20689583 4.00000000 -8.37568951
v 22.39564896 4.19650936 -8.30966187
v 22.40242386 4.50000000 -8.31298256
v 21.98271942 4.00000000 -7.59623241
v 22.11436081 4.00681496 -7.90677071
v 22.16084671 4.02679491 -7.89389801
v 22.20076561 4.05857849 -7.88284302
v 22.23139572 4.09999990 -7.87436056
v 22.25065231 4.14823627 -7.86902857
v 22.17770576 4.19650936 -7.55186844
v 21.94416428 4.00681496 -7.12383461
v 21.84767532 4.00000000 -6.79650211
v 21.99180222 4.02679491 -7.11624670
v 21.86269951 4.00681496 -6.32676506
v 21.91088676 4.02679491 -6.32455873
v 22.03270721 4.05857849 -7.10973167
v 22.06409454 4.09999990 -7.10473251
v 22.08382607 4.14823627 -7.10158920
v 22.04641533 4.19650936 -6.77436447
v 21.95226479 4.05857849 -6.32266474
v 21.98401451 4.09999990 -6.32121086
v 22.00397491 4.14823627 -6.32029724
v 22.18366623 4.50000000 -7.55417871
v 22.05187607 4.50000000 -6.77554417
v 22.38456917 5.00000000 -7.51193333
v 22.25606918 5.00000000 -6.75448990
v 22.71129417 4.00681496 -9.39116287
v 22.51735306 4.00000000 -9.12497139
v 22.69747543 4.19650936 -9.03812027
v 22.75374985 4.02679491 -9.36826897
v 22.79020691 4.05857849 -9.34860802
v 22.81818390 4.09999990 -9.33352280
v 22.83576965 4.14823627 -9.32403946
v 22.45432854 4.05857849 -8.63227749
v 22.48381805 4.09999990 -8.62041855
v 22.50235558 4.14823627 -8.61296463
v 22.70536423 4.50000000 -9.04227543
v 22.89321136 5.00000000 -8.95922279
v 22.59786224 5.00000000 -8.24999714
v 23.26683235 5.00000000 -9.63051891
v 23.31258774 5.00000000 -9.71462440
v 25.00000000 5.00000000 -12.50000000
v 25.92070007 5.00000000 -6.66363955
v 21.80347252 4.00000000 -5.98665428
v 21.87099266 4.00681496 -5.52558613
v 21.91912079 4.02679491 -5.52878904
v 22.00344276 4.19650936 -5.98702526
v 21.96045113 4.05857849 -5.53153944
v 21.99216652 4.09999990 -5.53364992
v 22.01210213 4.14823627 -5.53497696
v 21.85067749 4.00000000 -5.17697573
v 21.96893501 4.00681496 -4.73037338
v 22.01640320 4.02679491 -4.73894548
v 22.04933357 4.19650936 -5.19985104
v 22.05716705 4.05857849 -4.74630547
v 22.08844376 4.09999990 -4.75195360
v 22.10810661 4.14823627 -4.75550413
v 22.00873947 4.50000000 -5.98701525
v 22.05480576 4.50000000 -5.19865131
v 21.98868752 4.00000000 -4.37775135
v 22.15530014 4.00681496 -3.95112729
v 22.20150948 4.02679491 -3.96495962
v 22.18350983 4.19650936 -4.42283916
v 22.24118996 4.05857849 -3.97683811
v 22.27164078 4.09999990 -3.98595238
v 22.29078102 4.14823627 -3.99168205
v 22.21575165 4.00000000 -3.59913135
v 22.42773819 4.00681496 -3.19764662
v 22.40426064 4.19650936 -3.66585946
v 22.18948555 4.50000000 -4.42051220
v 22.41106224 4.50000000 -3.66252565
v 22.21400833 5.00000000 -5.98737717
v 22.25892258 5.00000000 -5.22042513
v 22.39023972 5.00000000 -4.46346569
v 22.47210693 4.02679491 -3.21656609
v 22.51021194 4.05857849 -3.23281264
v 22.53944778 4.09999990 -3.24527884
v 22.55782700 4.14823627 -3.25311565
v 22.70878601 4.19650936 -2.93852592
v 22.71670914 4.50000000 -2.93436337
v 22.60627556 5.00000000 -3.72620058
v 22.90426254 5.00000000 -3.01807880
v 21.99295425 4.00681496 -1.63041294
v 21.99295425 4.02679491 -1.58217669
v 21.99295425 4.05857849 -1.54075527
v 21.99295425 4.09999990 -1.50897157
v 21.99295425 4.14823627 -1.48899150
v 21.60240173 4.85512733 0.45207524
v 21.60240173 4.90300751 0.43125632
v 21.60240173 4.94386768 0.39875454
v 21.60240173 4.97492409 0.35678479
v 21.60240173 4.99405909 0.30820727
v 22.52898788 4.00000000 -2.85100603
v 22.82480049 4.02679491 -2.50317574
v 22.78282547 4.00681496 -2.47940755
v 22.92440796 4.00000048 -2.14287663
v 22.95512390 4.00000048 -2.07882142
v 22.96763229 4.00666523 -2.17032647
v 23.00797272 4.02621603 -2.19594741
v 23.00199509 4.00681448 -2.10158205
v 22.86084366 4.05857849 -2.52358627
v 22.88850021 4.09999990 -2.53924799
v 22.90588570 4.14823627 -2.54909301
v 22.67118835 4.00000048 -1.68217874
v 22.67118073 4.00666523 -1.63097680
v 22.70106888 4.00681448 -1.63168073
v 22.67116928 4.02621603 -1.58318758
v 22.70515633 4.02679443 -1.58361840
v 22.67116356 4.05734968 -1.54199600
v 22.70867157 4.05857754 -1.54234624
v 22.67115784 4.09799147 -1.51014793
v 22.71136475 4.09999895 -1.51067686
v 22.67115402 4.14543200 -1.48976564
v 22.71306038 4.14823437 -1.49076843
v 22.67116165 4.19650936 -1.48220706
v 22.74172974 4.00000000 -1.69058013
v 22.79074478 4.00681400 -1.65133846
v 22.86721039 3.99999905 -1.75505710
v 22.80831528 3.99999952 -1.71533537
v 22.87227631 4.00681353 -1.69353604
v 22.94932938 3.99999881 -1.86977148
v 22.96991348 3.99999976 -2.00933909
v 22.96794510 3.99999905 -1.93832767
v 23.02165222 4.00681400 -2.01190639
v 23.01743317 4.00681353 -1.92019844
v 22.91511154 3.99999881 -1.80751705
v 22.94010925 4.00681305 -1.75539792
v 22.89984894 4.02679300 -1.65395796
v 22.98961830 4.00681305 -1.83270824
v 22.97698593 4.02679253 -1.72430491
v 22.80713272 4.02679348 -1.60597229
v 23.00865364 4.05857563 -1.69760454
v 22.82120895 4.05857658 -1.56701553
v 22.83201027 4.09999752 -1.53712285
v 22.73800087 4.19571114 -1.48670697
v 22.80354500 4.19496250 -1.50007582
v 22.83879852 4.14823341 -1.51833129
v 22.86661530 4.19430256 -1.52203035
v 22.92352676 4.05857611 -1.61997128
v 22.94169617 4.09999657 -1.59389234
v 22.92611694 4.19375515 -1.55214572
v 22.95311737 4.14823246 -1.57749820
v 22.98102379 4.19332552 -1.58986759
v 22.68081856 4.50000000 -1.47690952
v 22.79849052 4.50000000 -1.49094164
v 22.90954208 4.50000000 -1.53225410
v 23.00774002 4.50000000 -1.59852719
v 23.04736137 4.02679443 -2.11797214
v 23.04274368 4.05734968 -2.21803141
v 23.08631897 4.05857754 -2.13204646
v 23.06962967 4.09799147 -2.23510551
v 23.11621094 4.09999847 -2.14284587
v 23.08683395 4.14543200 -2.24603271
v 23.09321976 4.19650936 -2.25007701
v 23.13500404 4.14823437 -2.14963460
v 23.12524414 4.19571114 -2.19124103
v 23.14908600 4.19496250 -2.12874699
v 23.16435242 4.19430256 -2.06373787
v 23.06971550 4.02679348 -2.01599622
v 23.06491661 4.02679300 -1.91170979
v 23.03328705 4.02679253 -1.81221914
v 23.11098862 4.05857658 -2.01950836
v 23.10569000 4.05857611 -1.90442014
v 23.14265823 4.09999752 -2.02220321
v 23.13697815 4.09999657 -1.89882648
v 23.07078552 4.05857563 -1.79462481
v 23.09955978 4.09999657 -1.78112388
v 23.03295326 4.09999657 -1.67711639
v 23.16256714 4.14823341 -2.02389693
v 23.15664673 4.14823246 -1.89531016
v 23.17082214 4.19375515 -1.99736726
v 23.16840744 4.19332552 -1.93079650
v 23.15717506 4.19301271 -1.86518359
v 23.04822922 4.14823198 -1.66423702
v 23.03039742 4.19301271 -1.63451982
v 23.07338524 4.19282055 -1.68531752
v 23.11764717 4.14823198 -1.77263677
v 23.13733292 4.19282055 -1.80166531
v 23.10923767 4.19275665 -1.74135935
v 23.10252953 4.50000000 -2.24531984
v 23.15388870 4.50000000 -2.13852262
v 23.08757782 4.50000000 -1.68604136
v 23.14456749 4.50000000 -1.78988504
v 23.17868042 4.50000000 -2.02265787
v 23.17551422 4.50000000 -1.90422964
v 22.69046974 5.00000000 -1.27164853
v 22.78614807 5.00000000 -1.27800560
v 22.87732315 5.00000000 -1.29680276
v 22.96467209 5.00000000 -1.32764912
v 23.28038025 5.00000000 -2.34817719
v 23.32653046 5.00000000 -2.26406741
v 23.35974884 5.00000000 -2.17708492
v 23.38074493 5.00000000 -2.08685303
v 23.30431747 5.00000000 -1.63511109
v 23.12505913 5.00000000 -1.42289567
v 23.04787445 5.00000000 -1.36996818
v 23.19429207 5.00000000 -1.48552132
v 23.25431633 5.00000000 -1.55669498
v 23.38983727 5.00000000 -1.99394405
v 23.38675499 5.00000000 -1.90039754
v 23.37121773 5.00000000 -1.80834043
v 23.34351540 5.00000000 -1.71944952
v 22.70255280 4.85512733 0.45207524
v 22.70255280 4.90300751 0.43125632
v 22.70255280 4.94386768 0.39875454
v 22.70255280 4.97492409 0.35678479
v 22.70255280 4.99405909 0.30820727
v 25.85283661 5.00000000 -6.13368988
v 25.87551308 5.00000000 -5.59989405
v 25.98807526 5.00000000 -5.07760811
v 23.80270195 4.85512733 0.45207524
v 23.80270195 4.90300751 0.43125632
v 23.80270195 4.94386768 0.39875454
v 23.80270195 4.97492409 0.35678479
v 23.80270195 4.99405909 0.30820727
v 24.90285110 4.85512733 0.45207524
v 24.90285110 4.90300751 0.43125632
v 24.90285110 4.94386768 0.39875454
v 24.90285110 4.97492409 0.35678479
v 24.90285110 4.99405909 0.30820727
v 16.50000000 13.50000000 -14.00000000
v 17.21943474 13.47644806 -14.00000000
v 17.93578720 13.40589333 -14.00000000
v 18.64599419 13.28863811 -14.00000000
v 19.34700966 13.12518406 -14.00000000
v 20.03583336 12.91623116 -14.00000000
v 20.70951843 12.66267490 -14.00000000
v 25.64616585 8.61127281 -21.00000000
v 25.22688675 9.19637585 -21.00000000
v 24.97770882 9.50000000 -23.50000000
v 25.00000000 9.47283745 -23.50000000
v 25.00000000 9.50000000 -23.50000000
v 24.97770882 9.50000000 -21.00000000
v 25.00000000 9.47283745 -21.00000000
v 25.00000000 9.50000000 -21.00000000
v 25.08363914 9.16544247 -14.00000000
v 24.77023697 9.75280380 -14.00000000
v 24.27817535 10.27817440 -14.00000000
v 24.97770882 9.50000000 -14.00000000
v 25.00000000 9.47283745 -14.00000000
v 25.00000000 9.50000000 -14.00000000
v 22.00000000 12.02627945 -14.00000000
v 23.19637489 11.22688675 -14.00000000
v 22.61127281 11.64616585 -14.00000000
v 21.36517525 12.36560059 -14.00000000
v 23.75280380 10.77023792 -14.00000000
v 25.00000000 9.50000000 -12.50000000
v 25.96164894 9.80000019 -6.65481472
v 25.89468956 9.80000019 -6.13191175
v 25.91706276 9.80000019 -5.60521412
v 27.42911720 3.70000005 -21.00000000
v 27.40589333 3.93578815 -21.00000000
v 27.28863716 4.64599371 -21.00000000
v 28.50000000 3.70000005 -21.00000000
v 28.50000000 3.70000005 -14.00000000
v 27.12518501 5.34700966 -21.00000000
v 26.91623116 6.03583431 -21.00000000
v 26.66267395 6.70951796 -21.00000000
v 26.36560059 7.36517572 -21.00000000
v 27.44649506 2.50000000 -6.38290501
v 27.58327103 2.50000000 -6.74355698
v 28.09109688 2.50000000 -7.31677437
v 27.80238342 2.50000000 -7.06099606
v 26.63538170 5.00000000 -8.08112526
v 27.02110672 5.00000000 -8.45081234
v 26.07714844 5.00000000 -7.17449760
v 26.31768227 5.00000000 -7.65156794
v 27.46376038 5.00000000 -8.74999428
v 27.95060921 5.00000000 -8.97006416
v 30.49551392 3.70000005 -12.30364037
v 30.48619461 3.70000005 -12.30628872
v 30.60552979 3.70000005 -12.30628872
v 28.43263245 2.50000000 -7.49602604
v 28.80714226 2.50000000 -7.58833408
v 29.19285774 2.50000000 -7.58833408
v 29.56736755 2.50000000 -7.49602604
v 29.90890312 2.50000000 -7.31677437
v 30.19761848 2.50000000 -7.06099606
v 30.41672897 2.50000000 -6.74355698
v 30.55350876 2.50000000 -6.38290501
v 29.00000000 4.99452734 -12.30628872
v 29.00000000 4.99756145 -12.29095840
v 29.00000000 4.99938917 -12.27543831
v 29.00000000 5.00000000 -12.25982285
v 29.73225403 4.97918701 -12.30628872
v 29.83065414 4.97320509 -12.30534458
v 30.09199142 4.94252253 -12.30628872
v 29.75453949 5.00000000 -12.21418190
v 29.82435226 4.99318504 -12.25752068
v 30.26041794 4.90341139 -12.30628872
v 30.39987183 4.80349016 -12.30628872
v 30.39745331 4.81487513 -12.30628872
v 30.36080933 4.85729742 -12.30628872
v 30.34091568 4.86973190 -12.30628872
v 30.39262772 4.82522058 -12.30628872
v 30.38601112 4.83462286 -12.30628872
v 30.37854195 4.84273624 -12.30628872
v 30.59358788 4.85176373 -12.25314236
v 30.58865356 4.90000010 -12.23378086
v 30.60552979 5.00000000 -12.30628872
v 30.58080482 4.94142151 -12.20298195
v 30.57057571 4.97320509 -12.16284370
v 30.49807358 5.00000000 -12.07792377
v 30.55866432 4.99318504 -12.11610031
v 28.46764755 5.00000000 -9.10468960
v 29.00000000 5.00000000 -9.15000057
v 29.53235245 5.00000000 -9.10468960
v 30.04939079 5.00000000 -8.97006416
v 30.53623962 5.00000000 -8.74999428
v 27.39999962 2.50000000 -6.00000000
v 27.44649506 2.50000000 -5.61709499
v 27.58327103 2.50000000 -5.25644302
v 27.80238342 2.50000000 -4.93900394
v 28.09109688 2.50000000 -4.68322563
v 26.18728447 5.00000000 -4.58185816
v 26.46740913 5.00000000 -4.12690544
v 26.82039261 5.00000000 -3.72583842
v 27.23608017 5.00000000 -3.39019442
v 27.70251083 5.00000000 -3.12963033
v 28.20627022 5.00000000 -2.95164108
v 26.00300217 4.85512733 0.45207524
v 26.00300217 4.90300751 0.43125632
v 26.00300217 4.94386768 0.39875454
v 26.00300217 4.97492409 0.35678479
v 26.00300217 4.99405909 0.30820727
v 27.10315323 4.85512733 0.45207524
v 27.10315323 4.90300751 0.43125632
v 27.10315323 4.94386768 0.39875454
v 27.10315323 4.97492409 0.35678479
v 27.10315323 4.99405909 0.30820727
v 28.20330429 4.85512733 0.45207524
v 28.20330429 4.90300751 0.43125632
v 28.20330429 4.94386768 0.39875454
v 28.20330429 4.97492409 0.35678479
v 28.20330429 4.99405909 0.30820727
v 28.43263245 2.50000000 -4.50397396
v 28.80714226 2.50000000 -4.41166592
v 29.19285774 2.50000000 -4.41166592
v 29.90890312 2.50000000 -4.68322563
v 30.59999847 2.50000000 -6.00000000
v 30.55350876 2.50000000 -5.61709499
v 30.41672897 2.50000000 -5.25644302
v 30.19761848 2.50000000 -4.93900394
v 29.56736755 2.50000000 -4.50397396
v 29.00000000 2.50000000 0.50000000
v 29.75149345 2.50000000 0.45641196
v 30.49291229 2.50000000 0.32623234
v 29.79372978 5.00000000 -2.95164108
v 30.29748917 5.00000000 -3.12963033
v 28.73286247 5.00000000 -2.86134768
v 29.26713943 5.00000000 -2.86134768
v 29.00000000 4.80349016 0.45979244
v 29.00000000 4.85456800 0.45223477
v 29.00000000 4.90200853 0.43185270
v 29.30216217 4.85176373 0.44592974
v 29.30122757 4.90000010 0.42597157
v 29.00000000 4.94265032 0.40000471
v 29.00000000 4.97378397 0.35881352
v 29.00000000 5.00000000 0.25982288
v 29.00000000 4.99333477 0.31102452
v 29.29973793 4.94142151 0.39422271
v 29.29780006 4.97320509 0.35284680
v 29.29554176 4.99318504 0.30466351
v 29.75359917 4.80349016 0.41568443
v 30.06242371 4.85176373 0.36494857
v 30.05913162 4.90000010 0.34524113
v 29.75453949 5.00000000 0.21418172
v 30.04708099 4.97320509 0.27303505
v 30.05390167 4.94142151 0.31389114
v 30.03913879 4.99318504 0.22545710
v 30.49690628 4.80349016 0.28396285
v 30.49807358 5.00000000 0.07792381
v 31.47768402 2.50000000 -12.00000000
v 30.86206055 3.70000005 -12.19878101
v 31.20627594 3.70000005 -12.09128952
v 31.45322227 3.19449997 -12.00000000
v 31.42596626 3.70000005 -12.00000000
v 31.98134422 2.50000000 -11.77594948
v 32.62913513 2.50000000 -11.39252853
v 31.12600517 4.80349016 -12.09992027
v 31.32198143 4.85176373 -12.02077389
v 31.31479263 4.90000010 -12.00213242
v 31.30335617 4.94142151 -11.97247696
v 31.28845215 4.97320509 -11.93383026
v 31.21976471 5.00000000 -11.85303593
v 31.27109528 4.99318504 -11.88882446
v 31.82310295 4.80349016 -11.81024933
v 31.90908432 5.00000000 -11.54279804
v 32.01778030 4.85176373 -11.70388603
v 32.00843430 4.90000010 -11.68622494
v 32.48165131 4.80349016 -11.44123268
v 31.99357224 4.94142151 -11.65813065
v 31.97420120 4.97320509 -11.62151814
v 31.95164490 4.99318504 -11.57888222
v 32.67035294 4.85176373 -11.30752563
v 32.65806580 4.90000010 -11.29172897
v 33.09265137 4.80349016 -10.99791145
v 32.63907623 4.94142151 -11.26622009
v 32.61461639 4.97320509 -11.23277187
v 32.55598450 5.00000000 -11.15173340
v 32.58629608 4.99318504 -11.19370937
v 30.97889137 5.00000000 -8.45081234
v 31.36461639 5.00000000 -8.08112526
v 31.68231773 5.00000000 -7.65156794
v 31.92285156 5.00000000 -7.17449760
v 32.07929993 5.00000000 -6.66363955
v 33.22825623 2.50000000 -10.93678570
v 33.77066803 2.50000000 -10.41483307
v 34.24909210 2.50000000 -9.83366871
v 34.65712357 2.50000000 -9.20108795
v 34.98927689 2.50000000 -8.52557564
v 35.24111176 2.50000000 -7.81619120
v 35.40923691 2.50000000 -7.08244848
v 35.49140549 2.50000000 -6.33418846
v 33.25988388 4.90000010 -10.82050228
v 33.27311707 4.85176373 -10.83547401
v 33.64776230 4.80349016 -10.48633671
v 33.23883820 4.94142151 -10.79668522
v 33.21140671 4.97320509 -10.76564693
v 33.15103149 5.00000000 -10.68554497
v 33.17946625 4.99318504 -10.72950172
v 33.70950317 4.99318504 -10.20198727
v 33.68554306 5.00000000 -10.15102959
v 33.81502914 4.85176373 -10.29613876
v 33.80012131 4.90000010 -10.28283691
v 34.13940430 4.80349016 -9.91349602
v 33.77640533 4.94142151 -10.26167679
v 33.74549484 4.97320509 -10.23409939
v 34.28935242 4.85176373 -9.69649601
v 34.27297211 4.90000010 -9.68505096
v 34.15173340 5.00000000 -9.55598450
v 34.21296692 4.97320509 -9.64311695
v 34.24692154 4.94142151 -9.66684437
v 34.17343140 4.99318504 -9.61548519
v 34.56085968 4.80349016 -9.28721237
v 34.67180634 4.90000010 -9.03553391
v 34.68942261 4.85176373 -9.04496288
v 34.56473541 4.99318504 -8.97823048
v 34.54280090 5.00000000 -8.90908432
v 34.64378357 4.94142151 -9.02053642
v 34.60726166 4.97320509 -9.00099182
v 34.87792206 4.99318504 -8.29916763
v 34.85303497 5.00000000 -8.21976376
v 34.90637589 4.80349016 -8.61603737
v 35.00962448 4.85176373 -8.35068417
v 34.99102020 4.90000010 -8.34340572
v 34.96141815 4.94142151 -8.33182716
v 34.92284393 4.97320509 -8.31673908
v 35.17123413 4.80349016 -7.90913773
v 35.24546814 4.85176373 -7.62340736
v 35.22613144 4.90000010 -7.61838055
v 35.35181427 4.80349016 -7.17616606
v 35.39363480 4.85176373 -6.87334156
v 35.37384033 4.90000010 -6.87063742
v 35.44565582 4.80349016 -6.42713308
v 35.15528107 4.97320509 -7.59996462
v 35.07792664 5.00000000 -7.49807358
v 35.10859680 4.99318504 -7.58782959
v 35.19536591 4.94142151 -7.61038494
v 35.34235001 4.94142151 -6.86633587
v 35.30130768 4.97320509 -6.86073017
v 35.25351715 4.99318504 -6.85420227
v 35.21417999 5.00000000 -6.75453854
v 31.21430588 2.50000000 0.11120713
v 31.90600204 2.50000000 -0.18577984
v 32.55872345 2.50000000 -0.56074548
v 30.76392174 5.00000000 -3.39019442
v 31.17960739 5.00000000 -3.72583842
v 31.53259087 5.00000000 -4.12690544
v 31.81271553 5.00000000 -4.58185816
v 32.14716339 5.00000000 -6.13368988
v 32.12448502 5.00000000 -5.59989405
v 32.01192474 5.00000000 -5.07760811
v 30.80776978 4.85176373 0.19461749
v 30.80217171 4.90000010 0.17543745
v 31.21977234 4.80349016 0.06642646
v 30.76815033 4.99318504 0.05885891
v 30.79326630 4.94142151 0.14492640
v 30.78166199 4.97320509 0.10516363
v 31.21976471 5.00000000 -0.14696392
v 31.52773666 4.85176373 -0.06267245
v 31.51991081 4.90000010 -0.08105587
v 31.91232491 4.80349016 -0.23395404
v 31.90908432 5.00000000 -0.45720214
v 31.47233963 4.99318504 -0.19279239
v 31.49123383 4.97320509 -0.14841090
v 31.50746155 4.94142151 -0.11029965
v 32.21222305 4.85176373 -0.40330946
v 32.20227432 4.90000010 -0.42063817
v 32.18645477 4.94142151 -0.44820422
v 32.16583633 4.97320509 -0.48412889
v 32.14182281 4.99318504 -0.52596414
v 32.56510544 4.80349016 -0.61307657
v 32.85161209 4.85176373 -0.82251179
v 32.83969116 4.90000010 -0.83854252
v 32.55598450 5.00000000 -0.84826678
v 32.79599380 4.97320509 -0.89727765
v 32.76720428 4.99318504 -0.93597937
v 32.82071686 4.94142151 -0.86404377
v 35.48651123 2.50000000 -5.58144617
v 35.39462280 2.50000000 -4.83431768
v 35.21697235 2.50000000 -4.10282278
v 34.95593643 2.50000000 -3.39677215
v 34.19880676 2.50000000 -2.09841347
v 33.71286774 2.50000000 -1.52351844
v 33.16371536 2.50000000 -1.00866067
v 34.61502838 2.50000000 -2.72563553
v 35.45205307 4.85176373 -6.11101627
v 35.43207550 4.90000010 -6.11067247
v 35.45147324 4.80349016 -5.67226696
v 35.40001678 4.90000010 -5.34915400
v 35.41989899 4.85176373 -5.34713221
v 35.36919022 4.80349016 -4.92187595
v 35.31065369 4.99318504 -6.10858345
v 35.25982285 5.00000000 -6.00000000
v 35.40029907 4.94142151 -6.11012554
v 35.35888290 4.97320509 -6.10941315
v 35.15960312 4.99318504 -4.62326097
v 35.32719040 4.97320509 -5.35655975
v 35.27920151 4.99318504 -5.36144018
v 35.21417999 5.00000000 -5.24546146
v 35.36840057 4.94142151 -5.35236931
v 35.20667648 4.97320509 -4.61273956
v 34.79080963 4.85176373 -3.15257049
v 34.77287674 4.90000010 -3.16138649
v 34.85303497 5.00000000 -3.78023624
v 34.54280090 5.00000000 -3.09091544
v 34.74435425 4.94142151 -3.17541146
v 34.70718765 4.97320509 -3.19368863
v 34.66389847 4.99318504 -3.21497321
v 35.08693695 4.85176373 -3.85745335
v 35.06808853 4.90000010 -3.86408710
v 35.19992447 4.80349016 -4.18620872
v 35.29761887 4.85176373 -4.59241295
v 35.27812195 4.90000010 -4.59677124
v 34.94599533 4.80349016 -3.47531056
v 35.07792664 5.00000000 -4.50192642
v 35.03811264 4.94142151 -3.87464023
v 34.99903870 4.97320509 -3.88839293
v 34.95354080 4.99318504 -3.90440845
v 35.24710083 4.94142151 -4.60370445
v 33.43693542 4.85176373 -1.31439459
v 33.42319870 4.90000010 -1.32890236
v 33.15103149 5.00000000 -1.31445527
v 33.40134430 4.94142151 -1.35198092
v 33.37286377 4.97320509 -1.38205755
v 33.33969879 4.99318504 -1.41708231
v 33.68554306 5.00000000 -1.84896958
v 34.19911194 4.80349016 -2.16618419
v 33.95997620 4.85176373 -1.87205315
v 33.94461823 4.90000010 -1.88483417
v 33.71635818 4.80349016 -1.58583379
v 34.29475021 4.99318504 -2.56463385
v 34.15173340 5.00000000 -2.44401526
v 33.85127640 4.99318504 -1.96251941
v 33.92018890 4.94142151 -1.90516603
v 33.88835144 4.97320509 -1.93166304
v 33.16920090 4.80349016 -1.06576383
v 34.41338730 4.85176373 -2.48765898
v 34.39662552 4.90000010 -2.49853396
v 34.61086655 4.80349016 -2.79888988
v 34.36996460 4.94142151 -2.51583362
v 34.33521652 4.97320509 -2.53837919
v 26.02627945 8.00000000 -21.00000000
v 28.50000000 9.50000000 -21.00000000
v 28.50000000 9.50000000 -14.00000000
v 26.66682816 9.80000019 -8.05345058
v 27.04742241 9.80000019 -8.41822147
v 26.35335159 9.80000019 -7.62960529
v 26.11601830 9.80000019 -7.15887928
v 27.10787010 9.80000019 -6.52534723
v 27.48418999 9.80000019 -8.71342468
v 27.96456337 9.80000019 -8.93056774
v 27.38368797 9.50001144 -6.38307333
v 27.51559830 9.50001144 -6.74549532
v 27.72753143 9.50001144 -7.06772709
v 27.50333786 9.80000019 -7.27127647
v 27.26504135 9.80000019 -6.91981697
v 28.00806808 9.50001144 -7.33239698
v 28.34207726 9.50001144 -7.52523804
v 27.81161499 9.80000019 -7.56329298
v 28.17546082 9.80000019 -7.78221130
v 28.47472763 9.80000019 -9.06340408
v 29.00000000 9.80000019 -9.10811138
v 29.52527237 9.80000019 -9.06340408
v 28.71155548 9.50001144 -7.63585281
v 28.57786179 9.80000019 -7.91779566
v 29.09658432 9.50001144 -7.65827751
v 29.47640610 9.50001144 -7.59130478
v 29.00000000 9.80000019 -7.96370602
v 29.42213821 9.80000019 -7.91779566
v 30.03543663 9.80000019 -8.93056774
v 30.51580811 9.80000019 -8.71342468
v 29.83054352 9.50001144 -7.43854475
v 30.13990784 9.50001144 -7.20823193
v 29.82453918 9.80000019 -7.78221130
v 30.38781929 9.50001144 -6.91278267
v 30.56091309 9.50001144 -6.56812572
v 30.18838501 9.80000019 -7.56329298
v 30.49666214 9.80000019 -7.27127647
v 30.73495865 9.80000019 -6.91981697
v 26.02812767 9.80000019 -5.08987427
v 27.03917313 9.80000019 -6.10631275
v 27.06216431 9.80000019 -5.68230724
v 27.17576218 9.80000019 -5.27315712
v 26.22468758 9.80000019 -4.60071659
v 26.50108719 9.80000019 -4.15181398
v 26.84937668 9.80000019 -3.75608015
v 27.33891296 9.50001144 -6.00000000
v 27.38368797 9.50001144 -5.61692667
v 27.51559830 9.50001144 -5.25450516
v 27.72753143 9.50001144 -4.93227291
v 27.37466049 9.80000019 -4.89799356
v 28.00806808 9.50001144 -4.66760254
v 27.64955902 9.80000019 -4.57435799
v 27.25953674 9.80000019 -3.42489982
v 27.71976471 9.80000019 -3.16780066
v 28.34207726 9.50001144 -4.47476196
v 27.98760414 9.80000019 -4.31738424
v 28.21682358 9.80000019 -2.99217844
v 28.71155548 9.50001144 -4.36414766
v 28.37298584 9.80000019 -4.13908768
v 28.78768730 9.80000019 -4.04780483
v 29.09658432 9.50001144 -4.34172201
v 29.47640610 9.50001144 -4.40869474
v 29.21231461 9.80000019 -4.04780483
v 30.13990784 9.50001144 -4.79176807
v 30.64985657 9.50001144 -6.19284058
v 30.64985657 9.50001144 -5.80715942
v 30.38781929 9.50001144 -5.08721733
v 30.56091309 9.50001144 -5.43187428
v 30.62533951 9.80000019 -4.89799356
v 29.83054352 9.50001144 -4.56145573
v 29.62701416 9.80000019 -4.13908768
v 30.01239586 9.80000019 -4.31738424
v 29.78317451 9.80000019 -2.99217844
v 30.35043907 9.80000019 -4.57435799
v 30.28023529 9.80000019 -3.16780066
v 30.74046326 9.80000019 -3.42489982
v 28.73641586 9.80000019 -2.90308595
v 29.26358795 9.80000019 -2.90308595
v 30.95257759 9.80000019 -8.41822147
v 31.33317184 9.80000019 -8.05345058
v 30.89212799 9.80000019 -6.52534723
v 31.64664841 9.80000019 -7.62960529
v 31.88398170 9.80000019 -7.15887928
v 32.03834915 9.80000019 -6.65481472
v 30.96082687 9.80000019 -6.10631275
v 30.93783569 9.80000019 -5.68230724
v 30.82423782 9.80000019 -5.27315712
v 31.15062332 9.80000019 -3.75608015
v 31.49891090 9.80000019 -4.15181398
v 31.77531242 9.80000019 -4.60071659
v 32.10530853 9.80000019 -6.13191175
v 32.08293533 9.80000019 -5.60521412
v 31.97187233 9.80000019 -5.08987427
f 1 140 2
f 2 141 3
f 3 142 4
f 4 143 5
f 5 144 6
f 6 145 7
f 7 146 8
f 8 946 898
f 1 139 140
f 2 140 141
f 3 141 142
f 4 142 143
f 6 144 145
f 5 143 144
f 7 145 146
f 8 146 946
f 10 467 13
f 9 12 463
f 11 466 12
f 11 13 465
f 11 12 34
f 9 14 26
f 15 16 25
f 14 15 24
f 9 27 12
f 15 474 16
f 9 480 14
f 14 481 15
f 16 475 17
f 1 17 139
f 19 28 20
f 20 29 21
f 21 30 22
f 22 31 23
f 23 1853 1837
f 10 18 464
f 18 19 482
f 19 20 483
f 20 21 484
f 21 22 485
f 22 23 486
f 23 1837 487
f 10 35 18
f 10 13 32
f 11 33 13
f 18 36 19
f 13 33 32
f 10 32 35
f 18 35 36
f 19 36 28
f 20 28 29
f 21 29 30
f 22 30 31
f 23 31 1853
f 10 464 467
f 11 465 466
f 12 466 463
f 13 467 465
f 15 470 469
f 15 473 470
f 15 469 474
f 15 481 473
f 14 480 481
f 9 463 480
f 16 474 475
f 17 475 139
f 19 483 482
f 18 482 464
f 20 484 483
f 21 485 484
f 22 486 485
f 23 487 486
f 487 1837 2042
f 1 41 17
f 1 2 37
f 2 3 38
f 3 4 39
f 16 17 40
f 15 25 24
f 17 41 40
f 16 40 25
f 1 37 41
f 2 38 37
f 4 5 43
f 5 6 44
f 6 7 42
f 7 8 45
f 8 898 46
f 3 39 38
f 4 43 39
f 5 44 43
f 6 42 44
f 7 45 42
f 8 46 45
f 898 907 46
f 9 26 27
f 12 27 34
f 14 24 26
f 11 34 33
f 47 472 471
f 47 474 472
f 47 139 475
f 47 475 474
f 47 140 139
f 47 48 148
f 47 471 48
f 48 471 473
f 48 473 476
f 48 476 478
f 49 54 50
f 49 52 55
f 52 53 68
f 51 67 53
f 53 67 68
f 52 68 55
f 49 55 54
f 54 55 69
f 49 50 291
f 51 292 64
f 52 294 53
f 51 53 295
f 49 290 52
f 50 59 56
f 56 59 57
f 57 60 58
f 58 100 61
f 50 54 59
f 57 59 60
f 58 60 100
f 61 100 101
f 54 102 59
f 59 102 103
f 59 103 60
f 61 101 62
f 62 101 63
f 50 56 352
f 56 57 353
f 57 58 354
f 58 61 355
f 61 62 356
f 62 63 357
f 51 64 67
f 64 65 71
f 65 66 72
f 65 72 71
f 64 71 67
f 67 73 68
f 67 71 73
f 55 68 70
f 54 69 102
f 55 70 69
f 68 73 70
f 71 74 73
f 71 72 74
f 72 78 74
f 66 75 77
f 66 77 72
f 75 76 77
f 76 80 77
f 76 82 80
f 80 82 85
f 72 77 78
f 77 79 78
f 77 80 79
f 79 80 81
f 80 85 81
f 81 85 87
f 64 293 65
f 65 383 66
f 66 384 75
f 75 385 76
f 76 386 82
f 82 83 85
f 83 86 85
f 83 84 86
f 84 94 89
f 85 86 87
f 86 88 87
f 86 89 88
f 88 89 91
f 84 89 86
f 89 90 91
f 90 92 91
f 90 95 92
f 92 95 93
f 93 95 96
f 89 94 97
f 89 97 90
f 90 97 98
f 90 98 95
f 95 99 96
f 95 98 99
f 96 99 489
f 82 410 83
f 83 411 84
f 84 412 94
f 94 413 97
f 97 414 98
f 98 415 99
f 60 103 104
f 60 104 100
f 100 104 105
f 100 105 101
f 101 105 106
f 101 106 107
f 63 101 107
f 63 107 108
f 107 109 108
f 109 112 110
f 108 109 110
f 110 112 114
f 106 111 107
f 107 111 109
f 109 111 115
f 109 115 112
f 112 113 114
f 113 120 114
f 112 115 116
f 112 116 113
f 113 117 118
f 113 118 120
f 113 116 119
f 113 119 117
f 117 119 131
f 63 108 416
f 108 110 417
f 110 114 432
f 118 434 120
f 114 120 433
f 121 127 129
f 93 96 124
f 124 133 125
f 123 127 126
f 122 129 127
f 122 127 123
f 125 134 126
f 123 126 134
f 117 128 130
f 128 129 132
f 117 130 118
f 128 132 130
f 117 131 128
f 121 128 131
f 121 129 128
f 122 137 129
f 129 137 132
f 96 489 133
f 133 491 134
f 122 123 138
f 123 134 135
f 96 133 124
f 125 133 134
f 133 490 491
f 133 489 490
f 134 491 135
f 123 135 138
f 122 136 137
f 122 138 136
f 118 130 447
f 130 132 448
f 135 491 578
f 135 449 138
f 136 450 137
f 132 137 451
f 136 138 452
f 147 256 1066
f 47 142 141
f 47 143 142
f 47 141 140
f 47 144 143
f 47 145 144
f 48 149 148
f 48 478 150
f 48 150 149
f 47 148 1311
f 47 1311 145
f 147 148 149
f 147 379 256
f 147 149 379
f 147 950 148
f 149 150 379
f 49 291 290
f 51 295 292
f 64 292 293
f 52 290 294
f 53 294 295
f 50 352 291
f 56 353 352
f 57 354 353
f 58 355 354
f 61 356 355
f 62 357 356
f 63 416 357
f 151 206 152
f 152 215 157
f 152 157 161
f 153 154 232
f 151 153 205
f 157 215 214
f 155 214 216
f 155 157 214
f 155 216 156
f 155 156 188
f 155 187 157
f 161 187 189
f 160 161 162
f 160 162 179
f 158 160 179
f 161 189 162
f 159 182 162
f 159 162 189
f 163 180 164
f 163 164 167
f 158 163 167
f 164 180 166
f 164 166 167
f 165 173 265
f 165 166 183
f 165 265 167
f 165 167 166
f 170 177 172
f 168 170 172
f 168 182 170
f 159 170 182
f 159 169 170
f 169 177 170
f 169 171 177
f 176 272 268
f 168 172 173
f 174 177 176
f 172 177 174
f 172 270 173
f 172 174 270
f 174 176 268
f 175 272 178
f 176 178 272
f 171 176 177
f 171 178 176
f 179 181 180
f 162 182 181
f 162 181 179
f 180 181 183
f 168 183 181
f 163 179 180
f 168 181 182
f 158 179 163
f 168 173 183
f 166 180 183
f 165 183 173
f 153 158 154
f 157 187 161
f 151 152 160
f 151 158 153
f 152 161 160
f 151 160 158
f 154 158 167
f 156 190 188
f 198 286 284
f 159 189 184
f 184 189 185
f 184 186 192
f 185 190 186
f 184 185 186
f 190 195 196
f 186 190 196
f 185 187 188
f 185 189 187
f 185 188 190
f 169 192 171
f 159 184 169
f 169 184 192
f 192 196 193
f 171 193 178
f 178 193 191
f 171 192 193
f 191 193 195
f 191 195 194
f 193 196 195
f 186 196 192
f 190 194 195
f 175 178 191
f 175 191 197
f 191 194 197
f 175 197 273
f 197 198 282
f 194 198 197
f 194 286 198
f 198 284 282
f 190 286 194
f 155 188 187
f 156 216 963
f 190 960 286
f 156 958 190
f 200 201 208
f 201 202 209
f 202 203 217
f 203 204 212
f 206 209 217
f 206 217 215
f 207 233 211
f 205 209 206
f 205 208 209
f 207 208 233
f 211 233 232
f 205 233 208
f 202 217 209
f 201 209 208
f 200 208 207
f 207 211 210
f 199 207 210
f 199 200 207
f 212 215 217
f 212 213 214
f 212 214 215
f 213 216 214
f 203 212 217
f 204 213 212
f 219 229 227
f 218 222 219
f 199 221 220
f 200 219 201
f 201 227 202
f 200 218 219
f 201 219 227
f 199 220 218
f 199 210 221
f 199 218 200
f 220 221 224
f 220 224 223
f 218 220 225
f 218 225 222
f 219 222 229
f 220 223 225
f 222 225 297
f 222 304 229
f 223 224 299
f 223 296 225
f 202 227 226
f 203 226 228
f 226 227 230
f 226 231 228
f 202 226 203
f 203 228 204
f 227 229 230
f 226 230 231
f 229 305 230
f 230 306 231
f 204 961 213
f 213 962 216
f 204 228 964
f 228 231 965
f 151 205 206
f 152 206 215
f 153 232 233
f 153 233 205
f 211 232 293
f 210 211 292
f 210 294 221
f 221 290 224
f 224 291 299
f 156 963 958
f 190 958 960
f 286 960 959
f 204 964 961
f 216 962 963
f 213 961 962
f 228 965 964
f 231 1101 965
f 239 251 252
f 239 246 251
f 239 253 240
f 239 248 246
f 235 248 239
f 235 287 248
f 234 264 235
f 234 237 262
f 236 258 237
f 237 258 238
f 237 238 279
f 235 239 240
f 234 240 236
f 234 235 240
f 234 236 237
f 241 242 243
f 241 251 246
f 241 244 242
f 241 246 249
f 242 244 245
f 241 249 244
f 242 245 247
f 242 247 243
f 246 248 249
f 244 249 250
f 248 288 249
f 249 289 250
f 244 250 245
f 236 255 258
f 255 257 258
f 239 252 253
f 240 253 254
f 236 254 255
f 236 240 254
f 255 256 257
f 261 274 273
f 259 261 273
f 260 274 261
f 259 263 261
f 276 279 277
f 277 280 278
f 235 264 287
f 261 263 262
f 260 261 262
f 260 281 276
f 259 264 263
f 260 262 281
f 276 281 279
f 265 270 267
f 167 267 266
f 266 275 277
f 266 267 271
f 167 266 278
f 167 265 267
f 268 272 269
f 268 269 275
f 268 275 271
f 269 272 274
f 174 268 271
f 174 271 270
f 173 270 265
f 267 270 271
f 175 274 272
f 175 273 274
f 269 276 275
f 266 271 275
f 260 269 274
f 275 276 277
f 260 276 269
f 266 277 278
f 237 279 281
f 238 280 279
f 277 279 280
f 234 262 263
f 237 281 262
f 234 263 264
f 282 284 283
f 259 273 282
f 259 282 283
f 283 284 285
f 284 286 285
f 283 285 287
f 259 283 264
f 285 286 289
f 264 283 287
f 285 288 287
f 285 289 288
f 248 287 288
f 249 288 289
f 197 282 273
f 154 167 385
f 241 1034 251
f 241 243 1034
f 250 289 1038
f 243 247 1034
f 245 1036 247
f 245 250 1037
f 251 1034 252
f 286 959 289
f 257 379 258
f 238 258 380
f 256 379 257
f 238 381 280
f 167 278 385
f 154 384 232
f 210 292 295
f 211 293 292
f 221 294 290
f 210 295 294
f 224 290 291
f 232 383 293
f 232 384 383
f 154 385 384
f 250 1038 1037
f 245 1035 1036
f 247 1036 1034
f 245 1037 1035
f 252 1062 253
f 253 1063 254
f 254 1064 255
f 255 1066 256
f 289 959 1038
f 252 1034 1062
f 225 296 297
f 222 297 304
f 223 299 298
f 223 298 296
f 296 303 297
f 297 307 304
f 298 299 301
f 296 298 302
f 297 303 307
f 298 301 300
f 296 302 303
f 298 300 302
f 302 310 303
f 303 316 307
f 300 313 302
f 302 313 310
f 303 310 316
f 300 301 312
f 300 312 311
f 300 311 313
f 229 304 305
f 230 305 306
f 304 308 305
f 305 309 306
f 304 307 308
f 305 308 309
f 308 318 309
f 307 317 308
f 307 316 317
f 308 317 318
f 311 314 313
f 311 312 323
f 310 319 316
f 310 313 315
f 310 315 319
f 311 323 322
f 313 314 315
f 311 322 314
f 316 320 317
f 316 319 320
f 317 320 321
f 317 321 318
f 320 330 321
f 314 324 315
f 315 325 319
f 314 322 326
f 322 323 327
f 319 325 328
f 322 327 326
f 315 324 325
f 314 326 324
f 319 328 320
f 320 328 329
f 320 329 330
f 231 306 1101
f 306 309 1102
f 309 318 1103
f 318 321 1104
f 321 330 1105
f 299 352 301
f 301 354 312
f 291 352 299
f 301 352 353
f 312 355 323
f 323 357 327
f 325 332 328
f 324 333 325
f 324 326 331
f 326 327 331
f 328 332 338
f 324 331 333
f 325 333 332
f 328 338 329
f 329 339 330
f 329 338 339
f 330 339 340
f 330 340 1106
f 327 334 331
f 331 334 335
f 332 333 336
f 332 341 338
f 331 337 333
f 332 336 341
f 333 337 336
f 331 335 337
f 334 344 335
f 338 342 339
f 339 342 340
f 338 341 342
f 340 342 343
f 335 344 345
f 335 347 337
f 336 337 348
f 336 349 341
f 336 348 349
f 344 346 345
f 335 345 347
f 337 347 348
f 341 350 342
f 342 350 343
f 341 349 350
f 343 350 351
f 340 343 1107
f 343 351 1108
f 306 1102 1101
f 309 1103 1102
f 318 1104 1103
f 321 1105 1104
f 330 1106 1105
f 340 1107 1106
f 343 1108 1107
f 351 1109 1108
f 301 353 354
f 312 354 355
f 323 355 356
f 327 416 334
f 323 356 357
f 327 357 416
f 334 417 344
f 344 432 346
f 345 346 358
f 347 361 348
f 348 362 349
f 345 360 347
f 347 360 361
f 348 361 362
f 346 359 358
f 345 358 360
f 349 363 350
f 350 363 351
f 349 362 363
f 351 363 364
f 361 368 362
f 360 366 361
f 358 367 360
f 358 359 365
f 361 366 368
f 359 371 365
f 360 367 366
f 358 365 367
f 362 369 363
f 363 369 364
f 362 368 369
f 364 369 370
f 351 364 1109
f 364 370 1166
f 334 416 417
f 346 433 359
f 344 417 432
f 366 377 368
f 365 371 374
f 365 375 367
f 366 367 376
f 367 375 376
f 365 374 375
f 366 376 377
f 371 373 374
f 368 372 369
f 369 372 370
f 368 377 372
f 370 372 378
f 374 421 375
f 375 418 376
f 376 422 377
f 373 419 374
f 373 420 419
f 374 419 421
f 375 421 418
f 376 418 422
f 372 377 423
f 372 423 378
f 377 422 423
f 378 423 424
f 370 378 1167
f 378 424 1168
f 364 1166 1109
f 370 1167 1166
f 378 1168 1167
f 69 70 1198
f 69 1197 102
f 70 73 1199
f 73 74 1200
f 74 78 1201
f 78 79 1202
f 79 81 1203
f 81 87 1204
f 65 293 383
f 66 383 384
f 75 384 385
f 76 385 386
f 82 386 410
f 87 88 1214
f 88 91 1215
f 91 92 1216
f 92 93 1217
f 83 410 411
f 84 411 412
f 94 412 413
f 97 413 414
f 98 414 415
f 99 415 534
f 102 1248 103
f 103 1249 104
f 104 1250 105
f 105 1251 106
f 106 1252 111
f 111 1253 115
f 115 1254 116
f 116 1255 119
f 119 1256 131
f 108 417 416
f 110 432 417
f 114 433 432
f 120 434 433
f 121 1291 127
f 93 124 1292
f 124 125 1292
f 125 126 1293
f 126 127 1294
f 121 131 1290
f 118 447 434
f 130 448 447
f 132 451 448
f 135 578 449
f 137 450 451
f 136 452 450
f 138 449 452
f 258 379 380
f 238 380 381
f 280 381 396
f 278 280 494
f 379 381 380
f 379 382 381
f 280 396 397
f 381 382 387
f 278 495 385
f 69 1198 1197
f 70 1199 1198
f 73 1200 1199
f 74 1201 1200
f 78 1202 1201
f 79 1203 1202
f 81 1204 1203
f 381 387 396
f 280 397 494
f 278 494 495
f 385 495 386
f 388 389 398
f 389 390 393
f 390 391 393
f 391 392 393
f 392 394 393
f 393 394 395
f 150 493 379
f 379 783 382
f 386 495 511
f 389 401 398
f 395 400 399
f 389 393 401
f 393 395 402
f 393 402 401
f 395 399 403
f 395 403 402
f 399 404 403
f 399 400 405
f 399 406 404
f 399 405 406
f 398 401 407
f 401 408 407
f 401 402 408
f 402 403 496
f 403 404 497
f 404 406 498
f 400 409 405
f 405 500 406
f 402 496 408
f 403 497 496
f 404 498 497
f 405 409 499
f 406 500 498
f 405 499 500
f 87 1214 1204
f 88 1215 1214
f 91 1216 1215
f 92 1217 1216
f 386 512 410
f 410 512 411
f 411 536 412
f 102 1197 1248
f 103 1248 1249
f 104 1249 1250
f 105 1250 1251
f 106 1251 1252
f 111 1252 1253
f 115 1253 1254
f 116 1254 1255
f 119 1255 1256
f 346 432 433
f 373 435 420
f 419 420 426
f 419 428 421
f 418 421 425
f 418 429 422
f 422 430 423
f 423 430 424
f 420 427 426
f 419 426 428
f 421 428 425
f 418 425 429
f 420 435 427
f 426 427 436
f 426 438 428
f 425 428 439
f 425 442 429
f 422 429 430
f 424 430 431
f 429 443 430
f 430 443 431
f 424 431 1257
f 359 433 592
f 359 593 371
f 371 594 373
f 427 435 436
f 426 436 438
f 428 438 439
f 425 439 442
f 435 437 436
f 436 440 438
f 438 441 439
f 439 444 442
f 436 437 440
f 438 440 441
f 439 441 444
f 429 442 443
f 431 443 446
f 442 445 443
f 442 444 445
f 443 445 446
f 435 453 437
f 437 454 440
f 440 455 441
f 441 456 444
f 444 457 445
f 445 457 446
f 431 446 1258
f 424 1257 1168
f 431 1258 1257
f 446 1259 1258
f 121 1290 1291
f 93 1292 1217
f 125 1293 1292
f 127 1291 1294
f 126 1294 1293
f 131 1256 1290
f 373 594 435
f 437 453 454
f 440 454 455
f 441 455 456
f 435 458 453
f 444 456 457
f 446 457 462
f 453 458 454
f 454 459 455
f 455 460 456
f 456 461 457
f 433 434 590
f 434 447 584
f 359 592 593
f 447 448 586
f 435 579 458
f 454 458 459
f 455 459 460
f 456 460 461
f 457 461 462
f 446 462 583
f 371 593 594
f 435 597 579
f 458 579 459
f 459 580 460
f 460 581 461
f 459 579 580
f 460 580 581
f 461 581 582
f 461 582 462
f 446 583 601
f 462 582 583
f 465 479 466
f 465 467 479
f 464 479 467
f 464 482 479
f 479 482 483
f 479 483 484
f 468 469 470
f 468 472 469
f 468 470 471
f 468 471 472
f 470 473 471
f 469 472 474
f 473 481 479
f 473 479 476
f 476 477 478
f 476 479 488
f 463 479 480
f 463 466 479
f 479 481 480
f 479 486 487
f 479 487 2042
f 479 2042 2043
f 479 484 485
f 479 485 486
f 479 2043 2044
f 479 2044 2045
f 479 2045 2046
f 479 2046 2047
f 479 2047 2048
f 479 2064 488
f 99 534 489
f 489 535 490
f 490 577 491
f 477 492 478
f 476 493 477
f 150 478 492
f 477 493 492
f 150 492 493
f 476 488 493
f 489 534 535
f 488 760 758
f 488 758 759
f 488 759 781
f 488 782 493
f 488 781 782
f 490 535 577
f 491 577 578
f 382 784 387
f 379 493 783
f 387 786 396
f 386 511 512
f 407 408 504
f 408 505 504
f 408 496 505
f 497 498 508
f 498 500 509
f 496 497 507
f 409 501 499
f 496 507 505
f 497 508 507
f 498 509 508
f 499 502 500
f 499 501 503
f 500 502 509
f 499 503 502
f 388 772 389
f 388 398 772
f 389 778 390
f 390 778 391
f 391 778 392
f 392 778 394
f 394 779 395
f 395 779 400
f 501 517 503
f 504 505 506
f 505 510 506
f 505 507 510
f 507 508 514
f 508 509 515
f 502 516 509
f 507 514 510
f 508 515 514
f 509 516 515
f 502 503 519
f 503 517 518
f 502 519 516
f 503 518 519
f 396 786 397
f 397 786 494
f 494 786 495
f 398 407 772
f 400 779 409
f 407 504 773
f 409 780 501
f 506 510 513
f 510 520 513
f 510 514 520
f 514 515 523
f 515 516 524
f 517 522 518
f 514 523 520
f 516 519 525
f 516 525 524
f 518 526 519
f 518 522 527
f 519 526 525
f 518 527 526
f 515 524 523
f 513 520 521
f 520 528 521
f 520 523 528
f 523 524 529
f 524 525 530
f 525 526 531
f 522 532 527
f 526 527 533
f 523 529 528
f 524 530 529
f 525 531 530
f 527 532 537
f 526 533 531
f 527 537 533
f 412 538 413
f 413 539 414
f 411 512 536
f 414 539 415
f 415 540 534
f 534 541 535
f 412 536 538
f 413 538 539
f 415 539 540
f 534 540 541
f 521 528 542
f 528 529 544
f 382 783 784
f 387 784 786
f 495 786 511
f 511 786 512
f 504 506 773
f 501 780 517
f 389 774 778
f 389 772 774
f 394 778 779
f 506 513 775
f 517 780 522
f 532 548 537
f 513 521 776
f 522 780 532
f 493 782 785
f 493 785 783
f 512 814 536
f 407 773 772
f 409 779 780
f 506 775 773
f 513 776 775
f 521 542 791
f 532 805 548
f 521 777 776
f 548 821 555
f 528 544 542
f 542 544 543
f 543 544 551
f 529 530 545
f 530 531 546
f 531 533 547
f 529 545 544
f 530 546 545
f 531 547 546
f 533 537 549
f 537 548 550
f 537 550 549
f 533 549 547
f 544 545 551
f 545 546 552
f 546 547 553
f 547 549 554
f 548 555 550
f 549 550 556
f 545 552 551
f 546 553 552
f 547 554 553
f 543 551 559
f 551 562 559
f 551 552 562
f 552 553 563
f 552 563 562
f 554 556 565
f 553 554 564
f 550 555 557
f 549 556 554
f 550 557 556
f 556 557 567
f 555 558 557
f 557 558 568
f 557 568 567
f 559 562 560
f 560 562 566
f 560 566 561
f 561 566 572
f 553 564 563
f 554 565 564
f 556 567 565
f 562 563 566
f 563 569 566
f 563 564 569
f 564 565 570
f 565 567 571
f 564 570 569
f 565 571 570
f 558 574 568
f 567 568 573
f 567 573 571
f 568 574 575
f 568 575 573
f 566 569 572
f 569 570 648
f 570 571 649
f 571 573 650
f 569 648 572
f 570 649 648
f 571 650 649
f 573 575 677
f 573 677 650
f 536 816 538
f 538 836 539
f 542 543 828
f 555 827 558
f 574 576 575
f 575 576 678
f 575 678 677
f 535 641 577
f 577 641 578
f 449 578 642
f 448 451 643
f 450 644 451
f 450 452 644
f 449 645 452
f 535 541 641
f 449 642 645
f 578 641 642
f 451 644 643
f 452 645 644
f 433 590 591
f 433 591 592
f 434 588 589
f 434 584 585
f 434 585 588
f 434 589 590
f 447 587 584
f 447 586 587
f 448 643 586
f 435 594 595
f 435 595 596
f 435 596 683
f 435 687 597
f 446 601 691
f 435 683 684
f 435 684 685
f 435 685 686
f 579 597 580
f 580 598 581
f 581 599 582
f 435 748 687
f 580 597 598
f 581 598 599
f 582 599 600
f 582 600 583
f 583 600 601
f 446 691 752
f 584 686 585
f 584 587 686
f 586 686 587
f 585 686 588
f 588 686 589
f 589 686 590
f 590 686 591
f 591 686 592
f 592 686 593
f 593 686 594
f 435 853 748
f 597 687 598
f 598 688 599
f 599 689 600
f 598 687 688
f 599 688 689
f 600 689 690
f 600 690 601
f 446 752 857
f 601 690 691
f 602 603 609
f 602 611 604
f 602 609 610
f 602 610 611
f 603 608 609
f 604 623 605
f 605 625 606
f 606 628 607
f 607 631 693
f 605 623 624
f 604 611 623
f 605 624 625
f 606 625 627
f 606 627 628
f 607 628 630
f 607 630 631
f 608 612 609
f 609 612 610
f 610 613 611
f 611 613 623
f 610 612 613
f 608 614 612
f 612 617 613
f 613 617 615
f 615 619 616
f 612 614 617
f 614 618 617
f 617 618 619
f 618 620 619
f 619 620 621
f 615 617 619
f 616 619 621
f 616 621 622
f 623 626 624
f 624 626 625
f 625 629 627
f 613 626 623
f 625 626 629
f 627 629 628
f 628 629 632
f 628 632 630
f 630 632 631
f 631 632 713
f 613 615 626
f 615 633 626
f 626 633 629
f 629 633 636
f 615 616 633
f 616 634 633
f 633 634 636
f 634 635 636
f 616 622 634
f 634 639 635
f 629 636 632
f 632 636 637
f 632 637 713
f 635 637 636
f 635 638 637
f 635 640 638
f 637 638 710
f 622 639 634
f 622 703 639
f 639 703 724
f 635 639 640
f 639 724 640
f 640 724 725
f 638 640 729
f 561 572 646
f 572 651 646
f 646 651 657
f 646 657 647
f 647 657 666
f 572 648 651
f 648 649 652
f 649 650 653
f 650 677 654
f 648 652 651
f 649 653 652
f 650 654 653
f 651 652 657
f 652 655 657
f 652 653 655
f 653 654 656
f 654 680 658
f 655 666 657
f 653 656 655
f 654 658 656
f 659 680 681
f 658 680 659
f 659 681 660
f 660 682 670
f 665 707 692
f 665 673 707
f 661 697 707
f 661 662 697
f 661 707 673
f 662 663 698
f 663 675 699
f 675 676 700
f 664 673 665
f 664 666 673
f 647 666 664
f 661 667 668
f 666 667 673
f 662 668 669
f 655 667 666
f 655 656 667
f 656 658 668
f 658 659 669
f 656 668 667
f 658 669 668
f 659 671 669
f 660 672 671
f 659 660 671
f 660 670 672
f 670 674 672
f 661 673 667
f 661 668 662
f 662 669 663
f 663 669 671
f 663 671 675
f 671 672 675
f 672 674 676
f 672 676 675
f 674 709 676
f 576 679 678
f 677 678 680
f 654 677 680
f 678 681 680
f 678 679 681
f 679 682 681
f 660 681 682
f 586 643 686
f 594 686 595
f 595 686 596
f 596 686 683
f 683 686 684
f 684 686 685
f 435 858 853
f 687 748 688
f 688 749 689
f 689 750 690
f 446 857 862
f 690 751 691
f 435 868 858
f 688 748 749
f 689 749 750
f 690 750 751
f 691 751 752
f 446 862 872
f 603 692 608
f 603 696 692
f 608 692 707
f 602 696 603
f 602 604 696
f 604 605 696
f 605 606 696
f 606 607 696
f 607 693 696
f 693 714 694
f 693 694 696
f 694 695 696
f 694 717 695
f 695 719 696
f 631 712 693
f 693 712 714
f 694 714 717
f 695 717 718
f 695 718 719
f 696 719 741
f 608 697 698
f 618 698 699
f 608 707 697
f 608 698 614
f 614 698 618
f 618 699 620
f 620 699 700
f 702 708 709
f 620 700 701
f 701 708 702
f 620 701 621
f 621 701 704
f 701 702 704
f 621 704 622
f 622 704 703
f 702 706 704
f 703 704 705
f 704 706 705
f 703 705 726
f 700 708 701
f 702 709 706
f 662 698 697
f 663 699 698
f 675 700 699
f 676 708 700
f 676 709 708
f 706 709 746
f 637 710 713
f 638 711 710
f 638 729 711
f 711 731 721
f 631 713 712
f 712 713 714
f 714 715 717
f 713 715 714
f 710 715 713
f 710 716 715
f 710 711 716
f 711 721 716
f 717 720 718
f 715 720 717
f 718 720 719
f 719 720 742
f 715 716 720
f 716 722 720
f 716 721 722
f 721 723 722
f 721 739 723
f 720 722 742
f 722 723 743
f 723 740 744
f 703 726 724
f 724 727 725
f 725 728 730
f 724 726 727
f 725 727 728
f 640 725 729
f 725 730 729
f 729 730 731
f 711 729 731
f 730 733 732
f 730 732 731
f 721 731 739
f 731 732 739
f 728 733 730
f 732 733 735
f 705 706 746
f 705 746 726
f 726 746 727
f 732 735 734
f 732 734 739
f 734 740 739
f 727 746 728
f 728 746 733
f 733 746 735
f 734 735 736
f 734 737 740
f 734 738 737
f 735 746 736
f 734 736 738
f 736 746 738
f 723 739 740
f 719 742 741
f 722 743 742
f 723 744 743
f 737 746 745
f 737 738 746
f 740 747 744
f 737 745 747
f 737 747 740
f 741 742 753
f 742 743 754
f 743 744 755
f 744 747 757
f 745 756 747
f 742 754 753
f 744 757 755
f 743 755 754
f 747 756 757
f 435 878 868
f 748 853 749
f 749 854 750
f 750 855 751
f 751 856 752
f 446 872 882
f 749 853 854
f 750 854 855
f 751 855 856
f 752 856 857
f 741 753 863
f 753 754 864
f 754 755 865
f 755 757 867
f 756 866 757
f 741 863 873
f 753 864 863
f 755 867 865
f 754 865 864
f 757 866 867
f 488 766 767
f 488 769 766
f 488 770 769
f 488 762 770
f 488 768 761
f 488 761 760
f 488 767 768
f 488 765 764
f 488 763 762
f 488 764 763
f 488 2074 765
f 488 2075 2074
f 488 2076 2075
f 488 2077 2076
f 512 786 814
f 536 814 815
f 536 815 816
f 521 789 777
f 521 791 789
f 532 780 788
f 532 788 805
f 542 817 791
f 542 828 817
f 548 805 821
f 538 816 836
f 539 836 837
f 799 788 801
f 791 804 789
f 804 790 789
f 804 792 790
f 804 793 792
f 804 795 793
f 799 800 802
f 799 801 800
f 799 802 803
f 799 805 788
f 543 838 828
f 555 821 827
f 558 827 835
f 791 820 804
f 799 803 808
f 799 808 805
f 807 803 798
f 804 818 795
f 819 797 794
f 819 794 795
f 806 798 796
f 806 796 797
f 806 807 798
f 804 820 818
f 818 819 795
f 806 797 819
f 807 808 803
f 805 808 821
f 539 837 540
f 543 559 838
f 559 560 845
f 558 835 574
f 560 561 2089
f 574 847 576
f 559 845 838
f 574 835 847
f 791 817 820
f 817 828 829
f 817 829 820
f 818 820 822
f 818 823 819
f 806 819 824
f 807 826 808
f 806 825 807
f 808 826 821
f 818 822 823
f 819 823 824
f 806 824 825
f 820 829 822
f 807 825 826
f 821 826 827
f 828 838 839
f 828 839 829
f 823 832 824
f 822 829 830
f 822 831 823
f 825 834 826
f 824 833 825
f 826 834 827
f 822 830 831
f 824 832 833
f 823 831 832
f 829 839 830
f 825 833 834
f 827 834 835
f 836 2088 837
f 815 814 2116
f 815 2116 816
f 838 846 839
f 838 845 846
f 830 841 831
f 831 842 832
f 830 839 840
f 839 846 840
f 830 840 841
f 833 843 834
f 832 844 833
f 834 843 835
f 832 842 844
f 831 841 842
f 833 844 843
f 835 843 847
f 845 2090 846
f 845 2089 2090
f 841 850 842
f 840 846 848
f 840 849 841
f 842 851 844
f 843 844 852
f 843 852 847
f 846 2090 848
f 840 848 849
f 841 849 850
f 842 850 851
f 844 851 852
f 847 852 2096
f 540 837 2088
f 540 2294 541
f 560 2089 845
f 576 847 2096
f 540 2088 2294
f 561 2301 2089
f 576 2096 2317
f 435 686 2387
f 435 888 878
f 853 858 854
f 854 859 855
f 855 860 856
f 446 882 892
f 856 861 857
f 854 858 859
f 855 859 860
f 856 860 861
f 857 861 862
f 446 892 2145
f 741 873 883
f 863 864 874
f 864 865 875
f 865 867 877
f 866 876 867
f 863 874 873
f 865 877 875
f 864 875 874
f 867 876 877
f 446 2690 1259
f 643 644 2387
f 643 2387 686
f 858 868 859
f 859 869 860
f 860 870 861
f 861 871 862
f 446 2145 2160
f 859 868 869
f 860 869 870
f 861 870 871
f 862 871 872
f 446 2160 2170
f 741 883 893
f 873 874 884
f 874 875 885
f 875 877 887
f 876 886 877
f 692 696 2409
f 696 741 2409
f 709 2433 746
f 741 893 2146
f 873 884 883
f 875 887 885
f 874 885 884
f 745 746 2433
f 877 886 887
f 541 2338 641
f 641 2339 642
f 642 2340 645
f 644 645 2369
f 561 646 2342
f 646 647 2343
f 576 2341 679
f 679 2354 682
f 647 664 2357
f 664 665 2358
f 670 682 2359
f 670 2367 674
f 674 2413 709
f 868 878 869
f 869 879 870
f 870 880 871
f 871 881 872
f 869 878 879
f 870 879 880
f 871 880 881
f 872 881 882
f 446 2170 2180
f 665 692 2409
f 745 2433 756
f 883 884 894
f 884 885 895
f 885 887 897
f 886 896 887
f 883 894 893
f 885 897 895
f 884 895 894
f 887 896 897
f 756 2433 866
f 878 888 879
f 879 889 880
f 880 890 881
f 879 888 889
f 880 889 890
f 881 890 891
f 881 891 882
f 446 2180 2381
f 882 891 892
f 435 2681 888
f 446 2381 2408
f 893 894 2147
f 894 895 2148
f 895 897 2150
f 896 2149 897
f 893 2147 2146
f 895 2150 2148
f 894 2148 2147
f 866 2433 876
f 897 2149 2150
f 741 2146 2424
f 898 947 899
f 899 948 900
f 900 949 901
f 901 954 902
f 902 955 903
f 903 956 904
f 904 957 905
f 905 1312 906
f 898 946 947
f 899 947 948
f 900 948 949
f 901 949 954
f 902 954 955
f 903 955 956
f 904 956 957
f 905 957 1312
f 898 899 907
f 899 900 908
f 900 901 909
f 901 902 910
f 902 903 911
f 899 908 907
f 900 909 908
f 901 910 909
f 902 911 910
f 903 912 911
f 904 913 912
f 903 904 912
f 904 905 913
f 905 906 914
f 906 931 915
f 931 932 916
f 905 914 913
f 906 915 914
f 931 916 915
f 932 917 916
f 933 918 917
f 934 919 918
f 935 920 919
f 936 921 920
f 937 922 921
f 932 933 917
f 933 934 918
f 934 935 919
f 935 936 920
f 936 937 921
f 906 1810 931
f 931 1811 932
f 932 1820 933
f 933 1821 934
f 934 1822 935
f 935 1823 936
f 936 1824 937
f 937 1825 938
f 938 1826 939
f 938 923 922
f 939 924 923
f 940 925 924
f 937 938 922
f 938 939 923
f 939 940 924
f 940 941 925
f 941 926 925
f 942 927 926
f 943 928 927
f 944 929 928
f 945 930 929
f 2893 2883 930
f 941 942 926
f 942 943 927
f 943 944 928
f 944 945 929
f 945 2893 930
f 939 1827 940
f 940 1828 941
f 941 1829 942
f 942 1830 943
f 943 1831 944
f 944 1832 945
f 945 3634 2893
f 932 1812 1814
f 906 1312 1810
f 931 1810 1811
f 932 1811 1815
f 932 1815 1812
f 932 1814 1820
f 933 1820 1821
f 934 1821 1822
f 935 1822 1823
f 936 1823 1824
f 937 1824 1825
f 938 1825 1826
f 939 1826 1827
f 940 1827 1828
f 941 1828 1829
f 942 1829 1830
f 943 1830 1831
f 944 1831 1832
f 945 1832 3634
f 145 1311 146
f 146 1311 946
f 946 1311 947
f 148 950 951
f 147 1066 950
f 148 951 1311
f 950 952 951
f 950 1066 1205
f 950 1205 1206
f 950 1206 1207
f 950 1208 952
f 950 1207 1208
f 952 1241 953
f 947 1311 948
f 948 1311 949
f 949 1311 954
f 954 1311 955
f 955 1311 956
f 956 1311 957
f 951 952 1313
f 952 953 1313
f 958 963 966
f 958 973 960
f 959 960 1069
f 961 964 999
f 962 1007 963
f 961 1006 962
f 964 965 1018
f 965 1101 1021
f 963 1007 966
f 960 973 1069
f 958 966 973
f 967 1008 1009
f 967 1007 1008
f 966 1007 967
f 967 1009 968
f 966 967 977
f 967 968 977
f 968 1009 1011
f 968 1011 969
f 969 1012 970
f 968 969 978
f 969 970 983
f 970 1033 971
f 971 1032 972
f 966 977 973
f 973 974 975
f 973 975 980
f 975 976 980
f 974 976 975
f 974 979 976
f 976 982 981
f 976 979 982
f 973 977 974
f 974 977 978
f 974 978 979
f 973 980 1069
f 980 981 1070
f 976 981 980
f 981 982 987
f 980 1070 1069
f 981 1071 1070
f 981 987 1071
f 968 978 977
f 978 983 979
f 979 983 985
f 979 985 982
f 982 985 988
f 983 984 985
f 984 992 985
f 984 986 992
f 982 988 987
f 987 988 989
f 988 991 989
f 989 991 990
f 987 989 1077
f 989 990 1078
f 990 994 1079
f 985 991 988
f 985 992 991
f 991 992 993
f 990 991 993
f 990 993 994
f 993 995 994
f 992 995 993
f 986 995 992
f 994 995 997
f 995 998 996
f 986 998 995
f 995 996 997
f 996 998 997
f 970 971 984
f 971 972 986
f 969 983 978
f 970 984 983
f 971 986 984
f 972 998 986
f 961 999 1006
f 962 1006 1007
f 964 1018 999
f 965 1021 1018
f 999 1000 1005
f 1000 1001 1005
f 1001 1002 1010
f 1002 1003 1013
f 1005 1008 1006
f 1005 1010 1008
f 1006 1008 1007
f 1008 1010 1009
f 999 1005 1006
f 1001 1010 1005
f 1009 1010 1013
f 1009 1013 1011
f 1011 1014 1012
f 1011 1013 1014
f 1012 1014 1015
f 1015 1017 1033
f 1012 1015 1033
f 1017 1032 1033
f 1002 1013 1010
f 1003 1014 1013
f 1004 1015 1014
f 1015 1016 1017
f 1003 1004 1014
f 1004 1016 1015
f 1000 1018 1019
f 1000 1019 1020
f 1018 1021 1019
f 1019 1023 1020
f 999 1018 1000
f 1000 1020 1001
f 1019 1021 1022
f 1019 1022 1023
f 1021 1110 1022
f 1022 1112 1023
f 1020 1028 1024
f 1024 1029 1025
f 1001 1024 1002
f 1002 1025 1003
f 1001 1020 1024
f 1002 1024 1025
f 1003 1025 1026
f 1004 1026 1027
f 1003 1026 1004
f 1004 1027 1016
f 1026 1031 1027
f 1025 1030 1026
f 1020 1023 1028
f 1024 1028 1029
f 1025 1029 1030
f 1026 1030 1031
f 1023 1116 1028
f 1028 1117 1029
f 1029 1118 1030
f 1030 1119 1031
f 969 1011 1012
f 970 1012 1033
f 971 1033 1032
f 1016 1097 1017
f 1016 1027 1099
f 1027 1031 1100
f 1031 1169 1096
f 1037 1038 1048
f 1035 1044 1036
f 1034 1036 1046
f 1035 1037 1044
f 253 1062 1063
f 254 1063 1064
f 255 1064 1065
f 255 1065 1066
f 959 1074 1038
f 1034 1039 1041
f 1034 1041 1061
f 1038 1074 1048
f 1034 1046 1039
f 1036 1044 1046
f 1037 1048 1044
f 1034 1061 1062
f 959 1069 1074
f 1039 1040 1041
f 1042 1048 1074
f 1040 1046 1044
f 1039 1046 1040
f 1040 1045 1041
f 1041 1047 1061
f 1040 1044 1045
f 1041 1045 1049
f 1041 1049 1047
f 1044 1048 1045
f 1045 1048 1049
f 1047 1049 1050
f 1043 1049 1048
f 1042 1043 1048
f 1049 1051 1050
f 1043 1051 1049
f 1056 1062 1061
f 1047 1056 1061
f 1056 1057 1063
f 1047 1050 1056
f 1050 1054 1056
f 1050 1052 1054
f 1050 1051 1052
f 1052 1053 1054
f 1053 1055 1054
f 1053 1092 1055
f 1055 1092 1059
f 1059 1092 1094
f 1054 1057 1056
f 1055 1058 1057
f 1054 1055 1057
f 1055 1059 1058
f 1058 1059 1068
f 1059 1060 1068
f 1059 1094 1060
f 1056 1063 1062
f 1057 1064 1063
f 1058 1065 1064
f 1057 1058 1064
f 1058 1068 1065
f 1065 1068 1067
f 1065 1067 1066
f 1069 1072 1074
f 1069 1070 1072
f 1071 1073 1072
f 1070 1071 1072
f 1073 1077 1083
f 1071 1077 1073
f 1072 1075 1074
f 1073 1076 1075
f 1072 1073 1075
f 1073 1083 1076
f 1076 1083 1080
f 1042 1074 1075
f 1042 1075 1076
f 1042 1076 1043
f 1043 1076 1080
f 1043 1080 1051
f 987 1077 1071
f 1078 1084 1083
f 1077 1078 1083
f 1078 1079 1084
f 1080 1084 1081
f 1051 1080 1081
f 1051 1081 1052
f 1052 1081 1082
f 1081 1085 1082
f 1080 1083 1084
f 1081 1084 1085
f 1079 1085 1084
f 1079 1088 1085
f 1086 1088 1089
f 1085 1088 1086
f 1082 1085 1086
f 1082 1086 1091
f 1086 1087 1091
f 1086 1089 1087
f 1087 1090 1095
f 989 1078 1077
f 990 1079 1078
f 994 1088 1079
f 994 997 1088
f 997 1089 1088
f 997 1090 1089
f 997 998 1090
f 1087 1089 1090
f 1052 1082 1053
f 1053 1091 1092
f 1053 1082 1091
f 1091 1093 1092
f 1092 1093 1094
f 1093 1095 1094
f 1087 1093 1091
f 1087 1095 1093
f 1060 1094 1095
f 972 1211 998
f 1067 1068 1205
f 1060 1206 1068
f 1066 1067 1205
f 1060 1095 1207
f 998 1212 1090
f 1017 1209 1032
f 972 1032 1210
f 1017 1097 1098
f 1017 1098 1209
f 1027 1100 1099
f 1016 1099 1097
f 1031 1096 1100
f 1032 1209 1210
f 972 1210 1211
f 1101 1102 1110
f 1102 1103 1113
f 1103 1104 1124
f 1104 1105 1127
f 1105 1106 1136
f 1106 1107 1145
f 1107 1108 1148
f 1108 1109 1165
f 1021 1101 1110
f 1102 1113 1110
f 1103 1124 1113
f 1104 1127 1124
f 1105 1136 1127
f 1022 1110 1111
f 1022 1111 1112
f 1110 1113 1111
f 1111 1115 1112
f 1111 1113 1114
f 1111 1114 1115
f 1113 1124 1114
f 1114 1126 1115
f 1114 1124 1125
f 1114 1125 1126
f 1023 1112 1116
f 1028 1116 1117
f 1029 1117 1118
f 1030 1118 1119
f 1112 1120 1116
f 1116 1121 1117
f 1117 1122 1118
f 1118 1123 1119
f 1112 1115 1120
f 1116 1120 1121
f 1117 1121 1122
f 1118 1122 1123
f 1115 1130 1120
f 1120 1131 1121
f 1121 1132 1122
f 1115 1126 1130
f 1120 1130 1131
f 1121 1131 1132
f 1122 1133 1123
f 1122 1132 1133
f 1124 1127 1125
f 1125 1129 1126
f 1125 1127 1128
f 1125 1128 1129
f 1127 1136 1128
f 1131 1139 1132
f 1132 1140 1133
f 1126 1134 1130
f 1130 1135 1131
f 1126 1129 1134
f 1130 1134 1135
f 1131 1135 1139
f 1132 1139 1140
f 1128 1138 1129
f 1128 1136 1137
f 1128 1137 1138
f 1129 1141 1134
f 1134 1142 1135
f 1135 1143 1139
f 1139 1144 1140
f 1129 1138 1141
f 1134 1141 1142
f 1135 1142 1143
f 1139 1143 1144
f 1031 1119 1169
f 1119 1123 1170
f 1123 1133 1171
f 1119 1170 1169
f 1133 1140 1173
f 1140 1144 1174
f 1106 1145 1136
f 1136 1146 1137
f 1137 1147 1138
f 1136 1145 1146
f 1137 1146 1147
f 1138 1151 1141
f 1141 1152 1142
f 1142 1153 1143
f 1138 1147 1151
f 1142 1152 1153
f 1141 1151 1152
f 1143 1153 1144
f 1107 1148 1145
f 1108 1165 1148
f 1145 1149 1146
f 1146 1150 1147
f 1145 1148 1149
f 1146 1149 1150
f 1144 1153 1154
f 1147 1155 1151
f 1151 1156 1152
f 1152 1157 1153
f 1153 1157 1154
f 1147 1150 1155
f 1151 1155 1156
f 1152 1156 1157
f 1154 1157 1158
f 1148 1163 1149
f 1149 1164 1150
f 1148 1165 1163
f 1149 1163 1164
f 1156 1161 1157
f 1157 1161 1158
f 1150 1159 1155
f 1155 1160 1156
f 1150 1164 1159
f 1155 1159 1160
f 1156 1160 1161
f 1158 1161 1162
f 1109 1166 1178
f 1166 1167 1183
f 1167 1168 1191
f 1123 1171 1170
f 1133 1172 1171
f 1133 1173 1172
f 1140 1174 1173
f 1144 1175 1174
f 1144 1260 1175
f 1109 1178 1165
f 1166 1183 1178
f 1144 1154 1260
f 1154 1158 1261
f 1158 1162 1276
f 1163 1165 1176
f 1163 1177 1164
f 1165 1178 1176
f 1163 1176 1177
f 1159 1164 1182
f 1160 1180 1161
f 1159 1179 1160
f 1161 1180 1162
f 1164 1177 1182
f 1159 1182 1179
f 1160 1179 1180
f 1162 1180 1181
f 1176 1185 1177
f 1176 1178 1184
f 1176 1184 1185
f 1178 1183 1184
f 1177 1186 1182
f 1179 1188 1180
f 1179 1182 1187
f 1177 1185 1186
f 1180 1188 1181
f 1182 1186 1187
f 1179 1187 1188
f 1181 1188 1190
f 1167 1191 1183
f 1168 1264 1191
f 1154 1261 1260
f 1162 1181 1276
f 1158 1276 1261
f 1183 1189 1184
f 1184 1192 1185
f 1183 1191 1189
f 1184 1189 1192
f 1185 1193 1186
f 1186 1194 1187
f 1187 1196 1188
f 1188 1196 1190
f 1186 1193 1194
f 1187 1194 1196
f 1185 1192 1193
f 1190 1196 1195
f 1189 1191 1262
f 1189 1263 1192
f 1191 1264 1262
f 1189 1262 1263
f 1192 1265 1193
f 1193 1266 1194
f 1194 1267 1196
f 1195 1196 1267
f 1194 1266 1267
f 1195 1267 1268
f 1192 1263 1265
f 1193 1265 1266
f 1096 1314 1100
f 1097 1315 1098
f 1098 1316 1209
f 1099 1100 1318
f 1097 1099 1317
f 1096 1169 1320
f 1169 1170 1321
f 1170 1171 1322
f 1171 1172 1326
f 1172 1173 1327
f 1173 1174 1328
f 1174 1175 1371
f 1068 1206 1205
f 1060 1207 1206
f 1095 1240 1207
f 1090 1421 1095
f 1095 1241 1240
f 1207 1227 1208
f 1090 1212 1422
f 998 1211 1212
f 1197 1198 1331
f 1198 1199 1333
f 1199 1200 1337
f 1200 1201 1338
f 1201 1202 1343
f 1202 1203 1346
f 1203 1204 1347
f 1218 1219 1224
f 1219 1220 1224
f 1220 1221 1234
f 1221 1222 1234
f 1222 1223 1234
f 1223 1226 1236
f 952 1208 1227
f 952 1227 1240
f 1207 1240 1227
f 1095 1421 1241
f 952 1240 1241
f 1090 1422 1421
f 1225 1228 1229
f 1218 1233 1225
f 1220 1234 1224
f 1218 1224 1235
f 1225 1232 1228
f 1218 1235 1233
f 1224 1234 1235
f 1228 1230 1229
f 1228 1231 1230
f 1228 1232 1231
f 1225 1233 1232
f 1223 1236 1234
f 1229 1230 1237
f 1230 1231 1405
f 1231 1232 1406
f 1234 1238 1235
f 1232 1233 1407
f 1233 1235 1408
f 1230 1405 1237
f 1231 1406 1405
f 1232 1407 1406
f 1233 1408 1407
f 1235 1409 1408
f 1235 1238 1409
f 1234 1236 1239
f 1234 1239 1238
f 953 1241 1421
f 953 1421 1422
f 1212 1444 1422
f 1212 1213 1444
f 1204 1214 1351
f 1214 1215 1352
f 1215 1216 1355
f 1216 1217 1356
f 1213 1242 1445
f 1242 1243 1447
f 1168 1257 1264
f 1257 1258 1271
f 1258 1259 1278
f 1197 1332 1248
f 1248 1365 1249
f 1249 1366 1250
f 1250 1367 1251
f 1251 1369 1252
f 1252 1373 1253
f 1253 1377 1254
f 1254 1379 1255
f 1255 1380 1256
f 1257 1271 1264
f 1181 1277 1276
f 1262 1270 1263
f 1262 1264 1269
f 1195 1268 1287
f 1263 1272 1265
f 1266 1274 1267
f 1265 1273 1266
f 1267 1274 1268
f 1264 1271 1269
f 1262 1269 1270
f 1269 1271 1279
f 1269 1280 1270
f 1265 1272 1273
f 1266 1273 1274
f 1263 1270 1272
f 1268 1274 1275
f 1268 1275 1287
f 1270 1283 1272
f 1272 1284 1273
f 1273 1288 1274
f 1274 1288 1275
f 1258 1278 1271
f 1181 1543 1277
f 1271 1278 1279
f 1269 1279 1280
f 1279 1281 1280
f 1278 1281 1279
f 1280 1281 1282
f 1181 1190 1544
f 1190 1195 1545
f 1270 1280 1283
f 1272 1283 1284
f 1273 1284 1288
f 1275 1288 1287
f 1280 1282 1283
f 1283 1285 1284
f 1284 1286 1288
f 1282 1285 1283
f 1284 1285 1286
f 1286 1289 1288
f 1287 1288 1289
f 1281 1301 1282
f 1282 1302 1285
f 1285 1303 1286
f 1286 1304 1289
f 1287 1289 1305
f 1290 1384 1291
f 1217 1292 1385
f 1292 1293 1386
f 1291 1387 1294
f 1293 1294 1388
f 1256 1390 1290
f 1296 1586 1297
f 1282 1301 1302
f 1281 1306 1301
f 1195 1287 1545
f 1285 1302 1303
f 1286 1303 1304
f 1289 1304 1305
f 1287 1305 1310
f 1301 1306 1302
f 1302 1307 1303
f 1303 1308 1304
f 1304 1309 1305
f 1277 1539 1295
f 1181 1544 1543
f 1295 1537 1296
f 1302 1306 1307
f 1303 1307 1308
f 1304 1308 1309
f 1305 1309 1310
f 1287 1310 1495
f 1306 1491 1307
f 1307 1491 1492
f 1190 1545 1544
f 1307 1492 1308
f 1308 1493 1309
f 1309 1494 1310
f 1287 1495 1552
f 1308 1492 1493
f 1309 1493 1494
f 1310 1494 1495
f 1209 1329 1210
f 1210 1330 1211
f 1211 1340 1212
f 1212 1341 1213
f 1197 1331 1332
f 1198 1333 1331
f 1200 1338 1337
f 1199 1337 1333
f 1201 1343 1338
f 1202 1346 1343
f 1203 1347 1346
f 1204 1351 1347
f 1213 1342 1242
f 1242 1349 1243
f 1243 1350 1244
f 1244 1359 1245
f 1245 1360 1246
f 1246 1362 1247
f 1247 1363 1446
f 1214 1352 1351
f 1215 1355 1352
f 1216 1356 1355
f 1217 1385 1356
f 1175 1260 1372
f 1260 1261 1376
f 1277 1295 1393
f 1261 1276 1382
f 1276 1277 1383
f 1248 1332 1364
f 1248 1364 1365
f 1249 1365 1366
f 1250 1366 1367
f 1251 1367 1369
f 1252 1369 1373
f 1253 1373 1377
f 1254 1377 1379
f 1255 1379 1380
f 1256 1380 1390
f 1295 1296 1395
f 1296 1297 1396
f 1300 1490 1400
f 1298 1299 1402
f 1297 1298 1401
f 1299 1300 1403
f 1290 1390 1384
f 1292 1386 1385
f 1293 1388 1386
f 1294 1387 1388
f 1291 1384 1387
f 957 1311 1312
f 1311 1810 1312
f 1311 1811 1810
f 1311 1815 1811
f 1311 1816 1815
f 951 1313 1311
f 953 1818 1313
f 1311 1819 1816
f 1311 1313 1818
f 1311 1818 1819
f 1100 1314 1318
f 1096 1320 1314
f 1098 1315 1316
f 1099 1318 1317
f 1097 1317 1315
f 1317 1318 1336
f 1314 1319 1318
f 1319 1323 1332
f 1315 1317 1334
f 1315 1334 1316
f 1317 1336 1334
f 1318 1319 1336
f 1314 1323 1319
f 1169 1321 1320
f 1170 1322 1321
f 1171 1326 1322
f 1172 1327 1326
f 1173 1328 1327
f 1174 1371 1328
f 1314 1320 1323
f 1320 1321 1323
f 1321 1322 1324
f 1322 1326 1325
f 1323 1324 1364
f 1324 1325 1365
f 1321 1324 1323
f 1322 1325 1324
f 1325 1326 1368
f 1326 1327 1368
f 1327 1370 1368
f 1327 1328 1370
f 1210 1329 1330
f 1209 1316 1329
f 1211 1330 1340
f 1212 1340 1341
f 1213 1341 1342
f 1316 1335 1329
f 1329 1335 1339
f 1329 1339 1330
f 1330 1344 1340
f 1330 1339 1344
f 1333 1335 1334
f 1331 1333 1336
f 1333 1334 1336
f 1319 1332 1331
f 1319 1331 1336
f 1316 1334 1335
f 1333 1337 1335
f 1335 1337 1339
f 1338 1344 1339
f 1337 1338 1339
f 1340 1344 1345
f 1340 1345 1341
f 1341 1345 1342
f 1342 1345 1348
f 1338 1343 1344
f 1343 1345 1344
f 1343 1346 1345
f 1345 1346 1348
f 1346 1347 1348
f 1347 1353 1348
f 1242 1342 1349
f 1243 1349 1350
f 1244 1350 1359
f 1245 1359 1360
f 1246 1360 1362
f 1247 1362 1363
f 1363 1834 1446
f 1342 1348 1349
f 1348 1353 1349
f 1349 1353 1350
f 1350 1353 1354
f 1350 1354 1359
f 1347 1351 1353
f 1351 1354 1353
f 1351 1352 1354
f 1352 1357 1354
f 1352 1355 1357
f 1355 1356 1358
f 1355 1358 1357
f 1356 1385 1361
f 1356 1361 1358
f 1354 1357 1359
f 1357 1360 1359
f 1357 1358 1362
f 1357 1362 1360
f 1358 1361 1363
f 1361 1397 1834
f 1358 1363 1362
f 1361 1834 1363
f 1175 1372 1371
f 1260 1376 1372
f 1261 1382 1376
f 1277 1393 1383
f 1276 1383 1382
f 1323 1364 1332
f 1324 1365 1364
f 1325 1366 1365
f 1325 1368 1366
f 1366 1368 1367
f 1367 1368 1370
f 1367 1370 1369
f 1328 1371 1370
f 1370 1371 1374
f 1371 1372 1374
f 1369 1370 1374
f 1369 1374 1373
f 1373 1374 1375
f 1372 1375 1374
f 1372 1376 1375
f 1373 1375 1377
f 1375 1378 1377
f 1377 1381 1379
f 1377 1378 1381
f 1375 1376 1378
f 1376 1382 1378
f 1378 1382 1383
f 1379 1381 1391
f 1379 1391 1380
f 1378 1383 1381
f 1381 1393 1391
f 1381 1383 1393
f 1295 1395 1393
f 1296 1396 1395
f 1300 1400 1403
f 1298 1402 1401
f 1297 1401 1396
f 1299 1403 1402
f 1385 1386 1397
f 1386 1388 1398
f 1388 1399 1398
f 1384 1389 1387
f 1384 1394 1389
f 1387 1399 1388
f 1387 1389 1399
f 1380 1391 1390
f 1390 1391 1392
f 1384 1390 1392
f 1384 1392 1394
f 1391 1395 1392
f 1391 1393 1395
f 1392 1396 1394
f 1394 1396 1401
f 1392 1395 1396
f 1361 1385 1397
f 1386 1398 1397
f 1397 1398 1836
f 1389 1403 1399
f 1398 1399 1400
f 1397 1835 1834
f 1397 1836 1835
f 1398 1400 1836
f 1399 1403 1400
f 1389 1394 1402
f 1394 1401 1402
f 1389 1402 1403
f 953 1420 1404
f 953 1404 1818
f 1237 1405 1410
f 1406 1407 1411
f 1407 1408 1415
f 1408 1409 1416
f 1238 1413 1409
f 1405 1406 1412
f 1405 1412 1410
f 1406 1411 1412
f 1409 1413 1417
f 1407 1415 1411
f 1408 1416 1415
f 1409 1417 1416
f 1238 1239 1414
f 1238 1414 1413
f 1218 1225 1682
f 1225 1229 1682
f 1410 1412 1423
f 1218 1684 1219
f 1219 1684 1220
f 1220 1684 1221
f 1221 1684 1222
f 1222 1684 1223
f 1223 1685 1226
f 1226 1685 1236
f 1416 1417 1427
f 1413 1418 1417
f 1411 1424 1412
f 1411 1415 1425
f 1412 1424 1423
f 1411 1425 1424
f 1415 1416 1426
f 1416 1427 1426
f 1417 1428 1427
f 1415 1426 1425
f 1417 1418 1428
f 1413 1414 1419
f 1413 1419 1418
f 953 1422 1444
f 953 1445 1420
f 953 1444 1445
f 1213 1445 1444
f 1229 1237 1681
f 1236 1686 1239
f 1237 1410 1681
f 1239 1686 1414
f 1423 1424 1431
f 1427 1428 1434
f 1418 1429 1428
f 1424 1425 1433
f 1425 1426 1432
f 1424 1433 1431
f 1425 1432 1433
f 1426 1427 1435
f 1428 1429 1436
f 1426 1435 1432
f 1427 1434 1435
f 1428 1436 1434
f 1418 1419 1430
f 1418 1430 1429
f 1431 1433 1437
f 1432 1435 1438
f 1432 1448 1433
f 1429 1439 1436
f 1434 1436 1441
f 1434 1440 1435
f 1433 1448 1437
f 1432 1438 1448
f 1436 1442 1441
f 1435 1440 1438
f 1434 1441 1440
f 1436 1439 1442
f 1429 1443 1439
f 1429 1430 1443
f 1243 1244 1481
f 1244 1245 1481
f 1242 1447 1445
f 1243 1481 1447
f 1245 1246 1482
f 1246 1247 1483
f 1247 1446 1483
f 1446 1488 1484
f 1439 1449 1442
f 1439 1443 1457
f 1245 1482 1481
f 1246 1483 1482
f 1446 1484 1483
f 1410 1423 1681
f 1229 1681 1682
f 1218 1682 1684
f 1223 1684 1685
f 1423 1431 1681
f 1437 1448 1450
f 1414 1686 1419
f 1419 1686 1430
f 1431 1437 1681
f 1430 1686 1443
f 1420 1445 1710
f 1445 1447 1710
f 1236 1685 1686
f 1437 1450 1705
f 1443 1704 1457
f 1437 1683 1681
f 1450 1459 1714
f 1420 1710 1711
f 1420 1711 1797
f 1447 1481 1710
f 1481 1482 1710
f 1438 1440 1451
f 1438 1452 1448
f 1448 1452 1450
f 1438 1451 1452
f 1441 1442 1454
f 1440 1441 1453
f 1441 1454 1453
f 1442 1455 1454
f 1440 1453 1451
f 1442 1449 1455
f 1450 1452 1459
f 1451 1453 1460
f 1451 1461 1452
f 1454 1455 1462
f 1449 1456 1455
f 1453 1454 1463
f 1454 1462 1463
f 1455 1464 1462
f 1455 1456 1464
f 1439 1457 1449
f 1449 1457 1458
f 1449 1458 1456
f 1452 1461 1459
f 1451 1460 1461
f 1460 1463 1467
f 1459 1461 1465
f 1460 1468 1461
f 1453 1463 1460
f 1462 1464 1470
f 1456 1466 1464
f 1462 1469 1463
f 1464 1466 1471
f 1461 1468 1465
f 1456 1478 1466
f 1456 1458 1478
f 1462 1470 1469
f 1463 1469 1467
f 1464 1471 1470
f 1460 1467 1468
f 1465 1468 1485
f 1467 1469 1473
f 1467 1486 1468
f 1467 1473 1486
f 1468 1486 1485
f 1466 1472 1471
f 1470 1471 1475
f 1469 1470 1474
f 1470 1475 1474
f 1471 1476 1475
f 1471 1472 1476
f 1469 1474 1473
f 1473 1474 1589
f 1475 1476 1554
f 1474 1475 1553
f 1472 1477 1476
f 1476 1555 1554
f 1475 1554 1553
f 1474 1553 1589
f 1476 1477 1555
f 1466 1478 1479
f 1466 1479 1472
f 1472 1480 1477
f 1472 1479 1480
f 1459 1465 1720
f 1457 1732 1458
f 1485 1486 1487
f 1473 1590 1486
f 1486 1590 1487
f 1473 1589 1590
f 1482 1483 1710
f 1483 1484 1710
f 1484 1584 1713
f 1584 1585 1733
f 1488 1489 1584
f 1489 1490 1585
f 1300 1588 1490
f 1298 1587 1299
f 1297 1586 1298
f 1299 1588 1300
f 1484 1488 1584
f 1489 1585 1584
f 1490 1588 1585
f 1298 1586 1587
f 1299 1587 1588
f 1277 1540 1539
f 1277 1541 1540
f 1277 1542 1541
f 1277 1543 1542
f 1295 1535 1538
f 1295 1538 1537
f 1295 1536 1535
f 1295 1539 1536
f 1296 1537 1586
f 1287 1546 1545
f 1287 1547 1546
f 1287 1651 1547
f 1287 1552 1659
f 1491 1548 1492
f 1492 1548 1549
f 1287 1652 1651
f 1287 1653 1652
f 1287 1654 1653
f 1492 1549 1493
f 1493 1550 1494
f 1494 1551 1495
f 1493 1549 1550
f 1494 1550 1551
f 1495 1551 1552
f 1287 1659 1669
f 1496 1497 1599
f 1496 1500 1497
f 1498 1502 1499
f 1499 1502 1505
f 1499 1505 1506
f 1500 1503 1502
f 1496 1501 1500
f 1500 1501 1503
f 1497 1500 1498
f 1498 1500 1502
f 1502 1503 1510
f 1502 1510 1505
f 1505 1508 1506
f 1504 1507 1505
f 1505 1507 1508
f 1506 1508 1509
f 1506 1509 1520
f 1504 1505 1510
f 1497 1498 1511
f 1497 1611 1599
f 1497 1511 1611
f 1511 1513 1512
f 1511 1612 1611
f 1511 1512 1612
f 1512 1515 1613
f 1498 1499 1513
f 1499 1514 1513
f 1513 1514 1515
f 1514 1516 1515
f 1499 1506 1514
f 1506 1519 1514
f 1514 1519 1516
f 1516 1519 1523
f 1498 1513 1511
f 1512 1513 1515
f 1516 1523 1518
f 1518 1523 1526
f 1515 1516 1517
f 1516 1518 1517
f 1515 1517 1613
f 1517 1518 1625
f 1518 1526 1626
f 1526 1628 1626
f 1506 1520 1519
f 1519 1522 1523
f 1519 1520 1521
f 1519 1521 1522
f 1522 1524 1523
f 1523 1525 1526
f 1523 1524 1525
f 1526 1528 1628
f 1525 1527 1526
f 1526 1527 1528
f 1507 1529 1508
f 1508 1529 1509
f 1504 1530 1507
f 1507 1530 1529
f 1509 1529 1531
f 1520 1532 1521
f 1509 1531 1520
f 1521 1532 1522
f 1522 1533 1524
f 1524 1533 1525
f 1525 1534 1527
f 1527 1534 1528
f 1520 1531 1532
f 1522 1532 1533
f 1525 1533 1534
f 1528 1534 1647
f 1535 1542 1538
f 1537 1538 1543
f 1537 1651 1586
f 1535 1536 1542
f 1536 1539 1541
f 1539 1540 1541
f 1536 1541 1542
f 1538 1542 1543
f 1537 1543 1544
f 1537 1544 1545
f 1537 1545 1546
f 1537 1546 1547
f 1537 1547 1651
f 1548 1655 1549
f 1549 1656 1550
f 1550 1657 1551
f 1551 1658 1552
f 1287 1669 1674
f 1549 1655 1656
f 1550 1656 1657
f 1551 1657 1658
f 1552 1658 1659
f 1553 1554 1556
f 1554 1555 1557
f 1477 1558 1555
f 1554 1557 1556
f 1553 1556 1592
f 1555 1559 1557
f 1555 1558 1559
f 1556 1560 1592
f 1560 1561 1592
f 1561 1575 1594
f 1557 1559 1562
f 1556 1557 1564
f 1558 1565 1559
f 1559 1565 1563
f 1563 1565 1571
f 1557 1562 1564
f 1556 1564 1560
f 1559 1563 1562
f 1477 1566 1558
f 1477 1480 1566
f 1558 1566 1567
f 1558 1567 1565
f 1565 1567 1571
f 1568 1595 1579
f 1579 1605 1580
f 1569 1570 1602
f 1570 1607 1604
f 1568 1569 1603
f 1570 1581 1607
f 1581 1583 1607
f 1583 1646 1607
f 1563 1574 1573
f 1569 1573 1574
f 1568 1572 1573
f 1571 1581 1574
f 1560 1564 1576
f 1560 1576 1577
f 1560 1577 1561
f 1561 1577 1575
f 1575 1577 1578
f 1562 1563 1573
f 1562 1572 1564
f 1562 1573 1572
f 1564 1572 1576
f 1563 1571 1574
f 1576 1579 1580
f 1572 1579 1576
f 1576 1580 1577
f 1577 1580 1578
f 1578 1580 1606
f 1568 1573 1569
f 1569 1574 1570
f 1568 1579 1572
f 1570 1574 1581
f 1571 1582 1581
f 1581 1582 1583
f 1567 1582 1571
f 1587 1654 1588
f 1487 1590 1591
f 1553 1592 1589
f 1589 1593 1590
f 1589 1592 1593
f 1590 1593 1591
f 1591 1593 1594
f 1561 1593 1592
f 1561 1594 1593
f 1597 1598 1605
f 1596 1601 1600
f 1596 1599 1608
f 1496 1600 1597
f 1496 1597 1501
f 1597 1600 1598
f 1496 1599 1600
f 1598 1600 1601
f 1596 1600 1599
f 1595 1603 1597
f 1595 1597 1605
f 1598 1601 1605
f 1501 1603 1602
f 1503 1602 1604
f 1504 1604 1607
f 1501 1602 1503
f 1503 1604 1510
f 1501 1597 1603
f 1504 1510 1604
f 1579 1595 1605
f 1601 1606 1605
f 1580 1605 1606
f 1601 1639 1606
f 1568 1603 1595
f 1569 1602 1603
f 1570 1604 1602
f 1608 1611 1609
f 1609 1612 1610
f 1599 1611 1608
f 1609 1611 1612
f 1512 1614 1612
f 1610 1612 1614
f 1512 1613 1614
f 1613 1617 1614
f 1517 1616 1613
f 1613 1616 1617
f 1610 1614 1615
f 1615 1617 1618
f 1614 1617 1615
f 1616 1625 1623
f 1616 1620 1617
f 1616 1623 1620
f 1596 1639 1601
f 1596 1608 1639
f 1608 1609 1639
f 1609 1610 1639
f 1610 1615 1639
f 1615 1618 1639
f 1618 1620 1619
f 1617 1620 1618
f 1620 1623 1622
f 1618 1619 1639
f 1619 1620 1621
f 1619 1621 1639
f 1620 1622 1621
f 1623 1632 1624
f 1622 1623 1624
f 1518 1626 1625
f 1517 1625 1616
f 1626 1628 1627
f 1625 1626 1632
f 1626 1627 1632
f 1623 1625 1632
f 1627 1628 1630
f 1528 1629 1628
f 1628 1629 1631
f 1628 1631 1630
f 1630 1631 1635
f 1627 1633 1632
f 1627 1634 1633
f 1627 1630 1634
f 1630 1637 1634
f 1624 1632 1633
f 1624 1633 1642
f 1633 1634 1643
f 1634 1637 1644
f 1630 1635 1637
f 1635 1636 1637
f 1637 1638 1644
f 1636 1638 1637
f 1621 1622 1639
f 1622 1640 1639
f 1622 1641 1640
f 1622 1624 1641
f 1624 1642 1641
f 1633 1643 1642
f 1634 1644 1643
f 1638 1645 1644
f 1504 1607 1646
f 1504 1646 1530
f 1530 1646 1650
f 1528 1647 1629
f 1629 1647 1631
f 1631 1648 1635
f 1635 1649 1636
f 1636 1649 1638
f 1529 1530 1650
f 1529 1650 1531
f 1531 1650 1532
f 1532 1650 1533
f 1533 1650 1534
f 1631 1647 1648
f 1534 1650 1647
f 1635 1648 1649
f 1638 1649 1650
f 1647 1650 1648
f 1648 1650 1649
f 1638 1650 1645
f 1639 1640 1660
f 1640 1641 1660
f 1641 1642 1661
f 1642 1643 1662
f 1643 1644 1663
f 1644 1645 1664
f 1641 1661 1660
f 1642 1662 1661
f 1643 1663 1662
f 1644 1664 1663
f 1586 1654 1587
f 1586 1651 1652
f 1586 1652 1653
f 1586 1653 1654
f 1655 1665 1656
f 1287 1674 1761
f 1656 1666 1657
f 1657 1667 1658
f 1658 1668 1659
f 1656 1665 1666
f 1657 1666 1667
f 1658 1667 1668
f 1659 1668 1669
f 1287 1761 1771
f 1639 1660 1752
f 1645 1756 1664
f 1660 1661 1753
f 1661 1662 1754
f 1662 1663 1755
f 1663 1664 1756
f 1639 1752 1762
f 1660 1753 1752
f 1661 1754 1753
f 1662 1755 1754
f 1663 1756 1755
f 1645 1766 1756
f 1665 1670 1666
f 1666 1671 1667
f 1667 1672 1668
f 1668 1673 1669
f 1287 1771 1786
f 1666 1670 1671
f 1667 1671 1672
f 1668 1672 1673
f 1669 1673 1674
f 1287 1786 1796
f 1404 1420 1833
f 1446 1834 1488
f 1420 1797 1798
f 1420 1798 1799
f 1488 1835 1489
f 1489 1836 1490
f 1437 1688 1683
f 1437 1705 1688
f 1443 1686 1703
f 1443 1703 1704
f 1450 1714 1705
f 1457 1704 1724
f 1457 1724 1732
f 1484 1712 1710
f 1484 1713 1712
f 1689 1690 1688
f 1689 1688 1705
f 1689 1691 1690
f 1689 1692 1691
f 1689 1693 1692
f 1701 1699 1698
f 1701 1700 1699
f 1701 1702 1700
f 1701 1704 1702
f 1704 1703 1702
f 1459 1720 1714
f 1465 1731 1720
f 1458 1732 1741
f 1689 1705 1707
f 1689 1706 1693
f 1708 1695 1693
f 1689 1707 1706
f 1706 1708 1693
f 1705 1714 1707
f 1708 1694 1695
f 1715 1697 1694
f 1715 1696 1697
f 1716 1698 1696
f 1701 1698 1716
f 1708 1715 1694
f 1715 1716 1696
f 1701 1716 1717
f 1701 1717 1704
f 1465 1485 1731
f 1458 1741 1478
f 1478 1749 1479
f 1485 1487 1742
f 1479 3205 1480
f 1584 1733 1713
f 1585 1588 1750
f 1485 1742 1731
f 1478 1741 1749
f 1585 1734 1733
f 1585 1750 1734
f 1654 1751 1750
f 1654 3211 1751
f 1706 1707 1719
f 1707 1714 1718
f 1706 1721 1708
f 1708 1722 1715
f 1715 1723 1716
f 1716 1723 1717
f 1714 1720 1718
f 1707 1718 1719
f 1706 1719 1721
f 1715 1722 1723
f 1708 1721 1722
f 1717 1723 1725
f 1704 1717 1724
f 1717 1725 1724
f 1724 1725 1732
f 1718 1726 1719
f 1718 1720 1730
f 1721 1728 1722
f 1719 1727 1721
f 1722 1729 1723
f 1723 1729 1725
f 1720 1731 1730
f 1719 1726 1727
f 1718 1730 1726
f 1721 1727 1728
f 1722 1728 1729
f 1725 1729 1735
f 1725 1735 1732
f 1732 1735 1741
f 1726 1738 1727
f 1727 1739 1728
f 1728 1740 1729
f 1729 1740 1735
f 1728 1739 1740
f 1735 1740 1743
f 1726 1730 1737
f 1730 1731 1736
f 1730 1736 1737
f 1726 1737 1738
f 1731 1742 1736
f 1727 1738 1739
f 1735 1743 1741
f 1741 1743 1749
f 1736 1744 1737
f 1736 1742 1745
f 1738 1747 1739
f 1737 1746 1738
f 1739 1748 1740
f 1740 1748 1743
f 1736 1745 1744
f 1737 1744 1746
f 1742 3200 1745
f 1742 3199 3200
f 1738 1746 1747
f 1739 1747 1748
f 1743 1748 3204
f 1743 3204 1749
f 1749 3204 3205
f 1733 3242 1713
f 1750 1751 3211
f 1733 1734 3242
f 1487 3199 1742
f 1479 1749 3205
f 1487 3425 3199
f 1480 3205 3437
f 1259 3758 1278
f 1588 1654 1750
f 1639 1762 1772
f 1752 1753 1763
f 1753 1754 1764
f 1754 1755 1765
f 1755 1756 1766
f 1645 1776 1766
f 1752 1763 1762
f 1753 1764 1763
f 1754 1765 1764
f 1755 1766 1765
f 1670 1757 1671
f 1278 3765 1281
f 1287 3599 1654
f 1671 1758 1672
f 1672 1759 1673
f 1673 1760 1674
f 1671 1757 1758
f 1672 1758 1759
f 1673 1759 1760
f 1674 1760 1761
f 1639 1772 1777
f 1645 1781 1776
f 1762 1763 1773
f 1763 1764 1774
f 1764 1765 1775
f 1765 1766 1776
f 1606 1639 3517
f 1639 1777 1787
f 1762 1773 1772
f 1763 1774 1773
f 1764 1775 1774
f 1765 1776 1775
f 1645 1791 1781
f 1646 3557 1650
f 1645 1650 3557
f 1281 3765 1306
f 1757 1767 1758
f 1758 1768 1759
f 1759 1769 1760
f 1760 1770 1761
f 1758 1767 1768
f 1759 1768 1769
f 1760 1769 1770
f 1761 1770 1771
f 1487 1591 3457
f 1591 1594 3464
f 1480 3471 1566
f 1566 3472 1567
f 1575 3473 1594
f 1575 1578 3480
f 1578 1606 3506
f 1567 3483 1582
f 1582 3484 1583
f 1654 3599 3211
f 1639 1787 3251
f 1772 1773 1778
f 1773 1774 1779
f 1774 1775 1780
f 1775 1776 1781
f 1583 3557 1646
f 1772 1778 1777
f 1773 1779 1778
f 1774 1780 1779
f 1775 1781 1780
f 1639 3251 3261
f 1306 3765 1491
f 1767 1782 1768
f 1768 1782 1783
f 1768 1783 1769
f 1769 1784 1770
f 1770 1785 1771
f 1769 1783 1784
f 1770 1784 1785
f 1771 1785 1786
f 1491 3765 1548
f 1777 1778 1788
f 1778 1779 1789
f 1779 1780 1790
f 1780 1781 1791
f 1639 3261 3271
f 1777 1788 1787
f 1778 1789 1788
f 1779 1790 1789
f 1780 1791 1790
f 1645 3528 1791
f 1782 1792 1783
f 1548 3765 1655
f 1783 1792 1793
f 1783 1793 1784
f 1784 1794 1785
f 1785 1795 1786
f 1784 1793 1794
f 1785 1794 1795
f 1786 1795 1796
f 1655 3765 1665
f 1792 3256 1793
f 1793 3257 1794
f 1794 3258 1795
f 1795 3259 1796
f 1287 1796 3772
f 1420 1799 1800
f 1420 1800 1801
f 1420 1801 1802
f 1420 1802 1803
f 1420 1803 1804
f 1420 1804 1805
f 1420 1805 1806
f 1420 1806 1807
f 1420 1807 3660
f 1812 1813 1814
f 1812 1816 1813
f 1813 1817 1814
f 1812 1815 1816
f 1813 1816 1817
f 1404 1833 1818
f 1814 1817 1820
f 1816 1819 1817
f 1817 1819 1820
f 1819 3652 1820
f 1818 3660 1819
f 1820 3652 1821
f 1821 3652 1822
f 1822 3652 1823
f 1823 3652 1824
f 1824 3652 1825
f 1825 3652 1826
f 1826 3652 1827
f 1488 1834 1835
f 1489 1835 1836
f 1400 1490 1836
f 1420 3660 1833
f 1818 1833 3660
f 1837 1854 1838
f 1838 1855 1839
f 1839 1856 1840
f 1840 1857 1841
f 1841 1858 1842
f 1837 1838 2042
f 1838 1839 2043
f 1839 1840 2044
f 1840 1841 2045
f 1841 1842 2046
f 1842 1843 2047
f 1843 1844 2048
f 1837 1853 1854
f 1838 1854 1855
f 1839 1855 1856
f 1840 1856 1857
f 1841 1857 1858
f 1842 1858 1859
f 1842 1859 1843
f 1843 1860 1844
f 1844 1861 1845
f 1845 1862 1846
f 1843 1859 1860
f 1844 1860 1861
f 1845 1861 1862
f 1844 1845 2049
f 1845 1846 2050
f 1846 1847 2051
f 1847 1848 2052
f 1846 1863 1847
f 1847 1864 1848
f 1848 1865 1849
f 1849 1866 1850
f 1850 1867 1851
f 1848 1849 2053
f 1849 1850 2062
f 1850 1851 2063
f 1851 1852 2060
f 1852 1874 2061
f 1838 2043 2042
f 1839 2044 2043
f 1840 2045 2044
f 1841 2046 2045
f 1842 2047 2046
f 1843 2048 2047
f 1844 2049 2048
f 1845 2050 2049
f 1846 2051 2050
f 1847 2052 2051
f 1848 2053 2052
f 1851 2056 2054
f 1851 2059 2056
f 1851 2054 2063
f 1849 2062 2053
f 1850 2063 2062
f 1851 2060 2059
f 1852 2061 2060
f 1874 2607 2061
f 1846 1862 1863
f 1847 1863 1864
f 1848 1864 1865
f 1849 1865 1866
f 1850 1866 1867
f 1851 1867 1868
f 1852 1868 1869
f 1874 1869 1870
f 1875 1870 1871
f 1851 1868 1852
f 1852 1869 1874
f 1874 1870 1875
f 1875 1871 1876
f 1876 1872 1877
f 1876 1871 1872
f 1877 1872 1873
f 1877 1873 1881
f 1874 1875 1882
f 1875 1876 1883
f 1876 1877 1884
f 1877 1878 1886
f 1875 1883 1882
f 1876 1884 1883
f 1877 1886 1884
f 1878 1887 1886
f 1877 1881 1878
f 1878 1881 1879
f 1879 1881 1880
f 1878 1879 1887
f 1879 1880 1895
f 1880 1881 1903
f 1879 1895 1887
f 1880 1896 1895
f 1880 1903 1896
f 1874 1882 1889
f 1882 1885 1888
f 1874 1889 2607
f 1882 1883 2003
f 1883 1884 2003
f 1884 1886 2003
f 1882 2003 2002
f 1882 2002 1885
f 1886 1887 2003
f 1882 1888 1889
f 1889 1888 1892
f 1889 1892 2005
f 1889 2006 1890
f 1890 2006 1891
f 1889 2005 2006
f 1891 2041 1893
f 1887 1895 2016
f 1895 1896 2016
f 1896 1903 2016
f 1893 2041 1894
f 1894 2041 1955
f 1955 2041 1956
f 1956 2041 1969
f 2003 2004 2002
f 1887 2016 2003
f 2003 2016 2006
f 2006 2005 2004
f 1891 2006 2041
f 2003 2006 2004
f 2006 2016 2041
f 479 2048 2049
f 479 2049 2050
f 479 2050 2051
f 479 2051 2052
f 479 2052 2053
f 479 2053 2062
f 479 2062 2063
f 479 2063 2064
f 488 2064 2065
f 2054 2056 2055
f 2054 2055 2057
f 2055 2056 2058
f 2055 2058 2057
f 2056 2059 2058
f 2054 2057 2063
f 2057 2058 2064
f 2057 2064 2063
f 2065 2071 2066
f 488 2065 2066
f 488 2066 2336
f 2067 2068 2337
f 2068 2069 2502
f 2069 2552 2503
f 2065 2072 2071
f 2065 2616 2072
f 2071 2072 2073
f 488 2336 2077
f 2336 2078 2077
f 2336 2079 2078
f 2336 2080 2079
f 2336 2081 2080
f 2336 2082 2081
f 2336 2083 2082
f 2336 2084 2083
f 2336 2085 2084
f 816 2116 836
f 836 2116 2088
f 848 2090 2091
f 848 2091 849
f 849 2091 2092
f 849 2092 850
f 850 2093 851
f 850 2092 2093
f 2090 2097 2091
f 2091 2098 2092
f 2092 2099 2093
f 851 2094 852
f 851 2093 2094
f 852 2094 2095
f 852 2095 2096
f 2093 2100 2094
f 2094 2101 2095
f 2095 2101 2096
f 2091 2097 2098
f 2092 2098 2099
f 2093 2099 2100
f 2094 2100 2101
f 2090 2102 2097
f 2096 2101 2106
f 2097 2102 2098
f 2098 2103 2099
f 2099 2104 2100
f 2100 2105 2101
f 2098 2102 2103
f 2099 2103 2104
f 2100 2104 2105
f 2101 2105 2106
f 2090 2118 2102
f 2096 2106 2122
f 2089 2210 2090
f 2102 2118 2103
f 2103 2119 2104
f 2104 2120 2105
f 2105 2121 2106
f 2096 2122 2130
f 541 2294 2338
f 561 2342 2301
f 576 2317 2341
f 2088 2116 2191
f 2103 2118 2119
f 2104 2119 2120
f 2105 2120 2121
f 2106 2121 2122
f 2090 2210 2118
f 2118 2126 2119
f 2119 2127 2120
f 2120 2128 2121
f 2096 2130 2190
f 2121 2129 2122
f 2119 2126 2127
f 2120 2127 2128
f 2121 2128 2129
f 2122 2129 2130
f 2191 2116 2115
f 2088 2191 2321
f 2089 2206 2210
f 2089 2325 2206
f 2096 2190 2216
f 2096 2216 2217
f 2096 2217 2328
f 2118 2210 2126
f 2126 2186 2127
f 2127 2187 2128
f 2128 2188 2129
f 2129 2189 2130
f 2127 2186 2187
f 2128 2187 2188
f 2129 2188 2189
f 2130 2189 2190
f 2088 2322 2293
f 2088 2293 2294
f 2088 2321 2322
f 2089 2295 2325
f 2089 2301 2300
f 2089 2300 2295
f 2096 2328 2299
f 2096 2299 2302
f 2096 2302 2317
f 641 2338 2339
f 642 2339 2340
f 645 2340 2369
f 644 2369 2370
f 646 2343 2342
f 647 2357 2343
f 679 2341 2354
f 682 2354 2359
f 670 2359 2367
f 664 2358 2357
f 665 2371 2358
f 674 2367 2413
f 888 2141 889
f 889 2142 890
f 890 2143 891
f 889 2141 2142
f 890 2142 2143
f 891 2143 2144
f 891 2144 892
f 892 2144 2145
f 446 2408 2509
f 2141 2156 2142
f 2142 2157 2143
f 2143 2158 2144
f 2144 2159 2145
f 446 2509 2514
f 876 2433 886
f 2146 2147 2152
f 2147 2148 2153
f 2148 2150 2155
f 2149 2154 2150
f 2146 2152 2151
f 2148 2155 2153
f 2147 2153 2152
f 2150 2154 2155
f 886 2433 896
f 644 2370 2387
f 2142 2156 2157
f 2143 2157 2158
f 2144 2158 2159
f 2145 2159 2160
f 435 2387 2681
f 2156 2166 2157
f 2157 2167 2158
f 2158 2168 2159
f 446 2514 2666
f 2159 2169 2160
f 2151 2152 2162
f 2152 2153 2163
f 896 2433 2149
f 2153 2155 2165
f 2154 2164 2155
f 665 2409 2371
f 741 2424 2409
f 709 2413 2433
f 2151 2162 2161
f 2153 2165 2163
f 2152 2163 2162
f 2155 2164 2165
f 2157 2166 2167
f 2158 2167 2168
f 2159 2168 2169
f 2160 2169 2170
f 446 2666 2671
f 2166 2176 2167
f 2167 2177 2168
f 2168 2178 2169
f 2169 2179 2170
f 2146 2151 2424
f 2161 2162 2172
f 2162 2163 2173
f 2149 2433 2154
f 2163 2165 2175
f 2164 2174 2165
f 2161 2172 2171
f 2163 2175 2173
f 2162 2173 2172
f 2151 2161 2424
f 2154 2433 2164
f 2165 2174 2175
f 2167 2176 2177
f 2168 2177 2178
f 2169 2178 2179
f 446 2671 2689
f 2170 2179 2180
f 888 2681 2141
f 2176 2377 2177
f 2177 2378 2178
f 2178 2379 2179
f 446 2689 2690
f 2179 2380 2180
f 2171 2172 2182
f 2172 2173 2183
f 2173 2175 2185
f 2174 2184 2175
f 2161 2171 2424
f 2164 2433 2174
f 2171 2182 2181
f 2173 2185 2183
f 2172 2183 2182
f 2175 2184 2185
f 2171 2181 2424
f 2174 2433 2184
f 1259 2690 3758
f 2336 2086 2085
f 2336 2087 2086
f 2066 2071 2336
f 2067 2337 2620
f 2068 2502 2337
f 2069 2503 2502
f 2503 2552 2504
f 2336 2107 2087
f 2336 2108 2107
f 2336 2109 2108
f 2336 2110 2109
f 2336 2114 2110
f 2126 2210 2186
f 2186 2212 2187
f 2187 2213 2188
f 2188 2214 2189
f 2189 2215 2190
f 2186 2210 2212
f 2187 2212 2213
f 2188 2213 2214
f 2189 2214 2215
f 2190 2215 2216
f 2624 2113 2114
f 2625 2111 2113
f 2626 2112 2111
f 2627 2115 2112
f 2191 2192 2193
f 2191 2193 2194
f 2191 2194 2195
f 2191 2195 2196
f 2191 2196 2197
f 2191 2323 2321
f 2191 2197 2198
f 2191 2198 2199
f 2191 2199 2200
f 2191 2200 2201
f 2191 2201 2202
f 2191 2202 2203
f 2191 2203 2204
f 2191 2324 2323
f 2191 2204 2205
f 2191 2205 2324
f 2206 2207 2211
f 2206 2211 2210
f 2206 2208 2207
f 2206 2209 2208
f 2207 2208 2221
f 2206 2256 2209
f 2206 2257 2256
f 2206 2258 2257
f 2206 2259 2258
f 2208 2209 2226
f 2209 2256 2230
f 2206 2325 2260
f 2206 2261 2259
f 2206 2260 2261
f 2207 2219 2211
f 2207 2221 2219
f 2208 2226 2221
f 2209 2228 2226
f 2209 2230 2228
f 2210 2211 2212
f 2211 2220 2212
f 2212 2222 2213
f 2212 2220 2222
f 2213 2223 2214
f 2213 2222 2223
f 2214 2223 2233
f 2214 2233 2215
f 2215 2234 2216
f 2215 2233 2234
f 2216 2234 2217
f 2217 2234 2218
f 2217 2218 2235
f 2217 2249 2328
f 2211 2219 2220
f 2219 2221 2220
f 2220 2221 2227
f 2220 2224 2222
f 2222 2225 2223
f 2220 2227 2224
f 2222 2224 2225
f 2223 2225 2237
f 2221 2226 2227
f 2226 2228 2227
f 2227 2228 2229
f 2228 2230 2229
f 2229 2230 2262
f 2224 2227 2231
f 2227 2229 2231
f 2224 2232 2225
f 2224 2231 2232
f 2225 2232 2240
f 2229 2266 2231
f 2231 2267 2232
f 2231 2266 2267
f 2232 2267 2243
f 2223 2237 2233
f 2233 2236 2234
f 2218 2234 2236
f 2233 2237 2236
f 2218 2236 2235
f 2217 2235 2238
f 2217 2238 2241
f 2225 2240 2237
f 2236 2237 2239
f 2236 2239 2238
f 2235 2236 2238
f 2217 2241 2244
f 2217 2244 2247
f 2237 2240 2239
f 2239 2240 2242
f 2239 2242 2241
f 2238 2239 2241
f 2241 2242 2244
f 2232 2243 2240
f 2240 2243 2242
f 2242 2243 2245
f 2243 2267 2290
f 2217 2247 2248
f 2217 2248 2250
f 2217 2250 2249
f 2242 2245 2244
f 2245 2246 2247
f 2243 2290 2245
f 2245 2290 2246
f 2246 2252 2248
f 2246 2291 2252
f 2244 2245 2247
f 2246 2248 2247
f 2249 2251 2253
f 2249 2250 2251
f 2250 2252 2251
f 2251 2252 2292
f 2251 2292 2254
f 2251 2255 2253
f 2254 2288 2255
f 2251 2254 2255
f 2248 2252 2250
f 2256 2257 2263
f 2257 2258 2268
f 2258 2259 2270
f 2259 2261 2277
f 2260 2278 2261
f 2230 2256 2262
f 2256 2263 2262
f 2257 2265 2263
f 2257 2268 2265
f 2258 2269 2268
f 2258 2270 2269
f 2259 2277 2270
f 2260 2273 2278
f 2261 2276 2277
f 2261 2278 2276
f 2262 2263 2264
f 2263 2265 2264
f 2229 2262 2264
f 2264 2265 2271
f 2229 2264 2266
f 2264 2282 2266
f 2266 2280 2267
f 2267 2280 2290
f 2266 2282 2280
f 2264 2271 2282
f 2265 2268 2271
f 2268 2269 2272
f 2269 2270 2272
f 2268 2272 2271
f 2270 2279 2272
f 2273 2274 2278
f 2273 2275 2274
f 2270 2277 2279
f 2276 2279 2277
f 2274 2276 2278
f 2274 2279 2276
f 2280 2282 2281
f 2280 2281 2291
f 2281 2286 2292
f 2271 2283 2282
f 2271 2272 2283
f 2272 2289 2283
f 2281 2282 2283
f 2281 2283 2286
f 2283 2289 2286
f 2274 2275 2285
f 2275 2284 2285
f 2254 2286 2287
f 2286 2289 2287
f 2284 2287 2285
f 2284 2288 2287
f 2254 2287 2288
f 2285 2287 2289
f 2272 2279 2289
f 2279 2285 2289
f 2274 2285 2279
f 2280 2291 2290
f 2246 2290 2291
f 2252 2291 2292
f 2281 2292 2291
f 2254 2292 2286
f 2295 2300 2296
f 2305 2308 2335
f 2296 2304 2333
f 2306 2334 2333
f 2305 2335 2334
f 2304 2306 2333
f 2305 2334 2306
f 2297 2299 2328
f 2297 2303 2299
f 2298 2308 2303
f 2297 2298 2303
f 2298 2335 2308
f 2317 2319 2341
f 2300 2301 2307
f 2296 2300 2307
f 2301 2342 2310
f 2301 2310 2307
f 2304 2309 2312
f 2305 2311 2318
f 2306 2312 2311
f 2299 2303 2302
f 2303 2308 2316
f 2305 2318 2308
f 2302 2316 2317
f 2302 2303 2316
f 2308 2318 2316
f 2296 2307 2304
f 2304 2312 2306
f 2305 2306 2311
f 2304 2307 2309
f 2307 2310 2309
f 2309 2313 2312
f 2311 2312 2314
f 2311 2314 2320
f 2309 2310 2315
f 2310 2344 2315
f 2309 2315 2313
f 2312 2313 2314
f 2316 2319 2317
f 2316 2318 2319
f 2311 2320 2318
f 2318 2320 2319
f 2293 2620 2294
f 2260 2325 2273
f 2273 2325 2326
f 2295 2326 2325
f 2295 2296 2326
f 2298 2330 2335
f 2326 2333 2329
f 2329 2334 2331
f 2330 2331 2335
f 2253 2327 2328
f 2297 2328 2327
f 2297 2332 2298
f 2297 2327 2332
f 2298 2332 2330
f 2273 2326 2329
f 2288 2330 2332
f 2273 2331 2275
f 2273 2329 2331
f 2275 2331 2284
f 2284 2330 2288
f 2284 2331 2330
f 2249 2253 2328
f 2255 2332 2327
f 2253 2255 2327
f 2255 2288 2332
f 2296 2333 2326
f 2329 2333 2334
f 2331 2334 2335
f 2191 2115 2627
f 2336 2633 2114
f 2624 2625 2113
f 2625 2626 2111
f 2626 2627 2112
f 2191 2627 2192
f 2192 2627 2193
f 2193 2627 2194
f 2194 2627 2195
f 2195 2627 2196
f 2196 2627 2197
f 2197 2627 2198
f 2200 2648 2201
f 2201 2648 2202
f 2202 2648 2203
f 2199 2649 2200
f 2321 2619 2322
f 2321 2323 2622
f 2293 2322 2621
f 2294 2620 2337
f 2294 2337 2502
f 2204 2623 2205
f 2323 2324 2623
f 2205 2623 2324
f 2203 2648 2204
f 2322 2619 2618
f 2321 2622 2619
f 2293 2621 2620
f 2322 2618 2621
f 2342 2343 2350
f 2310 2342 2344
f 2342 2350 2344
f 2343 2360 2350
f 2343 2357 2360
f 2313 2345 2314
f 2315 2344 2346
f 2313 2315 2347
f 2314 2345 2349
f 2313 2347 2345
f 2344 2350 2346
f 2315 2346 2347
f 2319 2320 2348
f 2319 2348 2341
f 2314 2349 2320
f 2320 2349 2348
f 2341 2348 2354
f 2346 2350 2351
f 2346 2353 2347
f 2345 2347 2352
f 2350 2360 2351
f 2345 2352 2356
f 2347 2353 2352
f 2346 2351 2353
f 2348 2349 2355
f 2345 2356 2349
f 2348 2355 2354
f 2349 2356 2355
f 2354 2355 2359
f 2357 2358 2366
f 2357 2366 2360
f 2352 2353 2362
f 2355 2356 2364
f 2352 2365 2356
f 2355 2364 2359
f 2356 2365 2364
f 2359 2364 2367
f 2351 2360 2363
f 2351 2361 2353
f 2352 2362 2365
f 2353 2361 2362
f 2351 2363 2361
f 2360 2366 2363
f 2363 2366 2372
f 2361 2374 2362
f 2361 2363 2373
f 2362 2374 2376
f 2364 2365 2368
f 2364 2368 2367
f 2362 2376 2365
f 2365 2376 2368
f 2367 2368 2413
f 2294 2502 2338
f 2338 2503 2339
f 2339 2504 2340
f 2358 2371 2375
f 2358 2375 2366
f 2363 2372 2373
f 2361 2373 2374
f 2366 2375 2372
f 2372 2375 2415
f 2373 2414 2374
f 2372 2416 2373
f 2368 2376 2418
f 2374 2417 2376
f 2177 2377 2378
f 2178 2378 2379
f 2179 2379 2380
f 2141 2681 2156
f 2180 2380 2381
f 2377 2404 2378
f 2378 2405 2379
f 2379 2406 2380
f 2156 2681 2166
f 2380 2407 2381
f 2181 2182 2383
f 2182 2183 2384
f 2183 2185 2386
f 2184 2385 2185
f 2181 2383 2382
f 2183 2386 2384
f 2182 2384 2383
f 2185 2385 2386
f 2181 2382 2424
f 2184 2433 2385
f 2382 2383 2425
f 2384 2386 2429
f 2383 2384 2427
f 2385 2434 2386
f 2370 2391 2387
f 2387 2389 2388
f 2387 2390 2389
f 2387 2397 2390
f 2387 2396 2397
f 2387 2398 2396
f 2387 2391 2392
f 2387 2392 2393
f 2387 2393 2394
f 2387 2394 2400
f 2387 2400 2401
f 2387 2401 2402
f 2387 2399 2398
f 2387 2395 2399
f 2387 2402 2403
f 2387 2403 2395
f 2378 2404 2405
f 2379 2405 2406
f 2380 2406 2407
f 2381 2407 2408
f 2166 2681 2176
f 2404 2505 2405
f 2405 2506 2406
f 2406 2507 2407
f 2405 2505 2506
f 2406 2506 2507
f 2407 2507 2508
f 2407 2508 2408
f 2408 2508 2509
f 2371 2409 2464
f 2371 2464 2470
f 2371 2470 2375
f 2409 2424 2437
f 2409 2465 2464
f 2409 2468 2465
f 2409 2469 2468
f 2409 2466 2467
f 2409 2467 2469
f 2409 2410 2411
f 2409 2411 2412
f 2409 2437 2410
f 2410 2439 2411
f 2409 2412 2466
f 2411 2443 2412
f 2410 2437 2438
f 2410 2438 2439
f 2411 2439 2443
f 2412 2443 2444
f 2412 2444 2486
f 2368 2418 2413
f 2376 2417 2418
f 2413 2419 2433
f 2372 2415 2416
f 2373 2416 2414
f 2374 2414 2417
f 2375 2470 2415
f 2414 2477 2417
f 2414 2416 2476
f 2415 2476 2416
f 2415 2471 2476
f 2414 2476 2477
f 2413 2418 2419
f 2417 2421 2418
f 2418 2421 2420
f 2417 2477 2421
f 2418 2420 2419
f 2419 2420 2422
f 2420 2421 2422
f 2421 2480 2422
f 2422 2480 2454
f 2422 2454 2423
f 2419 2422 2423
f 2382 2425 2424
f 2383 2427 2425
f 2384 2429 2427
f 2424 2426 2437
f 2424 2425 2426
f 2425 2427 2428
f 2425 2428 2426
f 2427 2429 2430
f 2429 2435 2430
f 2427 2430 2428
f 2385 2433 2431
f 2431 2433 2432
f 2432 2433 2449
f 2386 2434 2429
f 2385 2431 2434
f 2429 2434 2435
f 2431 2432 2434
f 2432 2435 2434
f 2436 2447 2459
f 2446 2497 2488
f 2436 2462 2498
f 2436 2497 2447
f 2446 2447 2497
f 2426 2438 2437
f 2426 2440 2438
f 2439 2440 2443
f 2438 2440 2439
f 2426 2428 2440
f 2428 2441 2440
f 2428 2430 2441
f 2430 2435 2442
f 2430 2442 2441
f 2440 2441 2445
f 2441 2442 2446
f 2442 2463 2447
f 2440 2445 2443
f 2444 2445 2486
f 2443 2445 2444
f 2445 2488 2486
f 2441 2446 2445
f 2442 2447 2446
f 2445 2446 2488
f 2419 2423 2433
f 2423 2456 2433
f 2433 2456 2457
f 2432 2448 2463
f 2432 2449 2448
f 2433 2452 2449
f 2433 2451 2452
f 2448 2449 2452
f 2448 2452 2450
f 2448 2459 2463
f 2448 2450 2459
f 2433 2460 2451
f 2433 2457 2453
f 2433 2453 2460
f 2450 2452 2451
f 2454 2455 2457
f 2453 2455 2461
f 2455 2500 2461
f 2423 2454 2456
f 2454 2457 2456
f 2453 2457 2455
f 2458 2460 2461
f 2450 2451 2458
f 2450 2458 2462
f 2450 2462 2459
f 2451 2460 2458
f 2453 2461 2460
f 2458 2461 2501
f 2458 2501 2462
f 2436 2459 2462
f 2432 2463 2435
f 2435 2463 2442
f 2447 2463 2459
f 2464 2465 2472
f 2465 2468 2474
f 2464 2472 2470
f 2465 2473 2472
f 2465 2474 2473
f 2468 2469 2481
f 2467 2483 2469
f 2412 2486 2466
f 2466 2490 2467
f 2468 2481 2474
f 2469 2482 2481
f 2469 2483 2482
f 2466 2486 2487
f 2466 2487 2490
f 2467 2490 2489
f 2467 2489 2483
f 2415 2470 2471
f 2470 2472 2471
f 2472 2473 2475
f 2473 2474 2475
f 2471 2472 2475
f 2474 2484 2475
f 2471 2479 2476
f 2476 2478 2477
f 2476 2479 2478
f 2477 2478 2480
f 2478 2494 2499
f 2471 2475 2479
f 2475 2492 2479
f 2475 2484 2492
f 2478 2479 2494
f 2479 2492 2494
f 2421 2477 2480
f 2478 2499 2480
f 2474 2481 2484
f 2481 2482 2484
f 2482 2483 2485
f 2483 2489 2485
f 2482 2485 2484
f 2486 2488 2487
f 2487 2491 2490
f 2487 2488 2491
f 2489 2490 2491
f 2485 2489 2491
f 2494 2495 2500
f 2484 2493 2492
f 2485 2496 2493
f 2484 2485 2493
f 2492 2495 2494
f 2492 2493 2495
f 2493 2498 2495
f 2491 2497 2496
f 2488 2497 2491
f 2436 2498 2496
f 2495 2498 2501
f 2436 2496 2497
f 2485 2491 2496
f 2493 2496 2498
f 2454 2480 2499
f 2454 2499 2455
f 2455 2499 2500
f 2494 2500 2499
f 2461 2500 2501
f 2495 2501 2500
f 2462 2501 2498
f 2338 2502 2503
f 2339 2503 2504
f 2340 2657 2369
f 2369 2658 2370
f 2340 2504 2656
f 2340 2656 2657
f 2369 2657 2658
f 2370 2658 2659
f 2370 2659 2660
f 2370 2660 2391
f 2176 2681 2377
f 2505 2510 2506
f 2506 2511 2507
f 2507 2512 2508
f 2377 2681 2404
f 2506 2510 2511
f 2507 2511 2512
f 2508 2512 2513
f 2508 2513 2509
f 2509 2513 2514
f 2391 2661 2392
f 2392 2661 2393
f 2393 2661 2394
f 2394 2661 2400
f 2400 2661 2401
f 2401 2674 2402
f 2395 2403 2674
f 2402 2674 2403
f 2389 2390 2681
f 2390 2397 2681
f 2396 2681 2397
f 2387 2388 2681
f 2388 2389 2681
f 2398 2399 2681
f 2396 2398 2681
f 2404 2681 2505
f 2510 2662 2511
f 2511 2663 2512
f 2512 2664 2513
f 2511 2662 2663
f 2512 2663 2664
f 2513 2664 2665
f 2513 2665 2514
f 2514 2665 2666
f 2058 2059 2515
f 2059 2060 2515
f 2060 2061 2515
f 2061 2607 2515
f 2515 2607 2608
f 2058 2515 2064
f 2064 2515 2065
f 2065 2515 2516
f 2519 2521 2520
f 2067 2520 2521
f 2067 2522 2068
f 2517 2526 2519
f 2517 2518 2525
f 2067 2521 2522
f 2519 2526 2521
f 2518 2523 2529
f 2523 2524 2535
f 2523 2535 2529
f 2524 2532 2535
f 2517 2525 2526
f 2518 2529 2525
f 2525 2530 2526
f 2521 2526 2528
f 2521 2527 2522
f 2522 2527 2560
f 2521 2528 2527
f 2526 2530 2528
f 2525 2529 2530
f 2529 2531 2530
f 2529 2535 2531
f 2531 2535 2537
f 2517 2619 2518
f 2519 2520 2621
f 2517 2519 2618
f 2067 2620 2520
f 2518 2622 2523
f 2523 2623 2524
f 2524 2648 2532
f 2532 2536 2535
f 2532 2533 2536
f 2533 2534 2539
f 2533 2539 2536
f 2534 2543 2539
f 2535 2536 2537
f 2536 2538 2537
f 2536 2539 2538
f 2538 2539 2540
f 2539 2543 2540
f 2540 2543 2545
f 2534 2541 2543
f 2541 2542 2543
f 2542 2544 2543
f 2542 2592 2544
f 2543 2544 2545
f 2544 2546 2545
f 2544 2547 2546
f 2544 2592 2547
f 2546 2547 2549
f 2547 2548 2549
f 2548 2550 2549
f 2548 2594 2550
f 2550 2594 2551
f 2532 2649 2533
f 2533 2650 2534
f 2534 2651 2541
f 2541 2652 2542
f 2068 2553 2069
f 2069 2554 2552
f 2552 2558 2555
f 2068 2522 2553
f 2069 2553 2554
f 2552 2554 2558
f 2555 2558 2556
f 2556 2558 2559
f 2522 2560 2553
f 2553 2561 2554
f 2556 2559 2557
f 2553 2560 2561
f 2554 2561 2562
f 2554 2562 2558
f 2558 2562 2563
f 2558 2563 2559
f 2559 2564 2567
f 2559 2563 2564
f 2557 2559 2567
f 2557 2567 2565
f 2565 2567 2568
f 2565 2568 2566
f 2568 2571 2569
f 2566 2568 2569
f 2567 2570 2568
f 2564 2570 2567
f 2568 2570 2572
f 2504 2552 2555
f 2555 2556 2656
f 2556 2557 2657
f 2557 2565 2658
f 2565 2566 2659
f 2566 2569 2660
f 2569 2571 2590
f 2571 2574 2590
f 2568 2572 2571
f 2571 2572 2573
f 2571 2573 2574
f 2574 2575 2591
f 2574 2591 2590
f 2575 2585 2591
f 2573 2576 2574
f 2574 2576 2575
f 2575 2576 2586
f 2551 2595 2580
f 2577 2582 2587
f 2579 2587 2582
f 2578 2582 2583
f 2578 2583 2600
f 2581 2600 2583
f 2578 2579 2582
f 2575 2584 2585
f 2584 2588 2585
f 2575 2586 2584
f 2577 2584 2586
f 2577 2587 2584
f 2584 2587 2589
f 2579 2601 2587
f 2587 2601 2589
f 2584 2589 2588
f 2569 2590 2661
f 2585 2675 2591
f 2585 2588 2672
f 2588 2589 2673
f 2590 2591 2674
f 2547 2592 2593
f 2547 2593 2548
f 2548 2593 2596
f 2548 2596 2594
f 2594 2598 2595
f 2551 2594 2595
f 2594 2596 2597
f 2594 2597 2598
f 2595 2598 2604
f 2542 2724 2592
f 2592 2725 2593
f 2593 2726 2596
f 2596 2727 2597
f 2597 2728 2598
f 2595 2604 2599
f 2599 2605 2600
f 2578 2602 2579
f 2578 2600 2606
f 2578 2603 2602
f 2580 2595 2599
f 2581 2599 2600
f 2580 2599 2581
f 2599 2604 2605
f 2578 2606 2603
f 2600 2605 2606
f 2579 2602 2601
f 2603 2606 2785
f 2601 2602 2783
f 2589 2601 2782
f 2602 2603 2784
f 2598 2786 2604
f 2604 2787 2605
f 2605 2788 2606
f 1889 1890 2608
f 1890 1891 2608
f 1889 2608 2607
f 2515 2608 2609
f 1891 2609 2608
f 2515 2609 2610
f 2515 2610 2611
f 1891 1893 2609
f 1893 1894 2610
f 1893 2610 2609
f 1894 2611 2610
f 2515 2611 2612
f 2515 2612 2613
f 2515 2613 2615
f 2065 2516 2616
f 2516 2617 2616
f 2515 2617 2516
f 2515 2615 2617
f 1894 1955 2611
f 1955 1956 2612
f 1955 2612 2611
f 1956 2613 2612
f 1956 1969 2614
f 1956 2614 2613
f 2613 2614 2615
f 2071 2073 2633
f 2616 2617 2072
f 2527 3673 2560
f 2527 2528 3674
f 2528 2530 3676
f 2530 2531 3675
f 2517 2618 2619
f 2518 2619 2622
f 2520 2620 2621
f 2519 2621 2618
f 2523 2622 2623
f 2524 2623 2648
f 2531 2537 3686
f 2537 2538 3687
f 2538 2540 3688
f 2540 2545 3689
f 2545 2546 3690
f 2546 2549 3691
f 2549 2550 3692
f 2550 2551 3693
f 2532 2648 2649
f 2533 2649 2650
f 2534 2650 2651
f 2541 2651 2652
f 2542 2652 2724
f 2560 3723 2561
f 2561 3724 2562
f 2562 3725 2563
f 2563 3726 2564
f 2564 3727 2570
f 2504 2555 2656
f 2556 2657 2656
f 2557 2658 2657
f 2565 2659 2658
f 2566 2660 2659
f 2569 2661 2660
f 2570 3749 2572
f 2572 3750 2573
f 2573 3751 2576
f 2576 3757 2586
f 2551 2580 3753
f 2581 2583 3754
f 2580 2581 3753
f 2582 3755 2583
f 2577 3756 2582
f 2577 2586 3752
f 2585 2672 2675
f 2588 2673 2672
f 2589 2782 2673
f 2590 2674 2661
f 2591 2675 2674
f 2624 2114 2633
f 2071 2633 2336
f 2198 2709 2199
f 2198 2627 2702
f 2199 2709 2649
f 2323 2623 2622
f 2204 2648 2623
f 2200 2649 2648
f 2528 3676 3674
f 2527 3674 3673
f 2530 3675 3676
f 2531 3686 3675
f 2624 2632 2625
f 2624 2628 2632
f 2625 2631 2626
f 2626 2631 2627
f 2625 2632 2631
f 2198 2702 2709
f 2633 2073 2655
f 2624 2633 2628
f 2628 2629 2632
f 2628 2630 2629
f 2628 2633 2630
f 2627 2631 2634
f 2631 2632 2634
f 2629 2635 2632
f 2630 2633 2638
f 2633 2639 2638
f 2633 2640 2639
f 2627 2634 2702
f 2632 2635 2634
f 2629 2630 2636
f 2629 2636 2635
f 2630 2638 2637
f 2630 2637 2636
f 2637 2638 2646
f 2638 2639 2646
f 2639 2640 2647
f 2640 2641 2647
f 2633 2641 2640
f 2633 2643 2642
f 2633 2642 2641
f 2633 2645 2644
f 2633 2644 2643
f 2641 2642 2647
f 2642 2643 2647
f 2643 2644 2647
f 2644 2645 2647
f 2639 2647 2646
f 2645 2706 2647
f 2633 2653 2645
f 2645 2654 2706
f 2633 2655 2653
f 2645 2653 2654
f 2537 3687 3686
f 2538 3688 3687
f 2540 3689 3688
f 2649 2733 2650
f 2545 3690 3689
f 2546 3691 3690
f 2549 3692 3691
f 2550 3693 3692
f 2560 3673 3723
f 2561 3723 3724
f 2562 3724 3725
f 2563 3725 3726
f 2564 3726 3727
f 2570 3727 3749
f 2391 2660 2661
f 2395 2796 2399
f 2401 2661 2674
f 2505 2681 2510
f 2662 2667 2663
f 2663 2668 2664
f 2664 2669 2665
f 2665 2670 2666
f 2510 2681 2662
f 2663 2667 2668
f 2664 2668 2669
f 2665 2669 2670
f 2666 2670 2671
f 2395 2674 2796
f 2662 2681 2667
f 2667 2676 2668
f 2668 2677 2669
f 2669 2678 2670
f 2670 2679 2671
f 2399 2792 2681
f 2668 2676 2677
f 2669 2677 2678
f 2670 2678 2679
f 2667 2681 2676
f 2671 2679 2680
f 2671 2680 2689
f 2572 3749 3750
f 2573 3750 3751
f 2576 3751 3757
f 2577 3752 3756
f 2551 3753 3693
f 2581 3754 3753
f 2582 3756 3755
f 2583 3755 3754
f 2586 3757 3752
f 2399 2796 2792
f 2676 2682 2677
f 2677 2683 2678
f 2678 2684 2679
f 2676 2681 2682
f 2677 2682 2683
f 2678 2683 2684
f 2679 2684 2688
f 2679 2688 2680
f 2680 2688 2689
f 2681 2685 2682
f 2682 2686 2683
f 2683 2687 2684
f 2684 2691 2688
f 2682 2685 2686
f 2683 2686 2687
f 2684 2687 2691
f 2681 2693 2685
f 2685 2695 2686
f 2686 2696 2687
f 2687 2698 2691
f 2688 2692 2689
f 2689 2692 2690
f 2688 2691 2692
f 2690 2692 2697
f 2691 2699 2692
f 2690 2697 3759
f 2674 2675 2808
f 2685 2693 2694
f 2681 2700 2693
f 2685 2694 2695
f 2686 2695 2696
f 2687 2696 2698
f 2693 2700 2694
f 2692 2699 2697
f 2691 2698 2699
f 2697 2699 2701
f 2681 2792 2700
f 2694 2790 2695
f 2694 2700 2789
f 2695 2791 2696
f 2696 2793 2698
f 2694 2789 2790
f 2695 2790 2791
f 2696 2791 2793
f 2698 2794 2699
f 2699 2794 2701
f 2698 2793 2794
f 2697 2701 3760
f 2690 3759 3758
f 2697 3760 3759
f 2701 3877 3760
f 2592 2724 2725
f 2593 2725 2726
f 2596 2726 2727
f 2597 2727 2728
f 2598 2728 2786
f 2601 2783 2782
f 2602 2784 2783
f 2603 2785 2784
f 2604 2786 2787
f 2605 2787 2788
f 2606 2788 2785
f 2634 2635 2702
f 2636 2637 2704
f 2637 2646 2705
f 2635 2636 2703
f 2635 2703 2702
f 2646 2707 2705
f 2636 2704 2703
f 2637 2705 2704
f 2646 2647 2707
f 2647 2706 2708
f 2647 2708 2707
f 2705 2707 2712
f 2702 2703 2709
f 2703 2704 2711
f 2704 2705 2713
f 2703 2711 2709
f 2705 2712 2713
f 2704 2713 2711
f 2707 2714 2712
f 2706 2710 2708
f 2707 2708 2714
f 2708 2710 2715
f 2708 2715 2714
f 2649 2709 2717
f 2649 2717 2733
f 2706 2654 2729
f 2706 2729 2730
f 2706 2730 2731
f 2706 2731 2710
f 2710 2731 2732
f 2709 2711 2717
f 2711 2713 2718
f 2712 2719 2713
f 2712 2714 2720
f 2710 2716 2715
f 2714 2715 2721
f 2715 2722 2721
f 2715 2716 2722
f 2711 2718 2717
f 2713 2719 2718
f 2712 2720 2719
f 2714 2721 2720
f 2650 2733 2738
f 2717 2718 2734
f 2718 2719 2734
f 2719 2720 2736
f 2720 2721 2735
f 2717 2734 2733
f 2719 2736 2734
f 2720 2735 2736
f 2721 2739 2735
f 2716 2723 2722
f 2721 2722 2739
f 2722 2723 2740
f 2722 2740 2739
f 2710 3791 2716
f 2716 3792 2723
f 2650 2738 2651
f 2651 2747 2652
f 2652 2754 2724
f 2724 2758 2725
f 2651 2738 2747
f 2652 2747 2754
f 2725 2758 2726
f 2726 2768 2727
f 2727 2772 2728
f 2710 2732 3791
f 3791 2732 3786
f 2716 3791 3792
f 2723 3792 3820
f 2735 2742 2736
f 2735 2739 2743
f 2733 2734 2737
f 2734 2736 2737
f 2733 2737 2738
f 2736 2742 2737
f 2735 2743 2742
f 2739 2744 2743
f 2723 2741 2740
f 2739 2740 2744
f 2740 2745 2744
f 2740 2741 2745
f 2737 2748 2738
f 2738 2748 2747
f 2742 2743 2749
f 2737 2742 2748
f 2743 2744 2750
f 2742 2749 2748
f 2743 2750 2749
f 2744 2751 2750
f 2741 2746 2745
f 2744 2745 2751
f 2745 2746 2752
f 2745 2752 2751
f 2723 3820 2741
f 2741 3821 2746
f 2724 2754 2758
f 2747 2748 2753
f 2728 2772 2786
f 2726 2758 2768
f 2727 2768 2772
f 2748 2749 2753
f 2749 2750 2755
f 2750 2751 2756
f 2747 2753 2754
f 2749 2755 2753
f 2750 2756 2755
f 2751 2760 2756
f 2753 2757 2754
f 2755 2756 2762
f 2753 2755 2757
f 2754 2757 2758
f 2756 2760 2763
f 2755 2762 2757
f 2756 2763 2762
f 2760 2765 2763
f 2751 2752 2760
f 2746 2759 2752
f 2752 2759 2761
f 2752 2761 2760
f 2759 2764 2761
f 2760 2761 2765
f 2761 2764 2766
f 2761 2766 2765
f 2757 2769 2758
f 2757 2762 2769
f 2762 2763 2767
f 2763 2765 2770
f 2764 2775 2766
f 2765 2766 2776
f 2758 2769 2768
f 2762 2767 2769
f 2763 2770 2767
f 2765 2776 2770
f 2768 2769 2771
f 2767 2771 2769
f 2767 2770 2773
f 2770 2776 2774
f 2768 2771 2772
f 2767 2773 2771
f 2770 2774 2773
f 2774 2776 2779
f 2771 2815 2772
f 2771 2773 2815
f 2773 2774 2817
f 2773 2817 2815
f 2774 2779 2818
f 2774 2818 2817
f 2779 2825 2818
f 2766 2777 2776
f 2766 2775 2777
f 2776 2777 2779
f 2777 2778 2780
f 2775 2778 2777
f 2777 2780 2779
f 2778 2781 2780
f 2779 2780 2825
f 2780 2826 2825
f 2780 2781 2826
f 2746 3822 2759
f 2759 3823 2764
f 2764 3824 2775
f 2775 3825 2778
f 2778 3826 2781
f 2741 3820 3821
f 2746 3821 3822
f 2759 3822 3823
f 2764 3823 3824
f 2775 3824 3825
f 2778 3825 3826
f 2781 3826 3827
f 2673 2782 2832
f 2787 2821 2788
f 2785 2788 2838
f 2783 2784 2831
f 2782 2783 2832
f 2784 2785 2838
f 2672 2853 2675
f 2674 2808 2796
f 2672 2673 2857
f 2675 2849 2808
f 2700 2792 2789
f 2789 2798 2790
f 2790 2799 2791
f 2791 2800 2793
f 2789 2792 2797
f 2789 2797 2798
f 2790 2798 2799
f 2791 2799 2800
f 2701 2794 2795
f 2794 2801 2795
f 2793 2800 2801
f 2793 2801 2794
f 2796 2803 2797
f 2797 2803 2804
f 2792 2796 2797
f 2797 2804 2798
f 2798 2805 2799
f 2799 2806 2800
f 2795 2801 2802
f 2800 2807 2801
f 2801 2807 2802
f 2701 2795 3877
f 2795 2802 3878
f 2675 2853 2849
f 2672 2857 2853
f 2673 2832 2857
f 2809 2849 2850
f 2798 2804 2805
f 2796 2808 2803
f 2803 2810 2804
f 2803 2808 2809
f 2804 2811 2805
f 2805 2813 2806
f 2799 2805 2806
f 2802 2807 2812
f 2806 2814 2807
f 2800 2806 2807
f 2803 2809 2810
f 2804 2810 2811
f 2805 2811 2813
f 2808 2849 2809
f 2809 2851 2810
f 2810 2852 2811
f 2811 2854 2813
f 2807 2814 2812
f 2806 2813 2814
f 2812 2814 2865
f 2813 2855 2814
f 2802 2812 3879
f 2812 2865 3919
f 2795 3878 3877
f 2802 3879 3878
f 2812 3919 3879
f 2786 2816 2787
f 2772 2816 2786
f 2787 2816 2821
f 2788 2821 2838
f 2783 2831 2832
f 2784 2838 2831
f 2772 2815 2816
f 2815 2820 2816
f 2816 2820 2821
f 2815 2817 2820
f 2817 2822 2820
f 2817 2818 2822
f 2818 2825 2823
f 2818 2823 2822
f 2823 2825 2828
f 2819 2838 2821
f 2819 2821 2820
f 2819 2820 2822
f 2822 2823 2824
f 2823 2828 2842
f 2819 2822 2824
f 2823 2842 2824
f 2828 2845 2842
f 2781 2827 2826
f 2825 2826 2828
f 2826 2827 2829
f 2826 2829 2828
f 2828 2829 2845
f 2827 2830 2829
f 2829 2846 2845
f 2829 2830 2846
f 2832 2833 2856
f 2833 2834 2856
f 2834 2835 2866
f 2831 2833 2832
f 2831 2839 2833
f 2833 2839 2840
f 2833 2840 2834
f 2834 2841 2835
f 2835 2843 2836
f 2835 2836 2867
f 2836 2844 2837
f 2836 2837 2868
f 2837 2848 2870
f 2819 2839 2838
f 2819 2824 2839
f 2824 2842 2840
f 2841 2842 2845
f 2831 2838 2839
f 2824 2840 2839
f 2840 2842 2841
f 2841 2845 2843
f 2834 2840 2841
f 2835 2841 2843
f 2843 2846 2844
f 2844 2847 2848
f 2843 2845 2846
f 2844 2846 2847
f 2830 2847 2846
f 2836 2843 2844
f 2837 2844 2848
f 2781 3827 2827
f 2827 3913 2830
f 2830 3914 2847
f 2848 3916 2870
f 2847 3915 2848
f 2809 2850 2851
f 2810 2851 2852
f 2849 2853 2850
f 2850 2853 2858
f 2850 2858 2859
f 2850 2859 2851
f 2851 2860 2852
f 2852 2862 2854
f 2855 2864 2865
f 2854 2863 2855
f 2855 2863 2864
f 2853 2857 2858
f 2856 2858 2857
f 2858 2866 2859
f 2859 2867 2860
f 2860 2868 2862
f 2856 2866 2858
f 2859 2866 2867
f 2860 2867 2868
f 2851 2859 2860
f 2852 2860 2862
f 2862 2869 2863
f 2862 2868 2869
f 2861 2863 2869
f 2854 2862 2863
f 2861 2864 2863
f 2811 2852 2854
f 2814 2855 2865
f 2813 2854 2855
f 2864 3918 2865
f 2861 3917 2864
f 2832 2856 2857
f 2834 2866 2856
f 2835 2867 2866
f 2836 2868 2867
f 2861 2869 2870
f 2837 2869 2868
f 2837 2870 2869
f 2861 2870 3920
f 2827 3827 3913
f 2830 3913 3914
f 2870 3916 3920
f 2847 3914 3915
f 2848 3915 3916
f 2864 3917 3918
f 2865 3918 3919
f 2861 3920 3917
f 2906 2892 2881
f 2903 2891 2889
f 2905 2888 2892
f 2908 2889 2888
f 2913 2871 2872
f 2913 2872 2876
f 2914 2876 2877
f 2910 2909 2871
f 2910 2871 2911
f 2911 2871 2912
f 2912 2871 2913
f 2915 2877 2878
f 3192 2878 2874
f 2901 2875 2890
f 2900 2874 2875
f 2902 2890 2891
f 2900 2875 2901
f 2913 2876 2914
f 2914 2877 2915
f 2915 2878 3192
f 2900 3192 2874
f 2894 2884 2883
f 2895 2885 2884
f 2896 2886 2885
f 2897 2887 2886
f 2898 2879 2887
f 2899 2880 2879
f 2907 2882 2880
f 2904 2881 2882
f 2898 2899 2879
f 2904 2906 2881
f 2904 2882 2907
f 2899 2907 2880
f 2893 2894 2883
f 2894 2895 2884
f 2895 2896 2885
f 2896 2897 2886
f 2897 2898 2887
f 2893 3635 2894
f 2894 3636 2895
f 2895 3637 2896
f 2896 3638 2897
f 2897 3639 2898
f 2898 3640 2899
f 2899 3658 2907
f 2905 2908 2888
f 2902 2891 2903
f 2901 2890 2902
f 2903 2889 2908
f 2905 2892 2906
f 2900 3977 3192
f 2900 2901 3641
f 2902 2903 3650
f 2903 2908 3651
f 2901 2902 3642
f 2904 3657 2906
f 2905 2906 3656
f 2905 3659 2908
f 2904 2907 3655
f 2893 3634 3635
f 2894 3635 3636
f 2895 3636 3637
f 2896 3637 3638
f 2897 3638 3639
f 2899 3640 3658
f 2898 3639 3640
f 2902 3643 3644
f 2900 3641 3977
f 2901 3642 3641
f 2902 3644 3642
f 2902 3646 3643
f 2908 3659 3651
f 2903 3651 3650
f 2902 3650 3646
f 2904 3655 3657
f 2905 3656 3659
f 2906 3657 3656
f 2907 3658 3655
f 2910 2916 2909
f 2910 2911 2922
f 2911 2912 2923
f 2910 2922 2916
f 2912 3061 2923
f 2911 2923 2922
f 2912 2913 3061
f 2913 2914 3062
f 2914 2915 3063
f 2915 3192 3065
f 2913 3062 3061
f 2914 3063 3062
f 2915 3064 3063
f 2915 3065 3064
f 2922 3130 2916
f 3061 3062 3130
f 2922 2923 3130
f 2923 3061 3130
f 3019 2992 3166
f 3019 3166 3020
f 3020 3166 3085
f 3065 3192 3102
f 3065 3069 3070
f 3065 3066 3069
f 3065 3067 3066
f 3065 3068 3067
f 3065 3071 3076
f 3065 3072 3073
f 3065 3076 3072
f 3065 3070 3071
f 3065 3087 3068
f 3065 3088 3087
f 3102 3192 3977
f 3065 3073 3074
f 3065 3074 3075
f 3065 3075 3078
f 3065 3078 3077
f 3065 3077 3079
f 3062 3063 3130
f 3063 3064 3177
f 3064 3065 3177
f 3065 3079 3177
f 3065 3102 3088
f 3102 3089 3088
f 3102 3090 3089
f 3102 3091 3090
f 3102 3092 3091
f 3102 3093 3092
f 3102 3094 3093
f 3102 3095 3094
f 3102 3096 3095
f 3102 3097 3096
f 3102 3098 3097
f 3102 3099 3098
f 3102 3103 3099
f 3102 3104 3103
f 3102 3105 3104
f 3102 3106 3105
f 3102 3107 3106
f 3085 3191 3086
f 3086 3191 3100
f 3100 3191 3101
f 3102 3108 3107
f 3102 3109 3108
f 3101 3191 3102
f 3102 3191 3109
f 3177 3166 3130
f 3063 3177 3130
f 3177 3079 3080
f 3177 3080 3081
f 3177 3081 3082
f 3177 3082 3083
f 3177 3083 3084
f 3177 3084 3167
f 3177 3167 3168
f 3177 3168 3169
f 3177 3169 3170
f 3177 3170 3171
f 3177 3171 3172
f 3177 3172 3173
f 3177 3173 3174
f 3177 3174 3175
f 3085 3166 3191
f 3191 3189 3188
f 3191 3110 3109
f 3191 3111 3110
f 3191 3179 3178
f 3191 3180 3179
f 3191 3178 3111
f 3191 3190 3181
f 3191 3181 3180
f 3191 3187 3190
f 3191 3188 3187
f 3177 3191 3166
f 3177 3175 3191
f 3191 3175 3176
f 3191 3176 3182
f 3191 3182 3183
f 3191 3183 3185
f 3191 3184 3186
f 3191 3185 3184
f 3191 3186 3189
f 3194 3195 3193
f 3194 3196 3195
f 3194 3653 3196
f 3196 3653 3455
f 3194 3649 3653
f 3455 3653 3654
f 1744 1745 3198
f 1745 3200 3198
f 1744 3198 3201
f 1744 3201 1746
f 1746 3202 1747
f 1746 3201 3202
f 1747 3203 1748
f 1747 3202 3203
f 1748 3203 3204
f 3198 3200 3207
f 3198 3206 3201
f 3198 3207 3206
f 3201 3208 3202
f 3202 3209 3203
f 3203 3210 3204
f 3201 3206 3208
f 3202 3208 3209
f 3203 3209 3210
f 3204 3210 3216
f 3206 3207 3213
f 3206 3212 3208
f 3208 3214 3209
f 3209 3215 3210
f 1734 1750 3242
f 1750 3211 3242
f 3206 3213 3212
f 3208 3212 3214
f 3209 3214 3215
f 3210 3215 3216
f 3204 3216 3233
f 3212 3213 3230
f 3212 3229 3214
f 3199 3311 3200
f 3200 3311 3207
f 3214 3231 3215
f 3215 3232 3216
f 3204 3317 3205
f 1487 3457 3425
f 1480 3437 3471
f 3212 3230 3229
f 3214 3229 3231
f 3215 3231 3232
f 3216 3232 3233
f 3207 3311 3213
f 3204 3233 3317
f 3229 3230 3246
f 3229 3245 3231
f 3231 3247 3232
f 3232 3248 3233
f 3211 3397 3242
f 3229 3246 3245
f 3213 3311 3230
f 3231 3245 3247
f 3232 3247 3248
f 3233 3248 3249
f 3199 3441 3311
f 3205 3317 3356
f 3205 3356 3450
f 3245 3246 3306
f 3245 3305 3247
f 3230 3311 3246
f 3247 3307 3248
f 3248 3308 3249
f 3233 3249 3317
f 3245 3306 3305
f 3247 3305 3307
f 3248 3307 3308
f 3249 3308 3309
f 3397 3241 3242
f 3199 3414 3441
f 3199 3417 3414
f 3199 3425 3417
f 3205 3450 3416
f 3205 3436 3437
f 3205 3416 3436
f 3211 3438 3397
f 3211 3439 3438
f 3211 3485 3439
f 3211 3486 3485
f 3211 3487 3486
f 1591 3464 3457
f 1594 3473 3464
f 1566 3471 3472
f 1567 3472 3483
f 1575 3480 3473
f 1578 3506 3480
f 1582 3483 3484
f 1583 3484 3493
f 1639 3271 3281
f 1787 1788 3252
f 1788 1789 3253
f 1789 1790 3254
f 1790 1791 3255
f 1787 3252 3251
f 1788 3253 3252
f 1789 3254 3253
f 1790 3255 3254
f 1639 3281 3496
f 1793 3256 3257
f 1794 3257 3258
f 1795 3258 3259
f 1796 3259 3260
f 1665 3765 1670
f 3256 3266 3257
f 3257 3267 3258
f 3258 3268 3259
f 3259 3269 3260
f 3251 3252 3262
f 3252 3253 3263
f 3253 3254 3264
f 3254 3255 3265
f 1639 3496 3518
f 3251 3262 3261
f 3252 3263 3262
f 3253 3264 3263
f 3254 3265 3264
f 1606 3517 3506
f 1639 3518 3517
f 1583 3493 3557
f 1645 3557 3528
f 1670 3765 1757
f 3257 3266 3267
f 3258 3267 3268
f 3259 3268 3269
f 3260 3269 3270
f 1757 3765 1767
f 3266 3276 3267
f 1287 3772 3599
f 3267 3277 3268
f 3268 3278 3269
f 3269 3279 3270
f 3211 3599 3487
f 3261 3262 3272
f 3262 3263 3273
f 3263 3264 3274
f 3264 3265 3275
f 1791 3528 3255
f 3261 3272 3271
f 3262 3273 3272
f 3263 3274 3273
f 3264 3275 3274
f 3255 3528 3265
f 3267 3276 3277
f 1767 3765 1782
f 3268 3277 3278
f 3269 3278 3279
f 3270 3279 3280
f 3276 3286 3277
f 1782 3765 1792
f 3277 3287 3278
f 3278 3288 3279
f 3279 3289 3280
f 3271 3272 3282
f 3272 3273 3283
f 3273 3274 3284
f 3274 3275 3285
f 3271 3282 3281
f 3272 3283 3282
f 3265 3528 3275
f 3273 3284 3283
f 3274 3285 3284
f 3275 3528 3285
f 1278 3758 3765
f 3277 3286 3287
f 3278 3287 3288
f 3279 3288 3289
f 3280 3289 3290
f 1792 3765 3256
f 3286 3501 3287
f 3287 3501 3502
f 1796 3260 3772
f 3287 3502 3288
f 3288 3503 3289
f 3289 3504 3290
f 3288 3502 3503
f 3289 3503 3504
f 3290 3504 3505
f 3660 1807 1808
f 3660 1808 1809
f 3660 1809 3295
f 3660 3295 3296
f 3660 3297 3298
f 3660 3298 3299
f 3660 3296 3297
f 3660 3293 3304
f 3660 3300 3301
f 3660 3304 3300
f 3660 3299 3291
f 3660 3291 3292
f 3660 3292 3294
f 3660 3294 3293
f 3246 3311 3306
f 3249 3309 3317
f 3305 3306 3310
f 3305 3314 3307
f 3307 3315 3308
f 3308 3316 3309
f 3306 3313 3310
f 3305 3310 3314
f 3306 3311 3313
f 3307 3314 3315
f 3308 3315 3316
f 3309 3316 3317
f 3455 3235 3238
f 3310 3313 3321
f 3310 3319 3314
f 3310 3321 3319
f 3311 3312 3321
f 3311 3320 3312
f 3311 3321 3313
f 3311 3441 3335
f 3314 3342 3315
f 3314 3319 3342
f 3315 3342 3343
f 3315 3343 3316
f 3316 3343 3346
f 3316 3346 3318
f 3316 3318 3317
f 3319 3324 3344
f 3312 3320 3323
f 3311 3322 3320
f 3311 3325 3322
f 3312 3323 3321
f 3319 3321 3324
f 3321 3323 3324
f 3320 3322 3323
f 3311 3330 3325
f 3311 3331 3330
f 3323 3327 3324
f 3322 3326 3323
f 3322 3325 3326
f 3325 3330 3328
f 3323 3326 3327
f 3324 3327 3349
f 3325 3328 3326
f 3326 3329 3327
f 3326 3328 3329
f 3327 3329 3363
f 3328 3360 3329
f 3311 3332 3331
f 3311 3336 3332
f 3311 3335 3336
f 3330 3331 3333
f 3331 3332 3334
f 3328 3330 3333
f 3331 3334 3333
f 3328 3333 3360
f 3333 3334 3361
f 3332 3338 3334
f 3334 3338 3362
f 3335 3337 3336
f 3335 3339 3337
f 3332 3336 3338
f 3336 3337 3338
f 3338 3340 3362
f 3337 3340 3338
f 3337 3339 3341
f 3337 3341 3340
f 3340 3341 3375
f 3319 3344 3342
f 3342 3345 3343
f 3343 3351 3346
f 3342 3344 3345
f 3343 3345 3351
f 3318 3346 3347
f 3346 3348 3347
f 3346 3351 3348
f 3344 3350 3345
f 3345 3350 3353
f 3345 3353 3351
f 3324 3349 3344
f 3344 3349 3350
f 3327 3363 3349
f 3349 3364 3350
f 3349 3363 3364
f 3350 3365 3353
f 3351 3353 3354
f 3348 3351 3352
f 3351 3354 3352
f 3353 3355 3354
f 3353 3366 3355
f 3317 3318 3356
f 3318 3357 3356
f 3318 3347 3357
f 3347 3348 3357
f 3348 3352 3358
f 3352 3354 3359
f 3354 3355 3359
f 3348 3358 3357
f 3356 3357 3358
f 3356 3358 3359
f 3352 3359 3358
f 3355 3391 3359
f 3356 3359 3391
f 3356 3391 3392
f 3356 3392 3393
f 3356 3393 3394
f 3356 3395 3450
f 3356 3394 3396
f 3356 3396 3395
f 3329 3360 3369
f 3333 3361 3360
f 3360 3361 3370
f 3334 3362 3361
f 3361 3362 3373
f 3340 3374 3362
f 3329 3369 3363
f 3363 3371 3364
f 3363 3369 3371
f 3350 3364 3365
f 3364 3379 3365
f 3364 3371 3379
f 3353 3365 3366
f 3365 3367 3366
f 3365 3368 3367
f 3365 3379 3368
f 3360 3370 3369
f 3361 3373 3370
f 3369 3372 3371
f 3369 3370 3372
f 3370 3378 3372
f 3370 3373 3378
f 3371 3380 3379
f 3371 3372 3380
f 3372 3387 3380
f 3362 3374 3373
f 3373 3377 3378
f 3340 3375 3374
f 3374 3375 3376
f 3374 3376 3377
f 3373 3374 3377
f 3377 3384 3378
f 3376 3385 3377
f 3377 3385 3384
f 3372 3378 3387
f 3378 3384 3387
f 3379 3380 3381
f 3380 3387 3383
f 3368 3379 3381
f 3380 3382 3381
f 3380 3383 3382
f 3384 3385 3386
f 3384 3386 3390
f 3384 3388 3387
f 3383 3387 3389
f 3387 3388 3389
f 3384 3390 3388
f 3355 3366 3391
f 3366 3367 3391
f 3367 3368 3392
f 3368 3381 3392
f 3381 3382 3393
f 3382 3383 3393
f 3383 3389 3394
f 3386 3395 3390
f 3388 3390 3396
f 3388 3396 3389
f 3367 3392 3391
f 3381 3393 3392
f 3383 3394 3393
f 3389 3396 3394
f 3390 3395 3396
f 3694 3236 3239
f 3696 3239 3237
f 3694 3238 3236
f 3697 3237 3241
f 3397 3451 3398
f 3398 3451 3399
f 3399 3451 3400
f 3400 3453 3401
f 3401 3453 3402
f 3402 3453 3403
f 3403 3453 3404
f 3400 3451 3453
f 3404 3453 3405
f 3405 3454 3406
f 3405 3453 3454
f 3406 3411 3407
f 3407 3410 3408
f 3407 3411 3410
f 3408 3410 3409
f 3406 3454 3411
f 3412 3441 3414
f 3412 3414 3418
f 3412 3418 3419
f 3413 3419 3420
f 3412 3419 3413
f 3413 3420 3447
f 3421 3448 3447
f 3422 3449 3448
f 3420 3421 3447
f 3421 3422 3448
f 3415 3449 3422
f 3415 3436 3416
f 3425 3457 3427
f 3414 3417 3418
f 3418 3426 3419
f 3417 3425 3424
f 3417 3424 3418
f 3418 3424 3426
f 3419 3426 3429
f 3419 3429 3420
f 3420 3429 3430
f 3421 3430 3431
f 3420 3430 3421
f 3421 3431 3422
f 3415 3422 3423
f 3422 3431 3423
f 3424 3425 3427
f 3424 3428 3426
f 3424 3427 3428
f 3426 3428 3433
f 3426 3433 3429
f 3429 3434 3430
f 3430 3435 3431
f 3423 3431 3432
f 3429 3433 3434
f 3430 3434 3435
f 3431 3435 3432
f 3432 3435 3460
f 3415 3423 3436
f 3423 3437 3436
f 3423 3432 3437
f 3432 3471 3437
f 3335 3441 3440
f 3412 3413 3440
f 3412 3440 3441
f 3413 3447 3443
f 3413 3443 3440
f 3443 3447 3444
f 3444 3448 3445
f 3445 3449 3446
f 3442 3446 3449
f 3335 3440 3339
f 3341 3440 3443
f 3341 3443 3444
f 3339 3440 3341
f 3386 3446 3442
f 3341 3444 3375
f 3375 3445 3376
f 3376 3446 3385
f 3375 3444 3445
f 3376 3445 3446
f 3385 3446 3386
f 3444 3447 3448
f 3415 3442 3449
f 3445 3448 3449
f 3386 3442 3450
f 3386 3450 3395
f 3415 3416 3442
f 3416 3450 3442
f 3397 3452 3451
f 3397 3438 3452
f 3438 3439 3679
f 3397 3697 3241
f 3455 3238 3713
f 3694 3239 3695
f 3695 3239 3696
f 3696 3237 3697
f 3397 3398 3697
f 3398 3399 3697
f 3399 3400 3697
f 3400 3401 3697
f 3401 3402 3697
f 3402 3403 3697
f 3403 3404 3697
f 3406 3407 3718
f 3407 3408 3718
f 3408 3409 3718
f 3405 3406 3719
f 3451 3452 3678
f 3451 3681 3453
f 3438 3680 3452
f 3439 3456 3679
f 3439 3621 3456
f 3410 3411 3682
f 3453 3682 3454
f 3411 3454 3682
f 3409 3410 3718
f 3452 3677 3678
f 3451 3678 3681
f 3438 3679 3680
f 3452 3680 3677
f 3427 3459 3428
f 3427 3457 3458
f 3427 3458 3459
f 3428 3459 3461
f 3457 3464 3458
f 3428 3461 3433
f 3433 3462 3434
f 3434 3463 3435
f 3435 3463 3460
f 3433 3461 3462
f 3434 3462 3463
f 3460 3463 3467
f 3458 3466 3459
f 3458 3464 3465
f 3458 3465 3466
f 3464 3473 3465
f 3459 3466 3468
f 3459 3468 3461
f 3461 3469 3462
f 3462 3470 3463
f 3463 3470 3467
f 3461 3468 3469
f 3462 3469 3470
f 3467 3470 3476
f 3432 3460 3471
f 3460 3467 3471
f 3467 3472 3471
f 3467 3476 3472
f 3472 3476 3483
f 3465 3475 3466
f 3465 3473 3474
f 3465 3474 3475
f 3473 3480 3474
f 3466 3477 3468
f 3466 3475 3477
f 3468 3478 3469
f 3469 3479 3470
f 3468 3477 3478
f 3469 3478 3479
f 3470 3479 3476
f 3476 3479 3482
f 3474 3488 3475
f 3474 3480 3481
f 3474 3481 3488
f 3475 3488 3489
f 3480 3506 3481
f 3475 3489 3477
f 3477 3490 3478
f 3478 3491 3479
f 3477 3489 3490
f 3479 3491 3482
f 3476 3482 3483
f 3482 3484 3483
f 3481 3507 3488
f 3478 3490 3491
f 3482 3491 3492
f 3488 3514 3489
f 3489 3515 3490
f 3490 3516 3491
f 3491 3516 3492
f 3482 3492 3484
f 3484 3492 3493
f 3439 3485 3621
f 3485 3486 3622
f 3486 3487 3623
f 3487 3599 3494
f 3281 3282 3497
f 3282 3283 3498
f 3283 3284 3499
f 3284 3285 3500
f 3281 3497 3496
f 3282 3498 3497
f 3283 3499 3498
f 3284 3500 3499
f 3285 3528 3500
f 3496 3497 3520
f 3497 3498 3522
f 3498 3499 3524
f 3499 3500 3526
f 3256 3765 3266
f 3260 3270 3772
f 3501 3616 3502
f 3266 3765 3276
f 3502 3616 3617
f 3502 3617 3503
f 3503 3618 3504
f 3504 3619 3505
f 3270 3280 3772
f 3503 3617 3618
f 3504 3618 3619
f 3505 3619 3620
f 3481 3506 3508
f 3481 3508 3507
f 3488 3507 3514
f 3506 3517 3509
f 3506 3511 3508
f 3506 3509 3511
f 3507 3508 3512
f 3508 3511 3512
f 3507 3512 3562
f 3509 3510 3513
f 3509 3513 3511
f 3511 3513 3512
f 3512 3513 3561
f 3510 3537 3513
f 3489 3514 3515
f 3490 3515 3516
f 3492 3516 3567
f 3507 3562 3514
f 3514 3564 3515
f 3514 3562 3564
f 3515 3566 3516
f 3515 3564 3566
f 3517 3519 3529
f 3517 3518 3519
f 3496 3520 3518
f 3497 3522 3520
f 3518 3520 3519
f 3519 3520 3521
f 3520 3522 3521
f 3498 3524 3522
f 3499 3526 3524
f 3500 3528 3526
f 3522 3524 3523
f 3521 3522 3523
f 3523 3524 3525
f 3524 3526 3525
f 3525 3526 3527
f 3526 3528 3527
f 3527 3528 3548
f 3509 3517 3510
f 3510 3517 3535
f 3517 3536 3535
f 3517 3529 3532
f 3517 3532 3531
f 3529 3530 3532
f 3519 3530 3529
f 3517 3531 3539
f 3517 3534 3536
f 3517 3539 3534
f 3531 3532 3533
f 3530 3533 3532
f 3530 3544 3533
f 3533 3544 3541
f 3510 3535 3537
f 3535 3536 3537
f 3534 3538 3536
f 3536 3538 3537
f 3534 3542 3538
f 3538 3542 3574
f 3531 3540 3539
f 3534 3539 3542
f 3539 3540 3542
f 3531 3533 3540
f 3533 3541 3540
f 3540 3541 3543
f 3541 3552 3543
f 3540 3543 3542
f 3542 3543 3574
f 3543 3545 3574
f 3519 3521 3530
f 3521 3523 3544
f 3521 3544 3530
f 3541 3544 3546
f 3543 3552 3545
f 3545 3552 3553
f 3545 3553 3581
f 3555 3587 3581
f 3523 3525 3546
f 3523 3546 3544
f 3525 3547 3546
f 3525 3527 3547
f 3527 3550 3547
f 3546 3547 3552
f 3547 3550 3553
f 3527 3549 3550
f 3527 3548 3549
f 3550 3551 3554
f 3549 3551 3550
f 3541 3546 3552
f 3547 3553 3552
f 3550 3555 3553
f 3553 3555 3581
f 3550 3554 3555
f 3555 3588 3587
f 3555 3556 3588
f 3554 3556 3555
f 3492 3567 3493
f 3493 3593 3557
f 3493 3567 3593
f 3528 3557 3548
f 3548 3558 3549
f 3549 3558 3551
f 3551 3559 3554
f 3554 3560 3556
f 3556 3560 3588
f 3557 3593 3594
f 3557 3594 3597
f 3557 3597 3598
f 3557 3596 3595
f 3557 3598 3596
f 3548 3557 3558
f 3551 3558 3559
f 3557 3559 3558
f 3557 3560 3559
f 3554 3559 3560
f 3557 3595 3560
f 3512 3561 3562
f 3513 3572 3561
f 3562 3563 3564
f 3563 3565 3564
f 3561 3563 3562
f 3561 3575 3563
f 3564 3565 3566
f 3563 3577 3565
f 3563 3575 3577
f 3565 3568 3566
f 3565 3582 3568
f 3565 3577 3582
f 3516 3566 3567
f 3566 3568 3569
f 3568 3582 3571
f 3566 3569 3567
f 3568 3570 3569
f 3568 3571 3570
f 3513 3537 3572
f 3537 3573 3572
f 3561 3572 3575
f 3537 3538 3573
f 3538 3574 3573
f 3572 3573 3576
f 3573 3574 3579
f 3572 3576 3575
f 3573 3579 3576
f 3575 3578 3577
f 3575 3576 3578
f 3576 3580 3578
f 3577 3583 3582
f 3578 3590 3583
f 3577 3578 3583
f 3545 3579 3574
f 3576 3579 3580
f 3579 3581 3580
f 3545 3581 3579
f 3580 3587 3590
f 3580 3581 3587
f 3578 3580 3590
f 3582 3583 3585
f 3571 3582 3584
f 3582 3585 3584
f 3583 3586 3585
f 3583 3591 3586
f 3587 3589 3590
f 3587 3588 3589
f 3589 3592 3590
f 3583 3590 3591
f 3590 3592 3591
f 3567 3569 3593
f 3570 3571 3594
f 3569 3570 3594
f 3569 3594 3593
f 3571 3597 3594
f 3571 3584 3597
f 3584 3585 3598
f 3585 3586 3598
f 3589 3595 3592
f 3588 3595 3589
f 3591 3592 3596
f 3586 3591 3596
f 3584 3598 3597
f 3586 3596 3598
f 3560 3595 3588
f 3592 3595 3596
f 3494 3599 3495
f 3495 3599 3600
f 3495 3600 3601
f 3495 3601 3602
f 3495 3602 3603
f 3603 3607 3604
f 3602 3609 3603
f 3603 3609 3608
f 3603 3611 3607
f 3603 3608 3610
f 3603 3610 3611
f 3604 3615 3605
f 3605 3615 3606
f 3606 3614 3612
f 3604 3607 3615
f 3612 3614 3613
f 3606 3615 3614
f 3276 3765 3286
f 3280 3290 3772
f 3616 3624 3617
f 3617 3624 3625
f 3617 3625 3618
f 3618 3626 3619
f 3619 3627 3620
f 3618 3625 3626
f 3619 3626 3627
f 3620 3627 3628
f 3485 3622 3621
f 3486 3623 3622
f 3487 3494 3729
f 3494 3495 3730
f 3487 3728 3623
f 3487 3729 3728
f 3494 3730 3729
f 3495 3731 3730
f 3495 3732 3731
f 3495 3603 3732
f 3286 3765 3501
f 3624 3629 3625
f 3290 3505 3772
f 3625 3630 3626
f 3626 3631 3627
f 3627 3632 3628
f 3501 3765 3616
f 3625 3629 3630
f 3505 3620 3772
f 3626 3630 3631
f 3627 3631 3632
f 3628 3632 3633
f 3603 3604 3733
f 3604 3605 3733
f 3605 3606 3733
f 3606 3612 3733
f 3612 3613 3733
f 3613 3614 3763
f 3607 3763 3615
f 3614 3615 3763
f 3616 3765 3624
f 3629 3734 3630
f 3601 3772 3602
f 3602 3772 3609
f 3608 3609 3772
f 3599 3772 3600
f 3600 3772 3601
f 3610 3772 3611
f 3608 3772 3610
f 3620 3628 3772
f 3630 3735 3631
f 3631 3736 3632
f 3632 3737 3633
f 3630 3734 3735
f 3624 3765 3629
f 3631 3735 3736
f 3632 3736 3737
f 3633 3737 3738
f 3628 3633 3772
f 3660 3240 3235
f 3455 3660 3235
f 3660 3302 3240
f 3660 3303 3302
f 3660 3301 3303
f 3456 3661 3679
f 3456 3621 3662
f 3621 3622 3663
f 3622 3623 4015
f 1819 3660 3652
f 1827 3652 1828
f 1828 3652 1829
f 1829 3652 1830
f 1830 3652 1831
f 1831 3652 1832
f 3636 3652 3637
f 3637 3652 3638
f 1832 3652 3634
f 3634 3652 3635
f 3635 3652 3636
f 3643 3645 3644
f 3643 3648 3645
f 3644 3645 3647
f 3642 3644 3647
f 3643 3646 3648
f 3645 3648 3647
f 3650 3651 3652
f 3652 3659 3656
f 3651 3659 3652
f 3646 3652 3654
f 3646 3650 3652
f 3649 3654 3653
f 3652 3660 3654
f 3638 3652 3639
f 3639 3652 3640
f 3640 3652 3658
f 3652 3655 3658
f 3652 3657 3655
f 3652 3656 3657
f 3455 3654 3660
f 3456 3662 3661
f 3621 3663 3662
f 3622 4015 3663
f 3019 3665 2992
f 3665 3664 2992
f 3019 3020 3665
f 3020 3085 3666
f 3085 3669 3666
f 3020 3666 3665
f 3194 3193 3668
f 3196 3713 3195
f 3085 3086 3669
f 3086 3100 3670
f 3086 3670 3669
f 3100 3671 3670
f 3665 3978 3664
f 3978 3667 3664
f 3665 3666 3978
f 3666 3669 3978
f 3100 3101 3671
f 3101 3102 3672
f 3101 3672 3671
f 3102 3977 3672
f 3671 3672 3978
f 3669 3670 3978
f 3670 3671 3978
f 3194 3668 3649
f 3649 3668 3979
f 3979 3668 3667
f 3978 3979 3667
f 3694 3713 3238
f 3196 3455 3713
f 3404 3405 3801
f 3404 3798 3697
f 3405 3719 3801
f 3453 3681 3682
f 3410 3682 3718
f 3406 3718 3719
f 3674 3676 3989
f 3673 3674 3988
f 3675 3992 3676
f 3675 3686 3993
f 3713 3685 3195
f 3694 3695 3702
f 3694 3702 3698
f 3695 3696 3701
f 3696 3697 3701
f 3695 3701 3702
f 3404 3801 3798
f 3704 3683 3684
f 3704 3684 3685
f 3704 3685 3713
f 3704 3793 3683
f 3694 3698 3713
f 3698 3702 3699
f 3698 3699 3700
f 3698 3700 3713
f 3697 3716 3701
f 3699 3702 3715
f 3701 3716 3702
f 3706 3711 3710
f 3706 3707 3711
f 3703 3712 3707
f 3708 3709 3711
f 3709 3710 3711
f 3705 3713 3708
f 3704 3713 3705
f 3709 3713 3710
f 3708 3713 3709
f 3706 3710 3713
f 3707 3712 3711
f 3704 3705 3793
f 3705 3708 3793
f 3708 3711 3793
f 3700 3703 3713
f 3703 3707 3713
f 3706 3713 3707
f 3699 3715 3700
f 3697 3798 3716
f 3702 3716 3717
f 3700 3714 3703
f 3702 3717 3715
f 3700 3715 3714
f 3703 3714 3712
f 3686 3687 3999
f 3687 3688 4001
f 3688 3689 4002
f 3719 3720 3833
f 3689 3690 4007
f 3690 3691 4008
f 3691 3692 4010
f 3692 3693 4011
f 3673 3987 3723
f 3723 4023 3724
f 3724 4024 3725
f 3725 4025 3726
f 3726 4027 3727
f 3727 4031 3749
f 3603 3733 3732
f 3607 3611 3897
f 3613 3763 3733
f 3734 3739 3735
f 3735 3740 3736
f 3736 3741 3737
f 3737 3742 3738
f 3629 3765 3734
f 3735 3739 3740
f 3633 3738 3772
f 3736 3740 3741
f 3737 3741 3742
f 3738 3742 3743
f 3607 3897 3763
f 3734 3765 3739
f 3739 3744 3740
f 3740 3745 3741
f 3741 3746 3742
f 3742 3747 3743
f 3738 3743 3772
f 3740 3744 3745
f 3739 3765 3744
f 3611 3772 3893
f 3741 3745 3746
f 3742 3746 3747
f 3743 3747 3748
f 3743 3748 3772
f 3758 3759 3765
f 3759 3760 3777
f 3760 3877 3784
f 3749 4034 3750
f 3750 4037 3751
f 3751 4038 3757
f 3752 4040 3756
f 3693 3753 4041
f 3753 3754 4042
f 3755 3756 4043
f 3754 3755 4044
f 3752 3757 4046
f 3759 3777 3765
f 3744 3767 3745
f 3744 3765 3766
f 3744 3766 3767
f 3611 3893 3897
f 3745 3770 3746
f 3746 3771 3747
f 3747 3773 3748
f 3745 3767 3770
f 3746 3770 3771
f 3747 3771 3773
f 3748 3773 3772
f 3765 3769 3766
f 3766 3774 3767
f 3765 3768 3769
f 3766 3769 3774
f 3765 3777 3768
f 3768 3779 3769
f 3767 3775 3770
f 3770 3776 3771
f 3771 3776 3773
f 3772 3773 3776
f 3767 3774 3775
f 3770 3775 3776
f 3772 3776 3780
f 3769 3782 3774
f 3774 3781 3775
f 3775 3783 3776
f 3760 3784 3777
f 3763 3909 3764
f 3768 3777 3778
f 3768 3778 3779
f 3777 3784 3778
f 3776 3783 3780
f 3775 3781 3783
f 3769 3779 3782
f 3774 3782 3781
f 3772 3780 3785
f 3780 3783 3785
f 3778 3888 3779
f 3778 3784 3887
f 3778 3887 3888
f 3772 3785 3893
f 3781 3782 3892
f 3781 3890 3783
f 3779 3891 3782
f 3783 3890 3785
f 3779 3888 3891
f 3781 3892 3890
f 3782 3891 3892
f 3677 3980 3678
f 3678 3981 3681
f 3679 3983 3680
f 3677 3680 3982
f 3681 3985 3682
f 3682 3986 3718
f 3673 3988 3987
f 3674 3989 3988
f 3675 3993 3992
f 3676 3992 3989
f 3718 3996 3719
f 3719 3997 3720
f 3720 3998 3721
f 3721 4005 3722
f 3722 4006 3815
f 3686 3999 3993
f 3687 4001 3999
f 3688 4002 4001
f 3689 4007 4002
f 3690 4008 4007
f 3691 4010 4008
f 3692 4011 4010
f 3693 4041 4011
f 3623 3728 4019
f 3728 3729 4020
f 3729 3730 4021
f 3730 3731 4029
f 3731 3732 4030
f 3732 3733 4033
f 3723 3987 4022
f 3723 4022 4023
f 3724 4023 4024
f 3725 4024 4025
f 3726 4025 4027
f 3727 4027 4031
f 3761 4049 3764
f 3761 3762 4051
f 3762 3880 4052
f 3733 3763 4053
f 3763 3764 4054
f 3749 4031 4034
f 3750 4034 4037
f 3751 4037 4038
f 3752 4046 4040
f 3753 4042 4041
f 3754 4044 4042
f 3756 4040 4043
f 3755 4043 4044
f 3757 4038 4046
f 3791 3786 3789
f 3791 3789 3800
f 3791 3804 3792
f 3792 3810 3820
f 3793 3787 3683
f 3793 3788 3787
f 3793 3790 3788
f 3800 3789 3790
f 3793 3800 3790
f 3711 3712 3794
f 3711 3794 3793
f 3712 3795 3794
f 3715 3717 3797
f 3712 3714 3795
f 3714 3715 3796
f 3716 3798 3717
f 3717 3799 3797
f 3717 3798 3799
f 3714 3796 3795
f 3715 3797 3796
f 3793 3794 3800
f 3794 3795 3802
f 3794 3802 3800
f 3795 3803 3802
f 3795 3796 3803
f 3796 3797 3805
f 3798 3801 3799
f 3797 3799 3806
f 3796 3805 3803
f 3799 3807 3806
f 3797 3806 3805
f 3799 3801 3807
f 3719 3813 3801
f 3719 3833 3813
f 3791 3800 3804
f 3792 3804 3810
f 3800 3802 3804
f 3802 3803 3809
f 3802 3808 3804
f 3802 3809 3808
f 3803 3805 3811
f 3806 3807 3814
f 3805 3806 3812
f 3801 3813 3807
f 3807 3813 3814
f 3803 3811 3809
f 3806 3814 3812
f 3805 3812 3811
f 3720 3836 3833
f 3804 3808 3810
f 3808 3809 3828
f 3808 3829 3810
f 3808 3828 3829
f 3812 3814 3834
f 3813 3834 3814
f 3809 3811 3831
f 3811 3812 3832
f 3813 3833 3834
f 3812 3834 3832
f 3811 3832 3831
f 3809 3831 3828
f 3720 3721 3836
f 3721 3722 3844
f 3722 3815 3852
f 3815 3816 3856
f 3721 3844 3836
f 3722 3852 3844
f 3816 3817 3856
f 3817 3818 3870
f 3818 3819 3876
f 3820 3830 3821
f 3821 3839 3822
f 3822 3848 3823
f 3823 3857 3824
f 3824 3862 3825
f 3825 3865 3826
f 3826 3868 3827
f 3810 3830 3820
f 3821 3830 3839
f 3810 3829 3830
f 3828 3837 3829
f 3829 3837 3830
f 3828 3838 3837
f 3831 3832 3840
f 3832 3834 3841
f 3828 3831 3838
f 3833 3835 3834
f 3834 3835 3841
f 3833 3836 3835
f 3831 3840 3838
f 3832 3841 3840
f 3830 3837 3839
f 3837 3838 3842
f 3837 3842 3839
f 3838 3843 3842
f 3835 3836 3847
f 3840 3841 3846
f 3835 3845 3841
f 3838 3840 3843
f 3836 3844 3847
f 3841 3845 3846
f 3835 3847 3845
f 3840 3846 3843
f 3815 3856 3852
f 3844 3851 3847
f 3819 3884 3876
f 3817 3870 3856
f 3818 3876 3870
f 3822 3839 3848
f 3823 3848 3857
f 3824 3857 3862
f 3825 3862 3865
f 3826 3865 3868
f 3839 3842 3848
f 3842 3843 3850
f 3842 3850 3848
f 3843 3849 3850
f 3848 3850 3857
f 3849 3858 3850
f 3850 3858 3857
f 3849 3859 3858
f 3845 3847 3854
f 3845 3853 3846
f 3843 3846 3849
f 3847 3851 3854
f 3844 3852 3851
f 3846 3853 3849
f 3845 3854 3853
f 3851 3861 3854
f 3853 3854 3860
f 3851 3852 3855
f 3849 3853 3859
f 3851 3855 3861
f 3853 3860 3859
f 3854 3861 3860
f 3852 3856 3855
f 3857 3858 3862
f 3858 3859 3863
f 3855 3869 3861
f 3860 3861 3872
f 3855 3856 3871
f 3859 3860 3864
f 3858 3863 3862
f 3859 3864 3863
f 3862 3863 3865
f 3863 3866 3865
f 3863 3864 3866
f 3864 3867 3866
f 3865 3866 3868
f 3866 3867 3921
f 3866 3921 3868
f 3867 3922 3921
f 3856 3870 3871
f 3855 3871 3869
f 3861 3869 3872
f 3860 3872 3864
f 3869 3871 3874
f 3870 3875 3871
f 3864 3872 3867
f 3869 3873 3872
f 3870 3876 3875
f 3871 3875 3874
f 3869 3874 3873
f 3867 3872 3873
f 3874 3875 3930
f 3875 3927 3930
f 3875 3876 3927
f 3867 3873 3922
f 3873 3874 3929
f 3873 3929 3922
f 3874 3930 3929
f 3877 3878 3889
f 3878 3879 3896
f 3879 3919 3906
f 3762 3940 3880
f 3885 3886 3934
f 3883 3950 3886
f 3881 3939 3882
f 3880 3940 3881
f 3882 3950 3883
f 3784 3877 3889
f 3878 3896 3889
f 3761 3764 3961
f 3763 3897 3909
f 3761 3967 3762
f 3764 3909 3957
f 3784 3889 3887
f 3887 3889 3894
f 3887 3894 3895
f 3887 3895 3888
f 3785 3890 3893
f 3888 3900 3891
f 3891 3899 3892
f 3890 3892 3898
f 3890 3898 3893
f 3892 3899 3898
f 3888 3895 3900
f 3891 3900 3899
f 3889 3896 3894
f 3894 3902 3895
f 3894 3896 3901
f 3897 3898 3905
f 3893 3898 3897
f 3898 3899 3905
f 3895 3903 3900
f 3899 3900 3904
f 3879 3906 3896
f 3906 3919 3971
f 3764 3957 3961
f 3761 3961 3967
f 3762 3967 3940
f 3911 3960 3957
f 3896 3906 3901
f 3901 3908 3902
f 3894 3901 3902
f 3899 3904 3905
f 3897 3905 3909
f 3904 3911 3905
f 3902 3912 3903
f 3903 3910 3904
f 3905 3911 3909
f 3895 3902 3903
f 3900 3903 3904
f 3901 3906 3907
f 3901 3907 3908
f 3906 3971 3907
f 3907 3956 3908
f 3904 3910 3911
f 3902 3908 3912
f 3903 3912 3910
f 3910 3960 3911
f 3909 3911 3957
f 3908 3958 3912
f 3910 3912 3959
f 3827 3923 3913
f 3913 3926 3914
f 3916 3974 3920
f 3914 3946 3915
f 3915 3949 3916
f 3917 3965 3918
f 3918 3971 3919
f 3917 3920 3962
f 3884 3885 3928
f 3876 3884 3928
f 3885 3934 3928
f 3886 3950 3934
f 3881 3940 3939
f 3882 3939 3950
f 3827 3868 3923
f 3913 3923 3926
f 3914 3926 3946
f 3916 3949 3974
f 3915 3946 3949
f 3868 3921 3923
f 3921 3925 3923
f 3921 3922 3925
f 3922 3924 3925
f 3923 3925 3926
f 3924 3947 3925
f 3924 3948 3947
f 3925 3947 3926
f 3876 3928 3927
f 3927 3932 3930
f 3927 3933 3932
f 3927 3928 3933
f 3928 3934 3933
f 3922 3929 3924
f 3929 3930 3935
f 3924 3929 3935
f 3930 3932 3935
f 3931 3934 3950
f 3932 3933 3936
f 3932 3954 3935
f 3931 3933 3934
f 3924 3935 3948
f 3931 3936 3933
f 3932 3936 3954
f 3935 3954 3948
f 3937 3945 3938
f 3937 3938 3972
f 3937 3974 3949
f 3942 3943 3976
f 3940 3966 3943
f 3939 3940 3943
f 3942 3952 3953
f 3942 3953 3943
f 3941 3952 3942
f 3938 3951 3941
f 3939 3943 3953
f 3938 3941 3973
f 3941 3942 3975
f 3944 3949 3946
f 3944 3948 3945
f 3926 3947 3946
f 3944 3946 3947
f 3944 3947 3948
f 3937 3944 3945
f 3937 3949 3944
f 3931 3952 3936
f 3936 3951 3954
f 3931 3950 3953
f 3931 3953 3952
f 3939 3953 3950
f 3945 3954 3951
f 3936 3952 3951
f 3945 3948 3954
f 3938 3945 3951
f 3941 3951 3952
f 3918 3965 3971
f 3917 3962 3965
f 3955 3971 3965
f 3955 3964 3956
f 3955 3965 3963
f 3910 3959 3960
f 3957 3960 3961
f 3959 3970 3968
f 3960 3968 3961
f 3959 3968 3960
f 3958 3970 3959
f 3956 3969 3958
f 3963 3973 3964
f 3963 3972 3973
f 3962 3972 3963
f 3955 3963 3964
f 3962 3963 3965
f 3961 3968 3967
f 3964 3975 3969
f 3966 3968 3970
f 3969 3976 3970
f 3966 3967 3968
f 3966 3970 3976
f 3969 3975 3976
f 3964 3973 3975
f 3956 3964 3969
f 3958 3969 3970
f 3907 3971 3955
f 3907 3955 3956
f 3908 3956 3958
f 3912 3958 3959
f 3920 3974 3962
f 3962 3974 3972
f 3938 3973 3972
f 3937 3972 3974
f 3943 3966 3976
f 3940 3967 3966
f 3941 3975 3973
f 3942 3976 3975
f 3815 4055 3816
f 3816 4056 3817
f 3817 4058 3818
f 3818 4059 3819
f 3819 4060 3884
f 3880 3881 4064
f 3881 3882 4065
f 3882 3883 4066
f 3884 4067 3885
f 3885 4068 3886
f 3883 3886 4069
f 3672 3977 3978
f 3641 3642 3978
f 3641 3978 3977
f 3642 3647 3978
f 3647 3648 3978
f 3646 3979 3648
f 3648 3979 3978
f 3646 3654 3979
f 3649 3979 3654
f 3678 3980 3981
f 3680 3983 3982
f 3677 3982 3980
f 3661 3983 3679
f 3681 3981 3985
f 3682 3985 3986
f 3718 3986 3996
f 3982 3983 3991
f 3661 3984 3983
f 3984 4016 3987
f 3980 3982 3990
f 3980 3990 3981
f 3982 3991 3990
f 3983 3984 3991
f 3661 4016 3984
f 3981 3994 3985
f 3985 3995 3986
f 3985 3994 3995
f 3986 4000 3996
f 3986 3995 4000
f 3989 3994 3990
f 3984 3988 3991
f 3984 3987 3988
f 3988 3989 3991
f 3989 3990 3991
f 3981 3990 3994
f 3989 3992 3994
f 3992 3995 3994
f 3993 4000 3995
f 3992 3993 3995
f 3719 3996 3997
f 3720 3997 3998
f 3721 3998 4005
f 3722 4005 4006
f 3996 4003 3997
f 3996 4000 4003
f 3997 4003 3998
f 3998 4003 4004
f 3993 3999 4000
f 3999 4003 4000
f 3999 4001 4003
f 4001 4004 4003
f 4001 4002 4004
f 3998 4004 4005
f 4004 4009 4005
f 4005 4009 4006
f 4006 4009 4012
f 4006 4012 4055
f 4002 4009 4004
f 4002 4007 4009
f 4007 4012 4009
f 4007 4008 4012
f 4008 4013 4012
f 4008 4010 4013
f 4010 4011 4014
f 4010 4014 4013
f 4011 4041 4057
f 4011 4057 4014
f 4012 4013 4055
f 3623 4019 4015
f 3728 4020 4019
f 3729 4021 4020
f 3730 4029 4021
f 3731 4030 4029
f 3732 4033 4030
f 3662 3663 4016
f 3661 3662 4016
f 3663 4015 4017
f 4015 4019 4018
f 4016 4017 4022
f 3663 4017 4016
f 4015 4018 4017
f 4018 4019 4026
f 4019 4020 4026
f 4020 4028 4026
f 4020 4021 4028
f 3987 4016 4022
f 4017 4023 4022
f 4017 4018 4023
f 4018 4024 4023
f 4018 4026 4024
f 4024 4026 4025
f 4025 4026 4028
f 4025 4028 4027
f 4021 4029 4028
f 4028 4029 4032
f 4029 4030 4032
f 4027 4028 4032
f 4027 4032 4031
f 4031 4032 4035
f 4030 4035 4032
f 4030 4033 4035
f 3733 4053 4033
f 3764 4049 4054
f 3761 4051 4049
f 3762 4052 4051
f 3763 4054 4053
f 4031 4035 4034
f 4034 4035 4036
f 4034 4036 4039
f 4033 4036 4035
f 4033 4053 4036
f 4036 4053 4054
f 4034 4039 4037
f 4037 4047 4038
f 4037 4039 4047
f 4036 4054 4039
f 4039 4049 4047
f 4039 4054 4049
f 4042 4044 4062
f 4040 4045 4043
f 4040 4050 4045
f 4043 4063 4044
f 4043 4045 4063
f 4038 4047 4046
f 4046 4047 4048
f 4040 4046 4048
f 4047 4051 4048
f 4047 4049 4051
f 4040 4048 4050
f 4048 4052 4050
f 4048 4051 4052
f 3815 4006 4055
f 3816 4055 4056
f 3817 4056 4058
f 3818 4058 4059
f 3819 4059 4060
f 4013 4056 4055
f 4013 4014 4058
f 4013 4058 4056
f 4014 4057 4059
f 4057 4061 4060
f 4014 4059 4058
f 4057 4060 4059
f 3883 4069 4066
f 3881 4065 4064
f 3880 4064 4052
f 3882 4066 4065
f 3884 4060 4067
f 3885 4067 4068
f 3886 4068 4069
f 4041 4042 4061
f 4041 4061 4057
f 4042 4062 4061
f 4044 4063 4062
f 4061 4062 4068
f 4062 4063 4069
f 4045 4066 4063
f 4060 4061 4067
f 4061 4068 4067
f 4063 4066 4069
f 4062 4069 4068
f 4045 4050 4065
f 4050 4052 4064
f 4050 4064 4065
f 4045 4065 4066
f 34 27 761
f 24 25 759
f 27 26 760
f 26 24 758
f 29 28 762
f 30 29 763
f 31 30 764
f 1853 31 765
f 35 32 766
f 33 34 768
f 32 33 767
f 36 35 769
f 28 36 770
f 771 41 37
f 38 39 778
f 37 38 774
f 810 39 43
f 25 40 781
f 787 40 41
f 809 44 42
f 811 43 44
f 812 42 45
f 813 45 46
f 1675 46 907
f 34 761 768
f 24 759 758
f 27 760 761
f 26 758 760
f 29 762 763
f 30 763 764
f 31 764 765
f 1853 765 2074
f 32 767 766
f 33 768 767
f 35 766 769
f 36 769 770
f 28 770 762
f 787 41 771
f 771 37 776
f 778 774 38
f 773 775 37
f 772 773 37
f 775 776 37
f 772 37 774
f 779 778 39
f 810 779 39
f 25 781 759
f 782 781 40
f 787 782 40
f 809 42 812
f 810 43 811
f 811 44 809
f 812 45 813
f 813 46 1675
f 787 777 786
f 787 771 777
f 771 776 777
f 810 780 779
f 810 788 780
f 787 785 782
f 787 783 785
f 787 784 783
f 787 786 784
f 814 786 777
f 789 814 777
f 810 811 3197
f 811 809 3197
f 809 812 3197
f 812 813 3197
f 813 1675 3197
f 3197 814 789
f 3197 789 790
f 3197 790 792
f 3197 792 793
f 3197 796 798
f 3197 794 797
f 3197 793 795
f 3197 795 794
f 3197 797 796
f 810 3197 788
f 3197 801 788
f 3197 800 801
f 3197 803 802
f 3197 802 800
f 3197 798 803
f 1676 907 908
f 1677 908 909
f 1678 909 910
f 1679 910 911
f 1680 911 912
f 912 913 1682
f 913 914 1684
f 1687 914 915
f 1709 915 916
f 916 917 1711
f 917 918 1797
f 918 919 1798
f 919 920 1799
f 920 921 1800
f 921 922 1801
f 922 923 1802
f 923 924 1803
f 924 925 1804
f 925 926 1805
f 926 927 1806
f 927 928 1807
f 928 929 1808
f 929 930 1809
f 930 2883 3295
f 1675 907 1676
f 1676 908 1677
f 1677 909 1678
f 1678 910 1679
f 1679 911 1680
f 1680 912 1681
f 1681 912 1682
f 1684 1682 913
f 1685 1684 914
f 1687 1685 914
f 1687 915 1709
f 1710 916 1711
f 1709 916 1710
f 917 1797 1711
f 918 1798 1797
f 919 1799 1798
f 920 1800 1799
f 921 1801 1800
f 922 1802 1801
f 923 1803 1802
f 924 1804 1803
f 925 1805 1804
f 926 1806 1805
f 927 1807 1806
f 928 1808 1807
f 929 1809 1808
f 930 3295 1809
f 1675 1676 3197
f 1676 1677 3197
f 1677 1678 3197
f 1678 1679 3197
f 1679 1680 3197
f 1680 1683 3197
f 1680 1681 1683
f 1687 1686 1685
f 1687 1703 1686
f 1687 1709 1703
f 1709 1712 1703
f 1712 1713 1703
f 1709 1710 1712
f 3197 1683 1688
f 3197 1688 1690
f 3197 1690 1691
f 3197 1691 1692
f 3197 1692 1693
f 3197 1693 1695
f 3197 1695 1694
f 3197 1694 1697
f 3197 1697 1696
f 3197 1696 1698
f 3197 1698 1699
f 3197 1699 1700
f 3197 1700 1702
f 3197 1702 1703
f 3197 1703 1713
f 2070 1873 1872
f 2074 1854 1853
f 1855 1854 2075
f 1856 1855 2076
f 1857 1856 2077
f 1858 1857 2078
f 1859 1858 2079
f 1860 1859 2080
f 1861 1860 2081
f 2082 1862 1861
f 2083 1863 1862
f 2084 1864 1863
f 1865 1864 2085
f 1866 1865 2086
f 2087 1867 1866
f 2107 1868 1867
f 2117 1869 1868
f 2123 1870 1869
f 2124 1871 1870
f 2125 1872 1871
f 2070 1872 2131
f 2074 2075 1854
f 2075 2076 1855
f 2076 2077 1856
f 2077 2078 1857
f 2078 2079 1858
f 2079 2080 1859
f 2080 2081 1860
f 2081 2082 1861
f 2082 2083 1862
f 2083 2084 1863
f 2084 2085 1864
f 2085 2086 1865
f 2086 2087 1866
f 2087 2107 1867
f 2108 1868 2107
f 2117 1868 2108
f 2117 2123 1869
f 2123 2124 1870
f 2124 2125 1871
f 2125 2131 1872
f 2070 2131 2132
f 3197 2116 814
f 2117 2116 3197
f 2114 2113 2110
f 2117 2108 2109
f 2117 2109 2110
f 2117 2110 2113
f 2117 2113 2111
f 2117 2111 2112
f 2117 2112 2115
f 2117 2115 2116
f 2117 3197 2123
f 2123 3197 2124
f 2124 3197 2125
f 2125 3197 2131
f 2131 3197 2134
f 2134 3197 2136
f 2136 3197 2138
f 2138 3197 2140
f 2140 3197 3218
f 2131 2134 2132
f 2132 2134 2133
f 2133 2134 2135
f 2134 2136 2135
f 2135 2136 2137
f 2136 2138 2137
f 2137 2138 2139
f 2138 2140 2139
f 2139 2140 3217
f 2140 3218 3217
f 2873 2872 2871
f 2873 3226 2872
f 3234 2875 2874
f 2890 2875 3240
f 3226 2876 2872
f 3244 2878 2877
f 3243 2877 2876
f 3250 2874 2878
f 2887 2879 3291
f 2879 2880 3292
f 2882 2881 3293
f 2881 2892 3304
f 2880 2882 3294
f 2883 2884 3296
f 2884 2885 3297
f 2885 2886 3298
f 2886 2887 3299
f 2889 2891 3303
f 2888 2889 3301
f 2891 2890 3302
f 2892 2888 3300
f 2873 3224 3226
f 3235 3240 2875
f 3234 3235 2875
f 2890 3240 3302
f 3226 3243 2876
f 3244 3250 2878
f 3243 3244 2877
f 3234 2874 3250
f 2887 3291 3299
f 2879 3292 3291
f 2880 3294 3292
f 2881 3304 3293
f 2882 3293 3294
f 2883 3296 3295
f 2884 3297 3296
f 2885 3298 3297
f 2886 3299 3298
f 2889 3303 3301
f 2888 3301 3300
f 2891 3302 3303
f 2892 3300 3304
f 3197 1713 3242
f 3197 3242 3234
f 3197 3220 3218
f 3197 3222 3220
f 3197 3228 3222
f 3197 3225 3228
f 3197 3243 3226
f 3197 3226 3225
f 3197 3244 3243
f 3197 3250 3244
f 3217 3218 3219
f 3218 3220 3219
f 3219 3220 3221
f 3220 3222 3221
f 3221 3222 3227
f 3228 3225 3223
f 3223 3225 3224
f 3225 3226 3224
f 3222 3228 3227
f 3227 3228 3223
f 3197 3234 3250
f 3235 3236 3238
f 3234 3236 3235
f 3234 3239 3236
f 3234 3237 3239
f 3234 3241 3237
f 3234 3242 3241
f 1881 1873 1903
f 2070 1903 1873
f 2070 1905 1903
f 2070 1957 1905
f 2070 1958 1957
f 2070 1959 1958
f 2070 1960 1959
f 2070 1961 1960
f 2070 1962 1961
f 2070 1963 1962
f 2070 1964 1963
f 2070 1965 1964
f 2070 1966 1965
f 2070 1967 1966
f 2070 1968 1967
f 2070 1986 1968
f 2070 1987 1986
f 2070 1988 1987
f 1906 1903 1908
f 1903 1904 1908
f 1904 1903 1905
f 1903 1906 1907
f 1903 1907 1927
f 1903 1927 1928
f 1903 1928 2016
f 2016 1928 1925
f 2016 1925 1926
f 2070 1989 1988
f 2070 1990 1989
f 2070 1991 1990
f 2070 1992 1991
f 2070 1993 1992
f 2070 1994 1993
f 2070 1995 1994
f 1995 1969 1996
f 1969 2041 1996
f 1929 2016 1926
f 2016 1929 1930
f 2016 1930 1931
f 2016 1931 1932
f 2016 1932 1933
f 2016 1933 1934
f 1934 1935 2016
f 2016 1935 1936
f 2016 1936 1937
f 2016 1937 1938
f 1938 1939 2016
f 1939 1940 2016
f 1940 2012 2016
f 2016 2012 2013
f 2013 2014 2016
f 2014 2015 2016
f 2015 2030 2016
f 1997 2041 1998
f 1998 2041 2000
f 2000 2041 2001
f 2041 2030 2031
f 2041 2031 2032
f 2041 2032 2033
f 2041 2033 2034
f 2036 2037 2041
f 2036 2041 2040
f 2035 2041 2037
f 2001 2041 2035
f 2034 2038 2041
f 2039 2041 2038
f 2039 2040 2041
f 1996 2041 1999
f 1999 2041 1997
f 2016 2030 2041
f 2070 1969 1995
f 2070 2614 1969
f 2070 2132 2072
f 2132 2073 2072
f 2070 2617 2614
f 2070 2072 2617
f 2132 2133 2731
f 2133 2135 2732
f 2135 2137 2732
f 2137 2139 3789
f 2132 2653 2073
f 2615 2614 2617
f 2132 2654 2653
f 2132 2729 2654
f 2132 2730 2729
f 2132 2731 2730
f 2133 2732 2731
f 2137 3786 2732
f 2653 2655 2073
f 2873 2871 2909
f 2873 2909 2916
f 2873 2916 2949
f 2873 2943 2942
f 2873 2940 2943
f 2873 2917 2918
f 2873 2919 2921
f 2873 2920 2919
f 2873 2921 2917
f 2873 2918 2980
f 2873 2980 2981
f 2873 2981 2982
f 2873 2982 2983
f 2873 2942 2920
f 2873 2983 2984
f 2873 2984 2985
f 2873 2985 2986
f 2873 2986 2987
f 2873 2987 2992
f 2873 2992 3224
f 2873 2941 2940
f 2873 2945 2944
f 2873 2944 2941
f 2873 2946 2945
f 2873 2947 2946
f 2873 2948 2947
f 2873 2949 2948
f 2916 3130 2950
f 2916 2950 2949
f 2987 2988 2992
f 2988 2989 2992
f 2989 2990 2992
f 2990 2991 2992
f 2991 3021 2992
f 3021 3022 2992
f 3022 3023 2992
f 3023 3024 2992
f 3024 3025 2992
f 3025 3026 2992
f 3026 3027 2992
f 2992 3027 3166
f 3130 2951 2950
f 3130 2952 2951
f 3130 2953 2952
f 2953 3130 2954
f 2954 3130 2955
f 2955 3130 3112
f 3112 3130 3113
f 3113 3130 3114
f 3114 3130 3115
f 3115 3130 3131
f 3131 3130 3132
f 3132 3130 3133
f 3133 3130 3134
f 3134 3130 3135
f 3135 3130 3139
f 3139 3130 3140
f 3166 3032 3033
f 3033 3035 3166
f 3035 3036 3166
f 3138 3137 3166
f 3166 3137 3141
f 3166 3136 3138
f 3036 3136 3166
f 3141 3140 3166
f 3027 3028 3166
f 3028 3029 3166
f 3029 3030 3166
f 3030 3031 3166
f 3166 3031 3034
f 3166 3034 3032
f 3166 3140 3130
f 3224 2992 3664
f 3224 3193 3195
f 3224 3664 3193
f 2139 3217 3789
f 3217 3219 3790
f 3219 3221 3790
f 3221 3227 3790
f 3227 3223 3790
f 3223 3224 3790
f 3224 3195 3790
f 3668 3664 3667
f 3193 3664 3668
f 2137 3789 3786
f 3217 3790 3789
f 3195 3684 3683
f 3195 3685 3684
f 3195 3683 3787
f 3195 3787 3788
f 3195 3788 3790
f 1899 1905 1942
f 1898 1902 1908
f 1899 1898 1904
f 1900 1906 1902
f 1900 1901 1907
f 1898 1908 1904
f 1899 1904 1905
f 1902 1906 1908
f 1901 1927 1907
f 1900 1907 1906
f 1912 1909 1925
f 1909 1910 1926
f 1910 1913 1929
f 1901 1911 1927
f 1912 1928 1911
f 1912 1925 1928
f 1909 1926 1925
f 1910 1929 1926
f 1911 1928 1927
f 1913 1914 1930
f 1914 1915 1931
f 1915 1916 1932
f 1913 1930 1929
f 1914 1931 1930
f 1915 1932 1931
f 1916 1933 1932
f 1916 1917 1933
f 1917 1918 1934
f 1918 1919 1935
f 1919 1920 1936
f 1917 1934 1933
f 1918 1935 1934
f 1919 1936 1935
f 1920 1921 1937
f 1921 1922 1938
f 1922 1923 1939
f 1923 1924 1940
f 1920 1937 1936
f 1921 1938 1937
f 1922 1939 1938
f 1923 1940 1939
f 1924 2012 1940
f 1942 1957 1943
f 1943 1958 1944
f 1944 1959 1945
f 1945 1960 1946
f 1946 1961 1947
f 1947 1962 1948
f 1948 1963 1949
f 1949 1964 1950
f 1950 1965 1951
f 1951 1966 1952
f 1952 1967 1953
f 1943 1957 1958
f 1942 1905 1957
f 1944 1958 1959
f 1945 1959 1960
f 1946 1960 1961
f 1947 1961 1962
f 1948 1962 1963
f 1949 1963 1964
f 1950 1964 1965
f 1951 1965 1966
f 1952 1966 1967
f 1953 1968 1970
f 1953 1967 1968
f 1970 1986 1971
f 1971 1987 1972
f 1972 1988 1973
f 1973 1989 1974
f 1970 1968 1986
f 1971 1986 1987
f 1972 1987 1988
f 1973 1988 1989
f 1974 1989 1990
f 1974 1990 1975
f 1975 1991 1976
f 1976 1992 1977
f 1977 1993 1978
f 1975 1990 1991
f 1976 1991 1992
f 1977 1992 1993
f 1978 1994 1979
f 1979 1995 1980
f 1980 1996 1983
f 1978 1993 1994
f 1979 1994 1995
f 1980 1995 1996
f 1983 1996 1999
f 1983 1999 1981
f 1981 1997 1982
f 1982 1998 1984
f 1984 2000 1985
f 1985 2001 2022
f 1981 1999 1997
f 1982 1997 1998
f 1984 1998 2000
f 1985 2000 2001
f 1924 2008 2012
f 2008 2009 2013
f 2009 2010 2014
f 2010 2011 2015
f 2008 2013 2012
f 2009 2014 2013
f 2010 2015 2014
f 2011 2030 2015
f 2011 2017 2030
f 2017 2018 2031
f 2018 2019 2032
f 2025 2038 2021
f 2019 2020 2033
f 2020 2021 2034
f 2022 2035 2024
f 2024 2037 2023
f 2027 2023 2036
f 2025 2026 2039
f 2027 2040 2026
f 2017 2031 2030
f 2018 2032 2031
f 2021 2038 2034
f 2019 2033 2032
f 2020 2034 2033
f 2022 2001 2035
f 2024 2035 2037
f 2023 2037 2036
f 2025 2039 2038
f 2026 2040 2039
f 2027 2036 2040
f 2936 2980 2918
f 2939 2917 2921
f 2935 2918 2917
f 2937 2921 2919
f 2938 2919 2920
f 2935 2917 2939
f 2936 2918 2935
f 2937 2939 2921
f 2938 2920 2962
f 2937 2919 2938
f 2960 2943 2940
f 2961 2940 2941
f 2964 2941 2944
f 2962 2920 2942
f 2963 2942 2943
f 2963 2943 2960
f 2960 2940 2961
f 2961 2941 2964
f 2963 2962 2942
f 2965 2944 2945
f 2966 2945 2946
f 2967 2946 2947
f 2964 2944 2965
f 2965 2945 2966
f 2966 2946 2967
f 2967 2947 2972
f 2972 2947 2948
f 2973 2948 2949
f 2974 2949 2950
f 2975 2950 2951
f 2972 2948 2973
f 2973 2949 2974
f 2974 2950 2975
f 2976 2951 2952
f 2977 2952 2953
f 2978 2953 2954
f 2979 2954 2955
f 2975 2951 2976
f 2976 2952 2977
f 2977 2953 2978
f 2978 2954 2979
f 2979 2955 3119
f 3002 2981 2980
f 3003 2982 2981
f 3004 2983 2982
f 3005 2984 2983
f 3006 2985 2984
f 3007 2986 2985
f 3008 2987 2986
f 3009 2988 2987
f 3010 2989 2988
f 3011 2990 2989
f 3012 2991 2990
f 3002 3003 2981
f 2936 3002 2980
f 3003 3004 2982
f 3004 3005 2983
f 3005 3006 2984
f 3006 3007 2985
f 3007 3008 2986
f 3008 3009 2987
f 3009 3010 2988
f 3010 3011 2989
f 3011 3012 2990
f 3016 3021 2991
f 3012 3016 2991
f 3037 3022 3021
f 3038 3023 3022
f 3039 3024 3023
f 3040 3025 3024
f 3016 3037 3021
f 3037 3038 3022
f 3038 3039 3023
f 3039 3040 3024
f 3040 3041 3025
f 3041 3026 3025
f 3042 3027 3026
f 3043 3028 3027
f 3044 3029 3028
f 3041 3042 3026
f 3042 3043 3027
f 3043 3044 3028
f 3045 3030 3029
f 3046 3031 3030
f 3047 3034 3031
f 3044 3045 3029
f 3045 3046 3030
f 3046 3047 3031
f 3047 3050 3034
f 3050 3032 3034
f 3048 3033 3032
f 3049 3035 3033
f 3051 3036 3035
f 3052 3136 3036
f 3050 3048 3032
f 3048 3049 3033
f 3049 3051 3035
f 3051 3052 3036
f 3119 2955 3112
f 3120 3112 3113
f 3121 3113 3114
f 3122 3114 3115
f 3119 3112 3120
f 3120 3113 3121
f 3121 3114 3122
f 3122 3115 3142
f 3142 3115 3131
f 3143 3131 3132
f 3144 3132 3133
f 3150 3135 3139
f 3145 3133 3134
f 3146 3134 3135
f 3147 3138 3136
f 3149 3137 3138
f 3148 3141 3137
f 3151 3139 3140
f 3152 3140 3141
f 3142 3131 3143
f 3143 3132 3144
f 3150 3146 3135
f 3144 3133 3145
f 3145 3134 3146
f 3052 3147 3136
f 3147 3149 3138
f 3149 3148 3137
f 3150 3139 3151
f 3152 3151 3140
f 3152 3141 3148
f 2925 2926 3003
f 2927 2935 2928
f 2924 2936 2927
f 2924 2925 3002
f 2931 2963 2932
f 2928 2937 2929
f 2930 2934 2962
f 2929 2938 2934
f 2924 3002 2936
f 2925 3003 3002
f 2928 2939 2937
f 2928 2935 2939
f 2927 2936 2935
f 2930 2963 2931
f 2929 2937 2938
f 2934 2938 2962
f 2930 2962 2963
f 2932 2961 2933
f 2933 2964 2957
f 2957 2965 2956
f 2956 2966 2958
f 2958 2967 2959
f 2932 2963 2960
f 2932 2960 2961
f 2933 2961 2964
f 2957 2964 2965
f 2956 2965 2966
f 2958 2966 2967
f 2959 2967 2968
f 2968 2972 2969
f 2969 2973 2970
f 2974 2971 2970
f 2976 3116 2971
f 2967 2972 2968
f 2969 2972 2973
f 2973 2974 2970
f 2974 2975 2971
f 2975 2976 2971
f 2976 2977 3117
f 2993 3003 2926
f 2993 2994 3005
f 2994 2995 3005
f 2995 2996 3006
f 2996 2997 3008
f 2997 2998 3008
f 2998 2999 3009
f 2999 3000 3010
f 2993 3004 3003
f 2993 3005 3004
f 2995 3006 3005
f 2996 3007 3006
f 2996 3008 3007
f 2998 3009 3008
f 2999 3010 3009
f 3000 3001 3011
f 3000 3011 3010
f 3001 3012 3011
f 3001 3013 3012
f 3013 3014 3016
f 3013 3016 3012
f 3014 3037 3016
f 3014 3038 3037
f 3015 3039 3038
f 3014 3015 3038
f 3015 3017 3039
f 3017 3040 3039
f 3017 3018 3040
f 3041 3018 3053
f 3040 3018 3041
f 3041 3053 3042
f 3042 3053 3054
f 3042 3054 3043
f 3043 3054 3055
f 3043 3055 3044
f 3044 3055 3056
f 3044 3057 3045
f 3044 3056 3057
f 3045 3058 3046
f 3046 3059 3047
f 3045 3057 3058
f 3046 3058 3059
f 3050 3153 3048
f 3048 3154 3049
f 3047 3060 3050
f 3047 3059 3060
f 3050 3060 3153
f 2924 3066 2925
f 2925 3067 2926
f 2927 2928 3070
f 2928 2929 3071
f 2929 2934 3076
f 2924 2927 3069
f 2930 3072 2934
f 2930 2931 3073
f 2931 2932 3074
f 2932 2933 3075
f 2925 3066 3067
f 2926 3067 3068
f 2927 3070 3069
f 2928 3071 3070
f 2929 3076 3071
f 2924 3069 3066
f 2934 3072 3076
f 2930 3073 3072
f 2931 3074 3073
f 2932 3075 3074
f 2933 2957 3078
f 2957 2956 3077
f 2956 2958 3079
f 2958 2959 3080
f 2959 2968 3081
f 2968 2969 3082
f 2969 2970 3083
f 2970 2971 3084
f 2933 3078 3075
f 2957 3077 3078
f 2956 3079 3077
f 2958 3080 3079
f 2959 3081 3080
f 2968 3082 3081
f 2969 3083 3082
f 2970 3084 3083
f 2993 2926 3068
f 2993 3087 2994
f 2994 3088 2995
f 2995 3089 2996
f 2996 3090 2997
f 2997 3091 2998
f 2998 3092 2999
f 2999 3093 3000
f 3000 3094 3001
f 3001 3095 3013
f 3013 3096 3014
f 3014 3097 3015
f 3015 3098 3017
f 3017 3099 3018
f 2993 3068 3087
f 2994 3087 3088
f 2995 3088 3089
f 2996 3089 3090
f 2997 3090 3091
f 2998 3091 3092
f 2999 3092 3093
f 3000 3093 3094
f 3001 3094 3095
f 3013 3095 3096
f 3014 3096 3097
f 3015 3097 3098
f 3017 3098 3099
f 3018 3099 3103
f 3018 3103 3053
f 3053 3104 3054
f 3054 3105 3055
f 3055 3106 3056
f 3056 3107 3057
f 3057 3108 3058
f 3058 3109 3059
f 3059 3110 3060
f 3053 3103 3104
f 3054 3104 3105
f 3055 3105 3106
f 3056 3106 3107
f 3057 3107 3108
f 3058 3108 3109
f 3059 3109 3110
f 3060 3110 3111
f 2976 3117 3116
f 2977 2978 3118
f 2978 2979 3123
f 2977 3118 3117
f 2978 3123 3118
f 2979 3119 3124
f 3119 3120 3124
f 2979 3124 3123
f 3124 3120 3125
f 3125 3120 3121
f 3126 3121 3122
f 3127 3122 3142
f 3125 3121 3126
f 3126 3122 3127
f 3127 3142 3128
f 3142 3129 3128
f 3142 3143 3129
f 3143 3144 3157
f 3144 3145 3157
f 3145 3146 3158
f 3150 3160 3146
f 3150 3151 3161
f 3152 3148 3163
f 3152 3164 3151
f 3049 3155 3051
f 3051 3156 3052
f 3052 3165 3147
f 3147 3165 3149
f 3048 3153 3154
f 3049 3154 3155
f 3051 3155 3156
f 3149 3162 3148
f 3052 3156 3165
f 3148 3162 3163
f 3149 3165 3162
f 3143 3157 3129
f 3145 3158 3157
f 3146 3160 3158
f 3150 3159 3160
f 3150 3161 3159
f 3151 3164 3161
f 3152 3163 3164
f 2971 3116 3167
f 3116 3117 3168
f 3117 3118 3169
f 3118 3123 3170
f 3123 3124 3171
f 3124 3125 3172
f 3125 3126 3173
f 3126 3127 3174
f 3127 3128 3175
f 3128 3129 3176
f 2971 3167 3084
f 3116 3168 3167
f 3117 3169 3168
f 3118 3170 3169
f 3123 3171 3170
f 3124 3172 3171
f 3125 3173 3172
f 3126 3174 3173
f 3127 3175 3174
f 3128 3176 3175
f 3153 3178 3154
f 3155 3180 3156
f 3155 3154 3179
f 3156 3181 3165
f 3161 3164 3189
f 3129 3157 3182
f 3157 3158 3183
f 3158 3160 3185
f 3160 3159 3184
f 3161 3186 3159
f 3162 3165 3190
f 3162 3187 3163
f 3163 3188 3164
f 3060 3111 3153
f 3154 3178 3179
f 3155 3179 3180
f 3156 3180 3181
f 3165 3181 3190
f 3129 3182 3176
f 3157 3183 3182
f 3158 3185 3183
f 3160 3184 3185
f 3159 3186 3184
f 3161 3189 3186
f 3162 3190 3187
f 3164 3188 3189
f 3163 3187 3188
f 3153 3111 3178
f 1897 1888 1885
f 1897 1941 1888
f 2007 1885 2002
f 1897 1885 2007
f 1941 1892 1888
f 1941 1954 1892
f 1954 2005 1892
f 1954 2029 2005
f 1897 1899 1941
f 1897 1902 1898
f 1897 1898 1899
f 1897 1900 1902
f 1897 1912 1911
f 1897 1901 1900
f 1897 1911 1901
f 1897 1909 1912
f 1897 1910 1909
f 1897 1913 1910
f 1897 1915 1914
f 1897 1914 1913
f 1897 1916 1915
f 1897 1917 1916
f 1897 1918 1917
f 1897 2007 1918
f 1918 2007 1919
f 1919 2007 1920
f 1920 2007 1921
f 1921 2007 1922
f 2007 1923 1922
f 1941 1942 1943
f 1941 1943 1944
f 1941 1899 1942
f 1941 1944 1945
f 1941 1945 1946
f 1941 1946 1947
f 1941 1947 1948
f 1941 1948 1954
f 1948 1949 1954
f 1949 1950 1954
f 1950 1951 1954
f 1954 1951 1952
f 1954 1952 1953
f 1954 1953 1970
f 1954 1970 1971
f 1954 1971 1972
f 1954 1972 1973
f 1954 1973 1974
f 1954 1974 1975
f 1954 1975 2029
f 1975 1976 2029
f 1976 1977 2029
f 1977 1978 2029
f 1983 1981 2029
f 1981 1982 2029
f 1982 1984 2029
f 1978 1979 2029
f 1979 1980 2029
f 1980 1983 2029
f 2028 2002 2004
f 2007 2002 2028
f 2029 2004 2005
f 2029 2028 2004
f 2007 1924 1923
f 2007 2008 1924
f 2007 2009 2008
f 2007 2010 2009
f 2007 2011 2010
f 2007 2017 2011
f 2007 2028 2017
f 2017 2028 2018
f 2018 2028 2019
f 2019 2028 2020
f 2020 2028 2021
f 2025 2028 2026
f 2025 2021 2028
f 2027 2026 2028
f 2024 2023 2029
f 1985 2022 2029
f 1984 1985 2029
f 2022 2024 2029
f 2027 2029 2023
f 2027 2028 2029

