# braccio_pen_finger_10mm.obj - written by scripts/mesh_check.py
v -2.49640000 2.50000000 -6.21624000
v -2.47853000 2.50000000 -5.47211000
v -2.45967000 0.19651000 -5.96098000
v -2.45967000 4.80349000 -5.96098000
v -2.45243000 0.14823000 -5.91398000
v -2.45243000 4.85176000 -5.91398000
v -2.43246000 0.10000000 -5.91425000
v -2.43246000 4.90000000 -5.91425000
v -2.42908000 2.50000000 -6.95753000
v -2.41762000 0.19651000 -6.73691000
v -2.41762000 4.80349000 -6.73691000
v -2.41732000 0.14823000 -6.67774000
v -2.41732000 4.85176000 -6.67774000
v -2.40825000 0.19651000 -5.18562000
v -2.40825000 4.80349000 -5.18562000
v -2.40067000 0.05858000 -5.91467000
v -2.40067000 4.94142000 -5.91467000
v -2.39745000 0.10000000 -6.67564000
v -2.39745000 4.90000000 -6.67564000
v -2.39697000 0.14823000 -5.15144000
v -2.39697000 4.85176000 -5.15144000
v -2.37716000 0.10000000 -5.15406000
v -2.37716000 4.90000000 -5.15406000
v -2.37570000 2.50000000 -4.73491000
v -2.36584000 0.05858000 -6.67230000
v -2.36584000 4.94142000 -6.67230000
v -2.35926000 0.02679000 -5.91523000
v -2.35926000 4.97320000 -5.91523000
v -2.34566000 0.05858000 -5.15824000
v -2.34566000 4.94142000 -5.15824000
v -2.32465000 0.02679000 -6.66795000
v -2.32465000 4.97320000 -6.66795000
v -2.31103000 0.00681000 -5.91587000
v -2.31103000 4.99319000 -5.91587000
v -2.30460000 0.02679000 -5.16369000
v -2.30460000 4.97320000 -5.16369000
v -2.29212000 0.14823000 -7.43198000
v -2.29212000 4.85176000 -7.43198000
v -2.28270000 0.19651000 -7.50218000
v -2.28270000 4.80349000 -7.50218000
v -2.27746000 2.50000000 -7.68626000
v -2.27668000 0.00681000 -6.66288000
v -2.27668000 4.99319000 -6.66288000
v -2.27264000 0.10000000 -7.42754000
v -2.27264000 4.90000000 -7.42754000
v -2.26410000 0.19651000 -4.42204000
v -2.26410000 4.80349000 -4.42204000
v -2.25971000 0.00000000 -5.96219000
v -2.25971000 5.00000000 -5.96219000
v -2.25678000 0.00681000 -5.17003000
v -2.25678000 4.99319000 -5.17003000
v -2.25171000 0.14823000 -4.40080000
v -2.25171000 4.85176000 -4.40080000
v -2.24164000 0.05858000 -7.42049000
v -2.24164000 4.94142000 -7.42049000
v -2.23235000 0.10000000 -4.40575000
v -2.23235000 4.90000000 -4.40575000
v -2.21896000 0.00000000 -6.71410000
v -2.21896000 5.00000000 -6.71410000
v -2.20988000 0.00000000 -5.21083000
v -2.20988000 5.00000000 -5.21083000
v -2.20156000 0.05858000 -4.41363000
v -2.20156000 4.94142000 -4.41363000
v -2.20126000 0.02679000 -7.41130000
v -2.20126000 4.97320000 -7.41130000
v -2.18926000 2.50000000 -4.01430000
v -2.16143000 0.02679000 -4.42390000
v -2.16143000 4.97320000 -4.42390000
v -2.15422000 0.00681000 -7.40059000
v -2.15422000 4.99319000 -7.40059000
v -2.11470000 0.00681000 -4.43585000
v -2.11470000 4.99319000 -4.43585000
v -2.08822000 0.00000000 -7.45568000
v -2.08822000 5.00000000 -7.45568000
v -2.07859000 0.14823000 -8.16611000
v -2.07859000 4.85176000 -8.16611000
v -2.07019000 0.00000000 -4.47088000
v -2.07019000 5.00000000 -4.47088000
v -2.05977000 0.10000000 -8.15941000
v -2.05977000 4.90000000 -8.15941000
v -2.05687000 0.19651000 -8.24571000
v -2.05687000 4.80349000 -8.24571000
v -2.04352000 2.50000000 -8.39288000
v -2.02983000 0.05858000 -8.14874000
v -2.02983000 4.94142000 -8.14874000
v -2.02930000 0.19651000 -3.68129000
v -2.02930000 4.80349000 -3.68129000
v -2.01869000 0.14823000 -3.67262000
v -2.01869000 4.85176000 -3.67262000
v -2.00005000 0.10000000 -3.67982000
v -2.00005000 4.90000000 -3.67982000
v -1.99081000 0.02679000 -8.13483000
v -1.99081000 4.97320000 -8.13483000
v -1.97041000 0.05858000 -3.69129000
v -1.97041000 4.94142000 -3.69129000
v -1.94537000 0.00681000 -8.11864000
v -1.94537000 4.99319000 -8.11864000
v -1.93177000 0.02679000 -3.70623000
v -1.93177000 4.97320000 -3.70623000
v -1.92167000 2.50000000 -3.31973000
v -1.88678000 0.00681000 -3.72362000
v -1.88678000 4.99319000 -3.72362000
v -1.86938000 0.00000000 -8.17619000
v -1.86938000 5.00000000 -8.17619000
v -1.84266000 0.00000000 -3.75307000
v -1.84266000 5.00000000 -3.75307000
v -1.77973000 0.14823000 -8.86984000
v -1.77973000 4.85176000 -8.86984000
v -1.76184000 0.10000000 -8.86096000
v -1.76184000 4.90000000 -8.86096000
v -1.74339000 0.19651000 -8.95675000
v -1.74339000 4.80349000 -8.95675000
v -1.73337000 0.05858000 -8.84682000
v -1.73337000 4.94142000 -8.84682000
v -1.73032000 2.50000000 -9.06812000
v -1.70726000 0.19651000 -2.97409000
v -1.70726000 4.80349000 -2.97409000
v -1.70127000 0.14823000 -2.97727000
v -1.70127000 4.85176000 -2.97727000
v -1.69627000 0.02679000 -8.82840000
v -1.69627000 4.97320000 -8.82840000
v -1.68361000 0.10000000 -2.98663000
v -1.68361000 4.90000000 -2.98663000
v -1.65553000 0.05858000 -3.00152000
v -1.65553000 4.94142000 -3.00152000
v -1.65307000 0.00681000 -8.80695000
v -1.65307000 4.99319000 -8.80695000
v -1.61894000 0.02679000 -3.02092000
v -1.61894000 4.97320000 -3.02092000
v -1.57641000 2.50000000 -2.66030000
v -1.57632000 0.00681000 -3.04352000
v -1.57632000 4.99319000 -3.04352000
v -1.56560000 0.00000000 -8.86522000
v -1.56560000 5.00000000 -8.86522000
v -1.53058000 0.00000000 -3.06776000
v -1.53058000 5.00000000 -3.06776000
v -1.39974000 0.14823000 -9.53329000
v -1.39974000 4.85176000 -9.53329000
v -1.38302000 0.10000000 -9.52235000
v -1.38302000 4.90000000 -9.52235000
v -1.35642000 0.05858000 -9.50495000
v -1.35642000 4.94142000 -9.50495000
v -1.34681000 0.19651000 -9.62499000
v -1.34681000 4.80349000 -9.62499000
v -1.34199000 2.50000000 -9.70313000
v -1.32176000 0.02679000 -9.48227000
v -1.32176000 4.97320000 -9.48227000
v -1.30363000 0.14823000 -2.32403000
v -1.30363000 4.85176000 -2.32403000
v -1.30263000 0.19651000 -2.31068000
v -1.30263000 4.80349000 -2.31068000
v -1.28721000 0.10000000 -2.33541000
v -1.28721000 4.90000000 -2.33541000
v -1.28140000 0.00681000 -9.45585000
v -1.28140000 4.99319000 -9.45585000
v -1.26109000 0.05858000 -2.35351000
v -1.26109000 4.94142000 -2.35351000
v -1.22705000 0.02679000 -2.37711000
v -1.22705000 4.97320000 -2.37711000
v -1.18740000 0.00681000 -2.40459000
v -1.18740000 4.99319000 -2.40459000
v -1.18129000 0.00000000 -9.51278000
v -1.18129000 5.00000000 -9.51278000
v -1.15804000 2.50000000 -2.04467000
v -1.13848000 0.00000000 -2.42489000
v -1.13848000 5.00000000 -2.42489000
v -0.94394000 0.14823000 -10.14710000
v -0.94394000 4.85176000 -10.14710000
v -0.92864000 0.10000000 -10.13430000
v -0.92864000 4.90000000 -10.13430000
v -0.90429000 0.05858000 -10.11390000
v -0.90429000 4.94142000 -10.11390000
v -0.88360000 2.50000000 -10.28960000
v -0.87285000 0.19651000 -10.24080000
v -0.87285000 4.80349000 -10.24080000
v -0.87255000 0.02679000 -10.08720000
v -0.87255000 4.97320000 -10.08720000
v -0.83560000 0.00681000 -10.05620000
v -0.83560000 4.99319000 -10.05620000
v -0.83164000 0.14823000 -1.72255000
v -0.83164000 4.85176000 -1.72255000
v -0.82127000 0.19651000 -1.70066000
v -0.82127000 4.80349000 -1.70066000
v -0.81668000 0.10000000 -1.73579000
v -0.81668000 4.90000000 -1.73579000
v -0.79288000 0.05858000 -1.75686000
v -0.79288000 4.94142000 -1.75686000
v -0.76187000 0.02679000 -1.78432000
v -0.76187000 4.97320000 -1.78432000
v -0.72575000 0.00681000 -1.81629000
v -0.72575000 4.99319000 -1.81629000
v -0.72201000 0.00000000 -10.10950000
v -0.72201000 5.00000000 -10.10950000
v -0.67202000 0.00000000 -1.83375000
v -0.67202000 2.50000000 -1.48090000
v -0.67202000 5.00000000 -1.83375000
v -0.41875000 0.14823000 -10.70280000
v -0.41875000 4.85176000 -10.70280000
v -0.40507000 0.10000000 -10.68820000
v -0.40507000 4.90000000 -10.68820000
v -0.38330000 0.05858000 -10.66500000
v -0.38330000 4.94142000 -10.66500000
v -0.36117000 2.50000000 -10.81980000
v -0.35494000 0.02679000 -10.63490000
v -0.35494000 4.97320000 -10.63490000
v -0.32838000 0.19651000 -10.79520000
v -0.32838000 4.80349000 -10.79520000
v -0.32331000 0.14543000 -10.78960000
v -0.32331000 4.85457000 -10.78960000
v -0.32191000 0.00681000 -10.59970000
v -0.32191000 4.99319000 -10.59970000
v -0.30966000 0.09799000 -10.77450000
v -0.30966000 4.90201000 -10.77450000
v -0.29394000 4.83844000 -10.82200000
v -0.29366000 0.15954000 -10.82170000
v -0.29182000 0.14823000 -1.18112000
v -0.29182000 4.85176000 -1.18112000
v -0.28832000 0.05735000 -10.75080000
v -0.28832000 4.94265000 -10.75080000
v -0.28674000 4.87407000 -10.81430000
v -0.28561000 0.12192000 -10.81310000
v -0.27853000 0.10000000 -1.19604000
v -0.27853000 4.90000000 -1.19604000
v -0.27459000 4.90841000 -10.80140000
v -0.27204000 0.08601000 -10.79870000
v -0.27014000 0.19651000 -1.15285000
v -0.27014000 4.80349000 -1.15285000
v -0.26262000 4.83846000 -10.85210000
v -0.26233000 0.15952000 -10.85180000
v -0.26072000 0.02622000 -10.72030000
v -0.26072000 4.97378000 -10.72030000
v -0.25773000 4.93932000 -10.78350000
v -0.25739000 0.05858000 -1.21977000
v -0.25739000 4.94142000 -1.21977000
v -0.25526000 4.87408000 -10.84470000
v -0.25410000 0.12190000 -10.84350000
v -0.25332000 0.05434000 -10.77890000
v -0.24283000 4.90843000 -10.83200000
v -0.24021000 0.08600000 -10.82940000
v -0.23732000 0.15951000 -10.87690000
v -0.23566000 4.96616000 -10.76010000
v -0.23179000 0.03020000 -10.75600000
v -0.22984000 0.02679000 -1.25071000
v -0.22984000 4.97320000 -1.25071000
v -0.22894000 0.12189000 -10.86870000
v -0.22870000 0.00666000 -10.68480000
v -0.22870000 4.99333000 -10.68480000
v -0.22558000 4.93933000 -10.81450000
v -0.22106000 0.05433000 -10.80990000
v -0.21480000 0.08599000 -10.85480000
v -0.21275000 0.15949000 -10.90240000
v -0.21074000 4.98541000 -10.73370000
v -0.20797000 0.01301000 -10.73080000
v -0.20422000 0.12188000 -10.89440000
v -0.20300000 4.96617000 -10.79160000
v -0.19905000 0.03019000 -10.78760000
v -0.19776000 0.00681000 -1.28673000
v -0.19776000 4.99319000 -1.28673000
v -0.19531000 0.05432000 -10.83570000
v -0.19439000 0.00000000 -10.64680000
v -0.19439000 5.00000000 -10.64680000
v -0.18984000 0.08598000 -10.88070000
v -0.18474000 4.99653000 -10.70610000
v -0.18335000 0.00310000 -10.70470000
v -0.17752000 4.98541000 -10.76570000
v -0.17468000 0.01300000 -10.76280000
v -0.17290000 0.03018000 -10.81380000
v -0.17002000 0.05431000 -10.86200000
v -0.16497000 0.15948000 -10.95470000
v -0.15616000 0.12186000 -10.94700000
v -0.15092000 4.99653000 -10.73870000
v -0.14950000 0.00309000 -10.73730000
v -0.14810000 0.01300000 -10.78950000
v -0.14722000 0.03018000 -10.84040000
v -0.14131000 0.08596000 -10.93390000
v -0.13795000 0.00000000 -1.30290000
v -0.13795000 5.00000000 -1.30290000
v -0.13370000 2.50000000 -11.06300000
v -0.12474000 2.50000000 -0.97640000
v -0.12247000 0.00309000 -10.76430000
v -0.12200000 0.01299000 -10.81650000
v -0.12083000 0.05430000 -10.91580000
v -0.11907000 0.15946000 -11.00870000
v -0.10999000 0.12185000 -11.00120000
v -0.10019000 0.19641000 -11.03870000
v -0.10019000 4.80359000 -11.03870000
v -0.09729000 0.03017000 -10.89510000
v -0.09592000 0.00309000 -10.79190000
v -0.09468000 0.08595000 -10.98870000
v -0.07544000 4.83852000 -11.06450000
v -0.07512000 0.15945000 -11.06420000
v -0.07357000 0.05429000 -10.97140000
v -0.07123000 0.01299000 -10.87210000
v -0.06709000 4.87415000 -11.05810000
v -0.06578000 0.12184000 -11.05710000
v -0.05299000 4.90849000 -11.04740000
v -0.05003000 0.08594000 -11.04510000
v -0.04931000 0.03016000 -10.95150000
v -0.04430000 0.00309000 -10.84840000
v -0.03344000 4.93938000 -11.03240000
v -0.02832000 0.05428000 -11.02850000
v -0.02246000 0.01298000 -10.92940000
v -0.00785000 4.96621000 -11.01290000
v -0.00337000 0.03015000 -11.00950000
v 0.00529000 0.00308000 -10.90670000
v 0.00641000 4.83853000 -11.18000000
v 0.01519000 4.87416000 -11.17430000
v 0.02103000 4.98544000 -10.99090000
v 0.02424000 0.01298000 -10.98840000
v 0.03001000 4.90849000 -11.16450000
v 0.05025000 2.50000000 -11.34060000
v 0.05057000 4.93939000 -11.15100000
v 0.05117000 4.99655000 -10.96790000
v 0.05278000 0.00308000 -10.96670000
v 0.05670000 0.00000000 -10.91450000
v 0.05670000 5.00000000 -10.91450000
v 0.07748000 4.96621000 -11.13340000
v 0.07991000 4.83852000 -11.30110000
v 0.08026000 0.15945000 -11.30090000
v 0.08420000 0.19641000 -11.31650000
v 0.08420000 4.80359000 -11.31650000
v 0.08907000 4.87415000 -11.29600000
v 0.09052000 0.12184000 -11.29520000
v 0.10454000 4.90848000 -11.28730000
v 0.10780000 0.08594000 -11.28550000
v 0.10785000 4.98544000 -11.11340000
v 0.12600000 4.93938000 -11.27530000
v 0.13162000 0.05428000 -11.27210000
v 0.13953000 4.99655000 -11.09260000
v 0.15409000 4.96621000 -11.25960000
v 0.15868000 4.83848000 -11.45760000
v 0.15901000 0.03015000 -11.25680000
v 0.16826000 4.87411000 -11.45320000
v 0.18442000 4.90845000 -11.44600000
v 0.18558000 2.50000000 -11.64480000
v 0.18579000 4.98544000 -11.24180000
v 0.18931000 0.01298000 -11.23990000
v 0.20684000 4.93935000 -11.43590000
v 0.21886000 4.99655000 -11.22330000
v 0.21999000 0.19651000 -11.62140000
v 0.21999000 4.80349000 -11.62140000
v 0.22064000 0.00308000 -11.22230000
v 0.22713000 0.14543000 -11.61890000
v 0.22713000 4.85457000 -11.61890000
v 0.23619000 4.96619000 -11.42270000
v 0.24637000 0.09799000 -11.61220000
v 0.24637000 4.90201000 -11.61220000
v 0.25954000 0.00000000 -11.22010000
v 0.25954000 5.00000000 -11.22010000
v 0.26151000 2.50000000 -11.86490000
v 0.26931000 4.98543000 -11.40780000
v 0.27644000 0.05735000 -11.60170000
v 0.27644000 4.94265000 -11.60170000
v 0.29865000 0.19651000 -11.84920000
v 0.29865000 4.80349000 -11.84920000
v 0.30388000 4.99654000 -11.39220000
v 0.30825000 0.14823000 -0.70733000
v 0.30825000 4.85176000 -0.70733000
v 0.30946000 0.14823000 -11.85990000
v 0.30946000 4.85176000 -11.85990000
v 0.31534000 0.02622000 -11.58820000
v 0.31534000 4.97378000 -11.58820000
v 0.31968000 0.10000000 -0.72372000
v 0.31968000 4.90000000 -0.72372000
v 0.32890000 0.10000000 -11.85500000
v 0.32890000 4.90000000 -11.85500000
v 0.33618000 2.50000000 -12.08540000
v 0.33786000 0.05858000 -0.74979000
v 0.33786000 4.94142000 -0.74979000
v 0.34278000 0.19651000 -0.67518000
v 0.34278000 4.80349000 -0.67518000
v 0.35951000 0.05858000 -11.84630000
v 0.35951000 4.94142000 -11.84630000
v 0.36047000 0.00666000 -11.57240000
v 0.36047000 4.99333000 -11.57240000
v 0.36156000 0.02679000 -0.78376000
v 0.36156000 4.97320000 -0.78376000
v 0.37596000 0.19651000 -12.07750000
v 0.37596000 4.80349000 -12.07750000
v 0.38916000 0.00681000 -0.82333000
v 0.38916000 4.99319000 -0.82333000
v 0.39924000 0.02679000 -11.83450000
v 0.39924000 4.97320000 -11.83450000
v 0.40881000 0.00000000 -11.55560000
v 0.40881000 5.00000000 -11.55560000
v 0.40959000 2.50000000 -12.30630000
v 0.44543000 0.00681000 -11.82040000
v 0.44543000 4.99319000 -11.82040000
v 0.45192000 0.19651000 -12.30630000
v 0.45192000 4.80349000 -12.30630000
v 0.45599000 0.00000000 -0.84002000
v 0.45599000 5.00000000 -0.84002000
v 0.45687000 0.15675000 -12.30630000
v 0.45687000 4.84325000 -12.30630000
v 0.46968000 0.11953000 -12.30630000
v 0.46968000 4.88047000 -12.30630000
v 0.47663000 2.50000000 -0.53777000
v 0.49021000 0.08495000 -12.30630000
v 0.49021000 4.91505000 -12.30630000
v 0.49495000 0.00000000 -11.80530000
v 0.49495000 5.00000000 -11.80530000
v 0.51656000 0.05577000 -12.30630000
v 0.51656000 4.94423000 -12.30630000
v 0.54875000 0.03165000 -12.30630000
v 0.54875000 4.96835000 -12.30630000
v 0.57946000 0.00000000 -12.05550000
v 0.57946000 5.00000000 -12.05550000
v 0.58417000 0.01432000 -12.30630000
v 0.58417000 4.98568000 -12.30630000
v 0.62278000 0.00357000 -12.30630000
v 0.62278000 4.99643000 -12.30630000
v 0.66236000 0.00000000 -61.36900000
v 0.66236000 0.00000000 -58.01310000
v 0.66236000 0.00000000 -12.30630000
v 0.66236000 5.00000000 -61.36900000
v 0.66236000 5.00000000 -58.01310000
v 0.66236000 5.00000000 -12.30630000
v 0.85284000 0.00000000 -5.86631000
v 0.85284000 5.00000000 -6.13369000
v 0.87551000 0.00000000 -6.40011000
v 0.87551000 5.00000000 -5.59989000
v 0.89469000 -4.80000000 -5.86809000
v 0.89469000 9.80000000 -6.13191000
v 0.91706000 -4.80000000 -6.39479000
v 0.91706000 9.80000000 -5.60521000
v 0.92070000 0.00000000 -5.33636000
v 0.92070000 5.00000000 -6.66364000
v 0.96014000 0.14823000 -0.30785000
v 0.96014000 4.85176000 -0.30785000
v 0.96165000 -4.80000000 -5.34519000
v 0.96165000 9.80000000 -6.65481000
v 0.96956000 0.10000000 -0.32547000
v 0.96956000 4.90000000 -0.32547000
v 0.98453000 0.05858000 -0.35351000
v 0.98453000 4.94142000 -0.35351000
v 0.98807000 0.00000000 -6.92239000
v 0.98807000 5.00000000 -5.07761000
v 1.00404000 0.02679000 -0.39005000
v 1.00404000 4.97320000 -0.39005000
v 1.00862000 0.19651000 -0.27457000
v 1.00862000 4.80349000 -0.27457000
v 1.02676000 0.00681000 -0.43260000
v 1.02676000 4.99319000 -0.43260000
v 1.02813000 -4.80000000 -6.91013000
v 1.02813000 9.80000000 -5.08987000
v 1.07715000 0.00000000 -4.82550000
v 1.07715000 5.00000000 -7.17450000
v 1.10122000 0.00000000 -0.45180000
v 1.10122000 5.00000000 -0.45180000
v 1.11602000 -4.80000000 -4.84112000
v 1.11602000 9.80000000 -7.15888000
v 1.12421000 2.50000000 -0.17078000
v 1.18728000 0.00000000 -7.41814000
v 1.18728000 5.00000000 -4.58186000
v 1.22469000 -4.80000000 -7.39928000
v 1.22469000 9.80000000 -4.60072000
v 1.31768000 0.00000000 -4.34843000
v 1.31768000 5.00000000 -7.65157000
v 1.35335000 -4.80000000 -4.37039000
v 1.35335000 9.80000000 -7.62961000
v 1.46741000 0.00000000 -7.87309000
v 1.46741000 5.00000000 -4.12691000
v 1.50109000 -4.80000000 -7.84819000
v 1.50109000 9.80000000 -4.15181000
v 1.63538000 0.00000000 -3.91887000
v 1.63538000 5.00000000 -8.08113000
v 1.65471000 0.14823000 0.01173000
v 1.65471000 4.85176000 0.01173000
v 1.66197000 0.10000000 -0.00688000
v 1.66197000 4.90000000 -0.00688000
v 1.66683000 -4.80000000 -3.94655000
v 1.66683000 9.80000000 -8.05345000
v 1.67352000 0.05858000 -0.03649000
v 1.67352000 4.94142000 -0.03649000
v 1.68857000 0.02679000 -0.07508000
v 1.68857000 4.97320000 -0.07508000
v 1.70611000 0.00681000 -0.12002000
v 1.70611000 4.99319000 -0.12002000
v 1.71775000 0.19651000 0.04320000
v 1.71775000 4.80349000 0.04320000
v 1.78840000 0.00000000 -0.14388000
v 1.78840000 5.00000000 -0.14388000
v 1.80950000 2.50000000 0.11978000
v 1.82039000 0.00000000 -8.27416000
v 1.82039000 5.00000000 -3.72584000
v 1.84938000 -4.80000000 -8.24392000
v 1.84938000 9.80000000 -3.75608000
v 1.90089000 0.00000000 -57.24350000
v 1.90089000 5.00000000 -57.24350000
v 2.02111000 0.00000000 -3.54919000
v 2.02111000 5.00000000 -8.45081000
v 2.03917000 -4.80000000 -5.89369000
v 2.03917000 9.80000000 -6.10631000
v 2.04742000 -4.80000000 -3.58178000
v 2.04742000 9.80000000 -8.41822000
v 2.05797000 0.00000000 -60.68740000
v 2.05797000 5.00000000 -60.68740000
v 2.06216000 -4.80000000 -6.31769000
v 2.06216000 9.80000000 -5.68231000
v 2.10787000 -4.80000000 -5.47465000
v 2.10787000 9.80000000 -6.52535000
v 2.17576000 -4.80000000 -6.72684000
v 2.17576000 9.80000000 -5.27316000
v 2.23608000 0.00000000 -8.60981000
v 2.23608000 5.00000000 -3.39019000
v 2.25954000 -4.80000000 -8.57510000
v 2.25954000 9.80000000 -3.42490000
v 2.26504000 -4.80000000 -5.08018000
v 2.26504000 9.80000000 -6.91982000
v 2.33891000 9.50001000 -6.00000000
v 2.35014000 -4.50001000 -6.19284000
v 2.35014000 -4.50001000 -5.80716000
v 2.37466000 -4.80000000 -7.10201000
v 2.37466000 9.80000000 -4.89799000
v 2.38220000 0.14823000 0.24692000
v 2.38220000 4.85176000 0.24692000
v 2.38369000 9.50001000 -6.38307000
v 2.38369000 9.50001000 -5.61693000
v 2.38721000 0.10000000 0.22758000
v 2.38721000 4.90000000 0.22758000
v 2.39517000 0.05858000 0.19681000
v 2.39517000 4.94142000 0.19681000
v 2.40000000 2.50000000 -6.00000000
v 2.40556000 0.02679000 0.15671000
v 2.40556000 4.97320000 0.15671000
v 2.41765000 0.00681000 0.11002000
v 2.41765000 4.99319000 0.11002000
v 2.43909000 -4.50001000 -6.56813000
v 2.43909000 -4.50001000 -5.43187000
v 2.44649000 2.50000000 -6.38291000
v 2.44649000 2.50000000 -5.61709000
v 2.45990000 0.19651000 0.27352000
v 2.45990000 4.80349000 0.27352000
v 2.46376000 0.00000000 -3.25000000
v 2.46376000 5.00000000 -8.74999000
v 2.48419000 -4.80000000 -3.28657000
v 2.48419000 9.80000000 -8.71342000
v 2.50334000 -4.80000000 -4.72872000
v 2.50334000 9.80000000 -7.27128000
v 2.50757000 0.00000000 0.07931000
v 2.50757000 5.00000000 0.07931000
v 2.51560000 9.50001000 -6.74549000
v 2.51560000 9.50001000 -5.25451000
v 2.52351000 2.50000000 0.33008000
v 2.58327000 2.50000000 -6.74356000
v 2.58327000 2.50000000 -5.25644000
v 2.61218000 -4.50001000 -6.91278000
v 2.61218000 -4.50001000 -5.08722000
v 2.64956000 -4.80000000 -7.42564000
v 2.64956000 9.80000000 -4.57436000
v 2.70251000 0.00000000 -8.87037000
v 2.70251000 5.00000000 -3.12963000
v 2.71976000 -4.80000000 -8.83220000
v 2.71976000 9.80000000 -3.16780000
v 2.72753000 9.50001000 -7.06773000
v 2.72753000 9.50001000 -4.93227000
v 2.80238000 2.50000000 -7.06100000
v 2.80238000 2.50000000 -4.93900000
v 2.81161000 -4.80000000 -4.43671000
v 2.81161000 9.80000000 -7.56329000
v 2.86009000 -4.50001000 -7.20823000
v 2.86009000 -4.50001000 -4.79177000
v 2.95061000 0.00000000 -3.02994000
v 2.95061000 5.00000000 -8.97006000
v 2.96456000 -4.80000000 -3.06943000
v 2.96456000 9.80000000 -8.93057000
v 2.98760000 -4.80000000 -7.68262000
v 2.98760000 9.80000000 -4.31738000
v 3.00807000 9.50001000 -7.33240000
v 3.00807000 9.50001000 -4.66760000
v 3.09022000 0.00000000 -56.39980000
v 3.09022000 5.00000000 -56.39980000
v 3.09110000 2.50000000 -7.31677000
v 3.09110000 2.50000000 -4.68323000
v 3.13239000 0.14823000 0.39442000
v 3.13239000 4.85176000 0.39442000
v 3.13508000 0.10000000 0.37462000
v 3.13508000 4.90000000 0.37462000
v 3.13935000 0.05858000 0.34312000
v 3.13935000 4.94142000 0.34312000
v 3.14492000 0.02679000 0.30208000
v 3.14492000 4.97320000 0.30208000
v 3.15141000 0.00681000 0.25428000
v 3.15141000 4.99319000 0.25428000
v 3.16946000 -4.50001000 -7.43854000
v 3.16946000 -4.50001000 -4.56146000
v 3.17546000 -4.80000000 -4.21779000
v 3.17546000 9.80000000 -7.78221000
v 3.20627000 0.00000000 -9.04836000
v 3.20627000 5.00000000 -2.95164000
v 3.21682000 -4.80000000 -9.00782000
v 3.21682000 9.80000000 -2.99218000
v 3.22434000 0.19651000 0.41305000
v 3.22434000 4.80349000 0.41305000
v 3.24835000 0.00000000 0.21453000
v 3.24835000 5.00000000 0.21453000
v 3.25688000 2.50000000 0.45738000
v 3.34208000 9.50001000 -7.52524000
v 3.34208000 9.50001000 -4.47476000
v 3.37299000 -4.80000000 -7.86091000
v 3.37299000 9.80000000 -4.13909000
v 3.41082000 0.00000000 -59.92440000
v 3.41082000 5.00000000 -59.92440000
v 3.41511000 0.00000000 -18.50060000
v 3.41511000 5.00000000 -18.50060000
v 3.43263000 2.50000000 -7.49603000
v 3.43263000 2.50000000 -4.50397000
v 3.46765000 0.00000000 -2.89531000
v 3.46765000 5.00000000 -9.10469000
v 3.47473000 -4.80000000 -2.93660000
v 3.47473000 9.80000000 -9.06340000
v 3.52359000 -4.50001000 -7.59130000
v 3.52359000 -4.50001000 -4.40869000
v 3.57786000 -4.80000000 -4.08220000
v 3.57786000 9.80000000 -7.91780000
v 3.71155000 9.50001000 -7.63585000
v 3.71155000 9.50001000 -4.36415000
v 3.73286000 0.00000000 -9.13865000
v 3.73286000 5.00000000 -2.86135000
v 3.73641000 -4.80000000 -9.09691000
v 3.73641000 9.80000000 -2.90309000
v 3.78769000 -4.80000000 -7.95219000
v 3.78769000 9.80000000 -4.04780000
v 3.80714000 2.50000000 -7.58833000
v 3.80714000 2.50000000 -4.41167000
v 3.89477000 0.14823000 0.45215000
v 3.89477000 4.85176000 0.45215000
v 3.89510000 0.10000000 0.43217000
v 3.89510000 4.90000000 0.43217000
v 3.89562000 0.05858000 0.40039000
v 3.89562000 4.94142000 0.40039000
v 3.89629000 0.02679000 0.35898000
v 3.89629000 4.97320000 0.35898000
v 3.89708000 0.00681000 0.31075000
v 3.89708000 4.99319000 0.31075000
v 3.90342000 -4.50001000 -7.65828000
v 3.90342000 -4.50001000 -4.34172000
v 4.00000000 -4.80000000 -4.03629000
v 4.00000000 -4.80000000 -2.89189000
v 4.00000000 0.00000000 -2.85000000
v 4.00000000 0.00000000 0.25982000
v 4.00000000 0.00666000 0.31102000
v 4.00000000 0.02622000 0.35881000
v 4.00000000 0.05735000 0.40000000
v 4.00000000 0.09799000 0.43185000
v 4.00000000 0.14543000 0.45223000
v 4.00000000 0.19651000 0.45979000
v 4.00000000 2.50000000 0.50000000
v 4.00000000 4.80349000 0.45979000
v 4.00000000 4.85457000 0.45223000
v 4.00000000 4.90201000 0.43185000
v 4.00000000 4.94265000 0.40000000
v 4.00000000 4.97378000 0.35881000
v 4.00000000 4.99333000 0.31102000
v 4.00000000 5.00000000 -9.15000000
v 4.00000000 5.00000000 0.25982000
v 4.00000000 9.80000000 -9.10811000
v 4.00000000 9.80000000 -7.96371000
v 4.09658000 9.50001000 -7.65828000
v 4.09658000 9.50001000 -4.34172000
v 4.19286000 2.50000000 -7.58833000
v 4.19286000 2.50000000 -4.41167000
v 4.21231000 -4.80000000 -7.95219000
v 4.21231000 9.80000000 -4.04780000
v 4.22591000 0.00000000 -55.48530000
v 4.22591000 5.00000000 -55.48530000
v 4.26359000 -4.80000000 -9.09691000
v 4.26359000 9.80000000 -2.90309000
v 4.26714000 0.00000000 -9.13865000
v 4.26714000 5.00000000 -2.86135000
v 4.28844000 -4.50001000 -7.63585000
v 4.28844000 -4.50001000 -4.36415000
v 4.42214000 -4.80000000 -4.08220000
v 4.42214000 9.80000000 -7.91780000
v 4.47641000 9.50001000 -7.59130000
v 4.47641000 9.50001000 -4.40869000
v 4.52527000 -4.80000000 -2.93660000
v 4.52527000 9.80000000 -9.06340000
v 4.53235000 0.00000000 -2.89531000
v 4.53235000 5.00000000 -9.10469000
v 4.53496000 0.00000000 -19.43450000
v 4.53496000 5.00000000 -19.43450000
v 4.56737000 2.50000000 -7.49603000
v 4.56737000 2.50000000 -4.50397000
v 4.62701000 -4.80000000 -7.86091000
v 4.62701000 9.80000000 -4.13909000
v 4.65792000 -4.50001000 -7.52524000
v 4.65792000 -4.50001000 -4.47476000
v 4.71614000 0.00000000 -59.08270000
v 4.71614000 5.00000000 -59.08270000
v 4.78318000 -4.80000000 -9.00782000
v 4.78318000 9.80000000 -2.99218000
v 4.79373000 0.00000000 -9.04836000
v 4.79373000 5.00000000 -2.95164000
v 4.82454000 -4.80000000 -4.21779000
v 4.82454000 9.80000000 -7.78221000
v 4.83054000 9.50001000 -7.43854000
v 4.83054000 9.50001000 -4.56146000
v 4.90890000 2.50000000 -7.31677000
v 4.90890000 2.50000000 -4.68323000
v 4.99193000 -4.50001000 -7.33240000
v 4.99193000 -4.50001000 -4.66760000
v 5.01240000 -4.80000000 -7.68262000
v 5.01240000 9.80000000 -4.31738000
v 5.03544000 -4.80000000 -3.06943000
v 5.03544000 9.80000000 -8.93057000
v 5.04939000 0.00000000 -3.02994000
v 5.04939000 5.00000000 -8.97006000
v 5.10015000 4.85513000 0.45208000
v 5.10015000 4.90301000 0.43126000
v 5.10015000 4.94387000 0.39875000
v 5.10015000 4.97492000 0.35678000
v 5.10015000 4.99406000 0.30821000
v 5.10885000 0.00594000 0.30821000
v 5.10885000 0.02508000 0.35678000
v 5.10885000 0.05613000 0.39875000
v 5.10885000 0.09699000 0.43126000
v 5.10885000 0.14487000 0.45208000
v 5.13991000 9.50001000 -7.20823000
v 5.13991000 9.50001000 -4.79177000
v 5.18838000 -4.80000000 -4.43671000
v 5.18838000 9.80000000 -7.56329000
v 5.19762000 2.50000000 -7.06100000
v 5.19762000 2.50000000 -4.93900000
v 5.27247000 -4.50001000 -7.06773000
v 5.27247000 -4.50001000 -4.93227000
v 5.28023000 -4.80000000 -8.83220000
v 5.28023000 9.80000000 -3.16780000
v 5.29749000 0.00000000 -8.87037000
v 5.29749000 5.00000000 -3.12963000
v 5.30376000 0.00000000 -54.50320000
v 5.30376000 5.00000000 -54.50320000
v 5.35044000 -4.80000000 -7.42564000
v 5.35044000 9.80000000 -4.57436000
v 5.38782000 9.50001000 -6.91278000
v 5.38782000 9.50001000 -5.08722000
v 5.41673000 2.50000000 -6.74356000
v 5.41673000 2.50000000 -5.25644000
v 5.48440000 -4.50001000 -6.74549000
v 5.48440000 -4.50001000 -5.25451000
v 5.49666000 -4.80000000 -4.72872000
v 5.49666000 9.80000000 -7.27128000
v 5.51581000 -4.80000000 -3.28657000
v 5.51581000 9.80000000 -8.71342000
v 5.53624000 0.00000000 -3.25000000
v 5.53624000 5.00000000 -8.74999000
v 5.55351000 2.50000000 -6.38291000
v 5.55351000 2.50000000 -5.61709000
v 5.56091000 9.50001000 -6.56813000
v 5.56091000 9.50001000 -5.43187000
v 5.59581000 0.00000000 -20.43490000
v 5.59581000 5.00000000 -20.43490000
v 5.60000000 2.50000000 -6.00000000
v 5.61631000 -4.50001000 -6.38307000
v 5.61631000 -4.50001000 -5.61693000
v 5.62534000 -4.80000000 -7.10201000
v 5.62534000 9.80000000 -4.89799000
v 5.64986000 9.50001000 -6.19284000
v 5.64986000 9.50001000 -5.80716000
v 5.66109000 -4.50001000 -6.00000000
v 5.73496000 -4.80000000 -5.08018000
v 5.73496000 9.80000000 -6.91982000
v 5.74046000 -4.80000000 -8.57510000
v 5.74046000 9.80000000 -3.42490000
v 5.76392000 0.00000000 -8.60981000
v 5.76392000 5.00000000 -3.39019000
v 5.82424000 -4.80000000 -6.72684000
v 5.82424000 9.80000000 -5.27316000
v 5.89213000 -4.80000000 -5.47465000
v 5.89213000 9.80000000 -6.52535000
v 5.93784000 -4.80000000 -6.31769000
v 5.93784000 9.80000000 -5.68231000
v 5.95258000 -4.80000000 -3.58178000
v 5.95258000 9.80000000 -8.41822000
v 5.96083000 -4.80000000 -5.89369000
v 5.96083000 9.80000000 -6.10631000
v 5.96939000 0.00000000 -58.16520000
v 5.96939000 5.00000000 -58.16520000
v 5.97889000 0.00000000 -3.54919000
v 5.97889000 5.00000000 -8.45081000
v 6.15062000 -4.80000000 -8.24392000
v 6.15062000 9.80000000 -3.75608000
v 6.17961000 0.00000000 -8.27416000
v 6.17961000 5.00000000 -3.72584000
v 6.20030000 4.85513000 0.45208000
v 6.31975000 0.00000000 -53.45720000
v 6.31975000 5.00000000 -53.45720000
v 6.33317000 -4.80000000 -3.94655000
v 6.33317000 9.80000000 -8.05345000
v 6.36462000 0.00000000 -3.91887000
v 6.36462000 5.00000000 -8.08113000
v 6.49891000 -4.80000000 -7.84819000
v 6.49891000 9.80000000 -4.15181000
v 6.53259000 0.00000000 -7.87309000
v 6.53259000 5.00000000 -4.12691000
v 6.59372000 0.00000000 -21.49820000
v 6.59372000 5.00000000 -21.49820000
v 6.64665000 -4.80000000 -4.37039000
v 6.64665000 9.80000000 -7.62961000
v 6.68232000 0.00000000 -4.34843000
v 6.68232000 5.00000000 -7.65157000
v 6.77531000 -4.80000000 -7.39928000
v 6.77531000 9.80000000 -4.60072000
v 6.81272000 0.00000000 -7.41814000
v 6.81272000 5.00000000 -4.58186000
v 6.88398000 -4.80000000 -4.84112000
v 6.88398000 9.80000000 -7.15888000
v 6.92285000 0.00000000 -4.82550000
v 6.92285000 5.00000000 -7.17450000
v 6.97187000 -4.80000000 -6.91013000
v 6.97187000 9.80000000 -5.08987000
v 7.01192000 0.00000000 -6.92239000
v 7.01192000 5.00000000 -5.07761000
v 7.03835000 -4.80000000 -5.34519000
v 7.03835000 9.80000000 -6.65481000
v 7.07930000 0.00000000 -5.33636000
v 7.07930000 5.00000000 -6.66364000
v 7.08294000 -4.80000000 -6.39479000
v 7.08294000 9.80000000 -5.60521000
v 7.10531000 -4.80000000 -5.86809000
v 7.10531000 9.80000000 -6.13191000
v 7.12449000 0.00000000 -6.40011000
v 7.12449000 5.00000000 -5.59989000
v 7.14716000 0.00000000 -5.86631000
v 7.14716000 5.00000000 -6.13369000
v 7.16615000 0.00000000 -57.17530000
v 7.16615000 5.00000000 -57.17530000
v 7.27010000 0.00000000 -52.35120000
v 7.27010000 5.00000000 -52.35120000
v 7.52497000 0.00000000 -22.62020000
v 7.52497000 5.00000000 -22.62020000
v 7.82500000 15.17500000 -57.00000000
v 7.82500000 15.17500000 -19.00000000
v 7.83689000 14.72100000 -57.00000000
v 7.83689000 14.72100000 -19.00000000
v 7.83689000 15.62900000 -57.00000000
v 7.83689000 15.62900000 -19.00000000
v 7.87252000 14.26820000 -57.00000000
v 7.87252000 14.26820000 -19.00000000
v 7.87252000 16.08180000 -57.00000000
v 7.87252000 16.08180000 -19.00000000
v 7.93180000 13.81790000 -57.00000000
v 7.93180000 13.81790000 -19.00000000
v 7.93180000 16.53210000 -57.00000000
v 7.93180000 16.53210000 -19.00000000
v 7.98816000 0.00000000 -18.50060000
v 7.98816000 5.00000000 -18.50060000
v 8.01457000 13.37140000 -57.00000000
v 8.01457000 13.37140000 -19.00000000
v 8.01457000 16.97860000 -57.00000000
v 8.01457000 16.97860000 -43.50000000
v 8.01457000 16.97860000 -32.50000000
v 8.01457000 16.97860000 -19.00000000
v 8.12059000 12.92970000 -57.00000000
v 8.12059000 12.92970000 -19.00000000
v 8.12059000 17.42030000 -57.00000000
v 8.12059000 17.42030000 -43.50000000
v 8.12059000 17.42030000 -32.50000000
v 8.12059000 17.42030000 -19.00000000
v 8.15128000 0.00000000 -51.18940000
v 8.15128000 5.00000000 -51.18940000
v 8.24959000 12.49430000 -57.00000000
v 8.24959000 12.49430000 -19.00000000
v 8.24959000 17.85570000 -57.00000000
v 8.24959000 17.85570000 -43.50000000
v 8.24959000 17.85570000 -32.50000000
v 8.24959000 17.85570000 -19.00000000
v 8.30224000 0.00000000 -56.11620000
v 8.30224000 5.00000000 -56.11620000
v 8.38611000 0.00000000 -23.79700000
v 8.38611000 5.00000000 -23.79700000
v 8.40119000 12.06620000 -57.00000000
v 8.40119000 12.06620000 -19.00000000
v 8.40119000 18.28380000 -57.00000000
v 8.40119000 18.28380000 -43.50000000
v 8.40119000 18.28380000 -32.50000000
v 8.40119000 18.28380000 -19.00000000
v 8.57499000 11.64660000 -57.00000000
v 8.57499000 11.64660000 -19.00000000
v 8.57499000 18.70340000 -57.00000000
v 8.57499000 18.70340000 -43.50000000
v 8.57499000 18.70340000 -32.50000000
v 8.57499000 18.70340000 -19.00000000
v 8.77052000 11.23660000 -57.00000000
v 8.77052000 11.23660000 -19.00000000
v 8.77052000 19.11340000 -57.00000000
v 8.77052000 19.11340000 -43.50000000
v 8.77052000 19.11340000 -32.50000000
v 8.77052000 19.11340000 -19.00000000
v 8.96002000 0.00000000 -49.97610000
v 8.96002000 5.00000000 -49.97610000
v 8.98723000 10.83750000 -57.00000000
v 8.98723000 10.83750000 -19.00000000
v 8.98723000 19.51250000 -57.00000000
v 8.98723000 19.51250000 -43.50000000
v 8.98723000 19.51250000 -32.50000000
v 8.98723000 19.51250000 -19.00000000
v 9.07823000 0.00000000 -19.60690000
v 9.07823000 5.00000000 -19.60690000
v 9.17393000 0.00000000 -25.02400000
v 9.17393000 5.00000000 -25.02400000
v 9.22453000 10.45030000 -57.00000000
v 9.22453000 10.45030000 -19.00000000
v 9.22453000 19.89970000 -57.00000000
v 9.22453000 19.89970000 -43.50000000
v 9.22453000 19.89970000 -32.50000000
v 9.22453000 19.89970000 -19.00000000
v 9.37368000 0.00000000 -54.99180000
v 9.37368000 5.00000000 -54.99180000
v 9.48178000 10.07600000 -57.00000000
v 9.48178000 10.07600000 -19.00000000
v 9.48178000 20.27400000 -57.00000000
v 9.48178000 20.27400000 -43.50000000
v 9.48178000 20.27400000 -32.50000000
v 9.48178000 20.27400000 -19.00000000
v 9.63500000 15.17500000 -57.00000000
v 9.63504000 15.17330000 -57.00000000
v 9.63504000 15.17670000 -57.00000000
v 9.64441000 14.81570000 -57.00000000
v 9.64441000 15.53430000 -57.00000000
v 9.67247000 14.45910000 -57.00000000
v 9.67247000 15.89090000 -57.00000000
v 9.67261000 14.45740000 -57.00000000
v 9.67261000 15.89260000 -57.00000000
v 9.67283000 14.45570000 -57.00000000
v 9.67283000 15.89430000 -57.00000000
v 9.69331000 0.00000000 -48.71570000
v 9.69331000 5.00000000 -48.71570000
v 9.71952000 14.10110000 -57.00000000
v 9.71952000 16.24890000 -57.00000000
v 9.71983000 14.09940000 -57.00000000
v 9.71983000 16.25060000 -57.00000000
v 9.72423000 24.15870000 -38.17200000
v 9.72423000 24.15870000 -37.82800000
v 9.74072000 24.22800000 -38.50890000
v 9.74072000 24.22800000 -37.49110000
v 9.75826000 9.71565000 -57.00000000
v 9.75826000 9.71565000 -19.00000000
v 9.75826000 20.63440000 -57.00000000
v 9.75826000 20.63440000 -43.50000000
v 9.75826000 20.63440000 -32.50000000
v 9.75826000 20.63440000 -19.00000000
v 9.77302000 24.36360000 -38.82500000
v 9.77302000 24.36360000 -37.17500000
v 9.78502000 13.74770000 -57.00000000
v 9.78502000 16.60230000 -57.00000000
v 9.78542000 13.74600000 -57.00000000
v 9.78542000 16.60400000 -57.00000000
v 9.81981000 24.56010000 -39.10730000
v 9.81981000 24.56010000 -36.89270000
v 9.86892000 13.39820000 -57.00000000
v 9.86892000 16.95180000 -57.00000000
v 9.87917000 24.80940000 -39.34430000
v 9.87917000 24.80940000 -36.65570000
v 9.88550000 0.00000000 -26.29680000
v 9.88550000 5.00000000 -26.29680000
v 9.94868000 25.10130000 -39.52630000
v 9.94868000 25.10130000 -36.47370000
v 9.97051000 13.05530000 -57.00000000
v 9.97051000 17.29470000 -57.00000000
v 9.97100000 13.05360000 -57.00000000
v 9.97100000 17.29640000 -57.00000000
v 10.02550000 25.42390000 -39.64570000
v 10.02550000 25.42390000 -36.35430000
v 10.05320000 9.37029000 -57.00000000
v 10.05320000 9.37029000 -19.00000000
v 10.05320000 20.97970000 -57.00000000
v 10.05320000 20.97970000 -43.50000000
v 10.05320000 20.97970000 -32.50000000
v 10.05320000 20.97970000 -19.00000000
v 10.09040000 12.71640000 -57.00000000
v 10.09040000 17.63360000 -57.00000000
v 10.09100000 12.71480000 -57.00000000
v 10.09100000 17.63520000 -57.00000000
v 10.09160000 12.71320000 -57.00000000
v 10.09160000 17.63680000 -57.00000000
v 10.10090000 0.00000000 -20.77590000
v 10.10090000 5.00000000 -20.77590000
v 10.10640000 25.76390000 -39.69780000
v 10.10640000 25.76390000 -36.30220000
v 10.18820000 26.10740000 -39.68040000
v 10.18820000 26.10740000 -36.31960000
v 10.22850000 12.38280000 -57.00000000
v 10.22850000 17.96720000 -57.00000000
v 10.26750000 26.44040000 -39.59420000
v 10.26750000 26.44040000 -36.40580000
v 10.29500000 22.65000000 -38.00000000
v 10.29500000 22.66880000 -38.34600000
v 10.29500000 22.66880000 -37.65400000
v 10.29500000 22.72480000 -38.68790000
v 10.29500000 22.72480000 -37.31210000
v 10.29500000 22.81750000 -39.02180000
v 10.29500000 22.81750000 -36.97820000
v 10.29500000 22.94580000 -39.34360000
v 10.29500000 22.94580000 -36.65640000
v 10.29500000 23.10810000 -39.64980000
v 10.29500000 23.10810000 -36.35020000
v 10.29500000 23.30250000 -39.93660000
v 10.29500000 23.30250000 -36.06340000
v 10.29500000 23.52680000 -40.20060000
v 10.29500000 23.52680000 -35.79940000
v 10.29500000 23.77840000 -40.43890000
v 10.29500000 23.77840000 -35.56110000
v 10.29500000 24.05420000 -40.64860000
v 10.29500000 24.05420000 -35.35140000
v 10.29500000 24.15870000 -38.17200000
v 10.29500000 24.15870000 -37.82800000
v 10.29500000 24.22800000 -38.50890000
v 10.29500000 24.22800000 -37.49110000
v 10.29500000 24.35110000 -40.82720000
v 10.29500000 24.35110000 -35.17280000
v 10.29500000 24.36360000 -38.82500000
v 10.29500000 24.36360000 -37.17500000
v 10.29500000 24.56010000 -39.10730000
v 10.29500000 24.56010000 -36.89270000
v 10.29500000 24.66560000 -40.97270000
v 10.29500000 24.66560000 -35.02730000
v 10.29500000 24.80940000 -39.34430000
v 10.29500000 24.80940000 -36.65570000
v 10.29500000 24.99390000 -41.08340000
v 10.29500000 24.99390000 -34.91660000
v 10.29500000 25.10130000 -39.52630000
v 10.29500000 25.10130000 -36.47370000
v 10.29500000 25.33230000 -41.15780000
v 10.29500000 25.33230000 -34.84220000
v 10.29500000 25.42390000 -39.64570000
v 10.29500000 25.42390000 -36.35430000
v 10.29500000 25.67680000 -41.19530000
v 10.29500000 25.67680000 -34.80470000
v 10.29500000 25.76390000 -39.69780000
v 10.29500000 25.76390000 -36.30220000
v 10.29500000 26.02320000 -41.19530000
v 10.29500000 26.02320000 -34.80470000
v 10.29500000 26.10740000 -39.68040000
v 10.29500000 26.10740000 -36.31960000
v 10.29500000 26.36770000 -41.15780000
v 10.29500000 26.36770000 -34.84220000
v 10.29500000 26.44040000 -39.59420000
v 10.29500000 26.44040000 -36.40580000
v 10.29500000 26.55580000 -41.11640000
v 10.29500000 26.55580000 -39.53760000
v 10.29500000 26.55580000 -36.46240000
v 10.29500000 26.55580000 -34.88360000
v 10.33080000 26.70610000 -41.08340000
v 10.33080000 26.70610000 -34.91660000
v 10.34840000 0.00000000 -47.41300000
v 10.34840000 5.00000000 -47.41300000
v 10.36580000 9.04085000 -57.00000000
v 10.36580000 9.04085000 -19.00000000
v 10.36580000 21.30920000 -57.00000000
v 10.36580000 21.30920000 -43.50000000
v 10.36580000 21.30920000 -32.50000000
v 10.36580000 21.30920000 -19.00000000
v 10.37670000 0.00000000 -53.80590000
v 10.37670000 5.00000000 -53.80590000
v 10.38250000 12.05990000 -57.00000000
v 10.38250000 18.29010000 -57.00000000
v 10.38320000 12.05840000 -57.00000000
v 10.38320000 18.29160000 -57.00000000
v 10.40900000 27.03440000 -40.97270000
v 10.40900000 27.03440000 -35.02730000
v 10.45540000 27.22960000 -43.50000000
v 10.45540000 27.22960000 -40.88240000
v 10.45540000 27.22960000 -35.11760000
v 10.45540000 27.22960000 -32.50000000
v 10.48620000 27.34890000 -40.82720000
v 10.48620000 27.34890000 -35.17280000
v 10.51820000 0.00000000 -27.61060000
v 10.51820000 5.00000000 -27.61060000
v 10.54230000 27.56640000 -43.50000000
v 10.54230000 27.56640000 -40.69640000
v 10.54230000 27.56640000 -35.30360000
v 10.54230000 27.56640000 -32.50000000
v 10.55390000 11.74400000 -57.00000000
v 10.55390000 18.60600000 -57.00000000
v 10.55470000 11.74250000 -57.00000000
v 10.55470000 18.60750000 -57.00000000
v 10.55560000 11.74100000 -57.00000000
v 10.55560000 18.60900000 -57.00000000
v 10.56760000 27.64580000 -40.64860000
v 10.56760000 27.64580000 -35.35140000
v 10.64790000 27.89770000 -43.50000000
v 10.64790000 27.89770000 -40.45710000
v 10.64790000 27.89770000 -35.54290000
v 10.64790000 27.89770000 -32.50000000
v 10.65700000 27.92160000 -40.43890000
v 10.65700000 27.92160000 -35.56110000
v 10.69530000 8.72822000 -57.00000000
v 10.69530000 8.72822000 -19.00000000
v 10.69530000 21.62180000 -57.00000000
v 10.69530000 21.62180000 -43.50000000
v 10.69530000 21.62180000 -32.50000000
v 10.69530000 21.62180000 -19.00000000
v 10.74250000 11.43610000 -57.00000000
v 10.74250000 18.91390000 -57.00000000
v 10.75310000 28.17320000 -40.20060000
v 10.75310000 28.17320000 -35.79940000
v 10.77190000 28.22260000 -43.50000000
v 10.77190000 28.22260000 -40.14240000
v 10.77190000 28.22260000 -35.85760000
v 10.77190000 28.22260000 -32.50000000
v 10.85020000 28.39750000 -39.93660000
v 10.85020000 28.39750000 -36.06340000
v 10.91400000 28.54010000 -43.50000000
v 10.91400000 28.54010000 -39.72630000
v 10.91400000 28.54010000 -36.27370000
v 10.91400000 28.54010000 -32.50000000
v 10.92290000 0.00000000 -46.07270000
v 10.92290000 5.00000000 -46.07270000
v 10.94080000 28.59190000 -39.64980000
v 10.94080000 28.59190000 -36.35020000
v 10.94510000 11.14130000 -57.00000000
v 10.94510000 19.20870000 -57.00000000
v 10.94610000 11.13990000 -57.00000000
v 10.94610000 19.21010000 -57.00000000
v 10.94710000 11.13850000 -57.00000000
v 10.94710000 19.21150000 -57.00000000
v 11.02460000 28.75420000 -39.34360000
v 11.02460000 28.75420000 -36.65640000
v 11.04060000 8.43326000 -57.00000000
v 11.04060000 8.43326000 -19.00000000
v 11.04060000 21.91670000 -57.00000000
v 11.04060000 21.91670000 -43.50000000
v 11.04060000 21.91670000 -32.50000000
v 11.04060000 21.91670000 -19.00000000
v 11.05270000 0.00000000 -22.00330000
v 11.05270000 5.00000000 -22.00330000
v 11.06960000 0.00000000 -28.96040000
v 11.06960000 5.00000000 -28.96040000
v 11.07360000 28.84910000 -43.50000000
v 11.07360000 28.84910000 -39.10570000
v 11.07360000 28.84910000 -36.89430000
v 11.07360000 28.84910000 -32.50000000
v 11.09330000 28.88250000 -39.02180000
v 11.09330000 28.88250000 -36.97820000
v 11.14800000 28.97520000 -38.68790000
v 11.14800000 28.97520000 -37.31210000
v 11.16490000 10.85470000 -57.00000000
v 11.16490000 19.49530000 -57.00000000
v 11.16600000 10.85340000 -57.00000000
v 11.16600000 19.49660000 -57.00000000
v 11.18110000 29.03120000 -38.34600000
v 11.18110000 29.03120000 -37.65400000
v 11.19210000 29.05000000 -38.00000000
v 11.22500000 15.17500000 -55.41000000
v 11.22570000 15.08780000 -55.41160000
v 11.22570000 15.08780000 -19.00000000
v 11.22630000 15.12440000 -55.41000000
v 11.22900000 15.02120000 -55.41000000
v 11.23090000 15.39920000 -55.41000000
v 11.23150000 15.43660000 -55.41040000
v 11.23150000 15.43660000 -19.00000000
v 11.23200000 15.44290000 -55.41000000
v 11.23220000 14.89890000 -55.41000000
v 11.23220000 15.45110000 -55.41000000
v 11.24000000 14.80020000 -55.41000000
v 11.24300000 14.73940000 -55.41180000
v 11.24300000 14.73940000 -19.00000000
v 11.24850000 14.69230000 -55.41000000
v 11.25030000 29.14860000 -43.50000000
v 11.25030000 29.14860000 -32.50000000
v 11.25390000 14.62360000 -55.41000000
v 11.25390000 15.72640000 -55.41000000
v 11.25820000 15.75930000 -55.41000000
v 11.26030000 15.78420000 -55.41120000
v 11.26030000 15.78420000 -19.00000000
v 11.27020000 15.85060000 -55.41000000
v 11.27600000 14.45590000 -55.41000000
v 11.28330000 14.39290000 -55.41100000
v 11.28330000 14.39290000 -19.00000000
v 11.28670000 14.37440000 -55.41000000
v 11.28990000 14.34980000 -55.41000000
v 11.28990000 16.00020000 -55.41000000
v 11.30420000 16.07740000 -55.41000000
v 11.30780000 0.00000000 -52.56280000
v 11.30780000 5.00000000 -52.56280000
v 11.31200000 16.12910000 -55.41180000
v 11.31200000 16.12910000 -19.00000000
v 11.32410000 16.18470000 -55.41000000
v 11.34030000 14.07830000 -55.41000000
v 11.34030000 16.27170000 -55.41000000
v 11.34410000 14.06230000 -55.41000000
v 11.34640000 14.04980000 -55.41070000
v 11.34640000 14.04980000 -19.00000000
v 11.35990000 13.99660000 -55.41000000
v 11.37190000 16.40370000 -55.41000000
v 11.38640000 16.46990000 -55.41140000
v 11.38640000 16.46990000 -19.00000000
v 11.39500000 16.49960000 -55.41000000
v 11.39830000 10.58140000 -57.00000000
v 11.39830000 19.76860000 -57.00000000
v 11.39950000 10.58020000 -57.00000000
v 11.39950000 19.76980000 -57.00000000
v 11.40100000 8.15678000 -57.00000000
v 11.40100000 8.15678000 -19.00000000
v 11.40100000 22.19320000 -57.00000000
v 11.40100000 22.19320000 -43.50000000
v 11.40100000 22.19320000 -32.50000000
v 11.40100000 22.19320000 -19.00000000
v 11.40470000 13.80970000 -55.41000000
v 11.40470000 16.54030000 -55.41000000
v 11.41470000 0.00000000 -44.70000000
v 11.41470000 5.00000000 -44.70000000
v 11.42170000 13.75250000 -55.41000000
v 11.43200000 13.71170000 -55.41170000
v 11.43200000 13.71170000 -19.00000000
v 11.44350000 29.43780000 -43.50000000
v 11.44350000 29.43780000 -32.50000000
v 11.45190000 13.65060000 -55.41000000
v 11.48320000 13.54490000 -55.41000000
v 11.48320000 16.80510000 -55.41000000
v 11.48320000 16.80510000 -19.00000000
v 11.52000000 13.44110000 -55.41000000
v 11.53780000 0.00000000 -30.34140000
v 11.53780000 5.00000000 -30.34140000
v 11.53980000 13.38000000 -55.41170000
v 11.53980000 13.38000000 -19.00000000
v 11.55540000 13.34080000 -55.41000000
v 11.57540000 13.28460000 -55.41000000
v 11.57540000 17.06540000 -55.41000000
v 11.59140000 17.10410000 -55.41000000
v 11.60190000 17.13310000 -55.41140000
v 11.60190000 17.13310000 -19.00000000
v 11.62910000 17.19520000 -55.41000000
v 11.64570000 10.32070000 -57.00000000
v 11.64570000 20.02930000 -57.00000000
v 11.64890000 13.10710000 -55.41000000
v 11.65260000 29.71560000 -43.50000000
v 11.65260000 29.71560000 -32.50000000
v 11.66930000 13.05610000 -55.41070000
v 11.66930000 13.05610000 -19.00000000
v 11.67480000 13.04460000 -55.41000000
v 11.68100000 13.02950000 -55.41000000
v 11.68100000 17.32050000 -55.41000000
v 11.71910000 17.40040000 -55.41000000
v 11.74200000 17.45250000 -55.41180000
v 11.74200000 17.45250000 -19.00000000
v 11.76610000 17.49890000 -55.41000000
v 11.77530000 7.89953000 -57.00000000
v 11.77530000 7.89953000 -19.00000000
v 11.77530000 22.45050000 -57.00000000
v 11.77530000 22.45050000 -43.50000000
v 11.77530000 22.45050000 -32.50000000
v 11.77530000 22.45050000 -19.00000000
v 11.79990000 12.78020000 -55.41000000
v 11.79990000 17.56980000 -55.41000000
v 11.81180000 12.75840000 -55.41000000
v 11.81990000 12.74140000 -55.41100000
v 11.81990000 12.74140000 -19.00000000
v 11.82180000 0.00000000 -43.29980000
v 11.82180000 5.00000000 -43.29980000
v 11.85100000 12.68620000 -55.41000000
v 11.87200000 17.70240000 -55.41000000
v 11.87700000 29.98130000 -43.50000000
v 11.87700000 29.98130000 -32.50000000
v 11.90290000 17.76200000 -55.41120000
v 11.90290000 17.76200000 -19.00000000
v 11.90520000 10.07450000 -57.00000000
v 11.90520000 20.27550000 -57.00000000
v 11.90640000 10.07330000 -57.00000000
v 11.90640000 20.27670000 -57.00000000
v 11.91590000 17.78330000 -55.41000000
v 11.92090000 0.00000000 -31.74840000
v 11.92090000 5.00000000 -31.74840000
v 11.93010000 0.00000000 -23.28480000
v 11.93010000 5.00000000 -23.28480000
v 11.93170000 12.53750000 -55.41000000
v 11.93170000 17.81250000 -55.41000000
v 11.96770000 12.47870000 -55.41000000
v 11.99100000 12.43740000 -55.41180000
v 11.99100000 12.43740000 -19.00000000
v 12.02430000 12.38640000 -55.41000000
v 12.07600000 12.30200000 -55.41000000
v 12.07600000 18.04800000 -55.41000000
v 12.08060000 18.05470000 -55.41000000
v 12.08390000 18.06020000 -55.41040000
v 12.08390000 18.06020000 -19.00000000
v 12.10540000 18.09080000 -55.41000000
v 12.11590000 30.23410000 -43.50000000
v 12.11590000 30.23410000 -32.50000000
v 12.14290000 0.00000000 -41.87740000
v 12.14290000 5.00000000 -41.87740000
v 12.14530000 12.20130000 -55.41000000
v 12.16250000 7.66223000 -57.00000000
v 12.16250000 7.66223000 -19.00000000
v 12.16250000 22.68780000 -57.00000000
v 12.16250000 22.68780000 -43.50000000
v 12.16250000 22.68780000 -32.50000000
v 12.16250000 22.68780000 -19.00000000
v 12.16380000 0.00000000 -51.26680000
v 12.16380000 5.00000000 -51.26680000
v 12.17840000 9.84101000 -57.00000000
v 12.17840000 20.50900000 -57.00000000
v 12.17970000 9.83989000 -57.00000000
v 12.17970000 20.51010000 -57.00000000
v 12.18180000 12.14540000 -55.41160000
v 12.18180000 12.14540000 -19.00000000
v 12.20370000 12.11620000 -55.41000000
v 12.21750000 0.00000000 -33.17610000
v 12.21750000 5.00000000 -33.17610000
v 12.23240000 12.07440000 -55.41000000
v 12.23240000 18.27560000 -55.41000000
v 12.26330000 18.31570000 -55.41000000
v 12.28430000 18.34570000 -55.41160000
v 12.28430000 18.34570000 -19.00000000
v 12.30500000 22.65000000 -38.00000000
v 12.30500000 22.66880000 -38.34600000
v 12.30500000 22.66880000 -37.65400000
v 12.30500000 22.72480000 -38.68790000
v 12.30500000 22.72480000 -37.31210000
v 12.30500000 22.81750000 -39.02180000
v 12.30500000 22.81750000 -36.97820000
v 12.30500000 22.94580000 -39.34360000
v 12.30500000 22.94580000 -36.65640000
v 12.30500000 23.10810000 -39.64980000
v 12.30500000 23.10810000 -36.35020000
v 12.30500000 23.30250000 -39.93660000
v 12.30500000 23.30250000 -36.06340000
v 12.30500000 23.52680000 -40.20060000
v 12.30500000 23.52680000 -35.79940000
v 12.30500000 23.77840000 -40.43890000
v 12.30500000 23.77840000 -35.56110000
v 12.30500000 24.05420000 -40.64860000
v 12.30500000 24.05420000 -35.35140000
v 12.30500000 24.15870000 -38.17200000
v 12.30500000 24.15870000 -37.82800000
v 12.30500000 24.22800000 -38.50890000
v 12.30500000 24.22800000 -37.49110000
v 12.30500000 24.35110000 -40.82720000
v 12.30500000 24.35110000 -35.17280000
v 12.30500000 24.36360000 -38.82500000
v 12.30500000 24.36360000 -37.17500000
v 12.30500000 24.56010000 -39.10730000
v 12.30500000 24.56010000 -36.89270000
v 12.30500000 24.66560000 -40.97270000
v 12.30500000 24.66560000 -35.02730000
v 12.30500000 24.80940000 -39.34430000
v 12.30500000 24.80940000 -36.65570000
v 12.30500000 24.99390000 -41.08340000
v 12.30500000 24.99390000 -34.91660000
v 12.30500000 25.10130000 -39.52630000
v 12.30500000 25.10130000 -36.47370000
v 12.30500000 25.33230000 -41.15780000
v 12.30500000 25.33230000 -34.84220000
v 12.30500000 25.42390000 -39.64570000
v 12.30500000 25.42390000 -36.35430000
v 12.30500000 25.67680000 -41.19530000
v 12.30500000 25.67680000 -34.80470000
v 12.30500000 25.76390000 -39.69780000
v 12.30500000 25.76390000 -36.30220000
v 12.30500000 26.02320000 -41.19530000
v 12.30500000 26.02320000 -34.80470000
v 12.30500000 26.10740000 -39.68040000
v 12.30500000 26.10740000 -36.31960000
v 12.30500000 26.36770000 -41.15780000
v 12.30500000 26.36770000 -34.84220000
v 12.30500000 26.44040000 -39.59420000
v 12.30500000 26.44040000 -36.40580000
v 12.30500000 26.70610000 -41.08340000
v 12.30500000 26.70610000 -34.91660000
v 12.30500000 26.74920000 -39.44270000
v 12.30500000 26.74920000 -36.55730000
v 12.30500000 27.02120000 -39.23210000
v 12.30500000 27.02120000 -36.76790000
v 12.30500000 27.03440000 -40.97270000
v 12.30500000 27.03440000 -35.02730000
v 12.30500000 27.24530000 -38.97120000
v 12.30500000 27.24530000 -37.02880000
v 12.30500000 27.34890000 -40.82720000
v 12.30500000 27.34890000 -35.17280000
v 12.30500000 27.41220000 -38.67040000
v 12.30500000 27.41220000 -37.32960000
v 12.30500000 27.51520000 -38.34220000
v 12.30500000 27.51520000 -37.65780000
v 12.30500000 27.55000000 -38.00000000
v 12.30500000 27.64580000 -40.64860000
v 12.30500000 27.64580000 -35.35140000
v 12.30500000 27.92160000 -40.43890000
v 12.30500000 27.92160000 -35.56110000
v 12.30500000 28.17320000 -40.20060000
v 12.30500000 28.17320000 -35.79940000
v 12.30500000 28.39750000 -39.93660000
v 12.30500000 28.39750000 -36.06340000
v 12.30500000 28.59190000 -39.64980000
v 12.30500000 28.59190000 -36.35020000
v 12.30500000 28.75420000 -39.34360000
v 12.30500000 28.75420000 -36.65640000
v 12.30500000 28.88250000 -39.02180000
v 12.30500000 28.88250000 -36.97820000
v 12.30500000 28.97520000 -38.68790000
v 12.30500000 28.97520000 -37.31210000
v 12.30500000 29.03120000 -38.34600000
v 12.30500000 29.03120000 -37.65400000
v 12.30500000 29.05000000 -38.00000000
v 12.32610000 18.39770000 -55.41000000
v 12.36870000 30.47300000 -43.50000000
v 12.36870000 30.47300000 -32.50000000
v 12.36900000 11.89650000 -55.41000000
v 12.37670000 0.00000000 -40.43810000
v 12.37670000 5.00000000 -40.43810000
v 12.39140000 11.86660000 -55.41040000
v 12.39140000 11.86660000 -19.00000000
v 12.39560000 11.86180000 -55.41000000
v 12.40060000 11.85530000 -55.41000000
v 12.40060000 18.49470000 -55.41000000
v 12.42660000 0.00000000 -34.61920000
v 12.42660000 5.00000000 -34.61920000
v 12.46350000 9.62215000 -57.00000000
v 12.46350000 20.72790000 -57.00000000
v 12.46480000 18.56990000 -55.41000000
v 12.46490000 9.62110000 -57.00000000
v 12.46490000 20.72890000 -57.00000000
v 12.46630000 9.62012000 -57.00000000
v 12.46630000 20.72990000 -57.00000000
v 12.50310000 18.61740000 -55.41180000
v 12.50310000 18.61740000 -19.00000000
v 12.52240000 0.00000000 -38.98720000
v 12.52240000 5.00000000 -38.98720000
v 12.53510000 18.65230000 -55.41000000
v 12.54730000 0.00000000 -36.07230000
v 12.54730000 5.00000000 -36.07230000
v 12.56160000 7.44552000 -57.00000000
v 12.56160000 7.44552000 -19.00000000
v 12.56160000 22.90450000 -57.00000000
v 12.56160000 22.90450000 -43.50000000
v 12.56160000 22.90450000 -32.50000000
v 12.56160000 22.90450000 -19.00000000
v 12.57930000 0.00000000 -37.53020000
v 12.57930000 5.00000000 -37.53020000
v 12.57990000 11.64530000 -55.41000000
v 12.57990000 18.70470000 -55.41000000
v 12.60280000 11.62120000 -55.41000000
v 12.61910000 11.60230000 -55.41120000
v 12.61910000 11.60230000 -19.00000000
v 12.63440000 30.69740000 -43.50000000
v 12.63440000 30.69740000 -32.50000000
v 12.66610000 11.55450000 -55.41000000
v 12.69640000 18.82740000 -55.41000000
v 12.73020000 0.00000000 -24.61610000
v 12.73020000 5.00000000 -24.61610000
v 12.73930000 18.87400000 -55.41100000
v 12.73930000 18.87400000 -19.00000000
v 12.75300000 18.88700000 -55.41000000
v 12.76110000 9.41753000 -57.00000000
v 12.76110000 20.93250000 -57.00000000
v 12.77000000 11.44500000 -55.41000000
v 12.77000000 18.90500000 -55.41000000
v 12.82700000 11.39100000 -55.41000000
v 12.86370000 11.35370000 -55.41180000
v 12.86370000 11.35370000 -19.00000000
v 12.90610000 11.31580000 -55.41000000
v 12.91220000 30.90650000 -43.50000000
v 12.91220000 30.90650000 -32.50000000
v 12.94150000 0.00000000 -49.92240000
v 12.94150000 5.00000000 -49.92240000
v 12.97030000 11.25490000 -55.41000000
v 12.97030000 19.09510000 -55.41000000
v 12.97160000 7.24999000 -57.00000000
v 12.97160000 7.24999000 -19.00000000
v 12.97160000 23.10000000 -57.00000000
v 12.97160000 23.10000000 -43.50000000
v 12.97160000 23.10000000 -32.50000000
v 12.97160000 23.10000000 -19.00000000
v 12.98280000 19.10570000 -55.41000000
v 12.99200000 19.11450000 -55.41070000
v 12.99200000 19.11450000 -19.00000000
v 13.03420000 19.14960000 -55.41000000
v 13.06600000 9.23064000 -57.00000000
v 13.06600000 21.11940000 -57.00000000
v 13.06750000 9.22974000 -57.00000000
v 13.06750000 21.12030000 -57.00000000
v 13.06900000 9.22891000 -57.00000000
v 13.06900000 21.12110000 -57.00000000
v 13.07350000 11.16680000 -55.41000000
v 13.12420000 11.12170000 -55.41140000
v 13.12420000 11.12170000 -19.00000000
v 13.14850000 11.10270000 -55.41000000
v 13.18030000 11.07560000 -55.41000000
v 13.18030000 19.27440000 -55.41000000
v 13.20140000 31.09970000 -43.50000000
v 13.20140000 31.09970000 -32.50000000
v 13.22770000 19.31080000 -55.41000000
v 13.26000000 19.33770000 -55.41170000
v 13.26000000 19.33770000 -19.00000000
v 13.31200000 19.37550000 -55.41000000
v 13.38340000 9.05824000 -57.00000000
v 13.38340000 21.29180000 -57.00000000
v 13.38490000 9.05750000 -57.00000000
v 13.38490000 21.29250000 -57.00000000
v 13.39120000 7.07619000 -57.00000000
v 13.39120000 7.07619000 -19.00000000
v 13.39120000 23.27380000 -57.00000000
v 13.39120000 23.27380000 -43.50000000
v 13.39120000 23.27380000 -32.50000000
v 13.39120000 23.27380000 -19.00000000
v 13.39940000 10.90740000 -55.41000000
v 13.39940000 10.90740000 -19.00000000
v 13.39940000 19.44260000 -55.41000000
v 13.45010000 0.00000000 -25.99230000
v 13.45010000 5.00000000 -25.99230000
v 13.49020000 19.50500000 -55.41000000
v 13.50090000 31.27640000 -43.50000000
v 13.50090000 31.27640000 -32.50000000
v 13.54220000 19.54270000 -55.41170000
v 13.54220000 19.54270000 -19.00000000
v 13.57790000 19.56520000 -55.41000000
v 13.62700000 10.75100000 -55.41000000
v 13.62700000 19.59900000 -55.41000000
v 13.63830000 0.00000000 -48.53430000
v 13.63830000 5.00000000 -48.53430000
v 13.66270000 10.72910000 -55.41000000
v 13.68830000 10.71180000 -55.41140000
v 13.68830000 10.71180000 -19.00000000
v 13.70780000 8.90351000 -57.00000000
v 13.70780000 21.44650000 -57.00000000
v 13.74680000 10.67760000 -55.41000000
v 13.79090000 19.69940000 -55.41000000
v 13.80990000 31.43600000 -43.50000000
v 13.80990000 31.43600000 -32.50000000
v 13.81930000 6.92459000 -57.00000000
v 13.81930000 6.92459000 -19.00000000
v 13.81930000 23.42540000 -57.00000000
v 13.81930000 23.42540000 -43.50000000
v 13.81930000 23.42540000 -32.50000000
v 13.81930000 23.42540000 -19.00000000
v 13.83740000 19.72870000 -55.41070000
v 13.83740000 19.72870000 -19.00000000
v 13.84850000 19.73470000 -55.41000000
v 13.86250000 10.60670000 -55.41000000
v 13.86250000 19.74330000 -55.41000000
v 13.94030000 10.56450000 -55.41000000
v 13.98940000 10.53580000 -55.41180000
v 13.98940000 10.53580000 -19.00000000
v 14.03620000 10.51240000 -55.41000000
v 14.03820000 8.76663000 -57.00000000
v 14.03820000 21.58340000 -57.00000000
v 14.03980000 8.76597000 -57.00000000
v 14.03980000 21.58400000 -57.00000000
v 14.04140000 8.76539000 -57.00000000
v 14.04140000 21.58460000 -57.00000000
v 14.08740000 0.00000000 -27.40870000
v 14.08740000 5.00000000 -27.40870000
v 14.10520000 10.47490000 -55.41000000
v 14.10520000 19.87510000 -55.41000000
v 14.12740000 31.57810000 -43.50000000
v 14.12740000 31.57810000 -32.50000000
v 14.12750000 19.88570000 -55.41000000
v 14.14410000 19.89470000 -55.41100000
v 14.14410000 19.89470000 -19.00000000
v 14.20180000 19.92110000 -55.41000000
v 14.24150000 10.40990000 -55.41000000
v 14.25000000 4.50000000 -57.00000000
v 14.25000000 4.50000000 -47.11170000
v 14.25000000 4.50000000 -27.83620000
v 14.25000000 4.50000000 -16.78560000
v 14.25000000 5.00000000 -47.11170000
v 14.25000000 5.00000000 -27.83620000
v 14.25000000 5.00000000 -16.78560000
v 14.25000000 5.00000000 -10.01000000
v 14.25000000 6.63500000 -10.01000000
v 14.25000000 6.79700000 -57.00000000
v 14.25000000 6.79700000 -19.00000000
v 14.25000000 6.91967000 -10.21000000
v 14.25000000 10.40570000 -19.00000000
v 14.25000000 12.61300000 -14.21000000
v 14.25000000 14.03630000 -15.21000000
v 14.25000000 14.89030000 -15.81000000
v 14.25000000 15.16080000 -16.00000000
v 14.25000000 15.17500000 -19.00000000
v 14.25000000 15.17500000 -16.00000000
v 14.25180000 0.00000000 -47.10740000
v 14.25180000 4.50000000 -47.10740000
v 14.25470000 23.55440000 -57.00000000
v 14.25470000 23.55440000 -43.50000000
v 14.25470000 23.55440000 -32.50000000
v 14.25470000 23.55440000 -19.00000000
v 14.30150000 10.38000000 -55.41120000
v 14.30150000 10.38000000 -19.00000000
v 14.32450000 10.37040000 -55.41000000
v 14.35450000 10.35600000 -55.41000000
v 14.35450000 19.99400000 -55.41000000
v 14.37860000 8.64600000 -57.00000000
v 14.37860000 21.70400000 -57.00000000
v 14.38030000 8.64551000 -57.00000000
v 14.38030000 21.70450000 -57.00000000
v 14.41810000 20.02030000 -55.41000000
v 14.45230000 31.70210000 -43.50000000
v 14.45230000 31.70210000 -32.50000000
v 14.46120000 20.04010000 -55.41180000
v 14.46120000 20.04010000 -19.00000000
v 14.51820000 20.06180000 -55.41000000
v 14.60960000 10.25040000 -55.41000000
v 14.60960000 20.09960000 -55.41000000
v 14.61730000 10.24760000 -55.41000000
v 14.62320000 10.24520000 -55.41040000
v 14.62320000 10.24520000 -19.00000000
v 14.63970000 0.00000000 -28.86040000
v 14.63970000 4.50000000 -28.86040000
v 14.65850000 10.23300000 -55.41000000
v 14.69640000 23.66040000 -57.00000000
v 14.69640000 23.66040000 -43.50000000
v 14.69640000 23.66040000 -32.50000000
v 14.69640000 23.66040000 -19.00000000
v 14.72320000 8.54392000 -57.00000000
v 14.72320000 21.80610000 -57.00000000
v 14.72490000 20.14050000 -55.41000000
v 14.77980000 0.00000000 -45.64680000
v 14.77980000 4.50000000 -45.64680000
v 14.78360000 31.80770000 -43.50000000
v 14.78360000 31.80770000 -32.50000000
v 14.78720000 20.16420000 -55.41160000
v 14.78720000 20.16420000 -19.00000000
v 14.82220000 20.17490000 -55.41000000
v 14.86990000 10.15820000 -55.41000000
v 14.86990000 20.19180000 -55.41000000
v 14.91850000 10.14380000 -55.41000000
v 14.95310000 10.13190000 -55.41160000
v 14.95310000 10.13190000 -19.00000000
v 15.01750000 10.11450000 -55.41000000
v 15.07100000 8.46042000 -57.00000000
v 15.07100000 21.88960000 -57.00000000
v 15.07270000 8.46002000 -57.00000000
v 15.07270000 21.89000000 -57.00000000
v 15.08500000 20.25550000 -55.41000000
v 15.10510000 0.00000000 -30.34220000
v 15.10510000 4.50000000 -30.34220000
v 15.12040000 31.89460000 -43.50000000
v 15.12040000 31.89460000 -32.50000000
v 15.12070000 20.26650000 -55.41040000
v 15.12070000 20.26650000 -19.00000000
v 15.12690000 20.26790000 -55.41000000
v 15.13470000 10.07970000 -55.41000000
v 15.13470000 20.27030000 -55.41000000
v 15.14290000 23.74320000 -57.00000000
v 15.14290000 23.74320000 -43.50000000
v 15.14290000 23.74320000 -32.50000000
v 15.14290000 23.74320000 -19.00000000
v 15.22050000 0.00000000 -44.15740000
v 15.22050000 4.50000000 -44.15740000
v 15.23100000 10.05660000 -55.41000000
v 15.28980000 10.04070000 -55.41180000
v 15.28980000 10.04070000 -19.00000000
v 15.30000000 20.30870000 -55.41000000
v 15.30000000 20.30870000 -19.00000000
v 15.30000000 20.30990000 -55.41000000
v 15.30000000 20.82060000 -55.90670000
v 15.30000000 21.93210000 -57.00000000
v 15.30000000 23.76390000 -57.00000000
v 15.30000000 23.76390000 -43.50000000
v 15.30000000 23.76390000 -32.50000000
v 15.30000000 23.76390000 -19.00000000
v 15.30000000 24.15870000 -38.17200000
v 15.30000000 24.15870000 -37.82800000
v 15.30000000 24.22800000 -38.50890000
v 15.30000000 24.22800000 -37.49110000
v 15.30000000 24.36360000 -38.82500000
v 15.30000000 24.36360000 -37.17500000
v 15.30000000 24.56010000 -39.10730000
v 15.30000000 24.56010000 -36.89270000
v 15.30000000 24.80940000 -39.34430000
v 15.30000000 24.80940000 -36.65570000
v 15.30000000 25.10130000 -39.52630000
v 15.30000000 25.10130000 -36.47370000
v 15.30000000 25.42390000 -39.64570000
v 15.30000000 25.42390000 -36.35430000
v 15.30000000 25.76390000 -39.69780000
v 15.30000000 25.76390000 -36.30220000
v 15.30000000 26.10740000 -39.68040000
v 15.30000000 26.10740000 -36.31960000
v 15.30000000 26.44040000 -39.59420000
v 15.30000000 26.44040000 -36.40580000
v 15.30000000 26.74920000 -39.44270000
v 15.30000000 26.74920000 -36.55730000
v 15.30000000 27.02120000 -39.23210000
v 15.30000000 27.02120000 -36.76790000
v 15.30000000 27.24530000 -38.97120000
v 15.30000000 27.24530000 -37.02880000
v 15.30000000 27.41220000 -38.67040000
v 15.30000000 27.41220000 -37.32960000
v 15.30000000 27.51520000 -38.34220000
v 15.30000000 27.51520000 -37.65780000
v 15.30000000 27.55000000 -38.00000000
v 15.30000000 31.93030000 -43.50000000
v 15.30000000 31.93030000 -32.50000000
v 15.33620000 10.03140000 -55.41000000
v 15.40330000 10.01530000 -55.41000000
v 15.42440000 8.39483000 -57.00000000
v 15.42610000 8.39452000 -57.00000000
v 15.48210000 0.00000000 -31.84890000
v 15.48210000 4.50000000 -31.84890000
v 15.56960000 9.98445000 -55.41000000
v 15.57220000 0.00000000 -42.64460000
v 15.57220000 4.50000000 -42.64460000
v 15.63180000 9.97194000 -55.41100000
v 15.63180000 9.97194000 -19.00000000
v 15.65050000 9.96946000 -55.41000000
v 15.67480000 9.96494000 -55.41000000
v 15.76920000 0.00000000 -33.37530000
v 15.76920000 4.50000000 -33.37530000
v 15.78070000 8.34783000 -57.00000000
v 15.78240000 8.34761000 -57.00000000
v 15.78410000 8.34747000 -57.00000000
v 15.83390000 0.00000000 -41.11360000
v 15.83390000 4.50000000 -41.11360000
v 15.94860000 9.92890000 -55.41000000
v 15.96500000 9.92761000 -55.41000000
v 15.96560000 0.00000000 -34.91600000
v 15.96560000 4.50000000 -34.91600000
v 15.97750000 9.92594000 -55.41070000
v 15.97750000 9.92594000 -19.00000000
v 16.00440000 0.00000000 -39.56990000
v 16.00440000 4.50000000 -39.56990000
v 16.03230000 9.92231000 -55.41000000
v 16.07040000 0.00000000 -36.46560000
v 16.07040000 4.50000000 -36.46560000
v 16.08060000 0.00000000 -12.30630000
v 16.08340000 0.00000000 -38.01870000
v 16.08340000 4.50000000 -38.01870000
v 16.14070000 8.31941000 -57.00000000
v 16.22390000 9.90723000 -55.41000000
v 16.24390000 0.00000000 -12.28050000
v 16.28360000 9.90567000 -55.41000000
v 16.32560000 9.90288000 -55.41170000
v 16.32560000 9.90288000 -19.00000000
v 16.38990000 9.90288000 -55.41000000
v 16.40850000 0.00000000 -12.26500000
v 16.49830000 8.31004000 -57.00000000
v 16.50000000 8.31000000 -57.00000000
v 16.50000000 9.90000000 -55.41000000
v 16.50170000 8.31004000 -57.00000000
v 16.57380000 0.00000000 -12.25980000
v 16.57380000 0.00061000 -12.27540000
v 16.57380000 0.00244000 -12.29100000
v 16.57380000 0.00547000 -12.30630000
v 16.61010000 9.90288000 -55.41000000
v 16.67440000 9.90288000 -55.41170000
v 16.67440000 9.90288000 -19.00000000
v 16.71640000 9.90567000 -55.41000000
v 16.77610000 9.90723000 -55.41000000
v 16.85930000 8.31941000 -57.00000000
v 16.96770000 9.92231000 -55.41000000
v 17.02250000 9.92594000 -55.41070000
v 17.02250000 9.92594000 -19.00000000
v 17.03500000 9.92761000 -55.41000000
v 17.05140000 9.92890000 -55.41000000
v 17.21590000 8.34747000 -57.00000000
v 17.21760000 8.34761000 -57.00000000
v 17.21930000 8.34783000 -57.00000000
v 17.32520000 9.96494000 -55.41000000
v 17.34950000 9.96946000 -55.41000000
v 17.36820000 9.97194000 -55.41100000
v 17.36820000 9.97194000 -19.00000000
v 17.43040000 9.98445000 -55.41000000
v 17.57390000 8.39452000 -57.00000000
v 17.57560000 8.39483000 -57.00000000
v 17.59670000 10.01530000 -55.41000000
v 17.66380000 10.03140000 -55.41000000
v 17.70000000 20.30870000 -55.41000000
v 17.70000000 20.30870000 -19.00000000
v 17.70000000 20.30990000 -55.41000000
v 17.70000000 20.82060000 -55.90670000
v 17.70000000 21.93210000 -57.00000000
v 17.70000000 23.76390000 -57.00000000
v 17.70000000 23.76390000 -43.50000000
v 17.70000000 23.76390000 -32.50000000
v 17.70000000 23.76390000 -19.00000000
v 17.70000000 24.15870000 -38.17200000
v 17.70000000 24.15870000 -37.82800000
v 17.70000000 24.22800000 -38.50890000
v 17.70000000 24.22800000 -37.49110000
v 17.70000000 24.36360000 -38.82500000
v 17.70000000 24.36360000 -37.17500000
v 17.70000000 24.56010000 -39.10730000
v 17.70000000 24.56010000 -36.89270000
v 17.70000000 24.80940000 -39.34430000
v 17.70000000 24.80940000 -36.65570000
v 17.70000000 25.10130000 -39.52630000
v 17.70000000 25.10130000 -36.47370000
v 17.70000000 25.42390000 -39.64570000
v 17.70000000 25.42390000 -36.35430000
v 17.70000000 25.76390000 -39.69780000
v 17.70000000 25.76390000 -36.30220000
v 17.70000000 26.10740000 -39.68040000
v 17.70000000 26.10740000 -36.31960000
v 17.70000000 26.44040000 -39.59420000
v 17.70000000 26.44040000 -36.40580000
v 17.70000000 26.74920000 -39.44270000
v 17.70000000 26.74920000 -36.55730000
v 17.70000000 27.02120000 -39.23210000
v 17.70000000 27.02120000 -36.76790000
v 17.70000000 27.24530000 -38.97120000
v 17.70000000 27.24530000 -37.02880000
v 17.70000000 27.41220000 -38.67040000
v 17.70000000 27.41220000 -37.32960000
v 17.70000000 27.51520000 -38.34220000
v 17.70000000 27.51520000 -37.65780000
v 17.70000000 27.55000000 -38.00000000
v 17.70000000 31.93030000 -43.50000000
v 17.70000000 31.93030000 -32.50000000
v 17.71020000 10.04070000 -55.41180000
v 17.71020000 10.04070000 -19.00000000
v 17.76900000 10.05660000 -55.41000000
v 17.85710000 23.74320000 -57.00000000
v 17.85710000 23.74320000 -43.50000000
v 17.85710000 23.74320000 -32.50000000
v 17.85710000 23.74320000 -19.00000000
v 17.86530000 10.07970000 -55.41000000
v 17.86530000 20.27030000 -55.41000000
v 17.87310000 20.26790000 -55.41000000
v 17.87930000 20.26650000 -55.41040000
v 17.87930000 20.26650000 -19.00000000
v 17.87960000 31.89460000 -43.50000000
v 17.87960000 31.89460000 -32.50000000
v 17.91500000 20.25550000 -55.41000000
v 17.92730000 8.46002000 -57.00000000
v 17.92730000 21.89000000 -57.00000000
v 17.92900000 8.46042000 -57.00000000
v 17.92900000 21.88960000 -57.00000000
v 17.98250000 10.11450000 -55.41000000
v 18.04690000 10.13190000 -55.41160000
v 18.04690000 10.13190000 -19.00000000
v 18.08150000 10.14380000 -55.41000000
v 18.13010000 10.15820000 -55.41000000
v 18.13010000 20.19180000 -55.41000000
v 18.17780000 20.17490000 -55.41000000
v 18.21280000 20.16420000 -55.41160000
v 18.21280000 20.16420000 -19.00000000
v 18.21640000 31.80770000 -43.50000000
v 18.21640000 31.80770000 -32.50000000
v 18.27510000 20.14050000 -55.41000000
v 18.27680000 8.54392000 -57.00000000
v 18.27680000 21.80610000 -57.00000000
v 18.30360000 23.66040000 -57.00000000
v 18.30360000 23.66040000 -43.50000000
v 18.30360000 23.66040000 -32.50000000
v 18.30360000 23.66040000 -19.00000000
v 18.34150000 10.23300000 -55.41000000
v 18.37680000 10.24520000 -55.41040000
v 18.37680000 10.24520000 -19.00000000
v 18.38270000 10.24760000 -55.41000000
v 18.39040000 10.25040000 -55.41000000
v 18.39040000 20.09960000 -55.41000000
v 18.48180000 20.06180000 -55.41000000
v 18.53880000 20.04010000 -55.41180000
v 18.53880000 20.04010000 -19.00000000
v 18.54770000 31.70210000 -43.50000000
v 18.54770000 31.70210000 -32.50000000
v 18.58190000 20.02030000 -55.41000000
v 18.61970000 8.64551000 -57.00000000
v 18.61970000 21.70450000 -57.00000000
v 18.62140000 8.64600000 -57.00000000
v 18.62140000 21.70400000 -57.00000000
v 18.64550000 10.35600000 -55.41000000
v 18.64550000 19.99400000 -55.41000000
v 18.67550000 10.37040000 -55.41000000
v 18.69850000 10.38000000 -55.41120000
v 18.69850000 10.38000000 -19.00000000
v 18.74530000 23.55440000 -57.00000000
v 18.74530000 23.55440000 -43.50000000
v 18.74530000 23.55440000 -32.50000000
v 18.74530000 23.55440000 -19.00000000
v 18.75000000 4.50000000 -57.00000000
v 18.75000000 4.50000000 -15.55320000
v 18.75000000 4.99453000 -12.30630000
v 18.75000000 4.99756000 -12.29100000
v 18.75000000 4.99939000 -12.27540000
v 18.75000000 5.00000000 -15.55320000
v 18.75000000 5.00000000 -12.30630000
v 18.75000000 5.00000000 -12.25980000
v 18.75000000 5.00000000 -10.01000000
v 18.75000000 6.63500000 -10.01000000
v 18.75000000 6.79700000 -57.00000000
v 18.75000000 6.79700000 -19.00000000
v 18.75000000 6.91967000 -10.21000000
v 18.75000000 10.40570000 -19.00000000
v 18.75000000 12.61300000 -14.21000000
v 18.75000000 14.03630000 -15.21000000
v 18.75000000 14.89030000 -15.81000000
v 18.75000000 15.16080000 -16.00000000
v 18.75000000 15.17500000 -19.00000000
v 18.75000000 15.17500000 -16.00000000
v 18.75850000 10.40990000 -55.41000000
v 18.79820000 19.92110000 -55.41000000
v 18.85590000 19.89470000 -55.41100000
v 18.85590000 19.89470000 -19.00000000
v 18.87250000 19.88570000 -55.41000000
v 18.87260000 31.57810000 -43.50000000
v 18.87260000 31.57810000 -32.50000000
v 18.89480000 10.47490000 -55.41000000
v 18.89480000 19.87510000 -55.41000000
v 18.95860000 8.76539000 -57.00000000
v 18.95860000 21.58460000 -57.00000000
v 18.96020000 8.76597000 -57.00000000
v 18.96020000 21.58400000 -57.00000000
v 18.96180000 8.76663000 -57.00000000
v 18.96180000 21.58340000 -57.00000000
v 18.96380000 10.51240000 -55.41000000
v 19.01060000 10.53580000 -55.41180000
v 19.01060000 10.53580000 -19.00000000
v 19.05970000 10.56450000 -55.41000000
v 19.13750000 10.60670000 -55.41000000
v 19.13750000 19.74330000 -55.41000000
v 19.15150000 19.73470000 -55.41000000
v 19.16260000 19.72870000 -55.41070000
v 19.16260000 19.72870000 -19.00000000
v 19.18070000 6.92459000 -57.00000000
v 19.18070000 6.92459000 -19.00000000
v 19.18070000 23.42540000 -57.00000000
v 19.18070000 23.42540000 -43.50000000
v 19.18070000 23.42540000 -32.50000000
v 19.18070000 23.42540000 -19.00000000
v 19.19010000 31.43600000 -43.50000000
v 19.19010000 31.43600000 -32.50000000
v 19.20910000 19.69940000 -55.41000000
v 19.25320000 10.67760000 -55.41000000
v 19.29220000 8.90351000 -57.00000000
v 19.29220000 21.44650000 -57.00000000
v 19.31170000 10.71180000 -55.41140000
v 19.31170000 10.71180000 -19.00000000
v 19.33730000 10.72910000 -55.41000000
v 19.37300000 10.75100000 -55.41000000
v 19.37300000 19.59900000 -55.41000000
v 19.42210000 19.56520000 -55.41000000
v 19.45780000 19.54270000 -55.41170000
v 19.45780000 19.54270000 -19.00000000
v 19.49910000 31.27640000 -43.50000000
v 19.49910000 31.27640000 -32.50000000
v 19.50980000 19.50500000 -55.41000000
v 19.60060000 10.90740000 -55.41000000
v 19.60060000 10.90740000 -19.00000000
v 19.60060000 19.44260000 -55.41000000
v 19.60880000 7.07619000 -57.00000000
v 19.60880000 7.07619000 -19.00000000
v 19.60880000 23.27380000 -57.00000000
v 19.60880000 23.27380000 -43.50000000
v 19.60880000 23.27380000 -32.50000000
v 19.60880000 23.27380000 -19.00000000
v 19.61510000 9.05750000 -57.00000000
v 19.61510000 21.29250000 -57.00000000
v 19.61660000 9.05824000 -57.00000000
v 19.61660000 21.29180000 -57.00000000
v 19.68800000 19.37550000 -55.41000000
v 19.74000000 19.33770000 -55.41170000
v 19.74000000 19.33770000 -19.00000000
v 19.77230000 19.31080000 -55.41000000
v 19.79500000 22.55910000 -38.00000000
v 19.79500000 24.15870000 -38.17200000
v 19.79500000 24.15870000 -37.82800000
v 19.79500000 24.20460000 -40.85000000
v 19.79500000 24.20460000 -35.15000000
v 19.79500000 24.22800000 -38.50890000
v 19.79500000 24.22800000 -37.49110000
v 19.79500000 24.36360000 -38.82500000
v 19.79500000 24.36360000 -37.17500000
v 19.79500000 24.56010000 -39.10730000
v 19.79500000 24.56010000 -36.89270000
v 19.79500000 24.80940000 -39.34430000
v 19.79500000 24.80940000 -36.65570000
v 19.79500000 25.10130000 -39.52630000
v 19.79500000 25.10130000 -36.47370000
v 19.79500000 25.42390000 -39.64570000
v 19.79500000 25.42390000 -36.35430000
v 19.79500000 25.76390000 -39.69780000
v 19.79500000 25.76390000 -36.30220000
v 19.79500000 26.10740000 -39.68040000
v 19.79500000 26.10740000 -36.31960000
v 19.79500000 26.44040000 -39.59420000
v 19.79500000 26.44040000 -36.40580000
v 19.79500000 26.74920000 -39.44270000
v 19.79500000 26.74920000 -36.55730000
v 19.79500000 27.02120000 -39.23210000
v 19.79500000 27.02120000 -36.76790000
v 19.79500000 27.24530000 -38.97120000
v 19.79500000 27.24530000 -37.02880000
v 19.79500000 27.41220000 -38.67040000
v 19.79500000 27.41220000 -37.32960000
v 19.79500000 27.49540000 -40.85000000
v 19.79500000 27.49540000 -35.15000000
v 19.79500000 27.51520000 -38.34220000
v 19.79500000 27.51520000 -37.65780000
v 19.79500000 27.55000000 -38.00000000
v 19.79500000 29.14090000 -38.00000000
v 19.79860000 31.09970000 -43.50000000
v 19.79860000 31.09970000 -32.50000000
v 19.81970000 11.07560000 -55.41000000
v 19.81970000 19.27440000 -55.41000000
v 19.85150000 11.10270000 -55.41000000
v 19.87580000 11.12170000 -55.41140000
v 19.87580000 11.12170000 -19.00000000
v 19.92650000 11.16680000 -55.41000000
v 19.93100000 9.22891000 -57.00000000
v 19.93100000 21.12110000 -57.00000000
v 19.93250000 9.22974000 -57.00000000
v 19.93250000 21.12030000 -57.00000000
v 19.93400000 9.23064000 -57.00000000
v 19.93400000 21.11940000 -57.00000000
v 19.96580000 19.14960000 -55.41000000
v 20.00800000 19.11450000 -55.41070000
v 20.00800000 19.11450000 -19.00000000
v 20.01720000 19.10570000 -55.41000000
v 20.02840000 7.24999000 -57.00000000
v 20.02840000 7.24999000 -19.00000000
v 20.02840000 23.10000000 -57.00000000
v 20.02840000 23.10000000 -43.50000000
v 20.02840000 23.10000000 -32.50000000
v 20.02840000 23.10000000 -19.00000000
v 20.02970000 11.25490000 -55.41000000
v 20.02970000 19.09510000 -55.41000000
v 20.08780000 30.90650000 -43.50000000
v 20.08780000 30.90650000 -32.50000000
v 20.09390000 11.31580000 -55.41000000
v 20.13630000 11.35370000 -55.41180000
v 20.13630000 11.35370000 -19.00000000
v 20.17300000 11.39100000 -55.41000000
v 20.23000000 11.44500000 -55.41000000
v 20.23000000 18.90500000 -55.41000000
v 20.23890000 9.41753000 -57.00000000
v 20.23890000 20.93250000 -57.00000000
v 20.24700000 18.88700000 -55.41000000
v 20.26070000 18.87400000 -55.41100000
v 20.26070000 18.87400000 -19.00000000
v 20.30360000 18.82740000 -55.41000000
v 20.33390000 11.55450000 -55.41000000
v 20.36560000 30.69740000 -43.50000000
v 20.36560000 30.69740000 -32.50000000
v 20.38090000 11.60230000 -55.41120000
v 20.38090000 11.60230000 -19.00000000
v 20.39720000 11.62120000 -55.41000000
v 20.42010000 11.64530000 -55.41000000
v 20.42010000 18.70470000 -55.41000000
v 20.43840000 7.44552000 -57.00000000
v 20.43840000 7.44552000 -19.00000000
v 20.43840000 22.90450000 -57.00000000
v 20.43840000 22.90450000 -43.50000000
v 20.43840000 22.90450000 -32.50000000
v 20.43840000 22.90450000 -19.00000000
v 20.46490000 18.65230000 -55.41000000
v 20.49690000 18.61740000 -55.41180000
v 20.49690000 18.61740000 -19.00000000
v 20.53370000 9.62012000 -57.00000000
v 20.53370000 20.72990000 -57.00000000
v 20.53510000 9.62110000 -57.00000000
v 20.53510000 20.72890000 -57.00000000
v 20.53520000 18.56990000 -55.41000000
v 20.53650000 9.62215000 -57.00000000
v 20.53650000 20.72790000 -57.00000000
v 20.59940000 11.85530000 -55.41000000
v 20.59940000 18.49470000 -55.41000000
v 20.60440000 11.86180000 -55.41000000
v 20.60860000 11.86660000 -55.41040000
v 20.60860000 11.86660000 -19.00000000
v 20.63100000 11.89650000 -55.41000000
v 20.63130000 30.47300000 -43.50000000
v 20.63130000 30.47300000 -32.50000000
v 20.67390000 18.39770000 -55.41000000
v 20.71570000 18.34570000 -55.41160000
v 20.71570000 18.34570000 -19.00000000
v 20.73670000 18.31570000 -55.41000000
v 20.76760000 12.07440000 -55.41000000
v 20.76760000 18.27560000 -55.41000000
v 20.79620000 12.11620000 -55.41000000
v 20.81820000 12.14540000 -55.41160000
v 20.81820000 12.14540000 -19.00000000
v 20.82030000 9.83989000 -57.00000000
v 20.82030000 20.51010000 -57.00000000
v 20.82160000 9.84101000 -57.00000000
v 20.82160000 20.50900000 -57.00000000
v 20.83750000 7.66223000 -57.00000000
v 20.83750000 7.66223000 -19.00000000
v 20.83750000 22.68780000 -57.00000000
v 20.83750000 22.68780000 -43.50000000
v 20.83750000 22.68780000 -32.50000000
v 20.83750000 22.68780000 -19.00000000
v 20.85470000 12.20130000 -55.41000000
v 20.88410000 30.23410000 -43.50000000
v 20.88410000 30.23410000 -32.50000000
v 20.89460000 18.09080000 -55.41000000
v 20.91610000 18.06020000 -55.41040000
v 20.91610000 18.06020000 -19.00000000
v 20.91940000 18.05470000 -55.41000000
v 20.92400000 12.30200000 -55.41000000
v 20.92400000 18.04800000 -55.41000000
v 20.97570000 12.38640000 -55.41000000
v 21.00900000 12.43740000 -55.41180000
v 21.00900000 12.43740000 -19.00000000
v 21.03230000 12.47870000 -55.41000000
v 21.06830000 12.53750000 -55.41000000
v 21.06830000 17.81250000 -55.41000000
v 21.08410000 17.78330000 -55.41000000
v 21.09360000 10.07330000 -57.00000000
v 21.09360000 20.27670000 -57.00000000
v 21.09480000 10.07450000 -57.00000000
v 21.09480000 20.27550000 -57.00000000
v 21.09710000 17.76200000 -55.41120000
v 21.09710000 17.76200000 -19.00000000
v 21.12300000 29.98130000 -43.50000000
v 21.12300000 29.98130000 -32.50000000
v 21.12800000 17.70240000 -55.41000000
v 21.14900000 12.68620000 -55.41000000
v 21.18010000 12.74140000 -55.41100000
v 21.18010000 12.74140000 -19.00000000
v 21.18820000 12.75840000 -55.41000000
v 21.20010000 12.78020000 -55.41000000
v 21.20010000 17.56980000 -55.41000000
v 21.22470000 7.89953000 -57.00000000
v 21.22470000 7.89953000 -19.00000000
v 21.22470000 22.45050000 -57.00000000
v 21.22470000 22.45050000 -43.50000000
v 21.22470000 22.45050000 -32.50000000
v 21.22470000 22.45050000 -19.00000000
v 21.23390000 17.49890000 -55.41000000
v 21.25800000 17.45250000 -55.41180000
v 21.25800000 17.45250000 -19.00000000
v 21.28090000 17.40040000 -55.41000000
v 21.31900000 13.02950000 -55.41000000
v 21.31900000 17.32050000 -55.41000000
v 21.32520000 13.04460000 -55.41000000
v 21.33070000 13.05610000 -55.41070000
v 21.33070000 13.05610000 -19.00000000
v 21.34740000 29.71560000 -43.50000000
v 21.34740000 29.71560000 -32.50000000
v 21.35110000 13.10710000 -55.41000000
v 21.35430000 10.32070000 -57.00000000
v 21.35430000 20.02930000 -57.00000000
v 21.37090000 17.19520000 -55.41000000
v 21.39810000 17.13310000 -55.41140000
v 21.39810000 17.13310000 -19.00000000
v 21.40860000 17.10410000 -55.41000000
v 21.42460000 13.28460000 -55.41000000
v 21.42460000 17.06540000 -55.41000000
v 21.44460000 13.34080000 -55.41000000
v 21.46020000 13.38000000 -55.41170000
v 21.46020000 13.38000000 -19.00000000
v 21.48000000 13.44110000 -55.41000000
v 21.51680000 13.54490000 -55.41000000
v 21.51680000 16.80510000 -55.41000000
v 21.51680000 16.80510000 -19.00000000
v 21.54810000 13.65060000 -55.41000000
v 21.55650000 29.43780000 -43.50000000
v 21.55650000 29.43780000 -32.50000000
v 21.56800000 13.71170000 -55.41170000
v 21.56800000 13.71170000 -19.00000000
v 21.57830000 13.75250000 -55.41000000
v 21.59530000 13.80970000 -55.41000000
v 21.59530000 16.54030000 -55.41000000
v 21.59900000 8.15678000 -57.00000000
v 21.59900000 8.15678000 -19.00000000
v 21.59900000 22.19320000 -57.00000000
v 21.59900000 22.19320000 -43.50000000
v 21.59900000 22.19320000 -32.50000000
v 21.59900000 22.19320000 -19.00000000
v 21.60050000 10.58020000 -57.00000000
v 21.60050000 19.76980000 -57.00000000
v 21.60170000 10.58140000 -57.00000000
v 21.60170000 19.76860000 -57.00000000
v 21.60500000 16.49960000 -55.41000000
v 21.61360000 16.46990000 -55.41140000
v 21.61360000 16.46990000 -19.00000000
v 21.62800000 16.40370000 -55.41000000
v 21.64010000 13.99660000 -55.41000000
v 21.65360000 14.04980000 -55.41070000
v 21.65360000 14.04980000 -19.00000000
v 21.65590000 14.06230000 -55.41000000
v 21.65970000 14.07830000 -55.41000000
v 21.65970000 16.27170000 -55.41000000
v 21.67590000 16.18470000 -55.41000000
v 21.68800000 16.12910000 -55.41180000
v 21.68800000 16.12910000 -19.00000000
v 21.69580000 16.07740000 -55.41000000
v 21.71010000 14.34980000 -55.41000000
v 21.71010000 16.00020000 -55.41000000
v 21.71330000 14.37440000 -55.41000000
v 21.71670000 14.39290000 -55.41100000
v 21.71670000 14.39290000 -19.00000000
v 21.72400000 14.45590000 -55.41000000
v 21.72980000 15.85060000 -55.41000000
v 21.73970000 15.78420000 -55.41120000
v 21.73970000 15.78420000 -19.00000000
v 21.74180000 15.75930000 -55.41000000
v 21.74610000 14.62360000 -55.41000000
v 21.74610000 15.72640000 -55.41000000
v 21.74970000 29.14860000 -43.50000000
v 21.74970000 29.14860000 -32.50000000
v 21.75150000 14.69230000 -55.41000000
v 21.75420000 29.14090000 -38.00000000
v 21.75700000 14.73940000 -55.41180000
v 21.75700000 14.73940000 -19.00000000
v 21.76000000 14.80020000 -55.41000000
v 21.76780000 14.89890000 -55.41000000
v 21.76780000 15.45110000 -55.41000000
v 21.76800000 15.44290000 -55.41000000
v 21.76850000 15.43660000 -55.41040000
v 21.76850000 15.43660000 -19.00000000
v 21.76910000 15.39920000 -55.41000000
v 21.77100000 15.02120000 -55.41000000
v 21.77370000 15.12440000 -55.41000000
v 21.77430000 15.08780000 -55.41160000
v 21.77430000 15.08780000 -19.00000000
v 21.77500000 15.17500000 -55.41000000
v 21.83400000 10.85340000 -57.00000000
v 21.83400000 19.49660000 -57.00000000
v 21.83510000 10.85470000 -57.00000000
v 21.83510000 19.49530000 -57.00000000
v 21.92640000 28.84910000 -43.50000000
v 21.92640000 28.84910000 -38.50550000
v 21.92640000 28.84910000 -37.49450000
v 21.92640000 28.84910000 -32.50000000
v 21.95940000 8.43326000 -57.00000000
v 21.95940000 8.43326000 -19.00000000
v 21.95940000 21.91670000 -57.00000000
v 21.95940000 21.91670000 -43.50000000
v 21.95940000 21.91670000 -32.50000000
v 21.95940000 21.91670000 -19.00000000
v 22.05290000 11.13850000 -57.00000000
v 22.05290000 19.21150000 -57.00000000
v 22.05390000 11.13990000 -57.00000000
v 22.05390000 19.21010000 -57.00000000
v 22.05490000 11.14130000 -57.00000000
v 22.05490000 19.20870000 -57.00000000
v 22.08600000 28.54010000 -43.50000000
v 22.08600000 28.54010000 -39.04060000
v 22.08600000 28.54010000 -36.95940000
v 22.08600000 28.54010000 -32.50000000
v 22.22810000 28.22260000 -43.50000000
v 22.22810000 28.22260000 -39.59050000
v 22.22810000 28.22260000 -36.40950000
v 22.22810000 28.22260000 -32.50000000
v 22.25750000 11.43610000 -57.00000000
v 22.25750000 18.91390000 -57.00000000
v 22.30470000 8.72822000 -57.00000000
v 22.30470000 8.72822000 -19.00000000
v 22.30470000 21.62180000 -57.00000000
v 22.30470000 21.62180000 -43.50000000
v 22.30470000 21.62180000 -32.50000000
v 22.30470000 21.62180000 -19.00000000
v 22.35210000 27.89770000 -43.50000000
v 22.35210000 27.89770000 -40.15320000
v 22.35210000 27.89770000 -35.84680000
v 22.35210000 27.89770000 -32.50000000
v 22.44440000 11.74100000 -57.00000000
v 22.44440000 18.60900000 -57.00000000
v 22.44530000 11.74250000 -57.00000000
v 22.44530000 18.60750000 -57.00000000
v 22.44610000 11.74400000 -57.00000000
v 22.44610000 18.60600000 -57.00000000
v 22.45770000 27.56640000 -43.50000000
v 22.45770000 27.56640000 -40.72710000
v 22.45770000 27.56640000 -35.27290000
v 22.45770000 27.56640000 -32.50000000
v 22.47600000 27.49540000 -40.85000000
v 22.47600000 27.49540000 -35.15000000
v 22.54460000 27.22960000 -43.50000000
v 22.54460000 27.22960000 -40.85000000
v 22.54460000 27.22960000 -35.15000000
v 22.54460000 27.22960000 -32.50000000
v 22.61680000 12.05840000 -57.00000000
v 22.61680000 18.29160000 -57.00000000
v 22.61750000 12.05990000 -57.00000000
v 22.61750000 18.29010000 -57.00000000
v 22.63420000 9.04085000 -57.00000000
v 22.63420000 9.04085000 -19.00000000
v 22.63420000 21.30920000 -57.00000000
v 22.63420000 21.30920000 -43.50000000
v 22.63420000 21.30920000 -32.50000000
v 22.63420000 21.30920000 -19.00000000
v 22.70500000 22.55910000 -38.00000000
v 22.70500000 24.15870000 -38.17200000
v 22.70500000 24.15870000 -37.82800000
v 22.70500000 24.20460000 -40.85000000
v 22.70500000 24.20460000 -35.15000000
v 22.70500000 24.22800000 -38.50890000
v 22.70500000 24.22800000 -37.49110000
v 22.70500000 24.36360000 -38.82500000
v 22.70500000 24.36360000 -37.17500000
v 22.70500000 24.56010000 -39.10730000
v 22.70500000 24.56010000 -36.89270000
v 22.70500000 24.80940000 -39.34430000
v 22.70500000 24.80940000 -36.65570000
v 22.70500000 25.10130000 -39.52630000
v 22.70500000 25.10130000 -36.47370000
v 22.70500000 25.42390000 -39.64570000
v 22.70500000 25.42390000 -36.35430000
v 22.70500000 25.76390000 -39.69780000
v 22.70500000 25.76390000 -36.30220000
v 22.70500000 26.10740000 -39.68040000
v 22.70500000 26.10740000 -36.31960000
v 22.70500000 26.44040000 -39.59420000
v 22.70500000 26.44040000 -36.40580000
v 22.70500000 26.55580000 -40.85000000
v 22.70500000 26.55580000 -39.53760000
v 22.70500000 26.55580000 -36.46240000
v 22.70500000 26.55580000 -35.15000000
v 22.73250000 26.44040000 -39.59420000
v 22.73250000 26.44040000 -36.40580000
v 22.77150000 12.38280000 -57.00000000
v 22.77150000 17.96720000 -57.00000000
v 22.81180000 26.10740000 -39.68040000
v 22.81180000 26.10740000 -36.31960000
v 22.89360000 25.76390000 -39.69780000
v 22.89360000 25.76390000 -36.30220000
v 22.90840000 12.71320000 -57.00000000
v 22.90840000 17.63680000 -57.00000000
v 22.90900000 12.71480000 -57.00000000
v 22.90900000 17.63520000 -57.00000000
v 22.90960000 12.71640000 -57.00000000
v 22.90960000 17.63360000 -57.00000000
v 22.94680000 9.37029000 -57.00000000
v 22.94680000 9.37029000 -19.00000000
v 22.94680000 20.97970000 -57.00000000
v 22.94680000 20.97970000 -43.50000000
v 22.94680000 20.97970000 -32.50000000
v 22.94680000 20.97970000 -19.00000000
v 22.97450000 25.42390000 -39.64570000
v 22.97450000 25.42390000 -36.35430000
v 23.02900000 13.05360000 -57.00000000
v 23.02900000 17.29640000 -57.00000000
v 23.02950000 13.05530000 -57.00000000
v 23.02950000 17.29470000 -57.00000000
v 23.05130000 25.10130000 -39.52630000
v 23.05130000 25.10130000 -36.47370000
v 23.12080000 24.80940000 -39.34430000
v 23.12080000 24.80940000 -36.65570000
v 23.13110000 13.39820000 -57.00000000
v 23.13110000 16.95180000 -57.00000000
v 23.18020000 24.56010000 -39.10730000
v 23.18020000 24.56010000 -36.89270000
v 23.21460000 13.74600000 -57.00000000
v 23.21460000 16.60400000 -57.00000000
v 23.21500000 13.74770000 -57.00000000
v 23.21500000 16.60230000 -57.00000000
v 23.22700000 24.36360000 -38.82500000
v 23.22700000 24.36360000 -37.17500000
v 23.24170000 9.71565000 -57.00000000
v 23.24170000 9.71565000 -19.00000000
v 23.24170000 20.63440000 -57.00000000
v 23.24170000 20.63440000 -43.50000000
v 23.24170000 20.63440000 -32.50000000
v 23.24170000 20.63440000 -19.00000000
v 23.25930000 24.22800000 -38.50890000
v 23.25930000 24.22800000 -37.49110000
v 23.27580000 24.15870000 -38.17200000
v 23.27580000 24.15870000 -37.82800000
v 23.28020000 14.09940000 -57.00000000
v 23.28020000 16.25060000 -57.00000000
v 23.28050000 14.10110000 -57.00000000
v 23.28050000 16.24890000 -57.00000000
v 23.32720000 14.45570000 -57.00000000
v 23.32720000 15.89430000 -57.00000000
v 23.32740000 14.45740000 -57.00000000
v 23.32740000 15.89260000 -57.00000000
v 23.32750000 14.45910000 -57.00000000
v 23.32750000 15.89090000 -57.00000000
v 23.35560000 14.81570000 -57.00000000
v 23.35560000 15.53430000 -57.00000000
v 23.36500000 15.17330000 -57.00000000
v 23.36500000 15.17500000 -57.00000000
v 23.36500000 15.17670000 -57.00000000
v 23.51820000 10.07600000 -57.00000000
v 23.51820000 10.07600000 -19.00000000
v 23.51820000 20.27400000 -57.00000000
v 23.51820000 20.27400000 -43.50000000
v 23.51820000 20.27400000 -32.50000000
v 23.51820000 20.27400000 -19.00000000
v 23.77550000 10.45030000 -57.00000000
v 23.77550000 10.45030000 -19.00000000
v 23.77550000 19.89970000 -57.00000000
v 23.77550000 19.89970000 -43.50000000
v 23.77550000 19.89970000 -32.50000000
v 23.77550000 19.89970000 -19.00000000
v 24.01280000 10.83750000 -57.00000000
v 24.01280000 10.83750000 -19.00000000
v 24.01280000 19.51250000 -57.00000000
v 24.01280000 19.51250000 -43.50000000
v 24.01280000 19.51250000 -32.50000000
v 24.01280000 19.51250000 -19.00000000
v 24.22950000 11.23660000 -57.00000000
v 24.22950000 11.23660000 -19.00000000
v 24.22950000 19.11340000 -57.00000000
v 24.22950000 19.11340000 -43.50000000
v 24.22950000 19.11340000 -32.50000000
v 24.22950000 19.11340000 -19.00000000
v 24.42500000 11.64660000 -57.00000000
v 24.42500000 11.64660000 -19.00000000
v 24.42500000 18.70340000 -57.00000000
v 24.42500000 18.70340000 -43.50000000
v 24.42500000 18.70340000 -32.50000000
v 24.42500000 18.70340000 -19.00000000
v 24.59880000 12.06620000 -57.00000000
v 24.59880000 12.06620000 -19.00000000
v 24.59880000 18.28380000 -57.00000000
v 24.59880000 18.28380000 -43.50000000
v 24.59880000 18.28380000 -32.50000000
v 24.59880000 18.28380000 -19.00000000
v 24.75040000 12.49430000 -57.00000000
v 24.75040000 12.49430000 -19.00000000
v 24.75040000 17.85570000 -57.00000000
v 24.75040000 17.85570000 -43.50000000
v 24.75040000 17.85570000 -32.50000000
v 24.75040000 17.85570000 -19.00000000
v 24.87940000 12.92970000 -57.00000000
v 24.87940000 12.92970000 -19.00000000
v 24.87940000 17.42030000 -57.00000000
v 24.87940000 17.42030000 -43.50000000
v 24.87940000 17.42030000 -32.50000000
v 24.87940000 17.42030000 -19.00000000
v 24.98540000 13.37140000 -57.00000000
v 24.98540000 13.37140000 -19.00000000
v 24.98540000 16.97860000 -57.00000000
v 24.98540000 16.97860000 -43.50000000
v 24.98540000 16.97860000 -32.50000000
v 24.98540000 16.97860000 -19.00000000
v 25.06820000 13.81790000 -57.00000000
v 25.06820000 13.81790000 -19.00000000
v 25.06820000 16.53210000 -57.00000000
v 25.06820000 16.53210000 -19.00000000
v 25.12750000 14.26820000 -57.00000000
v 25.12750000 14.26820000 -19.00000000
v 25.12750000 16.08180000 -57.00000000
v 25.12750000 16.08180000 -19.00000000
v 25.16310000 14.72100000 -57.00000000
v 25.16310000 14.72100000 -19.00000000
v 25.16310000 15.62900000 -57.00000000
v 25.16310000 15.62900000 -19.00000000
v 25.17500000 15.17500000 -57.00000000
v 25.17500000 15.17500000 -19.00000000
v 25.85280000 0.00000000 -6.13369000
v 25.85280000 5.00000000 -6.13369000
v 25.87550000 0.00000000 -5.59989000
v 25.87550000 5.00000000 -5.59989000
v 25.89470000 -4.80000000 -6.13191000
v 25.89470000 9.80000000 -6.13191000
v 25.91710000 -4.80000000 -5.60521000
v 25.91710000 9.80000000 -5.60521000
v 25.92070000 0.00000000 -6.66364000
v 25.92070000 5.00000000 -6.66364000
v 25.96160000 -4.80000000 -6.65481000
v 25.96160000 9.80000000 -6.65481000
v 25.98810000 0.00000000 -5.07761000
v 25.98810000 5.00000000 -5.07761000
v 26.02810000 -4.80000000 -5.08987000
v 26.02810000 9.80000000 -5.08987000
v 26.07710000 0.00000000 -7.17450000
v 26.07710000 5.00000000 -7.17450000
v 26.11600000 -4.80000000 -7.15888000
v 26.11600000 9.80000000 -7.15888000
v 26.18730000 0.00000000 -4.58186000
v 26.18730000 5.00000000 -4.58186000
v 26.22470000 -4.80000000 -4.60072000
v 26.22470000 9.80000000 -4.60072000
v 26.31770000 0.00000000 -7.65157000
v 26.31770000 5.00000000 -7.65157000
v 26.35340000 -4.80000000 -7.62961000
v 26.35340000 9.80000000 -7.62961000
v 26.46740000 0.00000000 -4.12691000
v 26.46740000 5.00000000 -4.12691000
v 26.50110000 -4.80000000 -4.15181000
v 26.50110000 9.80000000 -4.15181000
v 26.63540000 0.00000000 -8.08113000
v 26.63540000 5.00000000 -8.08113000
v 26.66680000 -4.80000000 -8.05345000
v 26.66680000 9.80000000 -8.05345000
v 26.82040000 0.00000000 -3.72584000
v 26.82040000 5.00000000 -3.72584000
v 26.84940000 -4.80000000 -3.75608000
v 26.84940000 9.80000000 -3.75608000
v 27.02110000 0.00000000 -8.45081000
v 27.02110000 5.00000000 -8.45081000
v 27.03920000 -4.80000000 -5.89369000
v 27.03920000 9.80000000 -6.10631000
v 27.04740000 -4.80000000 -8.41822000
v 27.04740000 9.80000000 -8.41822000
v 27.06220000 -4.80000000 -6.31769000
v 27.06220000 9.80000000 -5.68231000
v 27.10790000 -4.80000000 -5.47465000
v 27.10790000 9.80000000 -6.52535000
v 27.17580000 -4.80000000 -6.72684000
v 27.17580000 9.80000000 -5.27316000
v 27.23610000 0.00000000 -3.39019000
v 27.23610000 5.00000000 -3.39019000
v 27.25950000 -4.80000000 -3.42490000
v 27.25950000 9.80000000 -3.42490000
v 27.26500000 -4.80000000 -5.08018000
v 27.26500000 9.80000000 -6.91982000
v 27.28580000 0.14487000 0.45208000
v 27.33890000 9.50001000 -6.00000000
v 27.35010000 -4.50001000 -6.19284000
v 27.35010000 -4.50001000 -5.80716000
v 27.37470000 -4.80000000 -7.10201000
v 27.37470000 9.80000000 -4.89799000
v 27.38370000 9.50001000 -6.38307000
v 27.38370000 9.50001000 -5.61693000
v 27.40000000 2.50000000 -6.00000000
v 27.43910000 -4.50001000 -6.56813000
v 27.43910000 -4.50001000 -5.43187000
v 27.44650000 2.50000000 -6.38291000
v 27.44650000 2.50000000 -5.61709000
v 27.46380000 0.00000000 -8.74999000
v 27.46380000 5.00000000 -8.74999000
v 27.48420000 -4.80000000 -8.71342000
v 27.48420000 9.80000000 -8.71342000
v 27.50330000 -4.80000000 -4.72872000
v 27.50330000 9.80000000 -7.27128000
v 27.51560000 9.50001000 -6.74549000
v 27.51560000 9.50001000 -5.25451000
v 27.58330000 2.50000000 -6.74356000
v 27.58330000 2.50000000 -5.25644000
v 27.61220000 -4.50001000 -6.91278000
v 27.61220000 -4.50001000 -5.08722000
v 27.64960000 -4.80000000 -7.42564000
v 27.64960000 9.80000000 -4.57436000
v 27.70250000 0.00000000 -3.12963000
v 27.70250000 5.00000000 -3.12963000
v 27.71980000 -4.80000000 -3.16780000
v 27.71980000 9.80000000 -3.16780000
v 27.72750000 9.50001000 -7.06773000
v 27.72750000 9.50001000 -4.93227000
v 27.80240000 2.50000000 -7.06100000
v 27.80240000 2.50000000 -4.93900000
v 27.81160000 -4.80000000 -4.43671000
v 27.81160000 9.80000000 -7.56329000
v 27.86010000 -4.50001000 -7.20823000
v 27.86010000 -4.50001000 -4.79177000
v 27.95060000 0.00000000 -8.97006000
v 27.95060000 5.00000000 -8.97006000
v 27.96460000 -4.80000000 -8.93057000
v 27.96460000 9.80000000 -8.93057000
v 27.98760000 -4.80000000 -7.68262000
v 27.98760000 9.80000000 -4.31738000
v 28.00810000 9.50001000 -7.33240000
v 28.00810000 9.50001000 -4.66760000
v 28.09110000 2.50000000 -7.31677000
v 28.09110000 2.50000000 -4.68323000
v 28.16950000 -4.50001000 -7.43854000
v 28.16950000 -4.50001000 -4.56146000
v 28.17550000 -4.80000000 -4.21779000
v 28.17550000 9.80000000 -7.78221000
v 28.20330000 4.85513000 0.45208000
v 28.20330000 4.90301000 0.43126000
v 28.20330000 4.94387000 0.39875000
v 28.20330000 4.97492000 0.35678000
v 28.20330000 4.99406000 0.30821000
v 28.20630000 0.00000000 -2.95164000
v 28.20630000 5.00000000 -2.95164000
v 28.21680000 -4.80000000 -2.99218000
v 28.21680000 9.80000000 -2.99218000
v 28.34210000 9.50001000 -7.52524000
v 28.34210000 9.50001000 -4.47476000
v 28.37300000 -4.80000000 -7.86091000
v 28.37300000 9.80000000 -4.13909000
v 28.39460000 0.00594000 0.30821000
v 28.39460000 0.02508000 0.35678000
v 28.39460000 0.05613000 0.39875000
v 28.39460000 0.09699000 0.43126000
v 28.39460000 0.14487000 0.45208000
v 28.43260000 2.50000000 -7.49603000
v 28.43260000 2.50000000 -4.50397000
v 28.46760000 0.00000000 -9.10469000
v 28.46760000 5.00000000 -9.10469000
v 28.47470000 -4.80000000 -9.06340000
v 28.47470000 9.80000000 -9.06340000
v 28.52360000 -4.50001000 -7.59130000
v 28.52360000 -4.50001000 -4.40869000
v 28.57790000 -4.80000000 -4.08220000
v 28.57790000 9.80000000 -7.91780000
v 28.71160000 9.50001000 -7.63585000
v 28.71160000 9.50001000 -4.36415000
v 28.73290000 0.00000000 -2.86135000
v 28.73290000 5.00000000 -2.86135000
v 28.73640000 -4.80000000 -2.90309000
v 28.73640000 9.80000000 -2.90309000
v 28.78770000 -4.80000000 -7.95219000
v 28.78770000 9.80000000 -4.04780000
v 28.80710000 2.50000000 -7.58833000
v 28.80710000 2.50000000 -4.41167000
v 28.90340000 -4.50001000 -7.65828000
v 28.90340000 -4.50001000 -4.34172000
v 29.00000000 -4.80000000 -9.10811000
v 29.00000000 -4.80000000 -4.03629000
v 29.00000000 0.00000000 -12.25980000
v 29.00000000 0.00000000 -9.15000000
v 29.00000000 0.00000000 0.25982000
v 29.00000000 0.00061000 -12.27540000
v 29.00000000 0.00244000 -12.29100000
v 29.00000000 0.00547000 -12.30630000
v 29.00000000 0.00666000 0.31102000
v 29.00000000 0.02622000 0.35881000
v 29.00000000 0.05735000 0.40000000
v 29.00000000 0.09799000 0.43185000
v 29.00000000 0.14543000 0.45223000
v 29.00000000 0.19651000 0.45979000
v 29.00000000 2.50000000 0.50000000
v 29.00000000 4.80349000 0.45979000
v 29.00000000 4.85457000 0.45223000
v 29.00000000 4.90201000 0.43185000
v 29.00000000 4.94265000 0.40000000
v 29.00000000 4.97378000 0.35881000
v 29.00000000 4.99333000 0.31102000
v 29.00000000 4.99453000 -12.30630000
v 29.00000000 4.99756000 -12.29100000
v 29.00000000 4.99939000 -12.27540000
v 29.00000000 5.00000000 -12.25980000
v 29.00000000 5.00000000 -9.15000000
v 29.00000000 5.00000000 0.25982000
v 29.00000000 9.80000000 -9.10811000
v 29.00000000 9.80000000 -7.96371000
v 29.09660000 9.50001000 -7.65828000
v 29.09660000 9.50001000 -4.34172000
v 29.19290000 2.50000000 -7.58833000
v 29.19290000 2.50000000 -4.41167000
v 29.21230000 -4.80000000 -7.95219000
v 29.21230000 9.80000000 -4.04780000
v 29.26360000 -4.80000000 -2.90309000
v 29.26360000 9.80000000 -2.90309000
v 29.26710000 0.00000000 -2.86135000
v 29.26710000 5.00000000 -2.86135000
v 29.28840000 -4.50001000 -7.63585000
v 29.28840000 -4.50001000 -4.36415000
v 29.29550000 0.00681000 0.30466000
v 29.29550000 4.99319000 0.30466000
v 29.29780000 0.02679000 0.35285000
v 29.29780000 4.97320000 0.35285000
v 29.29970000 0.05858000 0.39422000
v 29.29970000 4.94142000 0.39422000
v 29.30120000 0.10000000 0.42597000
v 29.30120000 4.90000000 0.42597000
v 29.30220000 0.14823000 0.44593000
v 29.30220000 4.85176000 0.44593000
v 29.42210000 -4.80000000 -4.08220000
v 29.42210000 9.80000000 -7.91780000
v 29.47640000 9.50001000 -7.59130000
v 29.47640000 9.50001000 -4.40869000
v 29.52530000 -4.80000000 -9.06340000
v 29.52530000 9.80000000 -9.06340000
v 29.53240000 0.00000000 -9.10469000
v 29.53240000 5.00000000 -9.10469000
v 29.56740000 2.50000000 -7.49603000
v 29.56740000 2.50000000 -4.50397000
v 29.62700000 -4.80000000 -7.86091000
v 29.62700000 9.80000000 -4.13909000
v 29.65790000 -4.50001000 -7.52524000
v 29.65790000 -4.50001000 -4.47476000
v 29.73230000 0.02081000 -12.30630000
v 29.73230000 4.97919000 -12.30630000
v 29.75150000 2.50000000 0.45641000
v 29.75360000 0.19651000 0.41568000
v 29.75360000 4.80349000 0.41568000
v 29.75450000 0.00000000 -12.21420000
v 29.75450000 0.00000000 0.21418000
v 29.75450000 5.00000000 -12.21420000
v 29.75450000 5.00000000 0.21418000
v 29.78320000 -4.80000000 -2.99218000
v 29.78320000 9.80000000 -2.99218000
v 29.79370000 0.00000000 -2.95164000
v 29.79370000 5.00000000 -2.95164000
v 29.82440000 0.00681000 -12.25750000
v 29.82440000 4.99319000 -12.25750000
v 29.82450000 -4.80000000 -4.21779000
v 29.82450000 9.80000000 -7.78221000
v 29.83050000 9.50001000 -7.43854000
v 29.83050000 9.50001000 -4.56146000
v 29.83070000 0.02679000 -12.30530000
v 29.83070000 4.97320000 -12.30530000
v 29.90890000 2.50000000 -7.31677000
v 29.90890000 2.50000000 -4.68323000
v 29.99190000 -4.50001000 -7.33240000
v 29.99190000 -4.50001000 -4.66760000
v 30.01240000 -4.80000000 -7.68262000
v 30.01240000 9.80000000 -4.31738000
v 30.03540000 -4.80000000 -8.93057000
v 30.03540000 9.80000000 -8.93057000
v 30.03910000 0.00681000 0.22546000
v 30.03910000 4.99319000 0.22546000
v 30.04710000 0.02679000 0.27303000
v 30.04710000 4.97320000 0.27303000
v 30.04940000 0.00000000 -8.97006000
v 30.04940000 5.00000000 -8.97006000
v 30.05390000 0.05858000 0.31389000
v 30.05390000 4.94142000 0.31389000
v 30.05910000 0.10000000 0.34524000
v 30.05910000 4.90000000 0.34524000
v 30.06240000 0.14823000 0.36495000
v 30.06240000 4.85176000 0.36495000
v 30.09200000 0.05748000 -12.30630000
v 30.09200000 4.94252000 -12.30630000
v 30.13990000 9.50001000 -7.20823000
v 30.13990000 9.50001000 -4.79177000
v 30.18840000 -4.80000000 -4.43671000
v 30.18840000 9.80000000 -7.56329000
v 30.19760000 2.50000000 -7.06100000
v 30.19760000 2.50000000 -4.93900000
v 30.26040000 0.09659000 -12.30630000
v 30.26040000 4.90341000 -12.30630000
v 30.27250000 -4.50001000 -7.06773000
v 30.27250000 -4.50001000 -4.93227000
v 30.28020000 -4.80000000 -3.16780000
v 30.28020000 9.80000000 -3.16780000
v 30.29750000 0.00000000 -3.12963000
v 30.29750000 5.00000000 -3.12963000
v 30.34090000 0.13027000 -12.30630000
v 30.34090000 4.86973000 -12.30630000
v 30.35040000 -4.80000000 -7.42564000
v 30.35040000 9.80000000 -4.57436000
v 30.36080000 0.14270000 -12.30630000
v 30.36080000 4.85730000 -12.30630000
v 30.37850000 0.15726000 -12.30630000
v 30.37850000 4.84274000 -12.30630000
v 30.38600000 0.16538000 -12.30630000
v 30.38600000 4.83462000 -12.30630000
v 30.38780000 9.50001000 -6.91278000
v 30.38780000 9.50001000 -5.08722000
v 30.39260000 0.17478000 -12.30630000
v 30.39260000 4.82522000 -12.30630000
v 30.39750000 0.18512000 -12.30630000
v 30.39750000 4.81487000 -12.30630000
v 30.39990000 0.19651000 -12.30630000
v 30.39990000 4.80349000 -12.30630000
v 30.41670000 2.50000000 -6.74356000
v 30.41670000 2.50000000 -5.25644000
v 30.48440000 -4.50001000 -6.74549000
v 30.48440000 -4.50001000 -5.25451000
v 30.48730000 1.31435000 -12.30630000
v 30.48730000 3.68565000 -12.30630000
v 30.49290000 2.50000000 0.32623000
v 30.49670000 -4.80000000 -4.72872000
v 30.49670000 9.80000000 -7.27128000
v 30.49690000 0.19651000 0.28396000
v 30.49690000 4.80349000 0.28396000
v 30.49810000 0.00000000 -12.07790000
v 30.49810000 0.00000000 0.07792000
v 30.49810000 5.00000000 -12.07790000
v 30.49810000 5.00000000 0.07792000
v 30.51580000 -4.80000000 -8.71342000
v 30.51580000 9.80000000 -8.71342000
v 30.53620000 0.00000000 -8.74999000
v 30.53620000 5.00000000 -8.74999000
v 30.55350000 2.50000000 -6.38291000
v 30.55350000 2.50000000 -5.61709000
v 30.55870000 0.00681000 -12.11610000
v 30.55870000 4.99319000 -12.11610000
v 30.56090000 9.50001000 -6.56813000
v 30.56090000 9.50001000 -5.43187000
v 30.57060000 0.02679000 -12.16280000
v 30.57060000 4.97320000 -12.16280000
v 30.57500000 2.50000000 -12.30630000
v 30.58080000 0.05858000 -12.20300000
v 30.58080000 4.94142000 -12.20300000
v 30.58870000 0.10000000 -12.23380000
v 30.58870000 4.90000000 -12.23380000
v 30.59360000 0.14823000 -12.25310000
v 30.59360000 4.85176000 -12.25310000
v 30.60000000 2.50000000 -6.00000000
v 30.60550000 0.00000000 -12.30630000
v 30.60550000 5.00000000 -12.30630000
v 30.61630000 -4.50001000 -6.38307000
v 30.61630000 -4.50001000 -5.61693000
v 30.62530000 -4.80000000 -7.10201000
v 30.62530000 9.80000000 -4.89799000
v 30.64990000 9.50001000 -6.19284000
v 30.64990000 9.50001000 -5.80716000
v 30.66110000 -4.50001000 -6.00000000
v 30.73500000 -4.80000000 -5.08018000
v 30.73500000 9.80000000 -6.91982000
v 30.74050000 -4.80000000 -3.42490000
v 30.74050000 9.80000000 -3.42490000
v 30.76390000 0.00000000 -3.39019000
v 30.76390000 5.00000000 -3.39019000
v 30.76820000 0.00681000 0.05886000
v 30.76820000 4.99319000 0.05886000
v 30.78170000 0.02679000 0.10516000
v 30.78170000 4.97320000 0.10516000
v 30.79330000 0.05858000 0.14493000
v 30.79330000 4.94142000 0.14493000
v 30.80220000 0.10000000 0.17544000
v 30.80220000 4.90000000 0.17544000
v 30.80780000 0.14823000 0.19462000
v 30.80780000 4.85176000 0.19462000
v 30.82420000 -4.80000000 -6.72684000
v 30.82420000 9.80000000 -5.27316000
v 30.89210000 -4.80000000 -5.47465000
v 30.89210000 9.80000000 -6.52535000
v 30.93780000 -4.80000000 -6.31769000
v 30.93780000 9.80000000 -5.68231000
v 30.95260000 -4.80000000 -8.41822000
v 30.95260000 9.80000000 -8.41822000
v 30.96080000 -4.80000000 -5.89369000
v 30.96080000 9.80000000 -6.10631000
v 30.97890000 0.00000000 -8.45081000
v 30.97890000 5.00000000 -8.45081000
v 31.12600000 0.19651000 -12.09990000
v 31.12600000 4.80349000 -12.09990000
v 31.15060000 -4.80000000 -3.75608000
v 31.15060000 9.80000000 -3.75608000
v 31.17960000 0.00000000 -3.72584000
v 31.17960000 5.00000000 -3.72584000
v 31.21430000 2.50000000 0.11121000
v 31.21980000 0.00000000 -11.85300000
v 31.21980000 0.00000000 -0.14696000
v 31.21980000 0.19651000 0.06643000
v 31.21980000 4.80349000 0.06643000
v 31.21980000 5.00000000 -11.85300000
v 31.21980000 5.00000000 -0.14696000
v 31.27110000 0.00681000 -11.88880000
v 31.27110000 4.99319000 -11.88880000
v 31.28850000 0.02679000 -11.93380000
v 31.28850000 4.97320000 -11.93380000
v 31.29360000 2.50000000 -12.08190000
v 31.30340000 0.05858000 -11.97250000
v 31.30340000 4.94142000 -11.97250000
v 31.31480000 0.10000000 -12.00210000
v 31.31480000 4.90000000 -12.00210000
v 31.32200000 0.14823000 -12.02080000
v 31.32200000 4.85176000 -12.02080000
v 31.33320000 -4.80000000 -8.05345000
v 31.33320000 9.80000000 -8.05345000
v 31.36460000 0.00000000 -8.08113000
v 31.36460000 5.00000000 -8.08113000
v 31.47230000 0.00681000 -0.19279000
v 31.47230000 4.99319000 -0.19279000
v 31.49120000 0.02679000 -0.14841000
v 31.49120000 4.97320000 -0.14841000
v 31.49890000 -4.80000000 -4.15181000
v 31.49890000 9.80000000 -4.15181000
v 31.50750000 0.05858000 -0.11030000
v 31.50750000 4.94142000 -0.11030000
v 31.51990000 0.10000000 -0.08106000
v 31.51990000 4.90000000 -0.08106000
v 31.52770000 0.14823000 -0.06267000
v 31.52770000 4.85176000 -0.06267000
v 31.53260000 0.00000000 -4.12691000
v 31.53260000 5.00000000 -4.12691000
v 31.64660000 -4.80000000 -7.62961000
v 31.64660000 9.80000000 -7.62961000
v 31.68230000 0.00000000 -7.65157000
v 31.68230000 5.00000000 -7.65157000
v 31.77530000 -4.80000000 -4.60072000
v 31.77530000 9.80000000 -4.60072000
v 31.81270000 0.00000000 -4.58186000
v 31.81270000 5.00000000 -4.58186000
v 31.82310000 0.19651000 -11.81020000
v 31.82310000 4.80349000 -11.81020000
v 31.88400000 -4.80000000 -7.15888000
v 31.88400000 9.80000000 -7.15888000
v 31.90600000 2.50000000 -0.18578000
v 31.90910000 0.00000000 -11.54280000
v 31.90910000 0.00000000 -0.45720000
v 31.90910000 5.00000000 -11.54280000
v 31.90910000 5.00000000 -0.45720000
v 31.91230000 0.19651000 -0.23395000
v 31.91230000 4.80349000 -0.23395000
v 31.92290000 0.00000000 -7.17450000
v 31.92290000 5.00000000 -7.17450000
v 31.95160000 0.00681000 -11.57890000
v 31.95160000 4.99319000 -11.57890000
v 31.97190000 -4.80000000 -5.08987000
v 31.97190000 9.80000000 -5.08987000
v 31.97420000 0.02679000 -11.62150000
v 31.97420000 4.97320000 -11.62150000
v 31.98130000 2.50000000 -11.77590000
v 31.99360000 0.05858000 -11.65810000
v 31.99360000 4.94142000 -11.65810000
v 32.00840000 0.10000000 -11.68620000
v 32.00840000 4.90000000 -11.68620000
v 32.01190000 0.00000000 -5.07761000
v 32.01190000 5.00000000 -5.07761000
v 32.01780000 0.14823000 -11.70390000
v 32.01780000 4.85176000 -11.70390000
v 32.03830000 -4.80000000 -6.65481000
v 32.03830000 9.80000000 -6.65481000
v 32.07930000 0.00000000 -6.66364000
v 32.07930000 5.00000000 -6.66364000
v 32.08290000 -4.80000000 -5.60521000
v 32.08290000 9.80000000 -5.60521000
v 32.10530000 -4.80000000 -6.13191000
v 32.10530000 9.80000000 -6.13191000
v 32.12450000 0.00000000 -5.59989000
v 32.12450000 5.00000000 -5.59989000
v 32.14180000 0.00681000 -0.52596000
v 32.14180000 4.99319000 -0.52596000
v 32.14720000 0.00000000 -6.13369000
v 32.14720000 5.00000000 -6.13369000
v 32.16580000 0.02679000 -0.48413000
v 32.16580000 4.97320000 -0.48413000
v 32.18650000 0.05858000 -0.44820000
v 32.18650000 4.94142000 -0.44820000
v 32.20230000 0.10000000 -0.42064000
v 32.20230000 4.90000000 -0.42064000
v 32.21220000 0.14823000 -0.40331000
v 32.21220000 4.85176000 -0.40331000
v 32.48170000 0.19651000 -11.44120000
v 32.48170000 4.80349000 -11.44120000
v 32.55600000 0.00000000 -11.15170000
v 32.55600000 0.00000000 -0.84827000
v 32.55600000 5.00000000 -11.15170000
v 32.55600000 5.00000000 -0.84827000
v 32.55870000 2.50000000 -0.56075000
v 32.56510000 0.19651000 -0.61308000
v 32.56510000 4.80349000 -0.61308000
v 32.58630000 0.00681000 -11.19370000
v 32.58630000 4.99319000 -11.19370000
v 32.61460000 0.02679000 -11.23280000
v 32.61460000 4.97320000 -11.23280000
v 32.62910000 2.50000000 -11.39250000
v 32.63910000 0.05858000 -11.26620000
v 32.63910000 4.94142000 -11.26620000
v 32.65810000 0.10000000 -11.29170000
v 32.65810000 4.90000000 -11.29170000
v 32.67040000 0.14823000 -11.30750000
v 32.67040000 4.85176000 -11.30750000
v 32.76720000 0.00681000 -0.93598000
v 32.76720000 4.99319000 -0.93598000
v 32.79600000 0.02679000 -0.89728000
v 32.79600000 4.97320000 -0.89728000
v 32.82070000 0.05858000 -0.86404000
v 32.82070000 4.94142000 -0.86404000
v 32.83970000 0.10000000 -0.83854000
v 32.83970000 4.90000000 -0.83854000
v 32.85160000 0.14823000 -0.82251000
v 32.85160000 4.85176000 -0.82251000
v 33.09270000 0.19651000 -10.99790000
v 33.09270000 4.80349000 -10.99790000
v 33.15100000 0.00000000 -10.68550000
v 33.15100000 0.00000000 -1.31446000
v 33.15100000 5.00000000 -10.68550000
v 33.15100000 5.00000000 -1.31446000
v 33.16370000 2.50000000 -1.00866000
v 33.16920000 0.19651000 -1.06576000
v 33.16920000 4.80349000 -1.06576000
v 33.17950000 0.00681000 -10.72950000
v 33.17950000 4.99319000 -10.72950000
v 33.21140000 0.02679000 -10.76560000
v 33.21140000 4.97320000 -10.76560000
v 33.22830000 2.50000000 -10.93680000
v 33.23880000 0.05858000 -10.79670000
v 33.23880000 4.94142000 -10.79670000
v 33.25990000 0.10000000 -10.82050000
v 33.25990000 4.90000000 -10.82050000
v 33.27310000 0.14823000 -10.83550000
v 33.27310000 4.85176000 -10.83550000
v 33.33970000 0.00681000 -1.41708000
v 33.33970000 4.99319000 -1.41708000
v 33.37290000 0.02679000 -1.38206000
v 33.37290000 4.97320000 -1.38206000
v 33.40130000 0.05858000 -1.35198000
v 33.40130000 4.94142000 -1.35198000
v 33.42320000 0.10000000 -1.32890000
v 33.42320000 4.90000000 -1.32890000
v 33.43690000 0.14823000 -1.31439000
v 33.43690000 4.85176000 -1.31439000
v 33.64780000 0.19651000 -10.48630000
v 33.64780000 4.80349000 -10.48630000
v 33.68550000 0.00000000 -10.15100000
v 33.68550000 0.00000000 -1.84897000
v 33.68550000 5.00000000 -10.15100000
v 33.68550000 5.00000000 -1.84897000
v 33.70950000 0.00681000 -10.20200000
v 33.70950000 4.99319000 -10.20200000
v 33.71290000 2.50000000 -1.52352000
v 33.71640000 0.19651000 -1.58583000
v 33.71640000 4.80349000 -1.58583000
v 33.74550000 0.02679000 -10.23410000
v 33.74550000 4.97320000 -10.23410000
v 33.77070000 2.50000000 -10.41480000
v 33.77640000 0.05858000 -10.26170000
v 33.77640000 4.94142000 -10.26170000
v 33.80010000 0.10000000 -10.28280000
v 33.80010000 4.90000000 -10.28280000
v 33.81500000 0.14823000 -10.29610000
v 33.81500000 4.85176000 -10.29610000
v 33.85130000 0.00681000 -1.96252000
v 33.85130000 4.99319000 -1.96252000
v 33.88840000 0.02679000 -1.93166000
v 33.88840000 4.97320000 -1.93166000
v 33.92020000 0.05858000 -1.90517000
v 33.92020000 4.94142000 -1.90517000
v 33.94460000 0.10000000 -1.88483000
v 33.94460000 4.90000000 -1.88483000
v 33.96000000 0.14823000 -1.87205000
v 33.96000000 4.85176000 -1.87205000
v 34.13940000 0.19651000 -9.91350000
v 34.13940000 4.80349000 -9.91350000
v 34.15170000 0.00000000 -9.55598000
v 34.15170000 0.00000000 -2.44401000
v 34.15170000 5.00000000 -9.55598000
v 34.15170000 5.00000000 -2.44401000
v 34.17340000 0.00681000 -9.61549000
v 34.17340000 4.99319000 -9.61549000
v 34.19880000 2.50000000 -2.09841000
v 34.19910000 0.19651000 -2.16618000
v 34.19910000 4.80349000 -2.16618000
v 34.21300000 0.02679000 -9.64312000
v 34.21300000 4.97320000 -9.64312000
v 34.24690000 0.05858000 -9.66684000
v 34.24690000 4.94142000 -9.66684000
v 34.24910000 2.50000000 -9.83367000
v 34.27300000 0.10000000 -9.68505000
v 34.27300000 4.90000000 -9.68505000
v 34.28940000 0.14823000 -9.69650000
v 34.28940000 4.85176000 -9.69650000
v 34.29480000 0.00681000 -2.56463000
v 34.29480000 4.99319000 -2.56463000
v 34.33520000 0.02679000 -2.53838000
v 34.33520000 4.97320000 -2.53838000
v 34.37000000 0.05858000 -2.51583000
v 34.37000000 4.94142000 -2.51583000
v 34.39660000 0.10000000 -2.49853000
v 34.39660000 4.90000000 -2.49853000
v 34.41340000 0.14823000 -2.48766000
v 34.41340000 4.85176000 -2.48766000
v 34.54280000 0.00000000 -8.90908000
v 34.54280000 0.00000000 -3.09091000
v 34.54280000 5.00000000 -8.90908000
v 34.54280000 5.00000000 -3.09091000
v 34.56090000 0.19651000 -9.28721000
v 34.56090000 4.80349000 -9.28721000
v 34.56470000 0.00681000 -8.97823000
v 34.56470000 4.99319000 -8.97823000
v 34.60730000 0.02679000 -9.00099000
v 34.60730000 4.97320000 -9.00099000
v 34.61090000 0.19651000 -2.79889000
v 34.61090000 4.80349000 -2.79889000
v 34.61500000 2.50000000 -2.72564000
v 34.64380000 0.05858000 -9.02054000
v 34.64380000 4.94142000 -9.02054000
v 34.65710000 2.50000000 -9.20109000
v 34.66390000 0.00681000 -3.21497000
v 34.66390000 4.99319000 -3.21497000
v 34.67180000 0.10000000 -9.03553000
v 34.67180000 4.90000000 -9.03553000
v 34.68940000 0.14823000 -9.04496000
v 34.68940000 4.85176000 -9.04496000
v 34.70720000 0.02679000 -3.19369000
v 34.70720000 4.97320000 -3.19369000
v 34.74440000 0.05858000 -3.17541000
v 34.74440000 4.94142000 -3.17541000
v 34.77290000 0.10000000 -3.16139000
v 34.77290000 4.90000000 -3.16139000
v 34.79080000 0.14823000 -3.15257000
v 34.79080000 4.85176000 -3.15257000
v 34.85300000 0.00000000 -8.21976000
v 34.85300000 0.00000000 -3.78024000
v 34.85300000 5.00000000 -8.21976000
v 34.85300000 5.00000000 -3.78024000
v 34.87790000 0.00681000 -8.29917000
v 34.87790000 4.99319000 -8.29917000
v 34.90640000 0.19651000 -8.61604000
v 34.90640000 4.80349000 -8.61604000
v 34.92280000 0.02679000 -8.31674000
v 34.92280000 4.97320000 -8.31674000
v 34.94600000 0.19651000 -3.47531000
v 34.94600000 4.80349000 -3.47531000
v 34.95350000 0.00681000 -3.90441000
v 34.95350000 4.99319000 -3.90441000
v 34.95590000 2.50000000 -3.39677000
v 34.96140000 0.05858000 -8.33183000
v 34.96140000 4.94142000 -8.33183000
v 34.98930000 2.50000000 -8.52558000
v 34.99100000 0.10000000 -8.34341000
v 34.99100000 4.90000000 -8.34341000
v 34.99900000 0.02679000 -3.88839000
v 34.99900000 4.97320000 -3.88839000
v 35.00960000 0.14823000 -8.35068000
v 35.00960000 4.85176000 -8.35068000
v 35.03810000 0.05858000 -3.87464000
v 35.03810000 4.94142000 -3.87464000
v 35.06810000 0.10000000 -3.86409000
v 35.06810000 4.90000000 -3.86409000
v 35.07790000 0.00000000 -7.49807000
v 35.07790000 0.00000000 -4.50193000
v 35.07790000 5.00000000 -7.49807000
v 35.07790000 5.00000000 -4.50193000
v 35.08690000 0.14823000 -3.85745000
v 35.08690000 4.85176000 -3.85745000
v 35.10860000 0.00681000 -7.58783000
v 35.10860000 4.99319000 -7.58783000
v 35.15530000 0.02679000 -7.59996000
v 35.15530000 4.97320000 -7.59996000
v 35.15960000 0.00681000 -4.62326000
v 35.15960000 4.99319000 -4.62326000
v 35.17120000 0.19651000 -7.90914000
v 35.17120000 4.80349000 -7.90914000
v 35.19540000 0.05858000 -7.61038000
v 35.19540000 4.94142000 -7.61038000
v 35.19990000 0.19651000 -4.18621000
v 35.19990000 4.80349000 -4.18621000
v 35.20670000 0.02679000 -4.61274000
v 35.20670000 4.97320000 -4.61274000
v 35.21420000 0.00000000 -6.75454000
v 35.21420000 0.00000000 -5.24546000
v 35.21420000 5.00000000 -6.75454000
v 35.21420000 5.00000000 -5.24546000
v 35.21700000 2.50000000 -4.10282000
v 35.22610000 0.10000000 -7.61838000
v 35.22610000 4.90000000 -7.61838000
v 35.24110000 2.50000000 -7.81619000
v 35.24550000 0.14823000 -7.62341000
v 35.24550000 4.85176000 -7.62341000
v 35.24710000 0.05858000 -4.60370000
v 35.24710000 4.94142000 -4.60370000
v 35.25350000 0.00681000 -6.85420000
v 35.25350000 4.99319000 -6.85420000
v 35.25980000 0.00000000 -6.00000000
v 35.25980000 5.00000000 -6.00000000
v 35.27810000 0.10000000 -4.59677000
v 35.27810000 4.90000000 -4.59677000
v 35.27920000 0.00681000 -5.36144000
v 35.27920000 4.99319000 -5.36144000
v 35.29760000 0.14823000 -4.59241000
v 35.29760000 4.85176000 -4.59241000
v 35.30130000 0.02679000 -6.86073000
v 35.30130000 4.97320000 -6.86073000
v 35.31070000 0.00681000 -6.10858000
v 35.31070000 4.99319000 -6.10858000
v 35.32720000 0.02679000 -5.35656000
v 35.32720000 4.97320000 -5.35656000
v 35.34240000 0.05858000 -6.86634000
v 35.34240000 4.94142000 -6.86634000
v 35.35180000 0.19651000 -7.17617000
v 35.35180000 4.80349000 -7.17617000
v 35.35890000 0.02679000 -6.10941000
v 35.35890000 4.97320000 -6.10941000
v 35.36840000 0.05858000 -5.35237000
v 35.36840000 4.94142000 -5.35237000
v 35.36920000 0.19651000 -4.92188000
v 35.36920000 4.80349000 -4.92188000
v 35.37380000 0.10000000 -6.87064000
v 35.37380000 4.90000000 -6.87064000
v 35.39360000 0.14823000 -6.87334000
v 35.39360000 4.85176000 -6.87334000
v 35.39460000 2.50000000 -4.83432000
v 35.40000000 0.10000000 -5.34915000
v 35.40000000 4.90000000 -5.34915000
v 35.40030000 0.05858000 -6.11013000
v 35.40030000 4.94142000 -6.11013000
v 35.40920000 2.50000000 -7.08245000
v 35.41990000 0.14823000 -5.34713000
v 35.41990000 4.85176000 -5.34713000
v 35.43210000 0.10000000 -6.11067000
v 35.43210000 4.90000000 -6.11067000
v 35.44570000 0.19651000 -6.42713000
v 35.44570000 4.80349000 -6.42713000
v 35.45150000 0.19651000 -5.67227000
v 35.45150000 4.80349000 -5.67227000
v 35.45210000 0.14823000 -6.11102000
v 35.45210000 4.85176000 -6.11102000
v 35.48650000 2.50000000 -5.58145000
v 35.49140000 2.50000000 -6.33419000
f 1426 1289 1427
f 1289 1426 1288
f 1424 1287 1425
f 1287 1424 1286
f 874 881 880
f 881 874 875
f 876 883 882
f 883 876 877
f 884 879 878
f 879 884 885
f 1458 1491 1459
f 1491 1458 1490
f 904 913 912
f 913 904 905
f 906 915 914
f 915 906 907
f 1088 1121 1089
f 1121 1088 1120
f 854 849 848
f 849 854 855
f 1522 1493 1523
f 1493 1522 1492
f 1524 1495 1525
f 1495 1524 1494
f 1196 1123 1197
f 1123 1196 1122
f 1198 1125 1199
f 1125 1198 1124
f 1090 1051 1091
f 1051 1090 1050
f 1092 1053 1093
f 1053 1092 1052
f 834 833 832
f 833 834 835
f 844 851 850
f 851 844 852
f 845 852 844
f 852 845 853
f 939 968 967
f 968 939 940
f 941 970 969
f 970 941 942
f 1637 1644 1651
f 1603 1644 1637
f 1576 1644 1603
f 1644 1576 1630
f 1525 1630 1576
f 1630 1525 1612
f 1495 1612 1525
f 1612 1495 1590
f 1463 1590 1495
f 1590 1463 1549
f 1427 1549 1463
f 1549 1427 1527
f 1289 1527 1427
f 1244 1527 1289
f 1527 1244 1505
f 1199 1505 1244
f 1505 1199 1484
f 1125 1484 1199
f 1484 1125 1466
f 1093 1466 1125
f 1466 1093 1442
f 1053 1442 1093
f 970 1442 1053
f 1442 970 1416
f 942 1416 970
f 1416 942 1305
f 915 1305 942
f 1305 915 1277
f 907 1277 915
f 897 1277 907
f 889 1257 897
f 1277 897 1257
f 1423 1564 1533
f 1564 1521 1562
f 1285 1533 1513
f 1240 1513 1497
f 1564 1491 1521
f 1121 1497 1476
f 1564 1459 1491
f 1089 1476 1450
f 1049 1450 1434
f 1564 1423 1459
f 966 1434 1402
f 911 1402 1297
f 1533 1285 1423
f 903 1297 1271
f 893 1271 1249
f 1513 1240 1285
f 885 1249 1231
f 873 1231 1217
f 863 1217 1206
f 1497 1195 1240
f 855 1206 1184
f 849 1184 1170
f 839 1170 1158
f 835 1158 1147
f 1257 889 1237
f 1497 1121 1195
f 883 1237 889
f 1476 1089 1121
f 1237 883 1223
f 1450 1049 1089
f 877 1223 883
f 1434 966 1049
f 1223 877 1212
f 1402 938 966
f 867 1212 877
f 1402 911 938
f 859 1212 867
f 1297 903 911
f 1212 859 1188
f 1271 893 903
f 853 1188 859
f 1249 885 893
f 1188 853 1178
f 1231 879 885
f 845 1178 853
f 1231 873 879
f 1178 845 1166
f 1217 863 873
f 841 1166 845
f 1206 855 863
f 1166 841 1152
f 1184 849 855
f 837 1152 841
f 1170 843 849
f 833 1152 837
f 1170 839 843
f 1152 833 1147
f 1158 835 839
f 1147 833 835
f 2193 2425 2423
f 2193 2423 2419
f 2425 2193 2198
f 2178 2419 2415
f 2425 2198 2421
f 2168 2415 2411
f 2187 2421 2198
f 2158 2411 2405
f 2421 2187 2417
f 2137 2405 2399
f 2174 2417 2187
f 2137 2399 2393
f 2417 2174 2413
f 2127 2393 2387
f 2413 2174 2407
f 2113 2387 2381
f 2162 2407 2174
f 2095 2381 2375
f 2407 2162 2401
f 2079 2375 2369
f 2142 2401 2162
f 2079 2369 2363
f 2401 2142 2395
f 2057 2363 2338
f 2133 2395 2142
f 2039 2338 2312
f 2395 2133 2389
f 2021 2312 2265
f 2119 2389 2133
f 2021 2265 2235
f 2389 2119 2383
f 1999 2235 2213
f 2383 2119 2377
f 2377 2101 2371
f 2101 2377 2119
f 2419 2178 2193
f 2415 2168 2178
f 2411 2158 2168
f 1944 2213 2151
f 2405 2137 2158
f 2393 2127 2137
f 2387 2113 2127
f 1925 2151 2110
f 2381 2095 2113
f 2375 2079 2095
f 1905 2110 2073
f 2363 2057 2079
f 2338 2039 2057
f 1905 2073 2036
f 2312 2021 2039
f 1885 2036 2006
f 2235 1999 2021
f 2213 1944 1999
f 1845 2006 1937
f 2151 1925 1944
f 1827 1937 1911
f 2110 1905 1925
f 2036 1885 1905
f 1811 1911 1861
f 2006 1845 1885
f 1759 1861 1836
f 1937 1827 1845
f 1911 1811 1827
f 1759 1836 1806
f 1759 1806 1766
f 1861 1759 1811
f 2085 2371 2101
f 2371 2085 2365
f 2063 2365 2085
f 2365 2063 2359
f 2051 2359 2063
f 2359 2051 2334
f 2334 2051 2308
f 2027 2308 2051
f 2308 2027 2261
f 2013 2261 2027
f 2261 2013 2231
f 1989 2231 2013
f 2231 1989 2209
f 1930 2209 1989
f 2209 1930 2147
f 2147 1930 2106
f 1919 2106 1930
f 2106 1919 2069
f 1899 2069 1919
f 2069 1899 2032
f 1875 2032 1899
f 2032 1875 2002
f 2002 1875 1933
f 1933 1875 1907
f 1907 1875 1873
f 1857 1880 1875
f 1839 1880 1857
f 1821 1880 1839
f 1801 1880 1821
f 1752 1880 1801
f 1743 1880 1752
f 1737 1880 1743
f 1724 1880 1737
f 1569 1724 1710
f 1569 1710 1695
f 1569 1695 1642
f 1569 1642 1618
f 1569 1618 1596
f 1569 1596 1578
f 1569 1578 1564
f 1724 1569 1880
f 1194 1240 1195
f 1240 1194 1239
f 842 839 838
f 839 842 843
f 937 911 910
f 911 937 938
f 965 938 937
f 938 965 966
f 902 893 892
f 893 902 903
f 1934 1909 1935
f 1909 1934 1908
f 1936 1911 1937
f 1911 1936 1910
f 2425 2422 2423
f 2422 2425 2424
f 2415 2410 2411
f 2410 2415 2409
f 2414 2409 2415
f 2409 2414 2408
f 1462 1427 1463
f 1427 1462 1426
f 1460 1425 1461
f 1425 1460 1424
f 1288 1244 1289
f 1244 1288 1243
f 1286 1242 1287
f 1242 1286 1241
f 967 1051 1050
f 1051 967 968
f 969 1053 1052
f 1053 969 970
f 1243 1199 1244
f 1199 1243 1198
f 1241 1197 1242
f 1197 1241 1196
f 1122 1091 1123
f 1091 1122 1090
f 1124 1093 1125
f 1093 1124 1092
f 836 841 840
f 841 836 837
f 856 865 864
f 865 856 857
f 858 867 866
f 867 858 859
f 864 875 874
f 875 864 865
f 866 877 876
f 877 866 867
f 840 845 844
f 845 840 841
f 832 837 836
f 837 832 833
f 852 859 858
f 859 852 853
f 850 857 856
f 857 850 851
f 886 895 894
f 895 886 887
f 888 897 896
f 897 888 889
f 894 905 904
f 905 894 895
f 896 907 906
f 907 896 897
f 880 887 886
f 887 880 881
f 882 889 888
f 889 882 883
f 914 942 941
f 942 914 915
f 912 940 939
f 940 912 913
f 1520 1562 1521
f 1562 1520 1561
f 1490 1521 1491
f 1521 1490 1520
f 1284 1423 1285
f 1423 1284 1422
f 1239 1285 1240
f 1285 1239 1284
f 1422 1459 1423
f 1459 1422 1458
f 1120 1195 1121
f 1195 1120 1194
f 872 863 862
f 863 872 873
f 862 855 854
f 855 862 863
f 878 873 872
f 873 878 879
f 848 843 842
f 843 848 849
f 838 835 834
f 835 838 839
f 910 903 902
f 903 910 911
f 892 885 884
f 885 892 893
f 1048 966 965
f 966 1048 1049
f 1048 1089 1049
f 1089 1048 1088
f 1803 1764 1804
f 1764 1803 1763
f 1805 1766 1806
f 1766 1805 1765
f 2003 1935 2004
f 1935 2003 1934
f 2005 1937 2006
f 1937 2005 1936
f 2262 2233 2263
f 2233 2262 2232
f 2264 2235 2265
f 2235 2264 2234
f 2232 2211 2233
f 2211 2232 2210
f 2234 2213 2235
f 2213 2234 2212
f 2391 2384 2385
f 2384 2391 2390
f 2393 2386 2387
f 2386 2393 2392
f 2387 2380 2381
f 2380 2387 2386
f 2385 2378 2379
f 2378 2385 2384
f 1573 1523 1574
f 1523 1573 1522
f 1575 1525 1576
f 1525 1575 1524
f 1492 1461 1493
f 1461 1492 1460
f 1494 1463 1495
f 1463 1494 1462
f 1648 1635 1649
f 1635 1648 1634
f 1650 1637 1651
f 1637 1650 1636
f 1634 1601 1635
f 1601 1634 1600
f 1636 1603 1637
f 1603 1636 1602
f 1858 1834 1859
f 1834 1858 1833
f 1860 1836 1861
f 1836 1860 1835
f 2389 2394 2395
f 2394 2389 2388
f 1561 1872 1862
f 1872 1849 1851
f 1872 1831 1849
f 1872 1817 1831
f 1872 1815 1817
f 1872 1755 1815
f 1872 1754 1755
f 1872 1748 1754
f 1872 1747 1748
f 1872 1746 1747
f 1872 1740 1746
f 1872 1730 1740
f 1872 1728 1730
f 1872 1561 1728
f 1728 1561 1727
f 1727 1561 1719
f 1719 1561 1702
f 1702 1561 1701
f 1701 1561 1700
f 1700 1561 1688
f 1688 1561 1687
f 1687 1561 1622
f 1622 1561 1620
f 1620 1561 1604
f 1604 1561 1584
f 1561 1862 1552
f 1520 1584 1561
f 1584 1520 1582
f 1582 1520 1539
f 1490 1539 1520
f 1539 1490 1537
f 1537 1490 1535
f 1535 1490 1514
f 1458 1514 1490
f 1514 1458 1488
f 1422 1488 1458
f 1488 1422 1486
f 1486 1422 1472
f 1284 1472 1422
f 1472 1284 1470
f 1470 1284 1468
f 1468 1284 1444
f 1239 1444 1284
f 1444 1239 1413
f 1194 1413 1239
f 1413 1194 1411
f 1411 1194 1408
f 1408 1194 1294
f 1120 1294 1194
f 1294 1120 1292
f 1292 1120 1260
f 1088 1260 1120
f 1260 1088 1258
f 1258 1088 1225
f 1048 1225 1088
f 1225 1048 1192
f 965 1192 1048
f 1192 965 1190
f 1190 965 1140
f 937 1140 965
f 1140 937 1138
f 1138 937 1116
f 910 1116 937
f 1116 910 1114
f 1114 910 1112
f 1112 910 1094
f 902 1094 910
f 1094 902 1078
f 892 1078 902
f 1078 892 1076
f 1076 892 1074
f 1074 892 1058
f 884 1058 892
f 1058 884 1056
f 1056 884 983
f 878 983 884
f 983 878 975
f 872 975 878
f 975 872 973
f 973 872 971
f 971 872 961
f 862 961 872
f 961 862 959
f 959 862 951
f 854 951 862
f 951 854 947
f 848 947 854
f 947 848 945
f 2355 2424 2420
f 2353 2420 2416
f 2424 2355 2356
f 2347 2416 2412
f 2357 2424 2356
f 2343 2412 2406
f 2424 2357 2422
f 2327 2406 2400
f 2354 2422 2357
f 2323 2400 2394
f 2422 2354 2418
f 2315 2394 2388
f 2352 2418 2354
f 2301 2388 2382
f 2350 2418 2352
f 2295 2382 2376
f 2348 2418 2350
f 2256 2376 2370
f 2418 2348 2414
f 2240 2370 2364
f 2344 2414 2346
f 2228 2364 2358
f 2414 2344 2408
f 2330 2408 2344
f 2346 2414 2348
f 2420 2353 2355
f 2416 2351 2353
f 2416 2349 2351
f 2416 2347 2349
f 2412 2345 2347
f 2412 2343 2345
f 2214 2358 2333
f 2406 2329 2343
f 2406 2327 2329
f 2400 2323 2327
f 2394 2317 2323
f 2394 2315 2317
f 2200 2333 2307
f 2388 2305 2315
f 2388 2303 2305
f 2388 2301 2303
f 2382 2295 2301
f 2152 2307 2260
f 2376 2258 2295
f 2376 2256 2258
f 2370 2244 2256
f 2370 2242 2244
f 2370 2240 2242
f 2123 2260 2230
f 2364 2228 2240
f 2358 2218 2228
f 2358 2216 2218
f 2358 2214 2216
f 2090 2230 2208
f 2333 2202 2214
f 2333 2200 2202
f 2307 2154 2200
f 2307 2152 2154
f 2064 2208 2146
f 2260 2123 2152
f 2040 2146 2105
f 2230 2092 2123
f 2230 2090 2092
f 2017 2105 2068
f 2208 2066 2090
f 2208 2064 2066
f 2146 2045 2064
f 2146 2042 2045
f 2146 2040 2042
f 1991 2068 2031
f 2105 2017 2040
f 1938 2031 2001
f 2068 1995 2017
f 2068 1993 1995
f 2068 1991 1993
f 2031 1940 1991
f 2031 1938 1940
f 1916 2001 1932
f 2001 1916 1938
f 1891 1932 1906
f 1932 1895 1916
f 1932 1893 1895
f 1932 1891 1893
f 1851 1906 1872
f 1906 1851 1891
f 2328 2408 2330
f 2408 2328 2402
f 2324 2402 2328
f 2402 2324 2396
f 2318 2396 2324
f 2316 2396 2318
f 2396 2316 2390
f 2306 2390 2316
f 2304 2390 2306
f 2302 2390 2304
f 2390 2302 2384
f 2296 2384 2302
f 2384 2296 2378
f 2259 2378 2296
f 2257 2378 2259
f 2378 2257 2372
f 2245 2372 2257
f 2243 2372 2245
f 2241 2372 2243
f 2372 2241 2366
f 2229 2366 2241
f 2366 2229 2360
f 2219 2360 2229
f 2217 2360 2219
f 2215 2360 2217
f 2360 2215 2335
f 2203 2335 2215
f 2201 2335 2203
f 2335 2201 2309
f 2155 2309 2201
f 2153 2309 2155
f 2309 2153 2262
f 2124 2262 2153
f 2262 2124 2232
f 2093 2232 2124
f 2091 2232 2093
f 2232 2091 2210
f 2067 2210 2091
f 2065 2210 2067
f 2210 2065 2148
f 2046 2148 2065
f 2043 2148 2046
f 2041 2148 2043
f 2148 2041 2107
f 2018 2107 2041
f 2107 2018 2070
f 1996 2070 2018
f 1994 2070 1996
f 1992 2070 1994
f 2070 1992 2033
f 1941 2033 1992
f 1939 2033 1941
f 2033 1939 2003
f 1917 2003 1939
f 2003 1917 1934
f 1896 1934 1917
f 1894 1934 1896
f 1892 1934 1894
f 1934 1892 1908
f 1852 1908 1892
f 1850 1908 1852
f 1908 1850 1858
f 1832 1858 1850
f 1858 1832 1833
f 1818 1833 1832
f 1816 1833 1818
f 1762 1833 1816
f 1833 1762 1803
f 1803 1762 1763
f 1647 1634 1648
f 1600 1647 1623
f 1600 1623 1621
f 1600 1621 1605
f 1647 1600 1634
f 1573 1605 1585
f 1522 1585 1583
f 1605 1573 1600
f 1522 1583 1540
f 1492 1540 1538
f 1492 1538 1536
f 1585 1522 1573
f 1492 1536 1515
f 1540 1492 1522
f 1460 1515 1489
f 1424 1489 1487
f 1424 1487 1473
f 1286 1473 1471
f 1286 1471 1469
f 1515 1460 1492
f 1286 1469 1445
f 1489 1424 1460
f 1241 1445 1414
f 1196 1414 1412
f 1196 1412 1409
f 1196 1409 1295
f 1122 1295 1293
f 1473 1286 1424
f 1122 1293 1261
f 1090 1261 1259
f 1445 1241 1286
f 1090 1259 1226
f 1414 1196 1241
f 1050 1226 1193
f 967 1193 1191
f 967 1191 1141
f 939 1141 1139
f 1295 1122 1196
f 939 1139 1117
f 912 1117 1115
f 912 1115 1113
f 912 1113 1095
f 1261 1090 1122
f 904 1095 1079
f 894 1079 1077
f 894 1077 1075
f 894 1075 1059
f 886 1059 1057
f 1226 1050 1090
f 886 1057 984
f 880 984 976
f 874 976 974
f 874 974 972
f 1193 967 1050
f 874 972 962
f 864 962 960
f 864 960 952
f 856 952 948
f 850 948 946
f 1141 939 967
f 850 946 932
f 844 932 930
f 844 930 926
f 840 926 924
f 840 924 922
f 840 922 920
f 836 920 918
f 832 918 916
f 945 848 931
f 1117 912 939
f 842 931 848
f 1095 904 912
f 931 842 929
f 1079 894 904
f 929 842 925
f 1059 886 894
f 838 925 842
f 984 880 886
f 925 838 923
f 976 874 880
f 923 838 921
f 962 864 874
f 921 838 919
f 952 856 864
f 834 919 838
f 948 850 856
f 919 834 917
f 932 844 850
f 832 917 834
f 926 840 844
f 917 832 916
f 920 836 840
f 918 832 836
f 1932 2002 1933
f 2002 1932 2001
f 2312 2264 2265
f 2264 2312 2311
f 2310 2262 2263
f 2262 2310 2309
f 2212 2151 2213
f 2151 2212 2150
f 2210 2149 2211
f 2149 2210 2148
f 2150 2110 2151
f 2110 2150 2109
f 2148 2108 2149
f 2108 2148 2107
f 2423 2418 2419
f 2418 2423 2422
f 2411 2404 2405
f 2404 2411 2410
f 2409 2402 2403
f 2402 2409 2408
f 1833 1804 1834
f 1804 1833 1803
f 1835 1806 1836
f 1806 1835 1805
f 1908 1859 1909
f 1859 1908 1858
f 1910 1861 1911
f 1861 1910 1860
f 2308 2333 2334
f 2333 2308 2307
f 2365 2370 2371
f 2370 2365 2364
f 2373 2366 2367
f 2366 2373 2372
f 2375 2368 2369
f 2368 2375 2374
f 2381 2374 2375
f 2374 2381 2380
f 2379 2372 2373
f 2372 2379 2378
f 2338 2311 2312
f 2311 2338 2337
f 2336 2309 2310
f 2309 2336 2335
f 2369 2362 2363
f 2362 2369 2368
f 2367 2360 2361
f 2360 2367 2366
f 2397 2390 2391
f 2390 2397 2396
f 2399 2392 2393
f 2392 2399 2398
f 2419 2414 2415
f 2414 2419 2418
f 1600 1574 1601
f 1574 1600 1573
f 1602 1576 1603
f 1576 1602 1575
f 2035 2006 2036
f 2006 2035 2005
f 2033 2004 2034
f 2004 2033 2003
f 2070 2034 2071
f 2034 2070 2033
f 2072 2036 2073
f 2036 2072 2035
f 2109 2073 2110
f 2073 2109 2072
f 2107 2071 2108
f 2071 2107 2070
f 2383 2388 2389
f 2388 2383 2382
f 2371 2376 2377
f 2376 2371 2370
f 2359 2364 2365
f 2364 2359 2358
f 2334 2358 2359
f 2358 2334 2333
f 2395 2400 2401
f 2400 2395 2394
f 2401 2406 2407
f 2406 2401 2400
f 2105 2147 2106
f 2147 2105 2146
f 2068 2106 2069
f 2106 2068 2105
f 2031 2069 2032
f 2069 2031 2068
f 2001 2032 2002
f 2032 2001 2031
f 1906 1933 1907
f 1933 1906 1932
f 1872 1907 1873
f 1907 1872 1906
f 2363 2337 2338
f 2337 2363 2362
f 2361 2335 2336
f 2335 2361 2360
f 2405 2398 2399
f 2398 2405 2404
f 2403 2396 2397
f 2396 2403 2402
f 2407 2412 2413
f 2412 2407 2406
f 2417 2420 2421
f 2420 2417 2416
f 2413 2416 2417
f 2416 2413 2412
f 2421 2424 2425
f 2424 2421 2420
f 2230 2261 2231
f 2261 2230 2260
f 2208 2231 2209
f 2231 2208 2230
f 2146 2209 2147
f 2209 2146 2208
f 2261 2307 2308
f 2307 2261 2260
f 2377 2382 2383
f 2382 2377 2376
f 2222 2207 2223
f 2207 2222 2206
f 2221 2204 2205
f 2204 2221 2220
f 2255 2404 2410
f 2255 2398 2404
f 2255 2392 2398
f 2255 2386 2392
f 2255 2380 2386
f 2255 2374 2380
f 2255 2368 2374
f 2255 2362 2368
f 2255 2337 2362
f 2255 2311 2337
f 2255 2264 2311
f 1860 2255 2249
f 1860 2249 2239
f 2255 2234 2264
f 1835 2239 2227
f 1835 2227 2223
f 2255 2212 2234
f 1835 2223 2207
f 1835 2207 2183
f 2255 2150 2212
f 1805 2183 2140
f 1805 2140 2121
f 2255 2109 2150
f 1805 2121 2097
f 1805 2097 2076
f 2255 2072 2109
f 1765 2076 2054
f 2255 2035 2072
f 1765 2054 2025
f 1765 2025 2010
f 2255 2005 2035
f 1765 2010 1984
f 2255 1936 2005
f 1765 1984 1927
f 1765 1927 1913
f 2255 1910 1936
f 1765 1913 1888
f 2255 1860 1910
f 1765 1888 1847
f 2239 1835 1860
f 1765 1847 1829
f 1765 1829 1813
f 2183 1805 1835
f 1765 1813 1799
f 2076 1765 1805
f 1628 1650 1684
f 1610 1650 1628
f 1588 1650 1610
f 1546 1650 1588
f 1519 1650 1546
f 1503 1650 1519
f 1481 1650 1503
f 1453 1650 1481
f 1436 1650 1453
f 1397 1650 1436
f 1280 1650 1397
f 1650 1280 1636
f 1255 1636 1280
f 1229 1636 1255
f 1208 1636 1229
f 1161 1636 1208
f 1636 1161 1602
f 1133 1602 1161
f 1107 1602 1133
f 1101 1602 1107
f 1085 1602 1101
f 1602 1085 1575
f 1073 1575 1085
f 1065 1575 1073
f 1575 1065 1524
f 1524 1065 1494
f 1243 1065 1198
f 1494 1065 1462
f 1462 1065 1426
f 1198 1065 1124
f 1288 1065 1243
f 1426 1065 1288
f 1124 1065 1092
f 1065 1052 1092
f 1065 969 1052
f 1065 941 969
f 1065 914 941
f 1065 906 914
f 1065 896 906
f 1065 888 896
f 1065 882 888
f 1065 876 882
f 1065 866 876
f 1065 858 866
f 858 1065 852
f 1103 1107 1106
f 1100 1107 1103
f 1107 1100 1101
f 1104 1102 1105
f 1099 1104 1098
f 1104 1099 1102
f 2255 2292 2254
f 2292 2294 2291
f 2292 2298 2294
f 2320 2292 2255
f 2292 2300 2298
f 2292 2314 2300
f 2292 2320 2314
f 2255 2322 2320
f 2410 2322 2255
f 2322 2410 2326
f 2342 2410 2341
f 2340 2410 2342
f 2332 2410 2340
f 2326 2410 2332
f 2290 2293 2289
f 2289 2252 2253
f 2297 2289 2293
f 2299 2289 2297
f 2313 2289 2299
f 2319 2289 2313
f 2289 2319 2252
f 2321 2252 2319
f 2409 2321 2325
f 2409 2325 2331
f 2409 2341 2410
f 2341 2409 2339
f 2339 2409 2331
f 2321 2409 2252
f 1828 1813 1829
f 1813 1828 1812
f 1228 1255 1254
f 1255 1228 1229
f 1683 1628 1684
f 1628 1683 1627
f 1062 1060 1063
f 1062 1044 1060
f 1062 1040 1044
f 1040 985 1041
f 1040 981 985
f 953 1040 1062
f 1040 979 981
f 1040 963 979
f 1040 957 963
f 1040 953 957
f 851 953 1062
f 953 851 949
f 933 851 934
f 935 851 933
f 943 851 935
f 949 851 943
f 1042 986 1043
f 1061 1065 1064
f 1045 1065 1061
f 1043 1065 1045
f 982 1043 986
f 980 1043 982
f 964 1043 980
f 958 1043 964
f 954 1043 958
f 1043 954 1065
f 852 954 950
f 852 950 944
f 852 934 851
f 934 852 936
f 936 852 944
f 954 852 1065
f 1279 1649 1635
f 1649 1627 1683
f 1649 1609 1627
f 1160 1635 1601
f 1649 1587 1609
f 1082 1601 1574
f 1649 1545 1587
f 1062 1574 1523
f 1649 1518 1545
f 1649 1502 1518
f 1062 1523 1493
f 1649 1480 1502
f 1062 1493 1461
f 1649 1452 1480
f 1649 1435 1452
f 1062 1461 1425
f 1649 1396 1435
f 1062 1425 1287
f 1649 1279 1396
f 1635 1254 1279
f 1062 1287 1242
f 1635 1228 1254
f 1635 1207 1228
f 1062 1242 1197
f 1635 1160 1207
f 1601 1130 1160
f 1062 1197 1123
f 1574 1062 1070
f 1601 1104 1130
f 1062 1123 1091
f 1601 1098 1104
f 1601 1082 1098
f 1574 1070 1082
f 1051 1062 1091
f 968 1062 1051
f 940 1062 968
f 913 1062 940
f 905 1062 913
f 895 1062 905
f 887 1062 895
f 881 1062 887
f 875 1062 881
f 865 1062 875
f 857 1062 865
f 1062 857 851
f 2403 2252 2409
f 2397 2252 2403
f 2391 2252 2397
f 2385 2252 2391
f 2379 2252 2385
f 2373 2252 2379
f 2367 2252 2373
f 2361 2252 2367
f 2336 2252 2361
f 2310 2252 2336
f 2263 2252 2310
f 2233 2252 2263
f 2211 2252 2233
f 2149 2252 2211
f 2108 2252 2149
f 2071 2252 2108
f 2034 2252 2071
f 2004 2252 2034
f 1935 2252 2004
f 1909 2252 1935
f 1859 2252 1909
f 2252 1859 2246
f 2246 1859 2236
f 1834 2236 1859
f 2236 1834 2224
f 2224 1834 2220
f 2220 1834 2204
f 2204 1834 2182
f 1804 2182 1834
f 2182 1804 2139
f 2139 1804 2120
f 2120 1804 2096
f 2096 1804 2075
f 1764 2075 1804
f 2075 1764 2053
f 2053 1764 2024
f 2024 1764 2009
f 2009 1764 1983
f 1983 1764 1926
f 1926 1764 1912
f 1912 1764 1887
f 1887 1764 1846
f 1846 1764 1828
f 1828 1764 1812
f 1812 1764 1798
f 1119 1133 1132
f 1111 1133 1119
f 1106 1133 1111
f 1133 1106 1107
f 1130 1118 1131
f 1130 1110 1118
f 1105 1130 1104
f 1130 1105 1110
f 1480 1453 1481
f 1453 1480 1452
f 1396 1280 1397
f 1280 1396 1279
f 1518 1503 1519
f 1503 1518 1502
f 1545 1519 1546
f 1519 1545 1518
f 2250 2246 2247
f 2252 2250 2253
f 2250 2252 2246
f 2249 2251 2248
f 2255 2251 2249
f 2251 2255 2254
f 2053 2025 2054
f 2025 2053 2024
f 2097 2075 2076
f 2075 2097 2096
f 2075 2054 2076
f 2054 2075 2053
f 1983 1927 1984
f 1927 1983 1926
f 1912 1888 1913
f 1888 1912 1887
f 1160 1144 1161
f 1160 1142 1144
f 1160 1136 1142
f 1160 1134 1136
f 1131 1160 1130
f 1160 1131 1134
f 1143 1161 1144
f 1137 1161 1143
f 1135 1161 1137
f 1132 1161 1135
f 1161 1132 1133
f 1435 1397 1436
f 1397 1435 1396
f 1254 1280 1279
f 1280 1254 1255
f 1502 1481 1503
f 1481 1502 1480
f 1627 1610 1628
f 1610 1627 1609
f 1097 1101 1100
f 1087 1101 1097
f 1084 1101 1087
f 1101 1084 1085
f 1098 1096 1099
f 1098 1086 1096
f 1083 1098 1082
f 1098 1083 1086
f 1067 1073 1072
f 1064 1073 1067
f 1073 1064 1065
f 1070 1066 1071
f 1063 1070 1062
f 1070 1063 1066
f 1082 1080 1083
f 1071 1082 1070
f 1082 1071 1080
f 1081 1085 1084
f 1072 1085 1081
f 1085 1072 1073
f 2226 2223 2227
f 2223 2226 2222
f 2225 2220 2221
f 2220 2225 2224
f 2183 2185 2182
f 2206 2183 2207
f 2183 2206 2185
f 2205 2182 2185
f 2182 2205 2204
f 2121 2096 2097
f 2096 2121 2120
f 1926 1913 1927
f 1913 1926 1912
f 1846 1829 1847
f 1829 1846 1828
f 1887 1847 1888
f 1847 1887 1846
f 1812 1799 1813
f 1799 1812 1798
f 1452 1436 1453
f 1436 1452 1435
f 1587 1546 1588
f 1546 1587 1545
f 1609 1588 1610
f 1588 1609 1587
f 2238 2227 2239
f 2227 2238 2226
f 2237 2224 2225
f 2224 2237 2236
f 2247 2236 2237
f 2236 2247 2246
f 2248 2239 2249
f 2239 2248 2238
f 2024 2010 2025
f 2010 2024 2009
f 2009 1984 2010
f 1984 2009 1983
f 2140 2120 2121
f 2120 2140 2139
f 2183 2139 2140
f 2139 2183 2182
f 1160 1208 1207
f 1208 1160 1161
f 1207 1229 1228
f 1229 1207 1208
f 1555 1562 1554
f 1562 1555 1558
f 1556 1562 1561
f 1562 1556 1557
f 1552 1556 1561
f 1556 1552 1553
f 1569 1568 1570
f 1569 1567 1568
f 1569 1566 1567
f 1564 1566 1569
f 1566 1564 1565
f 1562 1565 1564
f 1565 1562 1563
f 1563 1562 1560
f 1554 1562 1557
f 1562 1558 1560
f 1560 1558 1559
f 1570 1879 1881
f 1879 1570 1568
f 1866 1868 1869
f 1865 1868 1866
f 1868 1865 1864
f 1879 1880 1881
f 1878 1880 1879
f 1877 1880 1878
f 1875 1877 1876
f 1877 1875 1880
f 1868 1876 1874
f 1876 1867 1875
f 1869 1874 1871
f 1875 1867 1873
f 1869 1871 1870
f 1874 1869 1868
f 1876 1868 1867
f 1863 1873 1867
f 1873 1863 1862
f 1873 1862 1872
f 1880 1570 1881
f 1570 1880 1569
f 1554 1863 1555
f 1598 1863 1554
f 1626 1863 1598
f 1690 1863 1626
f 1699 1863 1690
f 1708 1863 1699
f 1715 1863 1708
f 1718 1863 1715
f 1862 1718 1712
f 1862 1712 1704
f 1862 1553 1552
f 1553 1862 1572
f 1572 1862 1608
f 1608 1862 1639
f 1639 1862 1693
f 1693 1862 1704
f 1718 1862 1863
f 1563 1871 1874
f 1871 1563 1560
f 1560 1870 1871
f 1870 1560 1559
f 1565 1874 1876
f 1874 1565 1563
f 1566 1876 1877
f 1876 1566 1565
f 1567 1877 1878
f 1877 1567 1566
f 1568 1878 1879
f 1878 1568 1567
f 2560 2602 2558
f 2560 2558 2526
f 2526 2558 2524
f 2526 2524 2500
f 2500 2524 2498
f 2471 2498 2467
f 2461 2467 2459
f 2453 2459 2451
f 2445 2451 2443
f 2437 2443 2435
f 2431 2435 2427
f 2429 2433 2427
f 2439 2441 2429
f 2447 2449 2439
f 2455 2457 2447
f 2463 2465 2455
f 2479 2481 2463
f 2512 2514 2479
f 2543 2545 2512
f 2568 2570 2543
f 2570 2615 2613
f 2615 2570 2568
f 2654 2652 2615
f 2698 2696 2654
f 2766 2764 2698
f 2794 2792 2766
f 2830 2822 2794
f 2838 2836 2830
f 2864 2855 2838
f 2876 2872 2864
f 2876 2880 2874
f 2880 2870 2868
f 2870 2851 2842
f 2851 2834 2832
f 2834 2816 2814
f 2816 2788 2784
f 2788 2735 2733
f 2735 2676 2670
f 2676 2635 2633
f 2604 2635 2602
f 2604 2602 2560
f 2500 2498 2471
f 2471 2467 2461
f 2461 2459 2453
f 2453 2451 2445
f 2445 2443 2437
f 2437 2435 2431
f 2433 2431 2427
f 2441 2433 2429
f 2449 2441 2439
f 2457 2449 2447
f 2465 2457 2455
f 2481 2465 2463
f 2514 2481 2479
f 2545 2514 2512
f 2570 2545 2543
f 2615 2652 2613
f 2654 2696 2652
f 2698 2764 2696
f 2766 2792 2764
f 2794 2822 2792
f 2830 2836 2822
f 2838 2855 2836
f 2864 2872 2855
f 2876 2874 2872
f 2874 2880 2868
f 2868 2870 2842
f 2842 2851 2832
f 2832 2834 2814
f 2814 2816 2784
f 2784 2788 2733
f 2733 2735 2670
f 2670 2676 2633
f 2633 2635 2604
f 2611 2613 2652
f 2613 2611 2570
f 2639 2652 2696
f 2572 2570 2611
f 2668 2696 2764
f 2570 2572 2545
f 2702 2764 2792
f 2549 2545 2572
f 2545 2549 2514
f 2652 2639 2611
f 2702 2792 2822
f 2696 2668 2639
f 2764 2702 2668
f 2757 2822 2836
f 2822 2757 2702
f 2778 2836 2855
f 2836 2778 2757
f 2782 2855 2872
f 2855 2782 2778
f 2872 2786 2782
f 2874 2786 2872
f 2868 2786 2874
f 2786 2868 2780
f 2842 2780 2868
f 2780 2842 2762
f 2832 2762 2842
f 2762 2832 2725
f 2814 2725 2832
f 2784 2725 2814
f 2725 2784 2688
f 2688 2733 2658
f 2733 2688 2784
f 2528 2514 2549
f 2514 2528 2481
f 2510 2481 2528
f 2481 2510 2465
f 2465 2510 2457
f 2489 2457 2510
f 2457 2489 2449
f 2477 2449 2489
f 2449 2477 2441
f 2473 2441 2477
f 2441 2473 2433
f 2469 2433 2473
f 2469 2431 2433
f 2437 2469 2475
f 2469 2437 2431
f 2445 2475 2483
f 2475 2445 2437
f 2453 2483 2502
f 2471 2502 2520
f 2483 2453 2445
f 2500 2520 2536
f 2526 2536 2564
f 2502 2461 2453
f 2560 2564 2605
f 2670 2658 2733
f 2658 2670 2629
f 2502 2471 2461
f 2633 2629 2670
f 2520 2500 2471
f 2629 2633 2605
f 2536 2526 2500
f 2604 2605 2633
f 2564 2560 2526
f 2605 2604 2560
f 2565 2605 2564
f 2565 2564 2546
f 2546 2564 2536
f 2546 2536 2529
f 2529 2536 2520
f 2515 2520 2502
f 2515 2502 2483
f 2503 2515 2483
f 2503 2483 2475
f 2490 2503 2475
f 2490 2475 2469
f 2473 2485 2469
f 2477 2491 2473
f 2489 2504 2477
f 2510 2516 2489
f 2528 2530 2510
f 2549 2547 2528
f 2572 2566 2549
f 2572 2611 2566
f 2611 2607 2566
f 2611 2639 2607
f 2639 2631 2607
f 2639 2660 2631
f 2668 2660 2639
f 2702 2686 2668
f 2702 2757 2686
f 2757 2710 2686
f 2757 2778 2710
f 2778 2741 2710
f 2778 2782 2741
f 2782 2786 2759
f 2786 2780 2758
f 2780 2762 2740
f 2762 2725 2709
f 2725 2688 2685
f 2659 2688 2658
f 2630 2658 2629
f 2606 2629 2605
f 2606 2605 2565
f 2529 2520 2515
f 2485 2490 2469
f 2491 2485 2473
f 2504 2491 2477
f 2516 2504 2489
f 2530 2516 2510
f 2547 2530 2528
f 2549 2566 2547
f 2668 2686 2660
f 2782 2759 2741
f 2759 2786 2758
f 2758 2780 2740
f 2740 2762 2709
f 2709 2725 2685
f 2685 2688 2659
f 2659 2658 2630
f 2630 2629 2606
f 2492 2495 2490
f 2495 2503 2490
f 2505 2503 2495
f 2505 2515 2503
f 2517 2515 2505
f 2531 2529 2517
f 2555 2546 2531
f 2573 2565 2555
f 2608 2606 2573
f 2636 2630 2608
f 2663 2659 2636
f 2689 2685 2663
f 2717 2709 2689
f 2736 2740 2717
f 2751 2758 2736
f 2759 2751 2737
f 2741 2737 2718
f 2710 2718 2690
f 2686 2690 2664
f 2660 2664 2637
f 2631 2637 2609
f 2607 2609 2574
f 2566 2574 2556
f 2547 2556 2532
f 2530 2532 2518
f 2516 2518 2506
f 2504 2506 2496
f 2496 2492 2491
f 2492 2490 2485
f 2491 2492 2485
f 2517 2529 2515
f 2531 2546 2529
f 2555 2565 2546
f 2573 2606 2565
f 2608 2630 2606
f 2636 2659 2630
f 2663 2685 2659
f 2689 2709 2685
f 2717 2740 2709
f 2758 2740 2736
f 2759 2758 2751
f 2741 2759 2737
f 2741 2718 2710
f 2710 2690 2686
f 2686 2664 2660
f 2660 2637 2631
f 2631 2609 2607
f 2607 2574 2566
f 2566 2556 2547
f 2547 2532 2530
f 2530 2518 2516
f 2516 2506 2504
f 2504 2496 2491
f 2492 2496 2487
f 2496 2494 2487
f 2496 2506 2494
f 2506 2508 2494
f 2518 2508 2506
f 2532 2522 2518
f 2556 2534 2532
f 2574 2562 2556
f 2609 2576 2574
f 2637 2617 2609
f 2664 2641 2637
f 2690 2666 2664
f 2718 2694 2690
f 2737 2720 2718
f 2751 2755 2737
f 2754 2760 2751
f 2760 2755 2751
f 2518 2522 2508
f 2532 2534 2522
f 2556 2562 2534
f 2574 2576 2562
f 2609 2617 2576
f 2637 2641 2617
f 2664 2666 2641
f 2690 2694 2666
f 2718 2720 2694
f 2737 2755 2720
f 2754 2751 2736
f 2754 2736 2719
f 2719 2736 2717
f 2693 2717 2689
f 2665 2689 2663
f 2640 2663 2636
f 2616 2636 2608
f 2575 2608 2573
f 2561 2573 2555
f 2533 2555 2531
f 2521 2531 2517
f 2507 2517 2505
f 2505 2495 2493
f 2495 2492 2486
f 2492 2487 2486
f 2719 2717 2693
f 2693 2689 2665
f 2665 2663 2640
f 2640 2636 2616
f 2616 2608 2575
f 2575 2573 2561
f 2561 2555 2533
f 2533 2531 2521
f 2521 2517 2507
f 2507 2505 2493
f 2493 2495 2486
f 2576 2578 2563
f 2576 2563 2562
f 2562 2563 2535
f 2562 2535 2534
f 2534 2535 2519
f 2522 2519 2501
f 2508 2501 2482
f 2494 2482 2474
f 2487 2474 2468
f 2472 2486 2468
f 2476 2493 2472
f 2488 2507 2476
f 2509 2521 2488
f 2527 2521 2509
f 2527 2533 2521
f 2548 2533 2527
f 2548 2561 2533
f 2571 2561 2548
f 2610 2575 2571
f 2638 2616 2610
f 2667 2640 2638
f 2667 2701 2665
f 2701 2756 2693
f 2756 2777 2719
f 2777 2781 2754
f 2781 2785 2760
f 2785 2779 2755
f 2779 2761 2720
f 2761 2724 2694
f 2694 2724 2687
f 2694 2687 2666
f 2666 2687 2657
f 2666 2657 2641
f 2641 2657 2628
f 2617 2628 2578
f 2617 2578 2576
f 2522 2534 2519
f 2508 2522 2501
f 2494 2508 2482
f 2487 2494 2474
f 2486 2487 2468
f 2493 2486 2472
f 2507 2493 2476
f 2521 2507 2488
f 2571 2575 2561
f 2610 2616 2575
f 2638 2640 2616
f 2667 2665 2640
f 2701 2693 2665
f 2756 2719 2693
f 2777 2754 2719
f 2781 2760 2754
f 2760 2785 2755
f 2755 2779 2720
f 2720 2761 2694
f 2641 2628 2617
f 2563 2569 2544
f 2569 2578 2612
f 2535 2544 2513
f 2628 2612 2578
f 2535 2513 2480
f 2612 2628 2651
f 2519 2480 2464
f 2657 2651 2628
f 2651 2657 2695
f 2569 2563 2578
f 2501 2464 2456
f 2544 2535 2563
f 2480 2519 2535
f 2482 2456 2448
f 2464 2501 2519
f 2456 2482 2501
f 2440 2482 2448
f 2440 2474 2482
f 2432 2474 2440
f 2432 2468 2474
f 2430 2468 2432
f 2430 2472 2468
f 2436 2472 2430
f 2436 2476 2472
f 2444 2476 2436
f 2452 2476 2444
f 2476 2452 2488
f 2460 2488 2452
f 2488 2460 2509
f 2470 2509 2460
f 2509 2470 2527
f 2527 2499 2548
f 2499 2527 2470
f 2695 2657 2763
f 2687 2763 2657
f 2763 2687 2791
f 2724 2791 2687
f 2791 2724 2821
f 2761 2821 2724
f 2821 2761 2835
f 2761 2854 2835
f 2779 2854 2761
f 2779 2871 2854
f 2785 2871 2779
f 2785 2873 2871
f 2781 2873 2785
f 2781 2867 2873
f 2777 2867 2781
f 2831 2777 2756
f 2777 2841 2867
f 2813 2756 2701
f 2777 2831 2841
f 2783 2701 2667
f 2732 2667 2638
f 2632 2638 2610
f 2756 2813 2831
f 2525 2548 2499
f 2559 2548 2525
f 2701 2783 2813
f 2548 2559 2571
f 2667 2732 2783
f 2577 2571 2559
f 2638 2669 2732
f 2571 2577 2610
f 2638 2632 2669
f 2610 2577 2632
f 2580 2634 2577
f 2634 2632 2577
f 2634 2675 2632
f 2675 2669 2632
f 2675 2734 2669
f 2734 2787 2732
f 2787 2815 2783
f 2815 2833 2813
f 2833 2850 2831
f 2850 2869 2841
f 2869 2879 2867
f 2879 2875 2873
f 2871 2875 2863
f 2854 2863 2837
f 2835 2837 2829
f 2821 2829 2793
f 2791 2793 2765
f 2763 2765 2697
f 2695 2697 2653
f 2651 2653 2614
f 2614 2569 2612
f 2569 2614 2567
f 2569 2567 2542
f 2544 2542 2511
f 2513 2511 2478
f 2480 2478 2462
f 2464 2462 2454
f 2456 2454 2446
f 2448 2446 2438
f 2440 2438 2428
f 2432 2428 2426
f 2434 2430 2426
f 2442 2436 2434
f 2450 2444 2442
f 2458 2452 2450
f 2466 2460 2458
f 2497 2470 2466
f 2523 2499 2497
f 2557 2525 2523
f 2580 2559 2557
f 2580 2577 2559
f 2734 2732 2669
f 2787 2783 2732
f 2815 2813 2783
f 2833 2831 2813
f 2850 2841 2831
f 2869 2867 2841
f 2879 2873 2867
f 2873 2875 2871
f 2871 2863 2854
f 2854 2837 2835
f 2835 2829 2821
f 2821 2793 2791
f 2791 2765 2763
f 2763 2697 2695
f 2695 2653 2651
f 2651 2614 2612
f 2544 2569 2542
f 2513 2544 2511
f 2480 2513 2478
f 2464 2480 2462
f 2456 2464 2454
f 2448 2456 2446
f 2440 2448 2438
f 2432 2440 2428
f 2430 2432 2426
f 2434 2436 2430
f 2442 2444 2436
f 2450 2452 2444
f 2458 2460 2452
f 2466 2470 2460
f 2497 2499 2470
f 2523 2525 2499
f 2557 2559 2525
f 611 655 609
f 611 609 566
f 566 609 564
f 566 564 537
f 537 564 535
f 495 535 491
f 472 491 466
f 460 466 458
f 451 458 447
f 431 447 427
f 423 427 419
f 421 425 419
f 437 445 421
f 454 456 437
f 462 464 454
f 485 487 462
f 505 507 485
f 552 554 505
f 590 592 552
f 619 621 590
f 621 670 668
f 670 621 619
f 694 692 670
f 730 728 694
f 766 764 730
f 784 782 766
f 795 793 784
f 805 803 795
f 813 811 805
f 823 819 813
f 823 825 821
f 825 817 815
f 817 809 807
f 809 801 799
f 801 791 789
f 791 780 774
f 780 746 744
f 746 708 706
f 708 680 678
f 657 680 655
f 657 655 611
f 537 535 495
f 495 491 472
f 472 466 460
f 460 458 451
f 451 447 431
f 431 427 423
f 425 423 419
f 445 425 421
f 456 445 437
f 464 456 454
f 487 464 462
f 507 487 485
f 554 507 505
f 592 554 552
f 621 592 590
f 670 692 668
f 694 728 692
f 730 764 728
f 766 782 764
f 784 793 782
f 795 803 793
f 805 811 803
f 813 819 811
f 823 821 819
f 821 825 815
f 815 817 807
f 807 809 799
f 799 801 789
f 789 791 774
f 774 780 744
f 744 746 706
f 706 708 678
f 678 680 657
f 664 668 692
f 668 664 621
f 686 692 728
f 623 621 664
f 704 728 764
f 621 623 592
f 734 764 782
f 601 592 623
f 592 601 554
f 692 686 664
f 734 782 793
f 728 704 686
f 764 734 704
f 757 793 803
f 793 757 734
f 768 803 811
f 803 768 757
f 772 811 819
f 811 772 768
f 819 776 772
f 821 776 819
f 815 776 821
f 776 815 770
f 807 770 815
f 770 807 762
f 799 762 807
f 762 799 742
f 789 742 799
f 774 742 789
f 742 774 722
f 722 744 696
f 744 722 774
f 568 554 601
f 554 568 507
f 550 507 568
f 507 550 487
f 487 550 464
f 514 464 550
f 464 514 456
f 503 456 514
f 456 503 445
f 499 445 503
f 445 499 425
f 493 425 499
f 493 423 425
f 431 493 501
f 493 431 423
f 451 501 509
f 501 451 431
f 460 509 539
f 495 539 560
f 509 460 451
f 537 560 588
f 566 588 615
f 539 472 460
f 611 615 658
f 706 696 744
f 696 706 674
f 539 495 472
f 678 674 706
f 560 537 495
f 674 678 658
f 588 566 537
f 657 658 678
f 615 611 566
f 658 657 611
f 616 658 615
f 616 615 598
f 598 615 588
f 598 588 569
f 569 588 560
f 555 560 539
f 555 539 509
f 542 555 509
f 542 509 501
f 517 542 501
f 517 501 493
f 499 510 493
f 503 518 499
f 514 543 503
f 550 556 514
f 568 570 550
f 601 599 568
f 623 617 601
f 623 664 617
f 664 660 617
f 664 686 660
f 686 676 660
f 686 698 676
f 704 698 686
f 734 720 704
f 734 757 720
f 757 736 720
f 757 768 736
f 768 750 736
f 768 772 750
f 772 776 759
f 776 770 758
f 770 762 749
f 762 742 735
f 742 722 719
f 697 722 696
f 675 696 674
f 659 674 658
f 659 658 616
f 569 560 555
f 510 517 493
f 518 510 499
f 543 518 503
f 556 543 514
f 570 556 550
f 599 570 568
f 601 617 599
f 704 720 698
f 772 759 750
f 759 776 758
f 758 770 749
f 749 762 735
f 735 742 719
f 719 722 697
f 697 696 675
f 675 674 659
f 523 530 517
f 530 542 517
f 545 542 530
f 545 555 542
f 557 555 545
f 573 569 557
f 606 598 573
f 624 616 606
f 661 659 624
f 683 675 661
f 699 697 683
f 723 719 699
f 737 735 723
f 747 749 737
f 753 758 747
f 759 753 748
f 750 748 738
f 736 738 724
f 720 724 700
f 698 700 684
f 676 684 662
f 660 662 625
f 617 625 607
f 599 607 574
f 570 574 558
f 556 558 546
f 543 546 531
f 531 523 518
f 523 517 510
f 518 523 510
f 557 569 555
f 573 598 569
f 606 616 598
f 624 659 616
f 661 675 659
f 683 697 675
f 699 719 697
f 723 735 719
f 737 749 735
f 758 749 747
f 759 758 753
f 750 759 748
f 750 738 736
f 736 724 720
f 720 700 698
f 698 684 676
f 676 662 660
f 660 625 617
f 617 607 599
f 599 574 570
f 570 558 556
f 556 546 543
f 543 531 518
f 523 531 512
f 531 529 512
f 531 546 529
f 546 548 529
f 558 548 546
f 574 562 558
f 607 586 574
f 625 613 607
f 662 637 625
f 684 672 662
f 700 688 684
f 724 702 700
f 738 726 724
f 748 740 738
f 753 755 748
f 754 760 753
f 760 755 753
f 558 562 548
f 574 586 562
f 607 613 586
f 625 637 613
f 662 672 637
f 684 688 672
f 700 702 688
f 724 726 702
f 738 740 726
f 748 755 740
f 754 753 747
f 754 747 739
f 739 747 737
f 725 737 723
f 701 723 699
f 687 699 683
f 671 683 661
f 636 661 624
f 612 624 606
f 585 606 573
f 561 573 557
f 547 557 545
f 545 530 528
f 530 523 511
f 523 512 511
f 739 737 725
f 725 723 701
f 701 699 687
f 687 683 671
f 671 661 636
f 636 624 612
f 612 606 585
f 585 573 561
f 561 557 547
f 547 545 528
f 528 530 511
f 637 638 614
f 637 614 613
f 613 614 587
f 613 587 586
f 586 587 559
f 562 559 538
f 548 538 508
f 529 508 500
f 512 500 492
f 498 511 492
f 502 528 498
f 513 547 502
f 549 561 513
f 567 561 549
f 567 585 561
f 600 585 567
f 600 612 585
f 622 612 600
f 663 636 622
f 685 671 663
f 703 687 685
f 703 733 701
f 733 756 725
f 756 767 739
f 767 771 754
f 771 775 760
f 775 769 755
f 769 761 740
f 761 741 726
f 726 741 721
f 726 721 702
f 702 721 695
f 702 695 688
f 688 695 673
f 672 673 638
f 672 638 637
f 562 586 559
f 548 562 538
f 529 548 508
f 512 529 500
f 511 512 492
f 528 511 498
f 547 528 502
f 561 547 513
f 622 636 612
f 663 671 636
f 685 687 671
f 703 701 687
f 733 725 701
f 756 739 725
f 767 754 739
f 771 760 754
f 760 775 755
f 755 769 740
f 740 761 726
f 688 673 672
f 638 639 610
f 614 610 565
f 639 638 677
f 587 565 536
f 673 677 638
f 559 536 494
f 677 673 705
f 538 494 471
f 695 705 673
f 705 695 743
f 610 614 638
f 565 587 614
f 538 471 459
f 536 559 587
f 494 538 559
f 508 459 450
f 459 508 538
f 500 450 430
f 450 500 508
f 492 430 422
f 430 492 500
f 424 492 422
f 492 424 498
f 444 498 424
f 498 444 502
f 455 502 444
f 502 455 513
f 463 513 455
f 513 463 549
f 486 549 463
f 506 549 486
f 549 506 567
f 567 553 600
f 553 567 506
f 721 743 695
f 743 721 773
f 741 773 721
f 773 741 788
f 788 741 798
f 761 798 741
f 798 761 806
f 769 806 761
f 806 769 814
f 775 814 769
f 814 775 820
f 818 775 771
f 775 818 820
f 810 771 767
f 771 810 818
f 802 767 756
f 767 802 810
f 792 756 733
f 763 733 703
f 756 792 802
f 727 703 685
f 691 685 663
f 591 600 553
f 733 781 792
f 600 591 622
f 733 763 781
f 620 622 591
f 703 727 763
f 622 620 663
f 685 691 727
f 667 663 620
f 663 667 691
f 610 640 608
f 610 608 565
f 565 608 563
f 565 563 536
f 536 563 534
f 494 534 490
f 471 490 465
f 459 465 457
f 450 457 446
f 430 446 426
f 422 426 418
f 420 424 418
f 436 444 420
f 453 455 436
f 461 463 453
f 484 486 461
f 504 506 484
f 551 553 504
f 589 591 551
f 618 620 589
f 620 669 667
f 669 620 618
f 693 691 669
f 729 727 693
f 765 763 729
f 783 781 765
f 794 792 783
f 804 802 794
f 812 810 804
f 822 818 812
f 822 824 820
f 824 816 814
f 816 808 806
f 808 800 798
f 800 790 788
f 790 779 773
f 779 745 743
f 745 707 705
f 707 679 677
f 679 640 639
f 639 640 610
f 536 534 494
f 494 490 471
f 471 465 459
f 459 457 450
f 450 446 430
f 430 426 422
f 424 422 418
f 444 424 420
f 455 444 436
f 463 455 453
f 486 463 461
f 506 486 484
f 553 506 504
f 591 553 551
f 620 591 589
f 669 691 667
f 693 727 691
f 729 763 727
f 765 781 763
f 783 792 781
f 794 802 792
f 804 810 802
f 812 818 810
f 822 820 818
f 820 824 814
f 814 816 806
f 806 808 798
f 798 800 788
f 788 790 773
f 773 779 743
f 743 745 705
f 705 707 677
f 677 679 639
f 2580 2579 2647
f 745 641 707
f 2581 2542 2567
f 779 641 745
f 2581 2511 2542
f 790 641 779
f 2581 2478 2511
f 641 790 2581
f 2581 2462 2478
f 2454 2581 790
f 2581 2454 2462
f 800 2454 790
f 800 2446 2454
f 808 2446 800
f 808 2438 2446
f 816 2438 808
f 1731 2438 816
f 1716 816 824
f 2438 1731 2428
f 1716 824 822
f 2428 1731 2426
f 1716 822 812
f 2426 1731 2434
f 1716 812 804
f 2434 1731 2442
f 1716 804 794
f 2442 1731 2450
f 1716 794 783
f 2450 1731 2458
f 846 783 765
f 2458 1731 2466
f 846 765 729
f 2579 2466 1731
f 846 729 693
f 2579 2497 2466
f 604 693 669
f 2579 2523 2497
f 640 641 595
f 679 641 640
f 608 595 540
f 707 641 679
f 563 540 481
f 2614 2581 2567
f 563 481 448
f 2581 2614 2648
f 534 448 391
f 2653 2648 2614
f 490 391 276
f 2648 2653 2729
f 465 276 194
f 2729 2653 2797
f 465 194 165
f 2697 2797 2653
f 2797 2697 2845
f 595 608 640
f 540 563 608
f 457 165 135
f 448 534 563
f 391 490 534
f 446 135 105
f 276 465 490
f 165 457 465
f 446 105 77
f 135 446 457
f 426 77 60
f 77 426 446
f 60 418 426
f 48 418 60
f 48 420 418
f 58 420 48
f 73 420 58
f 420 73 436
f 103 436 73
f 436 103 453
f 133 453 103
f 162 453 133
f 453 162 461
f 192 461 162
f 461 192 484
f 260 484 192
f 484 260 504
f 414 669 618
f 348 504 315
f 315 504 260
f 2765 2845 2697
f 2845 2765 2892
f 2892 2765 2922
f 2793 2922 2765
f 2922 2793 2952
f 2829 2952 2793
f 2952 2829 2982
f 2837 2982 2829
f 2982 2837 3010
f 3010 2837 3040
f 2863 3040 2837
f 3040 2863 3068
f 2875 3068 2863
f 3068 2875 3088
f 2875 3101 3088
f 2879 3101 2875
f 3087 2879 2869
f 2879 3087 3101
f 3067 2869 2850
f 2869 3067 3087
f 3009 2850 2833
f 2981 2833 2815
f 2850 3039 3067
f 2921 2815 2787
f 2891 2787 2734
f 2850 3009 3039
f 2844 2734 2675
f 2728 2675 2634
f 2647 2634 2580
f 2833 2981 3009
f 816 1726 1731
f 504 348 551
f 2579 2580 2557
f 384 551 348
f 2634 2647 2728
f 551 384 589
f 2815 2951 2981
f 400 589 384
f 2815 2921 2951
f 406 589 400
f 414 589 406
f 2787 2891 2921
f 589 414 618
f 2734 2844 2891
f 2675 2796 2844
f 2675 2728 2796
f 2579 2557 2523
f 816 1721 1726
f 669 414 604
f 816 1716 1721
f 783 846 1716
f 693 604 846
f 1716 846 2752
f 681 846 604
f 751 846 681
f 796 846 751
f 846 796 898
f 830 898 796
f 898 830 977
f 870 977 830
f 977 870 1126
f 900 1126 870
f 1126 900 1265
f 1265 900 1439
f 955 1439 900
f 1439 955 1499
f 1068 1499 955
f 1499 1068 1541
f 1128 1541 1068
f 1541 1128 1597
f 1214 1597 1128
f 1214 1625 1597
f 1263 1625 1214
f 1263 1689 1625
f 1299 1689 1263
f 1299 1698 1689
f 1406 1698 1299
f 1406 1707 1698
f 1420 1707 1406
f 1420 1714 1707
f 1428 1714 1420
f 1428 1717 1714
f 1417 1717 1428
f 1417 1711 1717
f 1399 1711 1417
f 1399 1703 1711
f 1281 1703 1399
f 1281 1692 1703
f 1250 1692 1281
f 1250 1638 1692
f 1607 1250 1202
f 1250 1607 1638
f 1571 1202 1108
f 1202 1571 1607
f 1509 1108 1046
f 1108 1509 1571
f 1454 1046 927
f 1046 1454 1509
f 1290 927 890
f 1175 890 860
f 927 1290 1454
f 1054 860 828
f 890 1175 1290
f 908 828 786
f 860 1054 1175
f 868 786 731
f 828 908 1054
f 826 731 665
f 786 868 908
f 777 665 571
f 731 826 868
f 689 571 488
f 602 488 413
f 665 777 826
f 571 689 777
f 488 602 689
f 413 496 602
f 496 413 412
f 1734 1733 1716
f 1733 1721 1716
f 1733 1726 1721
f 1733 1732 1726
f 1732 1731 1726
f 1734 2583 1733
f 2583 1734 2584
f 1733 2582 1732
f 2582 1733 2583
f 1732 2579 1731
f 2579 1732 2582
f 2589 2590 647
f 2484 2589 647
f 2587 2588 2553
f 2588 2554 2553
f 2588 2589 2554
f 2554 2589 2484
f 718 647 646
f 718 646 645
f 717 718 645
f 2581 2585 2550
f 2585 2586 2551
f 2586 2587 2552
f 2587 2553 2552
f 717 645 644
f 716 717 644
f 716 644 643
f 715 716 643
f 715 643 642
f 714 715 642
f 714 2551 715
f 2551 714 2550
f 714 642 641
f 2581 714 641
f 714 2581 2550
f 2585 2551 2550
f 2586 2552 2551
f 718 2484 647
f 2484 2553 2554
f 717 2484 718
f 2484 717 2553
f 717 2552 2553
f 2552 717 716
f 715 2552 716
f 2552 715 2551
f 646 647 626
f 628 626 577
f 579 577 521
f 524 521 475
f 477 475 442
f 448 442 391
f 448 477 442
f 481 477 448
f 481 526 477
f 526 581 524
f 581 630 579
f 630 645 628
f 645 646 628
f 628 646 626
f 575 593 532
f 575 532 515
f 515 532 479
f 515 479 467
f 469 467 432
f 434 432 368
f 376 368 243
f 257 243 190
f 194 190 165
f 194 257 190
f 276 257 194
f 276 380 257
f 380 438 376
f 438 473 434
f 473 519 469
f 519 575 515
f 519 515 469
f 469 515 467
f 467 479 440
f 467 440 428
f 432 428 363
f 368 363 233
f 243 233 188
f 190 188 160
f 165 160 135
f 165 190 160
f 428 440 370
f 428 370 357
f 363 357 222
f 233 222 186
f 188 186 158
f 160 158 128
f 131 128 98
f 101 98 71
f 77 105 71
f 105 101 71
f 105 135 101
f 135 131 101
f 101 131 98
f 357 370 226
f 357 226 216
f 222 216 184
f 186 184 156
f 158 156 124
f 128 124 94
f 98 94 67
f 71 67 50
f 60 77 50
f 77 71 50
f 216 226 182
f 216 182 180
f 184 180 152
f 156 152 122
f 124 122 90
f 94 90 62
f 67 62 35
f 50 35 33
f 48 60 33
f 60 50 33
f 180 182 150
f 180 150 148
f 152 148 118
f 122 118 88
f 90 88 56
f 62 56 29
f 35 29 27
f 42 33 27
f 58 48 42
f 42 48 33
f 148 150 116
f 118 148 116
f 118 116 88
f 88 116 86
f 52 86 46
f 20 46 14
f 5 14 3
f 10 12 3
f 39 37 10
f 81 75 39
f 111 107 81
f 143 137 111
f 174 167 143
f 206 197 174
f 206 208 197
f 208 199 197
f 208 212 199
f 212 201 199
f 201 171 169
f 171 141 139
f 141 113 109
f 113 84 79
f 84 54 44
f 54 25 18
f 25 16 7
f 29 22 16
f 29 56 22
f 56 52 22
f 56 88 52
f 88 86 52
f 52 46 20
f 22 20 7
f 16 22 7
f 20 14 5
f 18 7 5
f 18 25 7
f 12 5 3
f 44 18 12
f 44 54 18
f 37 12 10
f 79 44 37
f 79 84 44
f 39 75 37
f 109 79 75
f 109 113 79
f 81 107 75
f 139 109 107
f 139 141 109
f 111 137 107
f 169 139 137
f 169 171 139
f 143 167 137
f 199 169 167
f 199 201 169
f 174 197 167
f 197 199 167
f 212 218 201
f 218 204 201
f 204 176 171
f 176 146 141
f 146 120 113
f 120 92 84
f 92 64 54
f 64 31 25
f 31 27 16
f 27 29 16
f 218 230 204
f 230 210 204
f 210 178 176
f 178 154 146
f 154 126 120
f 126 96 92
f 96 69 64
f 69 42 31
f 31 42 27
f 230 246 210
f 246 260 210
f 210 260 192
f 210 192 178
f 178 192 162
f 178 162 154
f 154 162 133
f 126 133 103
f 96 103 73
f 69 73 58
f 69 58 42
f 154 133 126
f 126 103 96
f 96 73 69
f 135 160 131
f 131 160 128
f 391 380 276
f 391 442 380
f 442 475 438
f 475 521 473
f 521 577 519
f 577 626 575
f 626 647 593
f 626 593 575
f 540 526 481
f 540 583 526
f 583 632 581
f 632 644 630
f 644 645 630
f 595 583 540
f 595 634 583
f 634 643 632
f 643 644 632
f 641 634 595
f 641 642 634
f 642 643 634
f 630 628 579
f 579 628 577
f 632 630 581
f 634 632 583
f 577 575 519
f 581 579 524
f 524 579 521
f 583 581 526
f 521 519 473
f 526 524 477
f 477 524 475
f 473 469 434
f 434 469 432
f 432 467 428
f 475 473 438
f 363 428 357
f 438 434 376
f 376 434 368
f 368 432 363
f 442 438 380
f 222 357 216
f 233 363 222
f 380 376 257
f 257 376 243
f 243 368 233
f 184 216 180
f 186 222 184
f 188 233 186
f 190 243 188
f 152 180 148
f 156 184 152
f 158 186 156
f 160 188 158
f 122 152 118
f 124 156 122
f 128 158 124
f 90 122 88
f 94 124 90
f 62 90 56
f 98 128 94
f 67 94 62
f 71 98 67
f 22 52 20
f 35 62 29
f 50 67 35
f 7 20 5
f 33 35 27
f 12 18 5
f 25 31 16
f 37 44 12
f 54 64 25
f 64 69 31
f 75 79 37
f 84 92 54
f 92 96 64
f 107 109 75
f 113 120 84
f 120 126 92
f 137 139 107
f 141 146 113
f 146 154 120
f 167 169 137
f 171 176 141
f 176 178 146
f 201 204 171
f 204 210 176
f 285 251 206
f 285 269 251
f 285 283 269
f 285 291 283
f 320 291 285
f 320 319 291
f 346 323 319
f 346 352 323
f 352 325 323
f 352 361 325
f 361 328 325
f 328 301 297
f 301 292 289
f 292 282 275
f 282 268 262
f 268 259 250
f 259 249 239
f 249 237 225
f 237 242 218
f 242 253 230
f 253 264 246
f 264 272 260
f 280 272 266
f 273 266 256
f 267 256 249
f 259 267 249
f 274 267 259
f 268 274 259
f 287 274 268
f 302 293 287
f 314 305 302
f 348 315 314
f 314 315 305
f 305 315 260
f 299 305 260
f 293 299 281
f 274 281 267
f 293 281 274
f 287 293 274
f 340 343 320
f 320 343 319
f 343 346 319
f 361 332 328
f 332 304 301
f 304 298 292
f 298 287 282
f 282 287 268
f 374 384 342
f 384 348 342
f 342 348 314
f 309 314 302
f 298 302 287
f 309 302 298
f 304 309 298
f 337 309 304
f 374 342 337
f 337 342 309
f 342 314 309
f 264 260 246
f 253 246 230
f 242 230 218
f 225 237 218
f 225 218 212
f 221 212 208
f 215 208 206
f 240 229 206
f 254 245 240
f 275 262 254
f 275 282 262
f 221 225 212
f 236 239 221
f 245 250 236
f 254 262 245
f 262 250 245
f 262 268 250
f 215 221 208
f 229 236 215
f 240 245 229
f 245 236 229
f 299 288 281
f 288 280 273
f 273 280 266
f 288 299 260
f 272 280 260
f 280 288 260
f 251 254 240
f 269 270 251
f 283 284 269
f 291 295 283
f 319 323 291
f 323 295 291
f 323 325 295
f 325 297 295
f 297 289 284
f 289 275 270
f 270 275 254
f 270 254 251
f 236 221 215
f 239 249 225
f 239 225 221
f 249 256 237
f 256 242 237
f 256 266 242
f 266 272 253
f 272 264 253
f 266 253 242
f 295 284 283
f 295 297 284
f 297 301 289
f 325 328 297
f 301 304 292
f 328 332 301
f 332 337 304
f 361 374 332
f 374 337 332
f 302 305 293
f 305 299 293
f 292 298 282
f 289 292 275
f 284 270 269
f 284 289 270
f 251 240 206
f 281 273 267
f 267 273 256
f 229 215 206
f 281 288 273
f 250 239 236
f 250 259 239
f 389 393 378
f 378 393 354
f 393 359 354
f 359 343 340
f 354 359 340
f 393 395 359
f 359 395 343
f 395 365 343
f 365 372 346
f 372 382 352
f 382 387 361
f 387 400 374
f 400 384 374
f 395 398 365
f 398 372 365
f 398 402 372
f 402 404 372
f 404 382 372
f 404 408 382
f 408 387 382
f 408 410 387
f 410 406 400
f 410 400 387
f 410 414 406
f 387 374 361
f 382 361 352
f 372 352 346
f 365 346 343
f 648 2590 2591
f 2590 648 647
f 649 2591 2592
f 2591 649 648
f 2592 650 649
f 2592 785 650
f 2538 785 2537
f 710 785 2538
f 785 710 709
f 710 652 651
f 709 710 651
f 709 651 650
f 785 709 650
f 2592 2593 2537
f 2593 2594 2537
f 2594 2538 2537
f 713 656 654
f 712 654 653
f 711 653 652
f 710 711 652
f 711 2538 2539
f 2538 711 710
f 2594 2595 2538
f 2595 2539 2538
f 2595 2596 2539
f 2596 2540 2539
f 2596 2597 2540
f 2597 2541 2540
f 2597 2603 2541
f 2603 713 2541
f 713 2603 656
f 2541 712 2540
f 712 2541 713
f 2540 711 2539
f 711 2540 712
f 712 713 654
f 711 712 653
f 2592 2537 785
f 209 207 198
f 200 198 170
f 172 170 142
f 147 142 121
f 127 121 97
f 104 97 74
f 104 127 97
f 134 127 104
f 134 155 127
f 155 177 147
f 177 202 172
f 202 213 200
f 213 209 200
f 200 209 198
f 168 175 144
f 168 144 138
f 138 144 112
f 138 112 108
f 110 108 80
f 85 80 55
f 65 55 32
f 34 43 32
f 61 49 34
f 49 43 34
f 49 59 43
f 59 70 43
f 70 93 65
f 93 114 85
f 114 140 110
f 140 168 138
f 140 138 110
f 110 138 108
f 108 112 82
f 108 82 76
f 80 76 45
f 55 45 26
f 28 32 26
f 51 34 28
f 78 61 51
f 51 61 34
f 76 82 40
f 76 40 38
f 45 38 19
f 26 19 17
f 36 28 17
f 72 51 36
f 106 78 72
f 72 78 51
f 38 40 11
f 13 38 11
f 19 13 8
f 30 17 8
f 68 36 30
f 102 72 68
f 136 106 102
f 102 106 72
f 13 11 4
f 6 13 4
f 23 8 6
f 63 30 23
f 99 68 63
f 132 102 99
f 161 136 132
f 191 166 161
f 258 196 191
f 381 277 258
f 443 392 381
f 478 449 443
f 527 482 478
f 584 541 527
f 635 596 584
f 654 656 635
f 635 656 596
f 15 6 4
f 15 21 6
f 57 23 21
f 95 63 57
f 129 99 95
f 161 132 129
f 129 132 99
f 47 21 15
f 47 53 21
f 91 57 53
f 125 95 91
f 159 129 125
f 191 161 159
f 159 161 129
f 87 53 47
f 87 89 53
f 123 91 89
f 157 125 123
f 189 159 157
f 258 191 189
f 189 191 159
f 117 89 87
f 117 119 89
f 153 123 119
f 187 157 153
f 244 189 187
f 381 258 244
f 244 258 189
f 149 119 117
f 185 153 149
f 234 187 185
f 377 244 234
f 443 381 377
f 377 381 244
f 183 181 151
f 183 217 181
f 227 217 183
f 227 358 217
f 433 364 358
f 474 435 433
f 525 476 474
f 584 527 525
f 525 527 476
f 527 478 476
f 476 478 439
f 435 439 369
f 364 369 223
f 217 223 181
f 364 223 217
f 358 364 217
f 371 358 227
f 371 429 358
f 470 433 429
f 522 474 470
f 582 525 522
f 635 584 582
f 582 584 525
f 441 429 371
f 441 468 429
f 520 470 468
f 580 522 520
f 633 582 580
f 653 635 633
f 653 654 635
f 480 468 441
f 480 516 468
f 578 520 516
f 631 580 578
f 652 633 631
f 652 653 633
f 533 516 480
f 533 576 516
f 629 578 576
f 651 631 629
f 651 652 631
f 594 576 533
f 594 627 576
f 650 629 627
f 650 651 629
f 649 627 594
f 649 650 627
f 584 596 541
f 527 541 482
f 478 482 449
f 443 449 392
f 381 392 277
f 258 277 196
f 191 196 166
f 161 166 136
f 132 136 102
f 74 70 59
f 74 97 70
f 97 121 93
f 121 142 114
f 142 170 140
f 170 198 168
f 198 207 175
f 198 175 168
f 163 155 134
f 163 179 155
f 179 205 177
f 205 219 202
f 219 213 202
f 193 179 163
f 193 211 179
f 211 231 205
f 231 219 205
f 261 211 193
f 261 247 211
f 247 231 211
f 119 123 89
f 202 200 172
f 172 200 170
f 205 202 177
f 211 205 179
f 170 168 140
f 177 172 147
f 147 172 142
f 179 177 155
f 142 140 114
f 155 147 127
f 127 147 121
f 114 110 85
f 85 110 80
f 80 108 76
f 121 114 93
f 45 76 38
f 93 85 65
f 65 85 55
f 55 80 45
f 97 93 70
f 19 38 13
f 26 45 19
f 70 65 43
f 43 65 32
f 32 55 26
f 8 13 6
f 17 19 8
f 28 26 17
f 34 32 28
f 21 23 6
f 23 30 8
f 30 36 17
f 36 51 28
f 53 57 21
f 57 63 23
f 63 68 30
f 68 72 36
f 89 91 53
f 91 95 57
f 95 99 63
f 99 102 68
f 123 125 91
f 125 129 95
f 149 153 119
f 153 157 123
f 157 159 125
f 185 187 153
f 187 189 157
f 151 181 149
f 151 149 117
f 223 234 185
f 369 234 223
f 369 377 234
f 439 377 369
f 439 443 377
f 478 443 439
f 234 244 187
f 181 185 149
f 223 185 181
f 435 369 364
f 433 435 364
f 429 433 358
f 468 470 429
f 476 439 435
f 474 476 435
f 470 474 433
f 516 520 468
f 520 522 470
f 522 525 474
f 576 578 516
f 578 580 520
f 580 582 522
f 627 629 576
f 629 631 578
f 631 633 580
f 633 635 582
f 207 203 173
f 175 207 173
f 175 173 145
f 144 145 115
f 112 115 83
f 82 83 41
f 40 41 9
f 11 9 1
f 2 4 1
f 24 15 2
f 66 47 24
f 100 87 66
f 130 117 100
f 164 151 130
f 195 183 164
f 279 227 195
f 397 371 279
f 452 441 397
f 483 480 452
f 544 533 483
f 597 594 544
f 648 649 597
f 597 649 594
f 175 145 144
f 144 115 112
f 112 83 82
f 82 41 40
f 11 40 9
f 4 11 1
f 15 4 2
f 24 47 15
f 66 87 47
f 100 117 87
f 130 151 117
f 164 183 151
f 195 227 183
f 279 371 227
f 397 441 371
f 452 480 441
f 483 533 480
f 544 594 533
f 647 648 597
f 647 597 593
f 593 597 544
f 532 544 483
f 479 483 452
f 440 452 397
f 370 397 279
f 226 279 195
f 182 195 164
f 150 164 130
f 116 130 100
f 86 100 66
f 46 66 24
f 14 24 2
f 3 2 1
f 9 10 1
f 41 39 9
f 83 81 41
f 115 111 83
f 145 143 115
f 173 174 145
f 203 206 173
f 206 174 173
f 593 544 532
f 532 483 479
f 479 452 440
f 440 397 370
f 370 279 226
f 226 195 182
f 182 164 150
f 150 130 116
f 116 100 86
f 86 66 46
f 46 24 14
f 3 14 2
f 10 3 1
f 39 10 9
f 41 81 39
f 83 111 81
f 115 143 111
f 145 174 143
f 285 206 203
f 278 285 203
f 311 320 278
f 335 340 311
f 340 320 311
f 320 285 278
f 341 335 311
f 321 341 311
f 321 311 278
f 286 278 203
f 207 286 203
f 286 321 278
f 331 341 321
f 331 321 318
f 318 321 306
f 306 321 286
f 290 306 286
f 294 290 235
f 238 235 224
f 232 224 219
f 231 241 219
f 247 252 231
f 271 265 247
f 313 308 271
f 329 326 313
f 339 336 329
f 356 351 339
f 385 375 356
f 356 375 351
f 375 362 351
f 351 362 345
f 336 345 330
f 326 330 317
f 308 317 303
f 265 303 255
f 252 255 241
f 252 241 231
f 290 286 228
f 235 228 220
f 224 220 213
f 219 224 213
f 209 214 207
f 220 214 209
f 213 220 209
f 241 232 219
f 255 248 241
f 303 300 255
f 317 312 303
f 330 327 317
f 345 338 330
f 362 353 345
f 345 353 338
f 353 347 338
f 338 347 334
f 327 334 324
f 312 324 310
f 300 310 296
f 248 296 238
f 232 238 224
f 248 238 232
f 241 248 232
f 263 271 247
f 261 263 247
f 271 263 261
f 316 271 261
f 316 313 271
f 316 329 313
f 349 329 316
f 349 356 339
f 349 339 329
f 385 356 349
f 347 344 334
f 334 344 333
f 324 333 322
f 310 322 307
f 296 307 294
f 238 294 235
f 296 294 238
f 344 341 333
f 333 341 331
f 322 331 318
f 307 318 306
f 294 306 290
f 307 306 294
f 220 228 214
f 214 228 207
f 228 286 207
f 333 331 322
f 334 333 324
f 330 338 327
f 338 334 327
f 339 351 336
f 351 345 336
f 322 318 307
f 324 322 310
f 317 327 312
f 327 324 312
f 329 336 326
f 336 330 326
f 235 290 228
f 224 235 220
f 300 296 248
f 255 300 248
f 308 303 265
f 271 308 265
f 265 252 247
f 265 255 252
f 326 317 308
f 313 326 308
f 312 310 300
f 303 312 300
f 310 307 296
f 417 411 407
f 407 411 401
f 401 411 388
f 375 388 362
f 401 388 375
f 385 401 375
f 411 409 388
f 388 409 383
f 362 383 353
f 388 383 362
f 409 405 383
f 383 405 373
f 353 373 347
f 383 373 353
f 405 403 373
f 403 399 373
f 399 396 366
f 396 360 344
f 360 355 341
f 344 360 341
f 373 399 366
f 347 366 344
f 373 366 347
f 396 394 360
f 360 394 355
f 394 379 355
f 394 390 379
f 366 396 344
f 390 386 379
f 379 386 367
f 355 367 350
f 355 350 335
f 341 355 335
f 379 367 355
f 386 389 378
f 386 378 367
f 367 378 354
f 350 354 335
f 367 354 350
f 354 340 335
f 2800 2676 2846
f 2730 2676 2800
f 2676 2730 2635
f 2649 2635 2730
f 2635 2649 2602
f 2601 2602 2649
f 2602 2601 2558
f 1869 2558 2601
f 2558 1869 1870
f 2479 2603 2512
f 656 694 670
f 2463 2603 2479
f 656 730 694
f 2455 2603 2463
f 656 766 730
f 2603 2455 656
f 656 784 766
f 795 656 2455
f 656 795 784
f 2447 795 2455
f 2447 805 795
f 1870 2447 2439
f 2447 1870 805
f 1870 2439 2429
f 1559 805 1870
f 1870 2429 2427
f 805 1559 813
f 1870 2427 2435
f 813 1559 823
f 1870 2435 2443
f 823 1559 825
f 1870 2443 2451
f 825 1559 817
f 1870 2451 2459
f 817 1559 809
f 1870 2459 2467
f 809 1559 801
f 1870 2467 2498
f 801 1559 791
f 1870 2498 2524
f 791 1559 780
f 1870 2524 2558
f 847 780 1559
f 2735 2846 2676
f 746 847 708
f 2650 2654 2615
f 2838 2984 3012
f 2954 2698 2654
f 2954 2766 2698
f 2954 2794 2766
f 2838 3012 3042
f 2954 2830 2794
f 2864 3042 3070
f 2984 2838 2830
f 3042 2864 2838
f 2876 3070 3090
f 3070 2876 2864
f 3102 2876 3090
f 3102 2880 2876
f 3089 2880 3102
f 2880 3089 2870
f 3069 2870 3089
f 2870 3069 2851
f 3041 2851 3069
f 3011 2851 3041
f 2851 3011 2834
f 2983 2834 3011
f 2834 2983 2816
f 2953 2816 2983
f 2923 2816 2953
f 2816 2923 2788
f 2893 2788 2923
f 708 847 680
f 2788 2893 2735
f 2846 2735 2893
f 780 847 746
f 605 680 847
f 193 655 261
f 655 193 163
f 655 316 261
f 655 349 316
f 655 385 349
f 655 401 385
f 655 407 401
f 655 417 407
f 847 1559 1558
f 417 680 605
f 680 417 655
f 847 682 605
f 797 847 899
f 847 752 682
f 831 899 978
f 847 797 752
f 871 978 1127
f 899 831 797
f 901 1127 1266
f 978 871 831
f 901 1266 1440
f 1127 901 871
f 956 1440 1500
f 1440 956 901
f 1069 1500 1542
f 1500 1069 956
f 1129 1542 1557
f 1542 1129 1069
f 1557 1215 1129
f 1557 1264 1215
f 1557 1300 1264
f 1557 1407 1300
f 1557 1421 1407
f 1557 1429 1421
f 1556 1429 1557
f 1429 1556 1418
f 1418 1556 1400
f 1556 1282 1400
f 1556 1251 1282
f 1556 1203 1251
f 1556 1109 1203
f 1510 1109 1556
f 1109 1510 1047
f 1455 1047 1510
f 1047 1455 928
f 1291 928 1455
f 928 1291 891
f 1176 891 1291
f 891 1176 861
f 1055 861 1176
f 861 1055 829
f 909 829 1055
f 829 909 787
f 869 787 909
f 787 869 732
f 827 732 869
f 732 827 666
f 778 666 827
f 666 778 572
f 690 572 778
f 572 690 489
f 603 489 690
f 489 603 416
f 497 416 603
f 416 497 415
f 2512 2603 2543
f 2615 2603 2650
f 619 656 670
f 2654 2650 2731
f 656 619 596
f 2654 2731 2801
f 590 596 619
f 2654 2801 2847
f 596 590 541
f 2654 2847 2894
f 541 590 482
f 2654 2894 2924
f 552 482 590
f 2654 2924 2954
f 482 552 449
f 2830 2954 2984
f 2603 2615 2568
f 2543 2603 2568
f 505 449 552
f 449 505 392
f 392 505 277
f 485 277 505
f 277 485 196
f 462 196 485
f 196 462 166
f 454 166 462
f 166 454 136
f 136 454 106
f 437 106 454
f 106 437 78
f 421 78 437
f 78 421 61
f 421 49 61
f 419 49 421
f 59 419 427
f 419 59 49
f 74 427 447
f 427 74 59
f 134 447 458
f 163 458 466
f 447 104 74
f 163 466 491
f 163 491 535
f 447 134 104
f 163 535 564
f 163 564 609
f 163 609 655
f 458 163 134
f 1868 2753 1867
f 2598 1865 2599
f 1865 2598 1864
f 2599 1866 2600
f 1866 2599 1865
f 2600 1869 2601
f 1869 2600 1866
f 2790 2716 2714
f 2790 2714 2712
f 2750 2712 2708
f 2750 2708 2706
f 2750 2706 2704
f 2750 2704 2700
f 2748 2700 2692
f 2746 2692 2684
f 2743 2684 2662
f 2656 2662 2643
f 2656 2643 2598
f 2599 2656 2598
f 2649 2656 2599
f 2730 2656 2649
f 2730 2739 2656
f 2800 2739 2730
f 2800 2803 2739
f 2857 2805 2803
f 2901 2860 2857
f 2931 2904 2901
f 2964 2934 2931
f 2996 2966 2964
f 3030 2998 2996
f 3030 3046 3014
f 3030 3014 2998
f 2998 3014 2980
f 2998 2980 2968
f 2966 2968 2936
f 2934 2936 2906
f 2904 2906 2862
f 2860 2862 2808
f 2805 2808 2743
f 2739 2743 2656
f 2805 2743 2739
f 2803 2805 2739
f 2750 2790 2712
f 2812 2750 2748
f 2810 2748 2746
f 2808 2746 2743
f 2808 2810 2746
f 2862 2810 2808
f 2862 2866 2810
f 2866 2840 2812
f 2812 2840 2790
f 2812 2790 2750
f 2748 2750 2700
f 2746 2748 2692
f 2662 2684 2643
f 2600 2649 2599
f 2601 2649 2600
f 2846 2803 2800
f 2846 2853 2803
f 2899 2857 2853
f 2929 2901 2899
f 2961 2931 2929
f 2993 2964 2961
f 3028 2996 2993
f 3062 3030 3028
f 3062 3080 3046
f 3062 3046 3030
f 2893 2853 2846
f 2893 2899 2853
f 2929 2899 2893
f 2923 2929 2893
f 2953 2956 2923
f 2983 2986 2953
f 3011 3016 2983
f 3041 3044 3011
f 3069 3074 3041
f 3089 3100 3069
f 3102 3112 3089
f 3106 3102 3090
f 3078 3090 3070
f 3052 3070 3042
f 3026 3042 3012
f 3000 3012 2984
f 2970 2984 2954
f 2940 2954 2924
f 2910 2924 2894
f 2878 2894 2847
f 2818 2847 2801
f 2768 2801 2731
f 2672 2731 2650
f 2619 2650 2603
f 2619 2603 2597
f 2619 2597 2596
f 2619 2596 2595
f 2621 2595 2594
f 2623 2594 2593
f 2625 2593 2592
f 2646 2627 2592
f 2727 2682 2646
f 2799 2776 2727
f 2849 2828 2799
f 2897 2888 2849
f 2927 2918 2897
f 2959 2948 2927
f 2989 2978 2959
f 3020 3008 2989
f 3050 3038 3020
f 3084 3072 3050
f 3124 3108 3084
f 3142 3136 3124
f 3144 3142 3140
f 3128 3140 3118
f 3096 3118 3080
f 3096 3080 3062
f 3096 3062 3058
f 3058 3062 3028
f 3058 3028 3023
f 3055 3023 3018
f 3048 3018 3016
f 3044 3016 3011
f 3044 3048 3016
f 3076 3048 3044
f 3074 3076 3044
f 3074 3044 3041
f 2956 2929 2923
f 2991 2961 2956
f 3023 2993 2991
f 3023 3028 2993
f 2986 2956 2953
f 3018 2991 2986
f 3018 3023 2991
f 3016 2986 2983
f 3016 3018 2986
f 3100 3074 3069
f 3120 3110 3100
f 3122 3133 3120
f 3131 3122 3104
f 3108 3104 3072
f 3084 3108 3072
f 3112 3100 3089
f 3114 3120 3112
f 3122 3114 3098
f 3104 3098 3066
f 3072 3066 3038
f 3050 3072 3038
f 3106 3112 3102
f 3114 3106 3086
f 3098 3086 3064
f 3066 3064 3036
f 3038 3036 3008
f 3020 3038 3008
f 3106 3090 3078
f 3086 3078 3060
f 3064 3060 3034
f 3036 3034 3006
f 3008 3006 2978
f 2989 3008 2978
f 3078 3070 3052
f 3060 3052 3032
f 3034 3032 3004
f 3006 3004 2976
f 2978 2976 2948
f 2959 2978 2948
f 3052 3042 3026
f 3032 3026 3002
f 3004 3002 2974
f 2976 2974 2946
f 2948 2946 2918
f 2927 2948 2918
f 3026 3012 3000
f 3002 3000 2972
f 2974 2972 2944
f 2946 2944 2916
f 2918 2916 2888
f 2897 2918 2888
f 3000 2984 2970
f 2972 2970 2942
f 2944 2942 2914
f 2916 2914 2886
f 2888 2886 2828
f 2849 2888 2828
f 2970 2954 2940
f 2942 2940 2912
f 2914 2912 2884
f 2886 2884 2826
f 2828 2826 2776
f 2799 2828 2776
f 2940 2924 2910
f 2912 2910 2882
f 2884 2882 2824
f 2826 2824 2774
f 2776 2774 2682
f 2727 2776 2682
f 2910 2894 2878
f 2882 2878 2820
f 2824 2820 2772
f 2774 2772 2680
f 2682 2680 2627
f 2646 2682 2627
f 2878 2847 2818
f 2820 2818 2770
f 2772 2770 2678
f 2680 2678 2625
f 2627 2625 2592
f 2627 2680 2625
f 2818 2801 2768
f 2770 2768 2674
f 2678 2674 2623
f 2625 2623 2593
f 2625 2678 2623
f 2768 2731 2672
f 2674 2672 2621
f 2623 2621 2594
f 2623 2674 2621
f 2672 2650 2619
f 2621 2619 2595
f 2621 2672 2619
f 3124 3136 3108
f 3136 3138 3131
f 3133 3138 3116
f 3110 3116 3076
f 3110 3076 3074
f 3100 3110 3074
f 3142 3144 3136
f 3138 3144 3126
f 3116 3126 3082
f 3076 3082 3048
f 3116 3082 3076
f 3144 3140 3128
f 3126 3128 3093
f 3082 3093 3055
f 3048 3055 3018
f 3082 3055 3048
f 3128 3118 3096
f 3093 3096 3058
f 3055 3058 3023
f 3093 3058 3055
f 2968 2980 2950
f 2968 2950 2938
f 2936 2938 2908
f 2906 2908 2866
f 2906 2866 2862
f 2938 2950 2920
f 2938 2920 2908
f 2908 2920 2890
f 2866 2890 2840
f 2908 2890 2866
f 2743 2662 2656
f 2743 2746 2684
f 2810 2812 2748
f 2866 2812 2810
f 2860 2808 2805
f 2857 2860 2805
f 2853 2857 2803
f 2899 2901 2857
f 2904 2862 2860
f 2901 2904 2860
f 2929 2931 2901
f 2934 2906 2904
f 2931 2934 2904
f 2956 2961 2929
f 2936 2908 2906
f 2961 2964 2931
f 2968 2938 2936
f 2964 2966 2934
f 2966 2936 2934
f 2986 2991 2956
f 2991 2993 2961
f 2998 2968 2966
f 2996 2998 2966
f 2993 2996 2964
f 3028 3030 2996
f 3126 3093 3082
f 3128 3096 3093
f 3133 3116 3110
f 3120 3133 3110
f 3112 3120 3100
f 3138 3126 3116
f 3144 3128 3126
f 3114 3112 3106
f 3138 3133 3131
f 3131 3133 3122
f 3122 3120 3114
f 3144 3138 3136
f 3086 3106 3078
f 3098 3114 3086
f 3136 3131 3108
f 3108 3131 3104
f 3104 3122 3098
f 3060 3078 3052
f 3064 3086 3060
f 3066 3098 3064
f 3072 3104 3066
f 3032 3052 3026
f 3034 3060 3032
f 3036 3064 3034
f 3038 3066 3036
f 3002 3026 3000
f 3004 3032 3002
f 3006 3034 3004
f 3008 3036 3006
f 2972 3000 2970
f 2974 3002 2972
f 2976 3004 2974
f 2978 3006 2976
f 2942 2970 2940
f 2944 2972 2942
f 2946 2974 2944
f 2948 2976 2946
f 2912 2940 2910
f 2914 2942 2912
f 2916 2944 2914
f 2918 2946 2916
f 2882 2910 2878
f 2884 2912 2882
f 2886 2914 2884
f 2888 2916 2886
f 2820 2878 2818
f 2824 2882 2820
f 2826 2884 2824
f 2828 2886 2826
f 2770 2818 2768
f 2772 2820 2770
f 2774 2824 2772
f 2776 2826 2774
f 2674 2768 2672
f 2678 2770 2674
f 2680 2772 2678
f 2682 2774 2680
f 2790 2806 2744
f 2840 2806 2790
f 2840 2858 2806
f 2890 2858 2840
f 2890 2902 2858
f 2920 2902 2890
f 2950 2932 2920
f 2980 2962 2950
f 3014 2994 2980
f 3046 3024 3014
f 3080 3056 3046
f 3118 3094 3080
f 3140 3134 3118
f 3142 3146 3140
f 3145 3142 3124
f 3129 3124 3084
f 3091 3084 3050
f 3053 3050 3020
f 3021 3020 2989
f 2987 2989 2959
f 2957 2959 2927
f 2925 2927 2897
f 2895 2897 2849
f 2843 2849 2799
f 2795 2799 2727
f 2723 2727 2646
f 2644 2646 2592
f 2644 2592 2591
f 2790 2722 2716
f 2790 2744 2722
f 2920 2932 2902
f 2950 2962 2932
f 2980 2994 2962
f 3014 3024 2994
f 3046 3056 3024
f 3080 3094 3056
f 3118 3134 3094
f 3140 3146 3134
f 3145 3146 3142
f 3129 3145 3124
f 3091 3129 3084
f 3053 3091 3050
f 3021 3053 3020
f 3021 2989 2987
f 2987 2959 2957
f 2957 2927 2925
f 2925 2897 2895
f 2895 2849 2843
f 2843 2799 2795
f 2795 2727 2723
f 2723 2646 2644
f 2721 2789 2715
f 2744 2789 2721
f 2806 2789 2744
f 2806 2839 2789
f 2858 2839 2806
f 2858 2889 2839
f 2902 2889 2858
f 2932 2919 2902
f 2962 2949 2932
f 2994 2979 2962
f 3024 3013 2994
f 3056 3045 3024
f 3094 3079 3056
f 3134 3117 3094
f 3146 3139 3134
f 3146 3145 3141
f 3145 3129 3123
f 3129 3091 3083
f 3091 3053 3049
f 3053 3021 3019
f 2988 3021 2987
f 2958 2987 2957
f 2926 2957 2925
f 2896 2925 2895
f 2848 2895 2843
f 2798 2843 2795
f 2726 2795 2723
f 2645 2723 2644
f 2644 2591 2590
f 2645 2644 2590
f 2902 2919 2889
f 2932 2949 2919
f 2962 2979 2949
f 2994 3013 2979
f 3024 3045 3013
f 3056 3079 3045
f 3094 3117 3079
f 3134 3139 3117
f 3146 3141 3139
f 3141 3145 3123
f 3123 3129 3083
f 3083 3091 3049
f 3049 3053 3019
f 3019 3021 2988
f 2988 2987 2958
f 2958 2957 2926
f 2926 2925 2896
f 2896 2895 2848
f 2848 2843 2798
f 2798 2795 2726
f 2726 2723 2645
f 2584 2655 2583
f 2655 2728 2647
f 2655 2647 2583
f 2583 2647 2582
f 2582 2647 2579
f 2683 2661 2642
f 2683 2742 2661
f 2745 2742 2683
f 2691 2745 2683
f 2747 2745 2691
f 2809 2807 2747
f 2861 2859 2809
f 2905 2903 2861
f 2935 2933 2905
f 2965 2963 2935
f 2995 2992 2965
f 3027 3022 2995
f 3057 3054 3027
f 3092 3081 3057
f 3125 3115 3092
f 3137 3132 3125
f 3137 3130 3121
f 3130 3103 3097
f 3103 3065 3063
f 3065 3035 3033
f 3035 3005 3003
f 3005 2975 2973
f 2975 2945 2943
f 2945 2915 2913
f 2915 2885 2883
f 2885 2825 2823
f 2825 2773 2771
f 2773 2679 2677
f 2679 2624 2622
f 2624 2588 2587
f 2622 2624 2587
f 2622 2587 2586
f 2620 2622 2586
f 2673 2677 2620
f 2769 2771 2673
f 2819 2823 2769
f 2881 2883 2819
f 2911 2913 2881
f 2941 2943 2911
f 2971 2973 2941
f 3001 3003 2971
f 3031 3033 3001
f 3059 3063 3031
f 3085 3097 3059
f 3113 3121 3085
f 3119 3132 3113
f 3115 3119 3109
f 3081 3109 3075
f 3054 3075 3047
f 3022 3047 3017
f 2992 3017 2990
f 2963 2990 2960
f 2933 2960 2930
f 2903 2930 2900
f 2859 2900 2856
f 2807 2856 2804
f 2745 2804 2742
f 2807 2804 2745
f 2747 2807 2745
f 2699 2747 2691
f 2749 2747 2699
f 2811 2809 2749
f 2865 2861 2811
f 2907 2905 2865
f 2937 2935 2907
f 2967 2965 2937
f 2997 2995 2967
f 3029 3027 2997
f 3061 3057 3029
f 3095 3092 3061
f 3127 3125 3095
f 3143 3137 3127
f 3143 3135 3130
f 3135 3107 3103
f 3107 3071 3065
f 3071 3037 3035
f 3037 3007 3005
f 3007 2977 2975
f 2977 2947 2945
f 2947 2917 2915
f 2917 2887 2885
f 2887 2827 2825
f 2827 2775 2773
f 2775 2681 2679
f 2681 2626 2624
f 2626 2589 2588
f 2624 2626 2588
f 2703 2749 2699
f 2705 2749 2703
f 2707 2749 2705
f 2711 2749 2707
f 2713 2749 2711
f 2715 2749 2713
f 2789 2749 2715
f 2789 2811 2749
f 2839 2811 2789
f 2889 2865 2839
f 2919 2907 2889
f 2949 2937 2919
f 2979 2967 2949
f 3013 2997 2979
f 3045 3029 3013
f 3079 3061 3045
f 3117 3095 3079
f 3139 3127 3117
f 3141 3143 3139
f 3135 3141 3123
f 3107 3123 3083
f 3071 3083 3049
f 3037 3049 3019
f 3007 3019 2988
f 2977 2988 2958
f 2947 2958 2926
f 2917 2926 2896
f 2887 2896 2848
f 2827 2848 2798
f 2775 2798 2726
f 2681 2726 2645
f 2626 2645 2590
f 2626 2590 2589
f 2839 2865 2811
f 2889 2907 2865
f 2919 2937 2907
f 2949 2967 2937
f 2979 2997 2967
f 3013 3029 2997
f 3045 3061 3029
f 3079 3095 3061
f 3117 3127 3095
f 3139 3143 3127
f 3143 3141 3135
f 3135 3123 3107
f 3107 3083 3071
f 3071 3049 3037
f 3037 3019 3007
f 3007 2988 2977
f 2977 2958 2947
f 2947 2926 2917
f 2917 2896 2887
f 2887 2848 2827
f 2827 2798 2775
f 2775 2726 2681
f 2681 2645 2626
f 2620 2586 2585
f 2618 2620 2585
f 2671 2673 2618
f 2767 2769 2671
f 2817 2819 2767
f 2877 2881 2817
f 2909 2911 2877
f 2939 2941 2909
f 2969 2971 2939
f 2999 3001 2969
f 3025 3031 2999
f 3051 3059 3025
f 3077 3085 3051
f 3105 3113 3077
f 3111 3119 3105
f 3109 3111 3099
f 3075 3099 3073
f 3047 3073 3043
f 3017 3043 3015
f 2990 3015 2985
f 2960 2985 2955
f 2930 2955 2928
f 2900 2928 2898
f 2856 2898 2852
f 2804 2852 2802
f 2742 2802 2738
f 2661 2738 2655
f 2642 2655 2584
f 2661 2655 2642
f 2618 2585 2581
f 2648 2618 2581
f 2729 2671 2648
f 2797 2767 2729
f 2845 2817 2797
f 2892 2877 2845
f 2922 2909 2892
f 2952 2939 2922
f 2982 2969 2952
f 3010 2999 2982
f 3040 3025 3010
f 3068 3051 3040
f 3088 3077 3068
f 3101 3105 3088
f 3111 3101 3087
f 3099 3087 3067
f 3073 3067 3039
f 3043 3039 3009
f 3015 3009 2981
f 2985 2981 2951
f 2955 2951 2921
f 2928 2921 2891
f 2898 2891 2852
f 2898 2928 2891
f 2648 2671 2618
f 2729 2767 2671
f 2797 2817 2767
f 2845 2877 2817
f 2892 2909 2877
f 2922 2939 2909
f 2952 2969 2939
f 2982 2999 2969
f 3010 3025 2999
f 3040 3051 3025
f 3068 3077 3051
f 3088 3105 3077
f 3111 3105 3101
f 3099 3111 3087
f 3073 3099 3067
f 3043 3073 3039
f 3015 3043 3009
f 2985 3015 2981
f 2955 2985 2951
f 2928 2955 2921
f 2852 2891 2844
f 2852 2844 2802
f 2802 2844 2796
f 2738 2796 2728
f 2738 2728 2655
f 2802 2796 2738
f 2679 2681 2624
f 2677 2679 2622
f 2677 2622 2620
f 2673 2620 2618
f 2742 2738 2661
f 2749 2809 2747
f 2804 2802 2742
f 2811 2861 2809
f 2859 2856 2807
f 2809 2859 2807
f 2856 2852 2804
f 2865 2905 2861
f 2903 2900 2859
f 2861 2903 2859
f 2900 2898 2856
f 2907 2935 2905
f 2933 2930 2903
f 2905 2933 2903
f 2930 2928 2900
f 2937 2965 2935
f 2963 2960 2933
f 2935 2963 2933
f 2960 2955 2930
f 2967 2995 2965
f 2992 2990 2963
f 2965 2992 2963
f 2990 2985 2960
f 2997 3027 2995
f 3022 3017 2992
f 2995 3022 2992
f 3017 3015 2990
f 3029 3057 3027
f 3054 3047 3022
f 3027 3054 3022
f 3047 3043 3017
f 3061 3092 3057
f 3081 3075 3054
f 3057 3081 3054
f 3075 3073 3047
f 3095 3125 3092
f 3115 3109 3081
f 3092 3115 3081
f 3109 3099 3075
f 3127 3137 3125
f 3132 3119 3115
f 3125 3132 3115
f 3119 3111 3109
f 3137 3143 3130
f 3132 3121 3113
f 3132 3137 3121
f 3119 3113 3105
f 3130 3135 3103
f 3121 3097 3085
f 3121 3130 3097
f 3113 3085 3077
f 3103 3107 3065
f 3097 3063 3059
f 3097 3103 3063
f 3085 3059 3051
f 3065 3071 3035
f 3063 3033 3031
f 3063 3065 3033
f 3059 3031 3025
f 3035 3037 3005
f 3033 3003 3001
f 3033 3035 3003
f 3031 3001 2999
f 3005 3007 2975
f 3003 2973 2971
f 3003 3005 2973
f 3001 2971 2969
f 2975 2977 2945
f 2973 2943 2941
f 2973 2975 2943
f 2971 2941 2939
f 2945 2947 2915
f 2943 2913 2911
f 2943 2945 2913
f 2941 2911 2909
f 2915 2917 2885
f 2913 2883 2881
f 2913 2915 2883
f 2911 2881 2877
f 2885 2887 2825
f 2883 2823 2819
f 2883 2885 2823
f 2881 2819 2817
f 2825 2827 2773
f 2823 2771 2769
f 2823 2825 2771
f 2819 2769 2767
f 2773 2775 2679
f 2771 2677 2673
f 2771 2773 2677
f 2769 2673 2671
f 389 414 410
f 414 386 417
f 389 410 408
f 390 417 386
f 389 408 404
f 417 390 411
f 389 404 402
f 411 390 409
f 389 402 398
f 409 390 405
f 389 398 395
f 405 390 403
f 389 395 393
f 403 390 399
f 414 389 386
f 399 390 396
f 396 390 394
f 604 417 605
f 417 604 414
f 604 682 681
f 682 604 605
f 681 752 751
f 752 681 682
f 796 752 797
f 752 796 751
f 830 797 831
f 797 830 796
f 870 831 871
f 831 870 830
f 900 871 901
f 871 900 870
f 955 901 956
f 901 955 900
f 1068 956 1069
f 956 1068 955
f 1128 1069 1129
f 1069 1128 1068
f 1214 1129 1215
f 1129 1214 1128
f 1263 1215 1264
f 1215 1263 1214
f 1299 1264 1300
f 1264 1299 1263
f 1406 1300 1407
f 1300 1406 1299
f 1420 1407 1421
f 1407 1420 1406
f 1428 1421 1429
f 1421 1428 1420
f 416 488 489
f 488 416 413
f 1417 1429 1418
f 1429 1417 1428
f 1399 1418 1400
f 1418 1399 1417
f 1281 1400 1282
f 1400 1281 1399
f 1250 1282 1251
f 1282 1250 1281
f 1202 1251 1203
f 1251 1202 1250
f 1108 1203 1109
f 1203 1108 1202
f 1046 1109 1047
f 1109 1046 1108
f 927 1047 928
f 1047 927 1046
f 890 928 891
f 928 890 927
f 860 891 861
f 891 860 890
f 828 861 829
f 861 828 860
f 786 829 787
f 829 786 828
f 731 787 732
f 787 731 786
f 666 731 732
f 731 666 665
f 572 665 666
f 665 572 571
f 489 571 572
f 571 489 488
f 412 416 415
f 416 412 413
f 412 497 496
f 497 412 415
f 496 603 602
f 603 496 497
f 602 690 689
f 690 602 603
f 689 778 777
f 778 689 690
f 777 827 826
f 827 777 778
f 826 869 868
f 869 826 827
f 908 869 909
f 869 908 868
f 1054 909 1055
f 909 1054 908
f 1175 1055 1176
f 1055 1175 1054
f 1290 1176 1291
f 1176 1290 1175
f 1454 1291 1455
f 1291 1454 1290
f 1509 1455 1510
f 1455 1509 1454
f 1572 1571 1553
f 1553 1510 1556
f 1509 1553 1571
f 1553 1509 1510
f 1607 1572 1608
f 1572 1607 1571
f 1638 1608 1639
f 1608 1638 1607
f 1692 1639 1693
f 1639 1692 1638
f 1703 1693 1704
f 1693 1703 1692
f 1711 1704 1712
f 1704 1711 1703
f 1717 1712 1718
f 1712 1717 1711
f 846 899 847
f 899 846 898
f 1714 1718 1715
f 1718 1714 1717
f 1707 1715 1708
f 1715 1707 1714
f 1698 1708 1699
f 1708 1698 1707
f 1689 1699 1690
f 1699 1689 1698
f 1625 1690 1626
f 1690 1625 1689
f 1597 1626 1598
f 1626 1597 1625
f 1542 1554 1557
f 1541 1554 1542
f 1597 1554 1541
f 1554 1597 1598
f 1499 1542 1500
f 1542 1499 1541
f 1439 1500 1440
f 1500 1439 1499
f 1265 1440 1266
f 1440 1265 1439
f 1126 1266 1127
f 1266 1126 1265
f 977 1127 978
f 1127 977 1126
f 898 978 899
f 978 898 977
f 2752 1863 2753
f 846 1863 2752
f 1863 846 1555
f 847 1555 846
f 1555 847 1558
f 2753 1863 1867
f 2753 2744 2752
f 2753 2722 2744
f 2753 2716 2722
f 2753 2714 2716
f 2753 2712 2714
f 2753 2708 2712
f 2753 2706 2708
f 2753 2704 2706
f 2753 2700 2704
f 2753 2692 2700
f 2753 2684 2692
f 2753 2643 2684
f 2753 2598 2643
f 1868 2598 2753
f 2598 1868 1864
f 2721 2752 2744
f 2715 2752 2721
f 2713 2752 2715
f 2711 2752 2713
f 2707 2752 2711
f 2705 2752 2707
f 2703 2752 2705
f 2699 2752 2703
f 2691 2752 2699
f 2683 2752 2691
f 2642 2752 2683
f 2584 2752 2642
f 1734 2752 2584
f 2752 1734 1716
f 1549 1550 1590
f 1550 1549 1548
f 1586 1590 1550
f 1590 1586 1589
f 1237 1235 1236
f 1237 1224 1235
f 1223 1224 1237
f 1224 1223 1222
f 1217 1218 1216
f 1217 1227 1218
f 1231 1227 1217
f 1227 1231 1230
f 1596 1594 1578
f 1594 1596 1595
f 1579 1578 1594
f 1578 1579 1577
f 1178 1174 1177
f 1178 1167 1174
f 1166 1167 1178
f 1167 1166 1165
f 1305 1303 1304
f 1305 1278 1303
f 1277 1278 1305
f 1278 1277 1276
f 1476 1474 1450
f 1474 1476 1475
f 1451 1450 1474
f 1450 1451 1449
f 1170 1171 1169
f 1170 1182 1171
f 1184 1182 1170
f 1182 1184 1183
f 2098 2095 2094
f 2111 2095 2098
f 2113 2111 2112
f 2111 2113 2095
f 1612 1613 1630
f 1613 1612 1611
f 1624 1630 1613
f 1630 1624 1629
f 1505 1506 1527
f 1506 1505 1504
f 1517 1527 1506
f 1527 1517 1526
f 1442 1443 1466
f 1443 1442 1441
f 1464 1466 1443
f 1466 1464 1465
f 1152 1150 1151
f 1152 1148 1150
f 1147 1148 1152
f 1148 1147 1146
f 1223 1221 1222
f 1212 1221 1223
f 1221 1212 1211
f 1188 1186 1187
f 1188 1179 1186
f 1178 1179 1188
f 1179 1178 1177
f 1416 1410 1415
f 1416 1395 1410
f 1305 1395 1416
f 1395 1305 1304
f 1277 1275 1276
f 1277 1262 1275
f 1257 1262 1277
f 1262 1257 1256
f 1737 1735 1724
f 1735 1737 1736
f 1725 1724 1735
f 1724 1725 1723
f 1695 1691 1642
f 1691 1695 1694
f 1685 1642 1691
f 1642 1685 1641
f 1513 1511 1497
f 1511 1513 1512
f 1497 1511 1496
f 1147 1149 1146
f 1147 1156 1149
f 1158 1156 1147
f 1156 1158 1157
f 1271 1272 1270
f 1271 1283 1272
f 1297 1283 1271
f 1283 1297 1296
f 1249 1252 1248
f 1249 1269 1252
f 1271 1269 1249
f 1269 1271 1270
f 1434 1437 1433
f 1434 1448 1437
f 1450 1448 1434
f 1448 1450 1449
f 1811 1814 1827
f 1814 1811 1810
f 1825 1827 1814
f 1827 1825 1826
f 1944 1945 1999
f 1945 1944 1943
f 1997 1999 1945
f 1999 1997 1998
f 2194 2193 2192
f 2196 2193 2194
f 2198 2196 2197
f 2196 2198 2193
f 1821 1819 1801
f 1819 1821 1820
f 1802 1801 1819
f 1801 1802 1800
f 2179 2178 2177
f 2191 2178 2179
f 2193 2191 2192
f 2191 2193 2178
f 2169 2168 2167
f 2176 2168 2169
f 2178 2176 2177
f 2176 2178 2168
f 1590 1591 1612
f 1591 1590 1589
f 1606 1612 1591
f 1612 1606 1611
f 1527 1528 1549
f 1528 1527 1526
f 1547 1549 1528
f 1549 1547 1548
f 1484 1485 1505
f 1485 1484 1483
f 1501 1505 1485
f 1505 1501 1504
f 1466 1467 1484
f 1467 1466 1465
f 1482 1484 1467
f 1484 1482 1483
f 1166 1164 1165
f 1166 1153 1164
f 1152 1153 1166
f 1153 1152 1151
f 1212 1189 1211
f 1188 1189 1212
f 1189 1188 1187
f 1257 1253 1256
f 1257 1238 1253
f 1237 1238 1257
f 1238 1237 1236
f 1442 1438 1441
f 1442 1419 1438
f 1416 1419 1442
f 1419 1416 1415
f 1642 1640 1618
f 1640 1642 1641
f 1619 1618 1640
f 1618 1619 1617
f 1618 1616 1596
f 1616 1618 1617
f 1599 1596 1616
f 1596 1599 1595
f 1710 1706 1695
f 1706 1710 1709
f 1696 1695 1706
f 1695 1696 1694
f 1724 1722 1710
f 1722 1724 1723
f 1713 1710 1722
f 1710 1713 1709
f 1533 1531 1513
f 1531 1533 1532
f 1516 1513 1531
f 1513 1516 1512
f 1578 1533 1564
f 1578 1551 1533
f 1551 1578 1577
f 1534 1533 1551
f 1533 1534 1532
f 1496 1476 1497
f 1477 1476 1496
f 1476 1477 1475
f 1184 1185 1183
f 1184 1204 1185
f 1206 1204 1184
f 1204 1206 1205
f 1206 1209 1205
f 1206 1213 1209
f 1217 1213 1206
f 1213 1217 1216
f 1231 1232 1230
f 1231 1247 1232
f 1249 1247 1231
f 1247 1249 1248
f 1402 1403 1401
f 1402 1432 1403
f 1434 1432 1402
f 1432 1434 1433
f 1297 1298 1296
f 1297 1398 1298
f 1402 1398 1297
f 1398 1402 1401
f 1885 1886 1905
f 1886 1885 1884
f 1903 1905 1886
f 1905 1903 1904
f 1827 1830 1845
f 1830 1827 1826
f 1843 1845 1830
f 1845 1843 1844
f 1999 2000 2021
f 2000 1999 1998
f 2019 2021 2000
f 2021 2019 2020
f 1801 1757 1752
f 1757 1801 1800
f 1753 1752 1757
f 1752 1753 1751
f 2159 2158 2157
f 2166 2158 2159
f 2168 2166 2167
f 2166 2168 2158
f 2128 2127 2126
f 2136 2127 2128
f 2127 2136 2137
f 2114 2113 2112
f 2125 2113 2114
f 2127 2125 2126
f 2125 2127 2113
f 1630 1631 1644
f 1631 1630 1629
f 1644 1631 1643
f 1158 1159 1157
f 1158 1168 1159
f 1170 1168 1158
f 1168 1170 1169
f 1758 1811 1759
f 1809 1811 1758
f 1811 1809 1810
f 1905 1914 1925
f 1914 1905 1904
f 1923 1925 1914
f 1925 1923 1924
f 2184 2187 2186
f 2175 2187 2184
f 2174 2175 2173
f 2175 2174 2187
f 1743 1741 1737
f 1741 1743 1742
f 1738 1737 1741
f 1737 1738 1736
f 1989 1987 1930
f 1987 1989 1988
f 1930 1987 1929
f 1839 1837 1821
f 1837 1839 1838
f 1822 1821 1837
f 1821 1822 1820
f 1857 1855 1839
f 1855 1857 1856
f 1840 1839 1855
f 1839 1840 1838
f 1845 1848 1885
f 1848 1845 1844
f 1883 1885 1848
f 1885 1883 1884
f 2044 2039 2038
f 2055 2039 2044
f 2057 2055 2056
f 2055 2057 2039
f 2022 2021 2020
f 2037 2021 2022
f 2039 2037 2038
f 2037 2039 2021
f 2080 2079 2078
f 2089 2079 2080
f 2095 2089 2094
f 2089 2095 2079
f 1925 1928 1944
f 1928 1925 1924
f 1942 1944 1928
f 1944 1942 1943
f 2049 2051 2050
f 2028 2051 2049
f 2027 2028 2026
f 2028 2027 2051
f 2131 2133 2132
f 2122 2133 2131
f 2119 2122 2118
f 2122 2119 2133
f 2083 2085 2084
f 2074 2085 2083
f 2063 2074 2062
f 2074 2063 2085
f 2160 2162 2161
f 2143 2162 2160
f 2142 2143 2141
f 2143 2142 2162
f 2172 2174 2173
f 2163 2174 2172
f 2162 2163 2161
f 2163 2162 2174
f 1899 1857 1875
f 1899 1897 1857
f 1897 1899 1898
f 1882 1857 1897
f 1857 1882 1856
f 1929 1919 1930
f 1920 1919 1929
f 1919 1920 1918
f 2023 2027 2026
f 2014 2027 2023
f 2013 2014 2012
f 2014 2013 2027
f 1752 1750 1743
f 1750 1752 1751
f 1744 1743 1750
f 1743 1744 1742
f 2156 2137 2136
f 2158 2156 2157
f 2156 2158 2137
f 2058 2057 2056
f 2077 2057 2058
f 2079 2077 2078
f 2077 2079 2057
f 2099 2101 2100
f 2086 2101 2099
f 2085 2086 2084
f 2086 2085 2101
f 2117 2119 2118
f 2102 2119 2117
f 2101 2102 2100
f 2102 2101 2119
f 2061 2063 2062
f 2052 2063 2061
f 2051 2052 2050
f 2052 2051 2063
f 2195 2198 2197
f 2188 2198 2195
f 2187 2188 2186
f 2188 2187 2198
f 2013 2011 1989
f 2011 2013 2012
f 1990 1989 2011
f 1989 1990 1988
f 1919 1915 1899
f 1915 1919 1918
f 1900 1899 1915
f 1899 1900 1898
f 2138 2142 2141
f 2134 2142 2138
f 2133 2134 2132
f 2134 2133 2142
f 1730 1738 1739
f 1738 1730 1736
f 1730 1735 1736
f 1729 1730 1728
f 1730 1729 1735
f 2124 2153 2016
f 1621 1633 1605
f 2190 2192 2191
f 2357 2192 2190
f 2357 2194 2192
f 2199 2357 2356
f 2357 2199 2194
f 917 1149 1154
f 1149 917 1146
f 1148 917 1145
f 1145 917 916
f 917 1148 1146
f 1746 1745 1747
f 1742 1745 1746
f 1745 1742 1744
f 1746 1741 1742
f 1741 1746 1739
f 1756 1817 1815
f 1817 1802 1807
f 1817 1800 1802
f 1817 1757 1800
f 1817 1756 1757
f 2181 2352 2190
f 2352 2181 2350
f 1191 1431 1141
f 1258 1451 1456
f 1258 1448 1449
f 1258 1456 1260
f 1451 1258 1449
f 1448 1258 1446
f 2200 2154 2029
f 2129 2305 2303
f 2305 2134 2135
f 2305 2132 2134
f 2305 2131 2132
f 2305 2129 2131
f 2240 2228 2081
f 2165 2328 2330
f 2159 2328 2165
f 2157 2328 2159
f 2156 2328 2157
f 2328 2156 2145
f 1917 1939 1854
f 1583 1615 1540
f 1720 1727 1719
f 920 1155 918
f 1113 1274 1095
f 1891 1851 1823
f 2355 2353 2189
f 2296 2302 2116
f 2219 2229 2082
f 2067 2091 2008
f 2046 2065 1986
f 1941 1992 1890
f 1761 1818 1808
f 1761 1808 1760
f 1818 1761 1816
f 1702 1713 1720
f 1709 1705 1706
f 1713 1702 1709
f 1702 1705 1709
f 1705 1702 1701
f 1172 929 925
f 1535 1592 1537
f 1592 1535 1580
f 1647 1646 1623
f 1633 1646 1645
f 1621 1646 1633
f 1646 1621 1623
f 1605 1633 1585
f 1259 1447 1226
f 1469 1508 1445
f 922 1163 1155
f 1163 922 924
f 1141 1419 1415
f 1141 1410 1405
f 1419 1141 1431
f 1410 1141 1415
f 1141 1405 1139
f 1746 1740 1739
f 1739 1740 1730
f 2180 2351 2349
f 2351 2188 2189
f 2351 2186 2188
f 2351 2184 2186
f 2351 2180 2184
f 2135 2317 2315
f 2317 2143 2144
f 2317 2141 2143
f 2317 2138 2141
f 2317 2135 2138
f 2240 2087 2242
f 2240 2086 2087
f 2240 2084 2086
f 2240 2083 2084
f 2083 2240 2081
f 1756 1815 1755
f 2123 2092 2015
f 2017 1995 1921
f 2352 2354 2190
f 2354 2357 2190
f 2330 2344 2165
f 2203 2215 2048
f 2114 2259 2116
f 2112 2259 2114
f 2111 2259 2112
f 2104 2259 2111
f 2259 2104 2257
f 2098 2245 2104
f 2094 2245 2098
f 2088 2245 2094
f 2088 2094 2089
f 2245 2088 2243
f 2048 2201 2203
f 2044 2201 2048
f 2038 2201 2044
f 2037 2201 2038
f 2201 2037 2030
f 2155 2201 2030
f 1945 2046 1986
f 1943 2046 1945
f 1942 2046 1943
f 1931 2046 1942
f 2046 1931 2043
f 2093 2124 2016
f 1996 2018 1922
f 1998 2067 2008
f 1998 2008 2000
f 1997 2067 1998
f 1986 2067 1997
f 2067 1986 2065
f 1824 1850 1852
f 1814 1850 1824
f 1810 1850 1814
f 1808 1810 1809
f 1810 1808 1850
f 1896 1917 1854
f 1852 1892 1824
f 1832 1850 1808
f 1762 1816 1761
f 2116 2125 2114
f 2060 2077 2058
f 2019 2008 2016
f 2008 2019 2000
f 1986 1997 1945
f 1903 1890 1902
f 1890 1903 1886
f 1697 1706 1705
f 1706 1697 1696
f 1172 1182 1180
f 1182 1172 1171
f 1531 1529 1516
f 1643 1633 1645
f 1633 1643 1631
f 1547 1530 1544
f 1530 1547 1528
f 1164 1155 1163
f 1155 1164 1153
f 1220 1221 1211
f 1431 1438 1419
f 1741 1739 1738
f 2195 2189 2188
f 2184 2180 2175
f 2138 2135 2134
f 2083 2081 2074
f 2099 2087 2086
f 1757 1756 1753
f 2191 2181 2190
f 2181 2191 2179
f 2165 2166 2159
f 2048 2055 2044
f 2030 2037 2022
f 1931 1942 1928
f 1922 1923 1914
f 1758 1808 1809
f 1808 1758 1760
f 1735 1729 1725
f 1640 1632 1619
f 1404 1432 1430
f 1432 1404 1403
f 1227 1219 1218
f 1496 1478 1477
f 1593 1606 1591
f 1464 1447 1457
f 1447 1464 1443
f 1150 1148 1145
f 1181 1186 1179
f 2199 2196 2194
f 2061 2059 2052
f 2029 2049 2047
f 2049 2029 2028
f 1745 1750 1749
f 1750 1745 1744
f 1841 1855 1853
f 1855 1841 1840
f 2023 2015 2014
f 2171 2176 2169
f 2130 2136 2128
f 1233 1247 1245
f 1247 1233 1232
f 1213 1210 1209
f 1168 1162 1159
f 1156 1154 1149
f 1580 1594 1592
f 1594 1580 1579
f 1551 1543 1534
f 1474 1456 1451
f 1448 1446 1437
f 1581 1586 1550
f 1615 1624 1613
f 1479 1482 1467
f 1508 1517 1506
f 1498 1501 1485
f 1405 1410 1395
f 1302 1303 1278
f 1275 1268 1274
f 1268 1275 1262
f 1246 1253 1238
f 1201 1211 1189
f 1234 1235 1224
f 1173 1174 1167
f 2164 2172 2170
f 2172 2164 2163
f 2160 2144 2143
f 2103 2117 2115
f 2117 2103 2102
f 1837 1823 1822
f 1819 1807 1802
f 2011 2007 1990
f 1987 1985 1929
f 1915 1901 1900
f 1897 1889 1882
f 1929 1921 1920
f 2145 2156 2136
f 2104 2111 2098
f 2089 2082 2088
f 2082 2089 2080
f 1842 1843 1830
f 1824 1825 1814
f 1854 1883 1848
f 1722 1720 1713
f 1691 1686 1685
f 1616 1614 1599
f 1283 1273 1272
f 1398 1301 1298
f 1269 1267 1252
f 1204 1200 1185
f 1511 1507 1496
f 2131 2129 2122
f 1727 1729 1728
f 1727 1725 1729
f 1727 1723 1725
f 1727 1722 1723
f 1722 1727 1720
f 1620 1685 1686
f 1620 1640 1641
f 1620 1686 1622
f 1685 1620 1641
f 1640 1620 1632
f 1632 1620 1604
f 1430 1190 1140
f 1404 1401 1403
f 1116 1398 1401
f 1116 1401 1404
f 1398 1116 1301
f 1301 1116 1114
f 1112 1298 1301
f 1112 1283 1296
f 1112 1301 1114
f 1298 1112 1296
f 1283 1112 1273
f 1233 1230 1232
f 975 1227 1230
f 975 1230 1233
f 1227 975 1219
f 1219 975 973
f 921 1159 1162
f 921 1156 1157
f 921 1162 923
f 1159 921 1157
f 1156 921 1154
f 1580 1535 1514
f 1507 1444 1413
f 1478 1408 1294
f 1192 1437 1446
f 1433 1430 1432
f 1437 1192 1433
f 1192 1430 1433
f 1430 1192 1190
f 1540 1613 1611
f 1540 1606 1593
f 1613 1540 1615
f 1606 1540 1611
f 1540 1593 1538
f 1409 1479 1295
f 1414 1506 1504
f 1414 1501 1498
f 1506 1414 1508
f 1501 1414 1504
f 1414 1498 1412
f 1487 1544 1473
f 1515 1581 1489
f 1151 1155 1153
f 918 1150 1145
f 1151 918 1155
f 1150 918 1151
f 918 1145 916
f 1268 1079 1274
f 1079 1268 1077
f 1441 1447 1443
f 1193 1438 1431
f 1441 1193 1447
f 1438 1193 1441
f 1193 1431 1191
f 1226 1447 1193
f 2355 2199 2356
f 2355 2196 2199
f 2355 2197 2196
f 2355 2195 2197
f 2195 2355 2189
f 2347 2345 2170
f 2327 2164 2329
f 2161 2164 2327
f 2164 2161 2163
f 2327 2160 2161
f 2160 2327 2144
f 2315 2305 2135
f 2200 2047 2202
f 2047 2200 2029
f 1745 1748 1747
f 1748 1745 1749
f 1749 1754 1748
f 1749 1755 1754
f 1755 1753 1756
f 1755 1751 1753
f 1755 1749 1751
f 1751 1749 1750
f 1891 1841 1893
f 1838 1841 1891
f 1841 1838 1840
f 1891 1837 1838
f 1837 1891 1823
f 1849 1831 1807
f 1831 1817 1807
f 2064 2045 1985
f 2040 1929 2042
f 1929 2040 1921
f 1991 1940 1889
f 1938 1916 1853
f 2181 2348 2350
f 2177 2181 2179
f 2181 2177 2348
f 2176 2348 2177
f 2348 2176 2171
f 2346 2348 2171
f 2171 2344 2346
f 2169 2344 2171
f 2167 2344 2169
f 2166 2344 2167
f 2344 2166 2165
f 2130 2302 2304
f 2128 2302 2130
f 2126 2302 2128
f 2125 2302 2126
f 2302 2125 2116
f 2318 2324 2145
f 2324 2328 2145
f 2229 2241 2082
f 2259 2296 2116
f 2078 2219 2082
f 2078 2082 2080
f 2077 2219 2078
f 2060 2219 2077
f 2219 2060 2217
f 2060 2215 2217
f 2058 2215 2060
f 2056 2215 2058
f 2055 2215 2056
f 2215 2055 2048
f 2030 2153 2155
f 2022 2153 2030
f 2020 2153 2022
f 2016 2020 2019
f 2020 2016 2153
f 1890 1939 1941
f 1884 1890 1886
f 1890 1884 1939
f 1883 1939 1884
f 1939 1883 1854
f 1914 1996 1922
f 1904 1996 1914
f 1902 1996 1904
f 1902 1904 1903
f 1996 1902 1994
f 2018 2041 1922
f 2008 2093 2016
f 2093 2008 2091
f 1931 2041 2043
f 1928 2041 1931
f 1924 2041 1928
f 1923 2041 1924
f 2041 1923 1922
f 1842 1892 1894
f 1830 1892 1842
f 1826 1892 1830
f 1825 1892 1826
f 1892 1825 1824
f 1818 1832 1808
f 1720 1719 1702
f 1697 1700 1688
f 1697 1694 1696
f 1687 1697 1688
f 1697 1687 1694
f 1694 1687 1691
f 1691 1687 1686
f 1632 1604 1584
f 1539 1599 1614
f 1595 1592 1594
f 1599 1539 1595
f 1539 1592 1595
f 1592 1539 1537
f 1614 1582 1539
f 1404 1138 1116
f 1233 1056 983
f 1273 1094 1078
f 1273 1112 1094
f 1056 1245 1058
f 1245 1056 1233
f 1245 1074 1058
f 1233 983 975
f 1210 971 961
f 931 1172 1180
f 1172 931 929
f 1200 959 951
f 1180 945 931
f 1172 1169 1171
f 925 1168 1169
f 925 1169 1172
f 1168 925 1162
f 1162 925 923
f 1154 921 919
f 1154 919 917
f 1580 1514 1488
f 1472 1534 1543
f 1472 1531 1532
f 1534 1472 1532
f 1531 1472 1529
f 1529 1472 1470
f 1543 1486 1472
f 1507 1468 1444
f 1468 1516 1529
f 1512 1507 1511
f 1468 1529 1470
f 1516 1468 1512
f 1512 1468 1507
f 1456 1292 1260
f 1446 1258 1225
f 1446 1225 1192
f 1478 1475 1477
f 1292 1474 1475
f 1292 1478 1294
f 1478 1292 1475
f 1474 1292 1456
f 1489 1550 1548
f 1544 1548 1547
f 1550 1489 1581
f 1544 1489 1548
f 1489 1544 1487
f 1629 1633 1631
f 1585 1624 1615
f 1629 1585 1633
f 1624 1585 1629
f 1585 1615 1583
f 1536 1581 1515
f 1536 1591 1589
f 1536 1586 1581
f 1591 1536 1593
f 1586 1536 1589
f 1593 1536 1538
f 1293 1467 1465
f 1457 1465 1464
f 1467 1293 1479
f 1293 1465 1457
f 1479 1293 1295
f 1530 1473 1544
f 1473 1530 1471
f 1526 1530 1528
f 1469 1517 1508
f 1469 1530 1526
f 1517 1469 1526
f 1530 1469 1471
f 1445 1508 1414
f 1409 1485 1483
f 1409 1482 1479
f 1485 1409 1498
f 1482 1409 1483
f 1498 1409 1412
f 1139 1405 1117
f 1095 1274 1079
f 1057 1238 1236
f 1057 1235 1234
f 1238 1057 1246
f 1235 1057 1236
f 1246 1057 1059
f 1075 1246 1059
f 1256 1268 1262
f 1075 1253 1246
f 1075 1268 1256
f 1253 1075 1256
f 1268 1075 1077
f 960 1211 1201
f 1211 960 962
f 1057 1234 984
f 984 1234 976
f 922 1155 920
f 930 1173 926
f 932 1179 1177
f 932 1174 1173
f 1179 932 1181
f 1174 932 1177
f 932 1173 930
f 2353 2351 2189
f 2347 2180 2349
f 2347 2175 2180
f 2347 2173 2175
f 2170 2173 2347
f 2173 2170 2172
f 2343 2329 2164
f 2343 2170 2345
f 2170 2343 2164
f 2323 2317 2144
f 2301 2295 2115
f 2059 2218 2216
f 2218 2074 2081
f 2218 2062 2074
f 2218 2061 2062
f 2218 2059 2061
f 2228 2218 2081
f 2214 2202 2047
f 2214 2059 2216
f 2214 2052 2059
f 2214 2050 2052
f 2047 2050 2214
f 2050 2047 2049
f 2152 2029 2154
f 2026 2029 2152
f 2029 2026 2028
f 2152 2023 2026
f 2023 2152 2015
f 2152 2123 2015
f 1938 1889 1940
f 1938 1882 1889
f 1938 1856 1882
f 1853 1856 1938
f 1856 1853 1855
f 1849 1823 1851
f 1849 1822 1823
f 1849 1820 1822
f 1849 1819 1820
f 1819 1849 1807
f 1916 1895 1853
f 1841 1895 1893
f 1895 1841 1853
f 1985 2066 2064
f 2066 1990 2007
f 2066 1988 1990
f 2066 1987 1988
f 2066 1985 1987
f 1991 1901 1993
f 1991 1900 1901
f 1991 1898 1900
f 1991 1897 1898
f 1897 1991 1889
f 1901 1995 1993
f 1995 1920 1921
f 1995 1918 1920
f 1995 1915 1918
f 1995 1901 1915
f 2040 2017 1921
f 1929 2045 2042
f 2045 1929 1985
f 2136 2318 2145
f 2318 2136 2316
f 2306 2316 2136
f 2245 2257 2104
f 2088 2241 2243
f 2241 2088 2082
f 1902 1992 1994
f 1992 1902 1890
f 1848 1896 1854
f 1844 1896 1848
f 1843 1896 1844
f 1842 1896 1843
f 1896 1842 1894
f 1700 1705 1701
f 1705 1700 1697
f 1686 1687 1622
f 1584 1619 1632
f 1584 1616 1617
f 1619 1584 1617
f 1616 1584 1614
f 1614 1584 1582
f 1140 1404 1430
f 1404 1140 1138
f 1078 1272 1273
f 1078 1269 1270
f 1272 1078 1270
f 1269 1078 1267
f 1267 1078 1076
f 959 1209 1210
f 959 1204 1205
f 959 1210 961
f 1209 959 1205
f 1204 959 1200
f 947 1185 1200
f 1183 1180 1182
f 1185 947 1183
f 947 1180 1183
f 1180 947 945
f 1200 951 947
f 1580 1577 1579
f 1488 1551 1577
f 1488 1577 1580
f 1551 1488 1543
f 1543 1488 1486
f 1413 1496 1507
f 1496 1413 1411
f 1293 1457 1261
f 1259 1457 1447
f 1457 1259 1261
f 1117 1395 1304
f 1117 1303 1302
f 1395 1117 1405
f 1303 1117 1304
f 1117 1302 1115
f 1113 1278 1276
f 1274 1276 1275
f 1278 1113 1302
f 1113 1276 1274
f 1302 1113 1115
f 972 1211 962
f 952 1201 948
f 960 1201 952
f 926 1167 1165
f 1163 1165 1164
f 1167 926 1173
f 1163 926 1165
f 926 1163 924
f 946 1181 932
f 2327 2323 2144
f 2301 2129 2303
f 2301 2122 2129
f 2301 2118 2122
f 2115 2118 2301
f 2118 2115 2117
f 2087 2244 2242
f 2244 2100 2103
f 2103 2100 2102
f 2244 2099 2100
f 2244 2087 2099
f 2090 2066 2007
f 2007 2092 2090
f 2092 2014 2015
f 2092 2012 2014
f 2092 2011 2012
f 2092 2007 2011
f 2130 2306 2136
f 2306 2130 2304
f 1074 1252 1267
f 1248 1245 1247
f 1074 1267 1076
f 1252 1074 1248
f 1248 1074 1245
f 971 1218 1219
f 971 1213 1216
f 971 1219 973
f 1218 971 1216
f 1213 971 1210
f 1408 1496 1411
f 1496 1408 1478
f 976 1224 1222
f 1220 1222 1221
f 1224 976 1234
f 1220 976 1222
f 976 1220 974
f 972 1220 1211
f 1220 972 974
f 1187 1201 1189
f 948 1186 1181
f 1187 948 1201
f 1186 948 1187
f 948 1181 946
f 2295 2258 2115
f 2256 2244 2103
f 2103 2258 2256
f 2258 2103 2115
f 1760 1764 1763
f 1758 1764 1760
f 1761 1763 1762
f 1760 1763 1761
f 1764 1758 1765
f 1765 1758 1759
f 1765 1759 1766
f 1798 1797 1799
f 1798 1795 1797
f 1798 1793 1795
f 1798 1791 1793
f 1798 1789 1791
f 1798 1787 1789
f 1798 1785 1787
f 1764 1785 1798
f 1785 1764 1783
f 1783 1764 1781
f 1781 1764 1779
f 1767 1764 1768
f 1769 1764 1767
f 1771 1764 1769
f 1773 1764 1771
f 1775 1764 1773
f 1777 1764 1775
f 1779 1764 1777
f 1796 1799 1797
f 1794 1799 1796
f 1792 1799 1794
f 1790 1799 1792
f 1788 1799 1790
f 1786 1799 1788
f 1765 1786 1784
f 1765 1784 1782
f 1765 1782 1780
f 1765 1780 1778
f 1786 1765 1799
f 1776 1765 1778
f 1774 1765 1776
f 1772 1765 1774
f 1770 1765 1772
f 1768 1765 1770
f 1765 1768 1764
f 1644 1650 1651
f 1643 1650 1644
f 1649 1645 1648
f 1648 1646 1647
f 1648 1645 1646
f 1650 1643 1649
f 1649 1643 1645
f 1684 1682 1683
f 1684 1681 1682
f 1684 1679 1681
f 1684 1677 1679
f 1684 1675 1677
f 1684 1673 1675
f 1684 1671 1673
f 1650 1671 1684
f 1671 1650 1669
f 1669 1650 1667
f 1667 1650 1665
f 1653 1650 1652
f 1655 1650 1653
f 1657 1650 1655
f 1659 1650 1657
f 1661 1650 1659
f 1663 1650 1661
f 1665 1650 1663
f 1680 1683 1682
f 1678 1683 1680
f 1676 1683 1678
f 1674 1683 1676
f 1672 1683 1674
f 1670 1683 1672
f 1649 1670 1668
f 1649 1668 1666
f 1649 1666 1664
f 1649 1664 1662
f 1670 1649 1683
f 1660 1649 1662
f 1658 1649 1660
f 1656 1649 1658
f 1654 1649 1656
f 1652 1649 1654
f 1649 1652 1650
f 1797 1980 1796
f 1980 1797 1981
f 1375 1681 1374
f 1681 1375 1682
f 1796 1976 1794
f 1976 1796 1980
f 1374 1679 1372
f 1679 1374 1681
f 1006 934 1007
f 934 1006 933
f 2341 2268 2342
f 2268 2341 2267
f 1947 1768 1948
f 1768 1947 1767
f 1652 1326 1653
f 1326 1652 1325
f 1027 980 1031
f 980 1027 964
f 2282 2300 2314
f 2300 2282 2284
f 1780 1964 1962
f 1964 1780 1782
f 1346 1667 1665
f 1667 1346 1350
f 1788 1972 1970
f 1972 1788 1790
f 1362 1675 1673
f 1675 1362 1364
f 1013 950 1015
f 950 1013 944
f 2274 2326 2332
f 2326 2274 2276
f 1954 1774 1956
f 1774 1954 1772
f 1657 1334 1659
f 1334 1657 1332
f 1019 958 1023
f 958 1019 954
f 2278 2320 2322
f 2320 2278 2280
f 1776 1960 1958
f 1960 1776 1778
f 1338 1663 1661
f 1663 1338 1342
f 985 1034 1038
f 1034 985 981
f 2285 2293 2287
f 2293 2285 2297
f 1785 1965 1967
f 1965 1785 1783
f 1357 1668 1670
f 1668 1357 1353
f 1791 1975 1793
f 1975 1791 1973
f 1367 1678 1371
f 1678 1367 1676
f 1794 1974 1792
f 1974 1794 1976
f 1372 1677 1368
f 1677 1372 1679
f 2286 2294 2298
f 2294 2286 2288
f 1035 986 1039
f 986 1035 982
f 1784 1968 1966
f 1968 1784 1786
f 1354 1671 1669
f 1671 1354 1358
f 1042 1039 986
f 2291 2294 2288
f 1786 1970 1968
f 1970 1786 1788
f 1358 1673 1671
f 1673 1358 1362
f 1009 944 1013
f 944 1009 936
f 2272 2332 2340
f 2332 2272 2274
f 1952 1772 1954
f 1772 1952 1770
f 1655 1332 1657
f 1332 1655 1328
f 1007 936 1009
f 936 1007 934
f 2268 2340 2342
f 2340 2268 2272
f 1948 1770 1952
f 1770 1948 1768
f 1653 1328 1655
f 1328 1653 1326
f 1023 964 1027
f 964 1023 958
f 2280 2314 2320
f 2314 2280 2282
f 1778 1962 1960
f 1962 1778 1780
f 1342 1665 1663
f 1665 1342 1346
f 957 1018 1022
f 1018 957 953
f 2277 2319 2279
f 2319 2277 2321
f 1777 1957 1959
f 1957 1777 1775
f 1341 1660 1662
f 1660 1341 1337
f 949 1012 1014
f 1012 949 943
f 2325 2273 2331
f 2273 2325 2275
f 1955 1771 1953
f 1771 1955 1773
f 1658 1331 1656
f 1331 1658 1333
f 953 1014 1018
f 1014 953 949
f 2275 2321 2277
f 2321 2275 2325
f 1775 1955 1957
f 1955 1775 1773
f 1337 1658 1660
f 1658 1337 1333
f 935 1006 1008
f 1006 935 933
f 2339 2267 2341
f 2267 2339 2271
f 1951 1767 1947
f 1767 1951 1769
f 1654 1325 1652
f 1325 1654 1327
f 1792 1972 1790
f 1972 1792 1974
f 1368 1675 1364
f 1675 1368 1677
f 1031 982 1035
f 982 1031 980
f 2284 2298 2300
f 2298 2284 2286
f 1782 1966 1964
f 1966 1782 1784
f 1350 1669 1667
f 1669 1350 1354
f 1015 954 1019
f 954 1015 950
f 2276 2322 2326
f 2322 2276 2278
f 1774 1958 1956
f 1958 1774 1776
f 1334 1661 1659
f 1661 1334 1338
f 1038 1041 985
f 2293 2290 2287
f 1787 1967 1969
f 1967 1787 1785
f 1361 1670 1672
f 1670 1361 1357
f 1789 1969 1971
f 1969 1789 1787
f 1363 1672 1674
f 1672 1363 1361
f 1789 1973 1791
f 1973 1789 1971
f 1363 1676 1367
f 1676 1363 1674
f 1793 1979 1795
f 1979 1793 1975
f 1371 1680 1373
f 1680 1371 1678
f 1795 1981 1797
f 1981 1795 1979
f 1373 1682 1375
f 1682 1373 1680
f 963 1022 1026
f 1022 963 957
f 2279 2313 2281
f 2313 2279 2319
f 1779 1959 1961
f 1959 1779 1777
f 1345 1662 1664
f 1662 1345 1341
f 979 1026 1030
f 1026 979 963
f 2281 2299 2283
f 2299 2281 2313
f 1781 1961 1963
f 1961 1781 1779
f 1349 1664 1666
f 1664 1349 1345
f 981 1030 1034
f 1030 981 979
f 2283 2297 2285
f 2297 2283 2299
f 1783 1963 1965
f 1963 1783 1781
f 1353 1666 1668
f 1666 1353 1349
f 943 1008 1012
f 1008 943 935
f 2331 2271 2339
f 2271 2331 2273
f 1953 1769 1951
f 1769 1953 1771
f 1656 1327 1654
f 1327 1656 1331
f 1144 1393 1143
f 1393 1144 1394
f 1143 1391 1137
f 1391 1143 1393
f 1029 1352 1348
f 1352 1029 1033
f 1379 1097 1381
f 1097 1379 1087
f 1036 1351 1355
f 1351 1036 1032
f 1132 1387 1119
f 1135 1387 1132
f 1387 1135 1389
f 1360 1061 1366
f 1061 1360 1045
f 1370 1081 1377
f 1370 1072 1081
f 1072 1370 1067
f 1310 993 1312
f 993 1310 991
f 1043 1039 1042
f 1035 1043 1037
f 1043 1035 1039
f 1033 1035 1037
f 1033 1031 1035
f 1029 1031 1033
f 1025 1031 1029
f 1031 1025 1027
f 1021 1027 1025
f 1017 1027 1021
f 1027 1017 1023
f 1011 1023 1017
f 1005 1023 1011
f 1023 1005 1019
f 1003 1019 1005
f 1019 1003 1015
f 1001 1015 1003
f 1015 999 1013
f 999 1015 1001
f 1038 1040 1041
f 1034 1040 1038
f 1040 1034 1036
f 1034 1032 1036
f 1030 1032 1034
f 1030 1028 1032
f 1024 1030 1026
f 1030 1024 1028
f 1016 1026 1022
f 1026 1020 1024
f 1004 1022 1018
f 1026 1016 1020
f 1002 1018 1014
f 998 1014 1012
f 1022 1010 1016
f 994 1012 1008
f 990 1008 1006
f 1022 1004 1010
f 997 1013 999
f 995 1013 997
f 1018 1002 1004
f 1013 995 1009
f 1014 1000 1002
f 993 1009 995
f 1014 998 1000
f 991 1009 993
f 1012 996 998
f 1009 991 1007
f 1012 994 996
f 989 1007 991
f 1008 992 994
f 987 1007 989
f 1008 990 992
f 1007 987 1006
f 1006 988 990
f 1006 987 988
f 1316 999 1318
f 999 1316 997
f 1021 1344 1340
f 1344 1021 1025
f 1380 1102 1099
f 1380 1099 1096
f 1102 1380 1382
f 1388 1136 1134
f 1136 1388 1390
f 1004 1321 1323
f 1321 1004 1002
f 1309 988 1307
f 988 1309 990
f 1137 1389 1135
f 1389 1137 1391
f 1106 1383 1103
f 1111 1383 1106
f 1383 1111 1385
f 1119 1385 1111
f 1385 1119 1387
f 1356 1045 1360
f 1037 1045 1356
f 1045 1037 1043
f 1033 1356 1352
f 1356 1033 1037
f 1377 1087 1379
f 1377 1084 1087
f 1084 1377 1081
f 1314 997 1316
f 997 1314 995
f 1308 991 1310
f 991 1308 989
f 1306 989 1308
f 989 1306 987
f 1307 987 1306
f 987 1307 988
f 1003 1324 1322
f 1324 1003 1005
f 1005 1330 1324
f 1330 1005 1011
f 1025 1348 1344
f 1348 1025 1029
f 1060 1359 1365
f 1359 1060 1044
f 1066 1365 1369
f 1063 1365 1066
f 1365 1063 1060
f 1024 1339 1343
f 1339 1024 1020
f 1032 1347 1351
f 1347 1032 1028
f 1315 994 1313
f 994 1315 996
f 1100 1381 1097
f 1103 1381 1100
f 1381 1103 1383
f 1366 1067 1370
f 1366 1064 1067
f 1064 1366 1061
f 1312 995 1314
f 995 1312 993
f 1375 1394 1392
f 1373 1392 1390
f 1394 1375 1393
f 1373 1390 1388
f 1374 1393 1375
f 1371 1388 1386
f 1393 1374 1391
f 1371 1386 1384
f 1391 1374 1389
f 1367 1384 1382
f 1372 1389 1374
f 1367 1382 1380
f 1389 1372 1387
f 1363 1380 1378
f 1387 1372 1385
f 1361 1378 1376
f 1368 1385 1372
f 1385 1368 1383
f 1392 1373 1375
f 1388 1371 1373
f 1361 1376 1369
f 1384 1367 1371
f 1357 1369 1365
f 1380 1363 1367
f 1378 1361 1363
f 1357 1365 1359
f 1369 1357 1361
f 1353 1359 1355
f 1359 1353 1357
f 1351 1353 1355
f 1351 1349 1353
f 1347 1349 1351
f 1343 1349 1347
f 1349 1343 1345
f 1339 1345 1343
f 1335 1345 1339
f 1345 1335 1341
f 1329 1341 1335
f 1323 1341 1329
f 1341 1323 1337
f 1321 1337 1323
f 1337 1321 1333
f 1319 1333 1321
f 1333 1317 1331
f 1317 1333 1319
f 1383 1368 1381
f 1364 1381 1368
f 1381 1364 1379
f 1362 1379 1364
f 1379 1362 1377
f 1377 1362 1370
f 1358 1370 1362
f 1370 1358 1366
f 1366 1358 1360
f 1354 1360 1358
f 1360 1354 1356
f 1354 1352 1356
f 1350 1352 1354
f 1350 1348 1352
f 1344 1350 1346
f 1350 1344 1348
f 1336 1346 1342
f 1346 1340 1344
f 1324 1342 1338
f 1346 1336 1340
f 1322 1338 1334
f 1318 1334 1332
f 1342 1330 1336
f 1314 1332 1328
f 1310 1328 1326
f 1342 1324 1330
f 1315 1331 1317
f 1313 1331 1315
f 1338 1322 1324
f 1331 1313 1327
f 1334 1320 1322
f 1311 1327 1313
f 1334 1318 1320
f 1309 1327 1311
f 1332 1316 1318
f 1327 1309 1325
f 1332 1314 1316
f 1307 1325 1309
f 1328 1312 1314
f 1306 1325 1307
f 1328 1310 1312
f 1325 1306 1326
f 1326 1308 1310
f 1326 1306 1308
f 1001 1322 1320
f 1322 1001 1003
f 1318 1001 1320
f 1001 1318 999
f 1017 1340 1336
f 1340 1017 1021
f 1011 1336 1330
f 1336 1011 1017
f 1044 1355 1359
f 1036 1044 1040
f 1044 1036 1355
f 1086 1376 1378
f 1083 1376 1086
f 1376 1083 1080
f 1096 1378 1380
f 1378 1096 1086
f 1080 1369 1376
f 1071 1369 1080
f 1369 1071 1066
f 1382 1110 1105
f 1382 1105 1102
f 1110 1382 1384
f 1384 1118 1110
f 1118 1384 1386
f 1386 1134 1131
f 1386 1131 1118
f 1134 1386 1388
f 1390 1142 1136
f 1142 1390 1392
f 1392 1144 1142
f 1144 1392 1394
f 1010 1323 1329
f 1323 1010 1004
f 1016 1329 1335
f 1329 1016 1010
f 1020 1335 1339
f 1335 1020 1016
f 1028 1343 1347
f 1343 1028 1024
f 1317 996 1315
f 996 1317 998
f 1319 998 1317
f 998 1319 1000
f 1002 1319 1321
f 1319 1002 1000
f 1311 990 1309
f 990 1311 992
f 1313 992 1311
f 992 1313 994
f 1978 2248 2251
f 1978 2238 2248
f 1978 2226 2238
f 1978 2222 2226
f 1982 2222 1978
f 2222 1982 2206
f 2206 1982 2185
f 1950 2292 2270
f 1978 2292 1950
f 2292 1978 2254
f 2254 1978 2251
f 2266 1950 2270
f 1950 2266 1946
f 2289 2287 2290
f 2289 2285 2287
f 2289 2283 2285
f 2289 2281 2283
f 2269 2281 2289
f 2281 2269 2279
f 2279 2269 2277
f 2269 2275 2277
f 2269 2273 2275
f 2266 2273 2269
f 2273 2266 2271
f 2267 2266 2268
f 2271 2266 2267
f 2288 2292 2291
f 2286 2292 2288
f 2284 2292 2286
f 2282 2292 2284
f 2270 2282 2280
f 2270 2280 2278
f 2282 2270 2292
f 2276 2270 2278
f 2274 2270 2276
f 2266 2274 2272
f 2266 2272 2268
f 2274 2266 2270
f 2269 1946 2266
f 1946 2269 1949
f 1982 1980 1981
f 1974 1982 1978
f 1982 1976 1980
f 1982 1974 1976
f 1978 1972 1974
f 1978 1970 1972
f 1978 1968 1970
f 1978 1966 1968
f 1978 1964 1966
f 1950 1964 1978
f 1964 1950 1962
f 1962 1950 1960
f 1950 1958 1960
f 1950 1956 1958
f 1950 1954 1956
f 1946 1954 1950
f 1954 1946 1952
f 1948 1946 1947
f 1952 1946 1948
f 1979 1982 1981
f 1975 1982 1979
f 1973 1982 1975
f 1982 1973 1977
f 1971 1977 1973
f 1969 1977 1971
f 1967 1977 1969
f 1965 1977 1967
f 1963 1977 1965
f 1949 1963 1961
f 1949 1961 1959
f 1963 1949 1977
f 1957 1949 1959
f 1955 1949 1957
f 1953 1949 1955
f 1946 1953 1951
f 1946 1951 1947
f 1953 1946 1949
f 1977 2289 2253
f 1977 2253 2250
f 2289 1977 1949
f 2289 1949 2269
f 1982 2205 2185
f 1982 2221 2205
f 1977 2221 1982
f 2221 1977 2225
f 2225 1977 2237
f 2237 1977 2247
f 2247 1977 2250
