# https://github.com/mikedh/trimesh
v 6.97372055 -3.00000000 -54.00000000
v 6.63439989 -2.36517549 -54.00000000
v 6.33732510 -1.70951772 -54.00000000
v 6.08376837 -1.03583407 -54.00000000
v 5.87481594 -0.34700951 -54.00000000
v 5.71136189 0.35400647 -54.00000000
v 5.59410667 1.06421185 -54.00000000
v 5.52355194 1.78056562 -54.00000000
v 9.24719620 -5.77023792 -54.00000000
v 11.63482475 -7.36560011 -54.00000000
v 10.38872719 -6.64616585 -54.00000000
v 9.80362415 -6.22688675 -54.00000000
v 11.00000000 -7.02627945 -54.00000000
v 8.72182560 -5.27817440 -54.00000000
v 8.22976208 -4.75280380 -54.00000000
v 7.77311325 -4.19637585 -54.00000000
v 7.35383415 -3.61127257 -54.00000000
v 12.29048252 -7.66267490 -54.00000000
v 12.96416569 -7.91623163 -54.00000000
v 13.65299034 -8.12518406 -54.00000000
v 14.35400677 -8.28863811 -54.00000000
v 15.06421185 -8.40589333 -54.00000000
v 15.78056526 -8.47644806 -54.00000000
v 11.62653542 0.48134491 -54.00000000
v 11.50494385 0.80440682 -54.00000000
v 11.40474129 1.13472950 -54.00000000
v 11.32635784 1.47089851 -54.00000000
v 11.27012825 1.81147432 -54.00000000
v 11.23629379 2.15499854 -54.00000000
v 13.28878307 -1.68493891 -54.00000000
v 13.86250019 -2.06828403 -54.00000000
v 13.56936741 -1.88600218 -54.00000000
v 12.53404522 -0.97804916 -54.00000000
v 12.77001190 -1.22998822 -54.00000000
v 12.31506157 -0.71121651 -54.00000000
v 12.11399746 -0.43063298 -54.00000000
v 13.02195072 -1.46595502 -54.00000000
v 14.48134518 -2.37346458 -54.00000000
v 14.80440712 -2.49505639 -54.00000000
v 15.13472939 -2.59525871 -54.00000000
v 14.16692734 -2.23100376 -54.00000000
v 15.47089863 -2.67364240 -54.00000000
v 15.81147480 -2.72987175 -54.00000000
v 16.15499878 -2.76370573 -54.00000000
v 11.93171597 -0.13750000 -54.00000000
v 11.76899624 0.16692716 -54.00000000
v 4.50000000 -4.50000000 -21.00000000
v 4.50000000 -4.50000000 -14.00000000
v 1.02812755 -4.79999971 -6.91012573
v 0.91706330 -4.79999971 -6.39478588
v 1.84937716 -4.79999971 -8.24391937
v 1.22468734 -4.79999971 -7.39928293
v 1.50108767 -4.79999971 -7.84818602
v 2.06216288 -4.79999971 -6.31769228
v 2.17576265 -4.79999971 -6.72684240
v 0.89468950 -4.79999971 -5.86808777
v 0.96164978 -4.79999971 -5.34518528
v 1.11601782 -4.79999971 -4.84112072
v 2.03917384 -4.79999971 -5.89368725
v 2.10787106 -4.79999971 -5.47465324
v 1.35335302 -4.79999971 -4.37039471
v 1.66682708 -4.79999971 -3.94654965
v 2.04742241 -4.79999971 -3.58177853
v 2.25953627 -4.79999971 -8.57509995
v 2.71976519 -4.79999971 -8.83219910
v 3.21682429 -4.79999971 -9.00782204
v 2.64956021 -4.79999971 -7.42564201
v 2.37466192 -4.79999971 -7.10200691
v 2.43908763 -4.50001144 -6.56812572
v 2.61218095 -4.50001144 -6.91278267
v 2.98760390 -4.79999971 -7.68261528
v 3.37298584 -4.79999971 -7.86091232
v 2.86009216 -4.50001144 -7.20823193
v 3.16945577 -4.50001144 -7.43854475
v 3.73641372 -4.79999971 -9.09691429
v 4.26358604 -4.79999971 -9.09691429
v 3.78768587 -4.79999971 -7.95219469
v 3.52359438 -4.50001144 -7.59130478
v 3.90341640 -4.50001144 -7.65827751
v 4.21231365 -4.79999971 -7.95219469
v 4.28844500 -4.50001144 -7.63585281
v 4.78317595 -4.79999971 -9.00782204
v 5.28023481 -4.79999971 -8.83219910
v 5.74046373 -4.79999971 -8.57509995
v 4.62701416 -4.79999971 -7.86091232
v 5.01239586 -4.79999971 -7.68261528
v 4.65792322 -4.50001144 -7.52523804
v 4.99193287 -4.50001144 -7.33239698
v 5.35043955 -4.79999971 -7.42564201
v 5.62533808 -4.79999971 -7.10200691
v 5.27246714 -4.50001144 -7.06772709
v 5.48440266 -4.50001144 -6.74549532
v 5.61631298 -4.50001144 -6.38307333
v 6.15062284 -4.79999971 -8.24391937
v 5.82423735 -4.79999971 -6.72684240
v 5.93783760 -4.79999971 -6.31769228
v 6.49891281 -4.79999971 -7.84818602
v 6.77531242 -4.79999971 -7.39928293
v 6.97187233 -4.79999971 -6.91012573
v 2.26504183 -4.79999971 -5.08018398
v 2.50333762 -4.79999971 -4.72872353
v 2.35014343 -4.50001144 -6.19284058
v 2.35014343 -4.50001144 -5.80715942
v 2.43908763 -4.50001144 -5.43187428
v 2.61218095 -4.50001144 -5.08721733
v 2.86009216 -4.50001144 -4.79176807
v 2.81161571 -4.79999971 -4.43670702
v 2.48418999 -4.79999971 -3.28657508
v 3.17546129 -4.79999971 -4.21778870
v 2.96456456 -4.79999971 -3.06943202
v 3.16945577 -4.50001144 -4.56145573
v 3.57786131 -4.79999971 -4.08220387
v 4.00000000 -4.79999971 -4.03629398
v 3.47472668 -4.79999971 -2.93659639
v 3.52359438 -4.50001144 -4.40869474
v 3.90341640 -4.50001144 -4.34172201
v 4.42213869 -4.79999971 -4.08220387
v 4.52527332 -4.79999971 -2.93659639
v 4.28844500 -4.50001144 -4.36414766
v 4.00000000 -4.79999971 -2.89188886
v 4.99193287 -4.50001144 -4.66760254
v 5.49666214 -4.79999971 -4.72872353
v 5.73495817 -4.79999971 -5.08018398
v 5.66108799 -4.50001144 -6.00000000
v 5.61631298 -4.50001144 -5.61692667
v 5.48440266 -4.50001144 -5.25450516
v 5.27246714 -4.50001144 -4.93227291
v 4.82453871 -4.79999971 -4.21778870
v 5.18838406 -4.79999971 -4.43670702
v 5.03543568 -4.79999971 -3.06943202
v 4.65792322 -4.50001144 -4.47476196
v 5.51581001 -4.79999971 -3.28657508
v 5.96082640 -4.79999971 -5.89368725
v 5.89212894 -4.79999971 -5.47465324
v 6.88398266 -4.79999971 -4.84112072
v 6.33317280 -4.79999971 -3.94654965
v 5.95257759 -4.79999971 -3.58177853
v 6.64664698 -4.79999971 -4.37039471
v 6.97372055 -3.00000000 -21.00000000
v 6.63439989 -2.36517549 -21.00000000
v 6.33732510 -1.70951772 -21.00000000
v 6.08376837 -1.03583407 -21.00000000
v 5.87481594 -0.34700951 -21.00000000
v 5.71136189 0.35400647 -21.00000000
v 5.59410667 1.06421185 -21.00000000
v 5.52355194 1.78056562 -21.00000000
v 3.19265699 -0.00000003 -18.00000000
v 4.50000000 -0.00000003 -18.00000000
v 4.50000000 0.00000000 -14.00000000
v 6.87500000 -0.00000000 -14.00000000
v -0.87255234 0.02679492 -10.08724594
v -0.90428710 0.05857864 -10.11386681
v -0.83559638 0.00681483 -10.05624676
v -0.72200531 0.00000000 -10.10950661
v -0.94394577 0.14823619 -10.14713287
v -0.87284935 0.19650951 -10.24078465
v -0.92863810 0.09999999 -10.13429260
v -0.32191065 0.00681483 -10.59969807
v -0.27203572 0.08601253 -10.79871655
v -0.35494077 0.02679492 -10.63485050
v -0.38330439 0.05857864 -10.66503620
v -0.28831837 0.05734991 -10.75082970
v -0.22869724 0.00666508 -10.68477821
v -0.18335104 0.00309682 -10.70465469
v -0.12247203 0.00309157 -10.76432705
v -0.14949849 0.00309378 -10.73725319
v -0.19438961 -0.00000000 -10.64677143
v -0.19904740 0.03018982 -10.78757191
v -0.24020918 0.08599859 -10.82937336
v -0.22106254 0.05432832 -10.80992889
v -0.21480006 0.08598828 -10.85483360
v -0.17290355 0.03018318 -10.81376266
v -0.14810541 0.01299851 -10.78945351
v -0.14722247 0.03017715 -10.84041595
v -0.14130667 0.08596288 -10.93386745
v -0.17001605 0.05431189 -10.86198330
v -0.19531143 0.05431972 -10.83572865
v -0.18984061 0.08597889 -10.88074112
v -0.26071823 0.02621608 -10.72025299
v -0.20797424 0.01300904 -10.73077011
v -0.23179434 0.03019882 -10.75603485
v -0.25331753 0.05433997 -10.77886391
v -0.17468342 0.01300297 -10.76282978
v -0.28561315 0.12192172 -10.81311703
v -0.32331508 0.14543200 -10.78960228
v -0.29366273 0.15953578 -10.82165527
v -0.40506855 0.09999999 -10.68820000
v -0.41875008 0.14823619 -10.70276165
v -0.30965808 0.09799148 -10.77447128
v -0.32837903 0.19650951 -10.79521179
v -0.20422249 0.12188405 -10.89435005
v -0.25409815 0.12190612 -10.84347820
v -0.22893772 0.12189457 -10.86869144
v -0.21275140 0.15949574 -10.90241909
v -0.23732112 0.15950693 -10.87690926
v -0.26233339 0.15951920 -10.85184097
v -0.15616322 0.12186608 -10.94696140
v -0.16497484 0.15947661 -10.95472717
v -1.94537473 0.00681483 -8.11864281
v -1.99081206 0.02679492 -8.13483429
v -2.02982998 0.05857864 -8.14873791
v -2.05976963 0.09999999 -8.15940762
v -2.07859063 0.14823619 -8.16611385
v -2.05687213 0.19650951 -8.24571133
v -1.32176387 0.02679492 -9.48226547
v -1.35642433 0.05857864 -9.50494576
v -1.65306616 0.00681483 -8.80695057
v -1.69626963 0.02679492 -8.82840252
v -1.73336923 0.05857864 -8.84682369
v -1.86937547 0.00000000 -8.17619228
v -1.56560183 0.00000000 -8.86521530
v -1.77973223 0.14823619 -8.86984444
v -1.74339461 0.19650951 -8.95674515
v -1.39973927 0.14823619 -9.53328896
v -1.38302028 0.09999999 -9.52234840
v -1.34680736 0.19650951 -9.62499237
v -1.76183689 0.09999999 -8.86095905
v -2.20125675 0.02679492 -7.41129780
v -2.24164534 0.05857864 -7.42048931
v -2.15422344 0.00681483 -7.40059376
v -2.08821630 0.00000000 -7.45567989
v -2.36584163 0.05857864 -6.67230034
v -2.27667999 0.00681483 -6.66288376
v -2.21895814 0.00000000 -6.71410179
v -2.32464933 0.02679492 -6.66794968
v -2.29211855 0.14823619 -7.43197632
v -2.27263665 0.09999999 -7.42754221
v -2.28270388 0.19650951 -7.50218105
v -2.39744949 0.09999999 -6.67563820
v -2.41731930 0.14823619 -6.67773676
v -2.41762233 0.19650951 -6.73691368
v -1.18129146 0.00000000 -9.51277637
v -1.28140092 0.00681483 -9.45585442
v 0.31534058 0.02621608 -11.58816528
v 0.27644476 0.05734991 -11.60172367
v 0.44542605 0.00681483 -11.82043076
v 0.36046654 0.00666508 -11.57243538
v 0.40881497 -0.00000000 -11.55558205
v 0.35951334 0.05857864 -11.84628296
v 0.39924449 0.02679492 -11.83445549
v 0.46967715 0.11952885 -12.30628872
v 0.45686647 0.15674698 -12.30628872
v 0.45191631 0.19650951 -12.30628872
v 0.30946463 0.14823619 -11.85989952
v 0.29865134 0.19650951 -11.84923935
v 0.32890362 0.09999999 -11.85499763
v 0.37596139 0.19650951 -12.07753658
v 0.24637151 0.09799148 -11.61220646
v 0.22712526 0.14543200 -11.61891556
v 0.21998876 0.19650951 -11.62140369
v 0.49020618 0.08494659 -12.30628872
v 0.51655912 0.05576929 -12.30628872
v 0.54875088 0.03164599 -12.30628872
v 0.58417356 0.01431609 -12.30628872
v 0.62277782 0.00356992 -12.30628872
v 0.66235906 -0.00000000 -12.30628872
v 0.57946312 -0.00000000 -12.05550766
v 0.49494725 -0.00000000 -11.80526829
v -0.05002826 0.08594188 -11.04509449
v -0.00337035 0.03015350 -11.00950050
v -0.02832350 0.05428110 -11.02853680
v 0.15900719 0.03015477 -11.25681686
v 0.13162060 0.05428278 -11.27214527
v 0.10779928 0.08594392 -11.28547859
v -0.09592396 0.00308958 -10.79187870
v 0.00529264 0.00308373 -10.90666199
v -0.04430138 0.00308625 -10.84837437
v -0.09728562 0.03016690 -10.89507103
v -0.04931089 0.03015903 -10.95145798
v -0.12199786 0.01299447 -10.81654930
v -0.07123181 0.01298762 -10.87210846
v -0.12082911 0.05429856 -10.91582108
v -0.09467923 0.08595055 -10.98867607
v -0.07357460 0.05428831 -10.97136402
v -0.02246061 0.01298238 -10.92943096
v 0.02424246 0.01297870 -10.98843479
v 0.05278355 0.00308196 -10.96666145
v 0.05669790 0.00000012 -10.91453934
v 0.22063760 0.00308233 -11.22231960
v 0.25953728 0.00000012 -11.22014427
v 0.18931296 0.01297953 -11.23985291
v -0.10999149 0.12185223 -11.00123882
v -0.06577646 0.12184249 -11.05710888
v -0.11907432 0.15946183 -11.00869083
v -0.07511859 0.15945145 -11.06423473
v -0.10018890 0.19640958 -11.03869057
v 0.09051552 0.12184480 -11.29515457
v 0.08026265 0.15945393 -11.30089283
v 0.08420496 0.19640958 -11.31650543
v 0.98807478 0.00000000 -6.92239189
v 0.87551361 0.00000000 -6.40010595
v 1.82039261 0.00000000 -8.27416229
v 2.23607945 0.00000000 -8.60980511
v 1.18728352 0.00000000 -7.41814184
v 1.46740901 0.00000000 -7.87309456
v -2.35925770 0.02679492 -5.91522503
v -2.40067554 0.05857864 -5.91467285
v -2.31102610 0.00681483 -5.91586781
v -2.25970864 0.00000000 -5.96219110
v -2.25677896 0.00681483 -5.17003345
v -2.20987844 0.00000000 -5.21082783
v -2.30459619 0.02679492 -5.16369057
v -2.34565783 0.05857864 -5.15824366
v -2.43245649 0.09999999 -5.91424942
v -2.45243478 0.14823619 -5.91398287
v -2.45967460 0.19650951 -5.96098375
v -2.37716556 0.09999999 -5.15406418
v -2.39697218 0.14823619 -5.15143681
v -2.40825248 0.19650951 -5.18561745
v -2.20156121 0.05857864 -4.41363049
v -2.11470032 0.00681483 -4.43584967
v -2.07018828 0.00000000 -4.47088337
v -2.16143179 0.02679492 -4.42389584
v -1.93177450 0.02679492 -3.70622635
v -1.97040796 0.05857864 -3.69128704
v -2.23235345 0.09999999 -4.40575409
v -2.25171018 0.14823619 -4.40080261
v -2.26409984 0.19650951 -4.42203617
v -2.00005245 0.09999999 -3.67982364
v -2.01868796 0.14823619 -3.67261744
v -2.02930307 0.19650951 -3.68128824
v -1.88678491 0.00681483 -3.72362351
v -1.84265971 0.00000000 -3.75306630
v -1.61893559 0.02679492 -3.02092123
v -1.65553164 0.05857864 -3.00151873
v -1.57631874 0.00681483 -3.04351616
v -1.53058517 0.00000000 -3.06776333
v -1.68361282 0.09999999 -2.98663044
v -1.70126534 0.14823619 -2.97727132
v -1.70725930 0.19650951 -2.97409344
v -1.18740070 0.00681483 -2.40458632
v -1.26108885 0.05857864 -2.35351253
v -1.22704530 0.02679492 -2.37710834
v -1.13848054 0.00000000 -2.42489147
v -0.72574979 0.00681483 -1.81629169
v -0.79288018 0.05857864 -1.75686121
v -0.76186627 0.02679492 -1.78431773
v -1.28721142 0.09999999 -2.33540678
v -1.30363286 0.14823619 -2.32402515
v -1.30262876 0.19650951 -2.31068492
v -0.81667805 0.09999999 -1.73579288
v -0.83163792 0.14823619 -1.72254896
v -0.82126701 0.19650951 -1.70066249
v -0.67201966 0.00000000 -1.83375299
v -0.19775979 0.00681483 -1.28672731
v -0.13795255 0.00000000 -1.30290174
v -0.22984110 0.02679492 -1.25070620
v -0.25738996 0.05857864 -1.21977425
v -0.27852890 0.09999999 -1.19603920
v -0.29181743 0.14823619 -1.18111873
v -0.27013913 0.19650951 -1.15285349
v 0.85283822 0.00000000 -5.86631012
v 0.92070103 0.00000000 -5.33636045
v 1.07714963 0.00000000 -4.82550192
v 1.31768322 0.00000000 -4.34843206
v 1.63538218 0.00000000 -3.91887450
v 2.02110720 0.00000000 -3.54918742
v 0.38915756 0.00681483 -0.82332700
v 0.45599264 0.00000000 -0.84001994
v 0.36156178 0.02679492 -0.78376436
v 0.33786473 0.05857864 -0.74979115
v 0.31968135 0.09999999 -0.72372258
v 0.30825078 0.14823619 -0.70733517
v 0.34277961 0.19650951 -0.67518479
v 1.02676320 0.00681483 -0.43259576
v 0.98452777 0.05857864 -0.35350949
v 1.00404036 0.02679492 -0.39004698
v 0.96955526 0.09999999 -0.32547331
v 0.96014309 0.14823619 -0.30784902
v 1.00862002 0.19650951 -0.27456868
v 1.10122120 0.00000000 -0.45180532
v 1.65470827 0.14823619 0.01173183
v 1.78839660 0.00000000 -0.14387564
v 1.70610666 0.00681483 -0.12001871
v 1.68857563 0.02679492 -0.07508105
v 1.67352140 0.05857864 -0.03649221
v 1.66196990 0.09999999 -0.00688195
v 1.71774697 0.19650951 0.04319779
v 3.41511607 0.00000002 -12.30628872
v 3.53407335 -0.00000015 -12.28074646
v 3.65789509 0.00000000 -12.27669144
v 4.39850473 0.00000000 -12.27336025
v 2.70251083 0.00000000 -8.87036991
v 3.20626926 0.00000000 -9.04835892
v 3.73286128 0.00000000 -9.13865185
v 4.26713848 0.00000000 -9.13865185
v 5.13358212 0.00000000 -12.18294907
v 5.53861666 0.50000000 -12.30628872
v 5.56081486 0.80349052 -12.30628872
v 5.56303740 0.81501985 -12.30628872
v 5.56758404 0.82571560 -12.30628872
v 5.58134079 0.84440774 -12.30628872
v 5.62742424 0.85176378 -12.29643631
v 5.61677742 0.87275392 -12.30628872
v 5.70111322 0.91325587 -12.30628872
v 5.85292435 0.00000000 -12.00670719
v 6.54654503 0.00000000 -11.74708366
v 6.24837589 0.50000000 -12.08945179
v 5.87804222 0.96253347 -12.30628872
v 6.25263453 1.00000000 -12.30628872
v 6.26871824 0.80349052 -12.08755589
v 6.34739161 0.85176378 -12.06492901
v 6.35460377 0.90000004 -12.08356285
v 6.36607599 0.94142139 -12.11320400
v 6.39843845 0.99318516 -12.19681644
v 6.38102722 0.97320503 -12.15183258
v 6.92874622 0.50000000 -11.79301834
v 6.94711161 0.80349052 -11.78964138
v 6.96116829 1.00000000 -12.00625610
v 4.79373074 0.00000000 -9.04835892
v 5.29748917 0.00000000 -8.87036991
v 5.76392078 0.00000000 -8.60980511
v 6.17960739 0.00000000 -8.27416229
v 6.53259087 0.00000000 -7.87309456
v 6.81271648 0.00000000 -7.41814184
v 2.46376085 0.00000000 -3.25000548
v 2.95060968 0.00000000 -3.02993584
v 2.39517379 0.05857864 0.19681050
v 2.41765118 0.00681483 0.11001631
v 2.50757480 0.00000000 0.07931323
v 2.40555811 0.02679492 0.15671200
v 2.38720536 0.09999999 0.22757916
v 2.38219619 0.14823619 0.24692115
v 2.45989943 0.19650951 0.27351642
v 3.13935423 0.05857864 0.34312356
v 3.15140867 0.00681483 0.25428009
v 3.24834919 0.00000000 0.21453163
v 3.14492345 0.02679492 0.30207831
v 3.13508081 0.09999999 0.37461874
v 3.13239455 0.14823619 0.39441738
v 3.22433758 0.19650951 0.41305435
v 3.46764755 0.00000000 -2.89530993
v 4.00000000 0.00000000 -2.84999990
v 4.53235245 0.00000000 -2.89530993
v 4.00000000 0.00000000 0.25982288
v 3.89707828 0.00681483 0.31074747
v 4.00000000 0.00666508 0.31102452
v 3.89629173 0.02679492 0.35897726
v 3.89561629 0.05857864 0.40039313
v 4.00000000 0.02621608 0.35881352
v 4.00000000 0.05734991 0.40000471
v 3.89509797 0.09999999 0.43217260
v 3.89477229 0.14823619 0.45215005
v 4.00000000 0.09799148 0.43185270
v 4.00000000 0.14543200 0.45223477
v 4.00000000 0.19650951 0.45979244
v 5.04939032 0.00000000 -3.02993584
v 5.53623915 0.00000000 -3.25000548
v 6.92285061 0.00000000 -4.82550192
v 6.36461782 0.00000000 -3.91887450
v 5.97889328 0.00000000 -3.54918742
v 6.68231678 0.00000000 -4.34843206
v 5.10884571 0.00594086 0.30820727
v 5.10884571 0.02507606 0.35678479
v 5.10884571 0.05613204 0.39875454
v 5.10884571 0.09699239 0.43125632
v 5.10884571 0.14487253 0.45207524
v 6.21769142 0.00594086 0.30820727
v 6.21769142 0.02507606 0.35678479
v 6.21769142 0.05613204 0.39875454
v 6.21769142 0.09699239 0.43125632
v 6.21769142 0.14487253 0.45207524
v 9.24719620 -5.77023792 -14.00000000
v 11.63482475 -7.36560011 -14.00000000
v 10.38872719 -6.64616585 -14.00000000
v 9.80362415 -6.22688675 -14.00000000
v 11.00000000 -7.02627945 -14.00000000
v 8.00000000 -4.50000000 -23.50000000
v 8.00000000 -4.47283792 -23.50000000
v 8.02229118 -4.50000000 -23.50000000
v 8.00000000 -4.50000000 -21.00000000
v 8.00000000 -4.47283792 -21.00000000
v 8.02229118 -4.50000000 -21.00000000
v 7.77311325 -4.19637585 -21.00000000
v 7.35383415 -3.61127257 -21.00000000
v 8.00000000 -4.50000000 -14.00000000
v 8.00000000 -4.47283792 -14.00000000
v 7.99023485 -4.46093893 -14.00000000
v 8.02229118 -4.50000000 -14.00000000
v 8.72182560 -5.27817440 -14.00000000
v 8.22976208 -4.75280380 -14.00000000
v 12.29048252 -7.66267490 -14.00000000
v 12.96416569 -7.91623163 -14.00000000
v 13.65299034 -8.12518406 -14.00000000
v 14.35400677 -8.28863811 -14.00000000
v 15.06421185 -8.40589333 -14.00000000
v 15.78056526 -8.47644806 -14.00000000
v 8.00000000 -4.50000000 -12.50000000
v 7.08293676 -4.79999971 -6.39478588
v 7.10531044 -4.79999971 -5.86808777
v 7.03835011 -4.79999971 -5.34518528
v 8.00000000 -0.00000000 -14.00000000
v 8.00000000 0.00000001 -12.50000000
v 7.20481491 0.00000000 -11.40768147
v 7.81859827 0.00000000 -10.99321270
v 7.03561497 0.85176378 -11.75140476
v 7.04494095 0.90000004 -11.76907539
v 7.05977726 0.94142139 -11.79718399
v 7.10162687 0.99318516 -11.87647438
v 7.07911110 0.97320503 -11.83381557
v 7.63060760 1.00000000 -11.62692928
v 7.73555660 0.97320503 -11.43690586
v 7.76287174 0.99318516 -11.47666359
v 7.57083416 0.50000000 -11.42086411
v 7.58717155 0.80349052 -11.41642094
v 8.16624737 0.50000000 -10.97785091
v 7.68278646 0.85176378 -11.36010265
v 7.69410133 0.90000004 -11.37657070
v 7.71210003 0.94142139 -11.40276718
v 8.18057346 0.80349052 -10.97274876
v 8.37937260 0.00000000 -10.50942993
v 8.87935448 0.00000000 -9.96304989
v 8.70720291 0.50000006 -10.46977234
v 8.28015518 0.85176378 -10.89631462
v 8.29330444 0.90000004 -10.91135788
v 8.31422234 0.94142139 -10.93528652
v 8.25211430 1.00000000 -11.17331314
v 8.37323093 0.99318516 -11.00278854
v 8.34148407 0.97320503 -10.96647263
v 8.71959782 0.80349052 -10.46439362
v 9.18662834 0.50000006 -9.90326786
v 8.81748390 1.00000000 -10.65139675
v 8.81964111 0.85176378 -10.36631107
v 8.83444881 0.90000004 -10.37972546
v 8.85800362 0.94142139 -10.40106583
v 8.88870144 0.97320503 -10.42887592
v 8.92444897 0.99318516 -10.46126175
v 9.19723320 0.80349052 -9.89797211
v 9.29395008 0.85176378 -9.77726173
v 9.31021500 0.90000004 -9.78886700
v 9.33608818 0.94142139 -9.80732727
v 9.31925201 1.00000000 -10.06807137
v 9.36980629 0.97320503 -9.83138466
v 7.01192474 0.00000000 -6.92239189
v 7.12448645 0.00000000 -6.40010595
v 9.31160355 0.00000000 -9.36165619
v 9.40907288 0.99318516 -9.85940170
v 11.61951447 0.50000006 -12.30628872
v 11.61951447 0.50000006 -12.26146793
v 11.61951447 0.50000006 -12.18834209
v 11.61951447 0.50000006 -12.07884407
v 11.61951447 0.50000006 -11.92317581
v 11.61951447 0.50000006 -11.71020126
v 11.62653542 0.48134491 -11.50000000
v 11.61951447 0.50000006 -11.50000000
v 11.44561100 1.00000000 -12.30628872
v 11.50494385 0.80440682 -12.30628872
v 11.44561100 1.00000000 -11.50000000
v 9.67011929 0.00000000 -8.71359730
v 9.94992542 0.00000000 -8.02786922
v 10.14713669 0.00000000 -7.31399155
v 10.25901699 0.00000000 -6.58187389
v 9.59825897 0.50000006 -9.28574371
v 9.93671417 0.50000006 -8.62526989
v 9.60726833 0.80349052 -9.28084755
v 9.69666767 0.85176378 -9.13713074
v 9.71416950 0.90000004 -9.14676857
v 9.74201107 0.94142139 -9.16210079
v 9.75079346 1.00000000 -9.43103886
v 9.77829456 0.97320503 -9.18208218
v 9.82054710 0.99318516 -9.20535088
v 9.94436836 0.80349052 -8.62104988
v 10.02234840 0.85176378 -8.45457649
v 10.04085064 0.90000004 -8.46211720
v 10.07028389 0.94142139 -8.47411346
v 10.10641003 1.00000000 -8.74870777
v 10.10864067 0.97320503 -8.48974705
v 10.15330887 0.99318516 -8.50795364
v 10.38140869 1.00000000 -8.03008842
v 10.19756889 0.50000006 -7.93048143
v 10.37741470 0.50000006 -7.21045923
v 10.47389889 0.50000006 -6.47461462
v 10.20415115 0.80349052 -7.92715836
v 10.26658535 0.85176378 -7.73882771
v 10.28583908 0.90000004 -7.74416924
v 10.31646538 0.94142139 -7.75266743
v 10.38323402 0.80349052 -7.20820141
v 10.35637856 0.97320503 -7.76374292
v 10.40285873 0.99318516 -7.77663946
v 10.42607880 0.85176378 -6.99956369
v 10.44582176 0.90000004 -7.00263453
v 10.47722816 0.94142139 -7.00751972
v 10.47928905 0.80349052 -6.47352791
v 10.51815605 0.97320503 -7.01388597
v 10.57215881 1.00000000 -7.28466606
v 10.56581974 0.99318516 -7.02130032
v 10.67614079 1.00000000 -6.52228403
v 11.40474129 1.13472950 -11.50000000
v 11.32635784 1.47089851 -11.50000000
v 11.27012825 1.81147432 -11.50000000
v 11.23629379 2.15499854 -11.50000000
v 7.14716196 0.00000000 -5.86631012
v 7.07929897 0.00000000 -5.33636045
v 7.32653713 0.00594086 0.30820727
v 7.32653713 0.02507606 0.35678479
v 7.32653713 0.05613204 0.39875454
v 7.32653713 0.09699239 0.43125632
v 7.32653713 0.14487253 0.45207524
v 9.04781246 0.00000000 -2.20598578
v 9.02233505 0.00000000 -2.11458635
v 9.13558769 0.00000000 -2.37513113
v 9.08538055 0.00000000 -2.29272699
v 9.00916672 0.00000000 -2.01989198
v 9.00895119 0.00000000 -1.92421317
v 9.02188492 0.00000000 -1.82956469
v 9.04762459 0.00000000 -1.73759270
v 9.08568001 0.00000000 -1.64992511
v 9.13525391 0.00000000 -1.56820154
v 9.19547939 0.00000000 -1.49402237
v 9.26531887 0.00000000 -1.42874014
v 9.34363461 0.00000000 -1.37359846
v 8.43538284 0.00594086 0.30820727
v 8.43538284 0.02507606 0.35678479
v 8.43538284 0.05613204 0.39875454
v 8.43538284 0.09699239 0.43125632
v 8.43538284 0.14487253 0.45207524
v 9.25155735 0.50000006 -2.15781641
v 9.30873966 0.49999997 -2.26452160
v 9.22168922 0.50000006 -2.04051852
v 9.22088051 0.50000006 -1.91949975
v 9.24917984 0.50000006 -1.80184782
v 9.30492878 0.50000006 -1.69445288
v 9.31852818 0.80349052 -2.26922536
v 9.28347397 0.80434227 -2.21124220
v 9.25655174 0.80514908 -2.14895988
v 9.23828888 0.80586559 -2.08350492
v 9.29030323 0.85176444 -2.20972133
v 9.24629021 0.85176641 -2.08875775
v 9.32472134 0.85456753 -2.26489139
v 9.26579762 0.90000218 -2.08443594
v 9.29682922 0.94142306 -2.07756019
v 9.30802727 0.90000027 -2.20049810
v 9.34140491 0.90200770 -2.25318360
v 9.33622265 0.94142127 -2.18582535
v 9.36747456 0.94264877 -2.23488927
v 9.37296581 0.97320449 -2.16670322
v 9.33726978 0.97320616 -2.06859946
v 9.22906113 0.80646247 -2.01606488
v 9.22908497 0.80693328 -1.94791007
v 9.23838997 0.80727768 -1.88033342
v 9.23508453 0.85176814 -1.96052444
v 9.25682640 0.80748969 -1.81460130
v 9.28405762 0.80756164 -1.75196886
v 9.25744915 0.85176933 -1.83376014
v 9.31958103 0.80749166 -1.69361925
v 9.36273003 0.80728149 -1.64065337
v 9.31186104 0.85176998 -1.71710384
v 9.25504589 0.90000379 -1.96139860
v 9.28679943 0.94142443 -1.96278858
v 9.30681705 0.94142556 -1.84933186
v 9.27650452 0.90000498 -1.83977079
v 9.32871246 0.90000564 -1.72784138
v 9.35551739 0.94142616 -1.74492180
v 9.32818222 0.97320747 -1.96459997
v 9.34632015 0.97320849 -1.86179173
v 10.28401184 0.00000000 -5.84167862
v 10.22177505 0.00000000 -5.10368109
v 9.52627754 0.00000000 -3.00431705
v 9.84025955 0.00000000 -3.67508459
v 10.07316971 0.00000000 -4.37812567
v 10.48576164 0.50000006 -5.73256588
v 10.41284657 0.50000006 -4.99401331
v 10.49867058 0.85176378 -6.24678230
v 10.51863575 0.90000004 -6.24754047
v 10.55039597 0.94142139 -6.24874687
v 10.49106789 0.80349052 -5.73269606
v 10.48337841 0.85176378 -5.49066496
v 10.50329685 0.90000004 -5.48909950
v 10.53498268 0.94142139 -5.48661041
v 10.38041019 0.85176378 -4.74143410
v 10.40001297 0.90000004 -4.73756742
v 10.41841698 0.80349052 -4.99534130
v 10.43119526 0.94142139 -4.73141670
v 10.47183228 0.97320503 -4.72340059
v 10.51915741 0.99318516 -4.71406555
v 9.91817951 0.85176378 -3.30393529
v 9.93636227 0.90000004 -3.29565239
v 9.96528530 0.94142139 -3.28247571
v 10.25610924 0.50000006 -4.26861000
v 10.01759720 0.50000006 -3.56583834
v 10.26228046 0.80349052 -4.27105379
v 10.19115639 0.85176378 -4.00922394
v 10.21017838 0.90000004 -4.00310755
v 10.24043560 0.94142139 -3.99337816
v 10.45957565 1.00000000 -4.23434734
v 10.27986908 0.97320503 -3.98069859
v 10.32578945 0.99318516 -3.96593285
v 10.02469063 0.80349052 -3.56925488
v 10.21439457 1.00000000 -3.50501537
v 10.00298023 0.97320503 -3.26530409
v 10.04687500 0.99318516 -3.24530697
v 10.59178829 0.97320503 -6.25031900
v 10.63998985 0.99318516 -6.25214958
v 10.69198227 1.00000000 -5.75300646
v 10.57627678 0.97320503 -5.48336601
v 10.62436581 0.99318516 -5.47958851
v 10.61947441 1.00000000 -4.98698997
v 9.42866516 0.00000000 -1.32961094
v 9.51814556 0.00000000 -1.29759800
v 9.61084461 0.00000000 -1.27818274
v 9.70738602 0.00000000 -1.27165008
v 9.54422855 0.00594086 0.30820727
v 9.54422855 0.02507606 0.35678479
v 9.54422855 0.05613204 0.39875454
v 9.54422855 0.09699239 0.43125632
v 9.54422855 0.14487253 0.45207524
v 9.70042801 0.50000006 -2.89488411
v 9.38486290 0.50000006 -1.60360503
v 9.48430157 0.50000006 -1.53462458
v 9.59741879 0.50000006 -1.49155152
v 9.71759129 0.50000006 -1.47690952
v 9.56516933 0.85176378 -2.63510656
v 9.58226681 0.90000004 -2.62476873
v 9.60946560 0.94142139 -2.60832334
v 9.64491081 0.97320503 -2.58689165
v 9.40119076 0.97378230 -2.21122766
v 9.44030857 0.99333310 -2.18377590
v 9.38436413 0.99318564 -2.05816436
v 9.41575336 0.99318421 -2.14443493
v 9.44802666 0.99999928 -2.09035778
v 9.48221970 0.99999875 -2.15436363
v 9.70873642 0.80349052 -2.89907312
v 9.68618870 0.99318516 -2.56193376
v 9.88716888 1.00000000 -2.80862308
v 9.40810966 0.90000570 -1.63323808
v 9.42958069 0.94142628 -1.65667403
v 9.41268158 0.80693853 -1.59407794
v 9.39461231 0.85177010 -1.61850548
v 9.46849251 0.80646878 -1.55475795
v 9.50006294 0.85176969 -1.54468405
v 9.50928783 0.90000522 -1.56240797
v 9.52908993 0.80587196 -1.52342856
v 9.59330940 0.80515444 -1.50066042
v 9.65995789 0.80434537 -1.48684371
v 9.62102699 0.85176861 -1.50067067
v 9.52396107 0.94142586 -1.59060228
v 9.62535000 0.90000427 -1.52017808
v 9.63222599 0.94142497 -1.55120945
v 9.37637138 0.99318683 -1.96670890
v 9.39232254 0.99318773 -1.87630153
v 9.43020821 1.00000036 -2.02001309
v 9.42980671 1.00000119 -1.94744778
v 9.44684601 1.00000179 -1.87691045
v 9.39044857 0.97320908 -1.76718128
v 9.43112850 0.99318814 -1.79310274
v 9.45756149 0.97320914 -1.68721604
v 9.49014568 0.99318832 -1.72278285
v 9.48032951 1.00000215 -1.81253064
v 9.56535244 0.99318796 -1.67013395
v 9.52829552 1.00000215 -1.75807774
v 9.58793736 1.00000191 -1.71673989
v 9.65162373 0.99318731 -1.63874376
v 9.65576077 1.00000131 -1.69093704
v 9.54308414 0.97320879 -1.62734556
v 9.64118767 0.97320795 -1.59165001
v 9.72779655 0.80349052 -1.48220682
v 9.72779655 0.85456848 -1.48976493
v 9.72779655 0.90200937 -1.51014745
v 9.72779655 0.94265115 -1.54199588
v 9.72779655 0.99333555 -1.63097751
v 9.72779655 1.00000024 -1.68217969
v 9.72779655 0.97378492 -1.58318770
v 10.65307522 0.00594086 0.30820727
v 10.65307522 0.02507606 0.35678479
v 10.65307522 0.05613204 0.39875454
v 10.65307522 0.09699239 0.43125632
v 10.65307522 0.14487253 0.45207524
v 10.85947800 0.85176378 -1.48899150
v 10.85947800 0.90000004 -1.50897157
v 10.85947800 0.94142139 -1.54075527
v 10.85947800 0.99318516 -1.63041294
v 10.85947800 0.97320503 -1.58217669
v 13.28878307 -1.68493891 -12.50000000
v 13.86250019 -2.06828403 -12.50000000
v 13.56936741 -1.88600218 -12.50000000
v 12.53404522 -0.97804916 -12.50000000
v 12.77001190 -1.22998822 -12.50000000
v 12.31506157 -0.71121651 -12.50000000
v 12.11399746 -0.43063298 -12.50000000
v 13.02195072 -1.46595502 -12.50000000
v 14.48134518 -2.37346458 -12.50000000
v 14.80440712 -2.49505639 -12.50000000
v 15.13472939 -2.59525871 -12.50000000
v 14.16692734 -2.23100376 -12.50000000
v 15.47089863 -2.67364240 -12.50000000
v 15.81147480 -2.72987175 -12.50000000
v 16.15499878 -2.76370573 -12.50000000
v 11.93171597 -0.13750000 -12.50000000
v 11.85822105 -0.00000000 -12.50000000
v 11.85822105 0.00000000 -12.35835743
v 11.85822105 0.00000000 -12.30628872
v 11.85822105 0.00000000 -12.30102825
v 11.85822105 0.00000000 -11.50000000
v 11.76899624 0.16692716 -11.50000000
v 13.48113441 1.00000000 -11.50000000
v 13.78647518 0.50000006 -11.50000000
v 13.77930069 0.76802379 -11.50000000
v 13.83515263 0.50000006 -11.45564938
v 13.77842331 0.80349052 -11.50000000
v 13.77032948 0.81981206 -11.50000000
v 13.76608562 0.86306667 -11.50000000
v 13.77377033 0.85176378 -11.50000000
v 13.73104477 0.90788531 -11.50000000
v 13.74097538 0.90000004 -11.50000000
v 13.68880558 0.94142139 -11.50000000
v 13.56053829 0.99318516 -11.48554039
v 13.54629326 0.99318516 -11.50000000
v 13.54253292 0.99349439 -11.50000000
v 13.57329845 0.98519713 -11.50000000
v 13.62081814 0.97320503 -11.50000000
v 13.82969475 0.80349052 -11.45322037
v 13.62538528 1.00000000 -11.36174297
v 14.11445522 0.94142139 -11.17423534
v 14.09163666 0.97320503 -11.13966560
v 14.06506443 0.99318516 -11.09940910
v 14.96738148 0.00000000 -11.50000000
v 14.50123978 0.00000000 -11.25255966
v 14.98837662 0.00000000 -11.01596355
v 14.32118893 0.50000006 -11.11985970
v 14.14297199 0.85176378 -11.21743584
v 14.13196468 0.90000004 -11.20076084
v 14.31657982 0.80349052 -11.11643887
v 14.14383316 1.00000000 -10.98750210
v 14.67914200 0.85176378 -10.91497231
v 14.67056274 0.90000004 -10.89692688
v 14.65691566 0.94142139 -10.86822319
v 14.63912964 0.97320503 -10.83081341
v 14.61841774 0.99318516 -10.78725052
v 14.70911503 1.00000000 -10.68866920
v 14.84782314 0.50000006 -10.85219860
v 14.84422207 0.80349052 -10.84797478
v 15.25218964 0.85176378 -10.69007111
v 15.24620533 0.90000004 -10.67100906
v 15.23668480 0.94142139 -10.64068413
v 15.22427940 0.97320503 -10.60116386
v 15.20983219 0.99318516 -10.55514240
v 15.31033611 1.00000000 -10.47100639
v 15.50193405 0.00000000 -10.84409237
v 16.03335190 0.00000000 -10.73981094
v 15.40556335 0.50000006 -10.65748978
v 15.40309334 0.80349052 -10.65267563
v 15.85095978 0.85176378 -10.54711246
v 15.84768677 0.90000004 -10.52740192
v 15.84248066 0.94142139 -10.49604797
v 15.82779312 0.99318516 -10.40760136
v 15.83569527 0.97320503 -10.45518684
v 15.98435879 0.50000006 -10.53924370
v 15.98310280 0.80349052 -10.53406715
v 15.93590927 1.00000000 -10.33870697
v 16.46379852 0.85176378 -10.48887825
v 16.46330070 0.90000004 -10.46890354
v 16.46250916 0.94142139 -10.43712997
v 16.46147537 0.97320503 -10.39572239
v 16.46027374 0.99318516 -10.34750080
v 11.76192093 0.00594086 0.30820727
v 11.76192093 0.02507606 0.35678479
v 11.76192093 0.05613204 0.39875454
v 11.76192093 0.09699239 0.43125632
v 11.76192093 0.14487253 0.45207524
v 12.87076569 0.00594086 0.30820727
v 12.87076569 0.02507606 0.35678479
v 12.87076569 0.05613204 0.39875454
v 12.87076569 0.09699239 0.43125632
v 12.87076569 0.14487253 0.45207524
v 11.99115849 0.85176378 -1.48899150
v 11.99115849 0.90000004 -1.50897157
v 11.99115849 0.94142139 -1.54075527
v 11.99115849 0.99318516 -1.63041294
v 11.99115849 0.97320503 -1.58217669
v 13.97961235 0.00594086 0.30820727
v 13.97961235 0.02507606 0.35678479
v 13.97961235 0.05613204 0.39875454
v 13.97961235 0.09699239 0.43125632
v 13.97961235 0.14487253 0.45207524
v 13.12283993 0.85176378 -1.48899150
v 13.12283993 0.90000004 -1.50897157
v 13.12283993 0.94142139 -1.54075527
v 13.12283993 0.99318516 -1.63041294
v 13.12283993 0.97320503 -1.58217669
v 15.08845806 0.00594086 0.30820727
v 15.08845806 0.02507606 0.35678479
v 15.08845806 0.05613204 0.39875454
v 15.08845806 0.09699239 0.43125632
v 15.08845806 0.14487253 0.45207524
v 14.25452137 0.85176378 -1.48899150
v 14.25452137 0.90000004 -1.50897157
v 14.25452137 0.94142139 -1.54075527
v 14.25452137 0.99318516 -1.63041294
v 14.25452137 0.97320503 -1.58217669
v 16.19730377 0.00594086 0.30820727
v 16.19730377 0.02507606 0.35678479
v 16.19730377 0.05613204 0.39875454
v 16.19730377 0.09699239 0.43125632
v 16.19730377 0.14487253 0.45207524
v 15.38620186 0.85176378 -1.48899150
v 15.38620186 0.90000004 -1.50897157
v 15.38620186 0.94142139 -1.54075527
v 15.38620186 0.99318516 -1.63041294
v 15.38620186 0.97320503 -1.58217669
v 5.50000000 2.50000000 -54.00000000
v 5.52355194 3.21943450 -54.00000000
v 5.59410667 3.93578815 -54.00000000
v 5.71136189 4.64599371 -54.00000000
v 5.87481594 5.34700966 -54.00000000
v 6.08376837 6.03583431 -54.00000000
v 6.33732510 6.70951796 -54.00000000
v 6.63439989 7.36517572 -54.00000000
v 6.97372055 8.00000000 -54.00000000
v 11.22500038 2.50000000 -54.00000000
v 11.23629379 2.84500146 -54.00000000
v 11.27012825 3.18852568 -54.00000000
v 11.32635784 3.52910137 -54.00000000
v 11.40474129 3.86527038 -54.00000000
v 11.50494385 4.19559336 -54.00000000
v 11.62653542 4.51865530 -54.00000000
v 11.76899624 4.83307266 -54.00000000
v 11.93171597 5.13749981 -54.00000000
v 12.11399746 5.43063307 -54.00000000
v 12.31506157 5.71121645 -54.00000000
v 12.53404522 5.97804928 -54.00000000
v 12.77001190 6.22998810 -54.00000000
v 13.02195072 6.46595478 -54.00000000
v 13.28878307 6.68493891 -54.00000000
v 13.56936741 6.88600206 -54.00000000
v 13.86250019 7.06828403 -54.00000000
v 14.16692734 7.23100376 -54.00000000
v 14.48134518 7.37346458 -54.00000000
v 14.80440712 7.49505663 -54.00000000
v 15.13472939 7.59525871 -54.00000000
v 15.47089863 7.67364216 -54.00000000
v 15.81147480 7.72987175 -54.00000000
v 16.15499878 7.76370573 -54.00000000
v 7.35383415 8.61127281 -54.00000000
v 7.77311325 9.19637585 -54.00000000
v 8.22976208 9.75280380 -54.00000000
v 8.72182560 10.27817440 -54.00000000
v 9.24719620 10.77023792 -54.00000000
v 9.80362415 11.22688675 -54.00000000
v 10.38872719 11.64616585 -54.00000000
v 11.00000000 12.02627945 -54.00000000
v 11.63482475 12.36560059 -54.00000000
v 12.29048252 12.66267490 -54.00000000
v 12.96416569 12.91623116 -54.00000000
v 13.65299034 13.12518406 -54.00000000
v 14.35400677 13.28863811 -54.00000000
v 15.06421185 13.40589333 -54.00000000
v 15.78056526 13.47644806 -54.00000000
v 5.50000000 2.50000000 -21.00000000
v 5.52355194 3.21943450 -21.00000000
v 5.59410667 3.93578815 -21.00000000
v 5.71136189 4.64599371 -21.00000000
v 3.19265699 5.00000000 -18.00000000
v 4.50000000 5.00000000 -18.00000000
v 4.50000000 5.00000000 -14.00000000
v 5.62710142 5.00000000 -14.00000000
v 5.87481594 5.34700966 -21.00000000
v 6.08376837 6.03583431 -21.00000000
v 6.33732510 6.70951796 -21.00000000
v 6.63439989 7.36517572 -21.00000000
v -0.88359684 2.50000000 -10.28957844
v -0.13370240 2.50000000 -11.06298828
v -0.36116648 2.50000000 -10.81977463
v -2.04351854 2.50000000 -8.39288139
v -1.73032463 2.50000000 -9.06812286
v -1.34198654 2.50000000 -9.70313168
v -2.27746153 2.50000000 -7.68626165
v -2.42908525 2.50000000 -6.95752907
v -0.87284935 4.80349016 -10.24078465
v -0.94394577 4.85176373 -10.14713287
v -0.92863810 4.90000010 -10.13429260
v -0.90428710 4.94142151 -10.11386681
v -0.87255234 4.97320509 -10.08724594
v -0.83559638 4.99318504 -10.05624676
v -0.72200531 5.00000000 -10.10950661
v -0.32837903 4.80349064 -10.79521179
v -0.32331508 4.85456800 -10.78960228
v -0.29394212 4.83843994 -10.82195091
v -0.28674474 4.87406778 -10.81431770
v -0.41875008 4.85176373 -10.70276165
v -0.40506855 4.90000010 -10.68820000
v -0.30965808 4.90200853 -10.77447128
v -0.26261929 4.83845663 -10.85213184
v -0.25525576 4.87408352 -10.84465408
v -0.27459410 4.90841341 -10.80142975
v -0.38330439 4.94142151 -10.66503620
v -0.35494077 4.97320509 -10.63485050
v -0.28831837 4.94265032 -10.75082970
v -0.32191065 4.99318504 -10.59969807
v -0.24282619 4.90842772 -10.83203125
v -0.25773489 4.93932104 -10.78354836
v -0.22558093 4.93933296 -10.81451797
v -0.20300104 4.96617126 -10.79158688
v -0.23565964 4.96616173 -10.76013470
v -0.26071823 4.97378397 -10.72025299
v -0.21074450 4.98540831 -10.73370838
v -0.17751692 4.98541451 -10.76570702
v -0.22869724 4.99333477 -10.68477821
v -0.18474437 4.99653053 -10.70613098
v -0.15092361 4.99653387 -10.73870087
v -0.19438961 5.00000000 -10.64677143
v -2.05687213 4.80349016 -8.24571133
v -2.07859063 4.85176373 -8.16611385
v -2.05976963 4.90000010 -8.15940762
v -2.02982998 4.94142151 -8.14873791
v -1.99081206 4.97320509 -8.13483429
v -1.94537473 4.99318504 -8.11864281
v -1.77973223 4.85176373 -8.86984444
v -1.74339461 4.80349016 -8.95674515
v -1.34680736 4.80349016 -9.62499237
v -1.39973927 4.85176373 -9.53328896
v -1.38302028 4.90000010 -9.52234840
v -1.76183689 4.90000010 -8.86095905
v -1.35642433 4.94142151 -9.50494576
v -1.32176387 4.97320509 -9.48226547
v -1.73336923 4.94142151 -8.84682369
v -1.69626963 4.97320509 -8.82840252
v -1.65306616 4.99318504 -8.80695057
v -1.86937547 5.00000000 -8.17619228
v -1.56560183 5.00000000 -8.86521530
v -2.28270388 4.80349016 -7.50218105
v -2.29211855 4.85176373 -7.43197632
v -2.27263665 4.90000010 -7.42754221
v -2.41762233 4.80349016 -6.73691368
v -2.41731930 4.85176373 -6.67773676
v -2.39744949 4.90000010 -6.67563820
v -2.24164534 4.94142151 -7.42048931
v -2.20125675 4.97320509 -7.41129780
v -2.15422344 4.99318504 -7.40059376
v -2.08821630 5.00000000 -7.45567989
v -2.36584163 4.94142151 -6.67230034
v -2.32464933 4.97320509 -6.66794968
v -2.27667999 4.99318504 -6.66288376
v -2.21895814 5.00000000 -6.71410179
v -1.18129146 5.00000000 -9.51277637
v -1.28140092 4.99318504 -9.45585442
v 0.40958944 2.50000000 -12.30628872
v 0.26151186 2.50000000 -11.86489582
v 0.33618328 2.50000000 -12.08538055
v 0.18557774 2.50000000 -11.64484406
v 0.05024608 2.50000000 -11.34057617
v 0.45191631 4.80349016 -12.30628872
v 0.45686647 4.84325314 -12.30628872
v 0.46967715 4.88047123 -12.30628872
v 0.15868422 4.83848524 -11.45755386
v 0.16825944 4.87411070 -11.45324516
v 0.29865122 4.80349016 -11.84923935
v 0.30946463 4.85176373 -11.85989952
v 0.37596136 4.80349016 -12.07753658
v 0.32890362 4.90000010 -11.85499763
v 0.21998861 4.80349016 -11.62140274
v 0.22712526 4.85456800 -11.61891556
v 0.24637151 4.90200853 -11.61220646
v 0.18441893 4.90845203 -11.44597435
v 0.20683703 4.93935394 -11.43588638
v 0.23618810 4.96618795 -11.42267990
v 0.27644476 4.94265032 -11.60172367
v 0.31534058 4.97378397 -11.58816528
v 0.35951334 4.94142151 -11.84628296
v 0.39924449 4.97320509 -11.83445549
v 0.44542605 4.99318504 -11.82043076
v 0.36046654 4.99333477 -11.57243538
v 0.40881497 5.00000000 -11.55558205
v 0.49020618 4.91505337 -12.30628872
v 0.51655912 4.94423056 -12.30628872
v 0.54875088 4.96835423 -12.30628872
v 0.58417356 4.98568392 -12.30628872
v 0.62277782 4.99642992 -12.30628872
v 0.66235906 5.00000000 -12.30628872
v 0.57946312 5.00000000 -12.05550766
v 0.49494725 5.00000000 -11.80526829
v -0.10018899 4.80359030 -11.03869057
v -0.07544310 4.83852434 -11.06448269
v -0.06708932 4.87414789 -11.05811024
v 0.00641112 4.83853245 -11.18002415
v 0.01519534 4.87415504 -11.17425537
v 0.08420482 4.80359030 -11.31650448
v 0.07990652 4.83852196 -11.30109215
v 0.08907466 4.87414551 -11.29595947
v -0.05299527 4.90848589 -11.04735756
v -0.03344525 4.93938255 -11.03244305
v -0.00785141 4.96620989 -11.01291847
v 0.10454296 4.90848351 -11.28730202
v 0.12599938 4.93938065 -11.27529240
v 0.15408915 4.96620846 -11.25956917
v 0.03001478 4.90849209 -11.16452599
v 0.05057044 4.93938828 -11.15102863
v 0.07748040 4.96621418 -11.13335991
v 0.10784793 4.98544312 -11.11342049
v 0.13953432 4.99654770 -11.09261513
v 0.02103125 4.98544025 -10.99088478
v 0.05116857 4.99654675 -10.96789360
v 0.05669790 5.00000000 -10.91453934
v 0.18578857 4.98543930 -11.24182606
v 0.26931283 4.98542595 -11.40777493
v 0.21886511 4.99654579 -11.22331142
v 0.30387810 4.99653912 -11.39222145
v 0.25953728 5.00000000 -11.22014427
v 0.92070103 5.00000000 -6.66363955
v 1.63538218 5.00000000 -8.08112526
v 2.02110720 5.00000000 -8.45081234
v 1.31768322 5.00000000 -7.65156794
v 1.07714963 5.00000000 -7.17449760
v -2.49640203 2.50000000 -6.21623993
v -2.47852898 2.50000000 -5.47211456
v -2.37570024 2.50000000 -4.73491240
v -2.18926430 2.50000000 -4.01429939
v -1.92166615 2.50000000 -3.31972575
v -1.57641470 2.50000000 -2.66029954
v -1.15803742 2.50000000 -2.04466820
v -0.67202085 2.50000000 -1.48090482
v -0.12473813 2.50000000 -0.97640216
v -2.45967460 4.80349016 -5.96098375
v -2.45243478 4.85176373 -5.91398287
v -2.43245649 4.90000010 -5.91424942
v -2.40825248 4.80349016 -5.18561745
v -2.39697218 4.85176373 -5.15143681
v -2.37716556 4.90000010 -5.15406418
v -2.40067554 4.94142151 -5.91467285
v -2.35925770 4.97320509 -5.91522503
v -2.31102610 4.99318504 -5.91586781
v -2.25970864 5.00000000 -5.96219110
v -2.34565783 4.94142151 -5.15824366
v -2.30459619 4.97320509 -5.16369057
v -2.25677896 4.99318504 -5.17003345
v -2.20987844 5.00000000 -5.21082783
v -2.26409984 4.80349016 -4.42203617
v -2.25171018 4.85176373 -4.40080261
v -2.23235345 4.90000010 -4.40575409
v -2.02930307 4.80349016 -3.68128824
v -2.01868796 4.85176373 -3.67261744
v -2.00005245 4.90000010 -3.67982364
v -2.20156121 4.94142151 -4.41363049
v -2.16143179 4.97320509 -4.42389584
v -2.11470032 4.99318504 -4.43584967
v -2.07018828 5.00000000 -4.47088337
v -1.97040796 4.94142151 -3.69128704
v -1.93177450 4.97320509 -3.70622635
v -1.70725930 4.80349016 -2.97409344
v -1.70126534 4.85176373 -2.97727132
v -1.68361282 4.90000010 -2.98663044
v -1.88678491 4.99318504 -3.72362351
v -1.84265971 5.00000000 -3.75306630
v -1.65553164 4.94142151 -3.00151873
v -1.61893559 4.97320509 -3.02092123
v -1.57631874 4.99318504 -3.04351616
v -1.53058517 5.00000000 -3.06776333
v -1.30262876 4.80349016 -2.31068492
v -1.30363286 4.85176373 -2.32402515
v -1.28721142 4.90000010 -2.33540678
v -0.82126701 4.80349016 -1.70066249
v -0.83163792 4.85176373 -1.72254896
v -0.81667805 4.90000010 -1.73579288
v -1.26108885 4.94142151 -2.35351253
v -1.22704530 4.97320509 -2.37710834
v -1.18740070 4.99318504 -2.40458632
v -1.13848054 5.00000000 -2.42489147
v -0.79288018 4.94142151 -1.75686121
v -0.76186627 4.97320509 -1.78431773
v -0.72574979 4.99318504 -1.81629169
v -0.67201966 5.00000000 -1.83375299
v -0.25738996 4.94142151 -1.21977425
v -0.22984110 4.97320509 -1.25070620
v -0.19775979 4.99318504 -1.28672731
v -0.13795255 5.00000000 -1.30290174
v -0.29181743 4.85176373 -1.18111873
v -0.27852890 4.90000010 -1.19603920
v -0.27013913 4.80349016 -1.15285349
v 0.47663394 2.50000000 -0.53777593
v 1.12420940 2.50000000 -0.17077807
v 1.80949616 2.50000000 0.11977884
v 0.85283822 5.00000000 -6.13368988
v 0.87551361 5.00000000 -5.59989405
v 0.98807478 5.00000000 -5.07760811
v 1.18728352 5.00000000 -4.58185816
v 1.46740901 5.00000000 -4.12690544
v 1.82039261 5.00000000 -3.72583842
v 2.23607945 5.00000000 -3.39019442
v 0.30825078 4.85176373 -0.70733517
v 0.31968135 4.90000010 -0.72372258
v 0.34277961 4.80349016 -0.67518479
v 0.36156178 4.97320509 -0.78376436
v 0.38915756 4.99318504 -0.82332700
v 0.45599264 5.00000000 -0.84001994
v 0.33786473 4.94142151 -0.74979115
v 1.00862002 4.80349016 -0.27456868
v 0.96014309 4.85176373 -0.30784902
v 0.96955526 4.90000010 -0.32547331
v 0.98452777 4.94142151 -0.35350949
v 1.00404036 4.97320509 -0.39004698
v 1.02676320 4.99318504 -0.43259576
v 1.65470827 4.85176373 0.01173183
v 1.10122120 5.00000000 -0.45180532
v 1.71774697 4.80349016 0.04319779
v 1.66196990 4.90000010 -0.00688195
v 1.67352140 4.94142151 -0.03649221
v 1.68857563 4.97320509 -0.07508105
v 1.78839660 5.00000000 -0.14387564
v 1.70610666 4.99318504 -0.12001871
v 2.44649315 2.50000000 -6.38290501
v 2.58327031 2.50000000 -6.74355698
v 2.80238271 2.50000000 -7.06099606
v 3.09109640 2.50000000 -7.31677437
v 3.43263197 2.50000000 -7.49602604
v 3.80714130 2.50000000 -7.58833408
v 4.19285870 2.50000000 -7.58833408
v 4.56736755 2.50000000 -7.49602604
v 3.41511059 5.00000000 -12.30628872
v 3.53388929 5.00000000 -12.28077412
v 3.65789509 5.00000000 -12.27669144
v 4.39850473 5.00000000 -12.27336025
v 2.46376085 5.00000000 -8.74999428
v 2.95060968 5.00000000 -8.97006416
v 3.46764755 5.00000000 -9.10468960
v 4.00000000 5.00000000 -9.15000057
v 4.53235245 5.00000000 -9.10468960
v 4.90890360 2.50000000 -7.31677437
v 5.19761753 2.50000000 -7.06099606
v 5.41672945 2.50000000 -6.74355698
v 5.55350685 2.50000000 -6.38290501
v 5.61728239 4.12692595 -12.30628872
v 5.58149767 4.15542555 -12.30628872
v 5.57398319 4.16432905 -12.30628872
v 5.56754494 4.17435837 -12.30628872
v 5.56307745 4.18485403 -12.30628872
v 5.56081486 4.19650936 -12.30628872
v 5.62742424 4.14823627 -12.29643631
v 5.70095730 4.08680344 -12.30628872
v 5.53861666 4.50000000 -12.30628872
v 5.13358212 5.00000000 -12.18294907
v 5.87884903 4.03730154 -12.30628872
v 6.25263453 4.00000000 -12.30628872
v 6.39843845 4.00681496 -12.19681644
v 6.38102722 4.02679491 -12.15183258
v 6.36607599 4.05857849 -12.11320400
v 6.35460377 4.09999990 -12.08356285
v 6.26871824 4.19650936 -12.08755589
v 6.34739161 4.14823627 -12.06492901
v 6.24837589 4.50000000 -12.08945179
v 6.96116877 4.00000000 -12.00625610
v 6.94711208 4.19650936 -11.78964138
v 6.92874622 4.50000000 -11.79301834
v 5.85292435 5.00000000 -12.00670719
v 6.54654503 5.00000000 -11.74708366
v 5.04939032 5.00000000 -8.97006416
v 5.53623915 5.00000000 -8.74999428
v 5.97889328 5.00000000 -8.45081234
v 6.36461782 5.00000000 -8.08112526
v 6.68231678 5.00000000 -7.65156794
v 6.92285061 5.00000000 -7.17449760
v 2.39999986 2.50000000 -6.00000000
v 2.44649315 2.50000000 -5.61709499
v 2.58327031 2.50000000 -5.25644302
v 2.80238271 2.50000000 -4.93900394
v 3.09109640 2.50000000 -4.68322563
v 3.43263197 2.50000000 -4.50397396
v 3.80714130 2.50000000 -4.41166592
v 4.19285870 2.50000000 -4.41166592
v 4.56736755 2.50000000 -4.50397396
v 2.52350807 2.50000000 0.33008459
v 3.25688148 2.50000000 0.45738143
v 4.00000000 2.50000000 0.50000000
v 2.70251083 5.00000000 -3.12963033
v 3.20626926 5.00000000 -2.95164108
v 2.38219619 4.85176373 0.24692115
v 2.38720536 4.90000010 0.22757916
v 2.45989943 4.80349016 0.27351642
v 2.39517379 4.94142151 0.19681050
v 2.40555811 4.97320509 0.15671200
v 2.41765118 4.99318504 0.11001631
v 2.50757480 5.00000000 0.07931323
v 3.13239455 4.85176373 0.39441738
v 3.13508081 4.90000010 0.37461874
v 3.22433758 4.80349016 0.41305435
v 3.13935423 4.94142151 0.34312356
v 3.14492345 4.97320509 0.30207831
v 3.15140867 4.99318504 0.25428009
v 3.24834919 5.00000000 0.21453163
v 3.73286128 5.00000000 -2.86134768
v 4.26713848 5.00000000 -2.86134768
v 4.00000000 4.80349016 0.45979244
v 3.89477229 4.85176373 0.45215005
v 3.89509797 4.90000010 0.43217260
v 4.00000000 4.85456800 0.45223477
v 4.00000000 4.90200853 0.43185270
v 3.89561629 4.94142151 0.40039313
v 3.89629173 4.97320509 0.35897726
v 4.00000000 4.94265032 0.40000471
v 4.00000000 4.97378397 0.35881352
v 4.00000000 5.00000000 0.25982288
v 3.89707828 4.99318504 0.31074747
v 4.00000000 4.99333477 0.31102452
v 4.90890360 2.50000000 -4.68322563
v 5.19761753 2.50000000 -4.93900394
v 5.59999990 2.50000000 -6.00000000
v 5.55350685 2.50000000 -5.61709499
v 5.41672945 2.50000000 -5.25644302
v 4.79373074 5.00000000 -2.95164108
v 5.29748917 5.00000000 -3.12963033
v 5.76392078 5.00000000 -3.39019442
v 6.17960739 5.00000000 -3.72583842
v 6.53259087 5.00000000 -4.12690544
v 6.81271648 5.00000000 -4.58185816
v 5.10015011 4.85512733 0.45207524
v 5.10015011 4.90300751 0.43125632
v 5.10015011 4.94386768 0.39875454
v 5.10015011 4.97492409 0.35678479
v 5.10015011 4.99405909 0.30820727
v 6.20030022 4.85512733 0.45207524
v 6.20030022 4.90300751 0.43125632
v 6.20030022 4.94386768 0.39875454
v 6.20030022 4.97492409 0.35678479
v 6.20030022 4.99405909 0.30820727
v 4.50000000 9.50000000 -21.00000000
v 6.97372055 8.00000000 -21.00000000
v 4.50000000 9.50000000 -14.00000000
v 0.96164978 9.80000019 -6.65481472
v 1.66682708 9.80000019 -8.05345058
v 2.04742241 9.80000019 -8.41822147
v 1.35335302 9.80000019 -7.62960529
v 1.11601782 9.80000019 -7.15887928
v 2.10787106 9.80000019 -6.52534723
v 0.89468950 9.80000019 -6.13191175
v 0.91706330 9.80000019 -5.60521412
v 1.02812755 9.80000019 -5.08987427
v 2.03917384 9.80000019 -6.10631275
v 2.06216288 9.80000019 -5.68230724
v 2.17576265 9.80000019 -5.27315712
v 1.22468734 9.80000019 -4.60071659
v 1.50108767 9.80000019 -4.15181398
v 1.84937716 9.80000019 -3.75608015
v 2.48418999 9.80000019 -8.71342468
v 2.96456456 9.80000019 -8.93056774
v 2.51559734 9.50001144 -6.74549532
v 2.38368654 9.50001144 -6.38307333
v 2.72753263 9.50001144 -7.06772709
v 2.50333762 9.80000019 -7.27127647
v 2.81161571 9.80000019 -7.56329298
v 2.26504183 9.80000019 -6.91981697
v 3.00806713 9.50001144 -7.33239698
v 3.34207654 9.50001144 -7.52523804
v 3.17546129 9.80000019 -7.78221130
v 3.47472668 9.80000019 -9.06340408
v 4.00000000 9.80000019 -9.10811138
v 4.52527332 9.80000019 -9.06340408
v 3.71155500 9.50001144 -7.63585281
v 3.57786131 9.80000019 -7.91779566
v 4.00000000 9.80000019 -7.96370602
v 4.09658384 9.50001144 -7.65827751
v 4.47640514 9.50001144 -7.59130478
v 4.42213869 9.80000019 -7.91779566
v 5.03543568 9.80000019 -8.93056774
v 5.51581001 9.80000019 -8.71342468
v 4.83054399 9.50001144 -7.43854475
v 5.13990784 9.50001144 -7.20823193
v 4.82453871 9.80000019 -7.78221130
v 5.18838406 9.80000019 -7.56329298
v 5.38781881 9.50001144 -6.91278267
v 5.56091261 9.50001144 -6.56812572
v 5.49666214 9.80000019 -7.27127647
v 5.73495817 9.80000019 -6.91981697
v 5.95257759 9.80000019 -8.41822147
v 6.33317280 9.80000019 -8.05345058
v 5.89212894 9.80000019 -6.52534723
v 6.64664698 9.80000019 -7.62960529
v 6.88398266 9.80000019 -7.15887928
v 2.33891201 9.50001144 -6.00000000
v 2.38368654 9.50001144 -5.61692667
v 2.51559734 9.50001144 -5.25450516
v 2.72753263 9.50001144 -4.93227291
v 2.37466192 9.80000019 -4.89799356
v 3.00806713 9.50001144 -4.66760254
v 2.64956021 9.80000019 -4.57435799
v 2.25953627 9.80000019 -3.42489982
v 2.71976519 9.80000019 -3.16780066
v 3.34207654 9.50001144 -4.47476196
v 2.98760390 9.80000019 -4.31738424
v 3.37298584 9.80000019 -4.13908768
v 3.21682429 9.80000019 -2.99217844
v 3.71155500 9.50001144 -4.36414766
v 3.78768587 9.80000019 -4.04780483
v 4.09658384 9.50001144 -4.34172201
v 4.47640514 9.50001144 -4.40869474
v 4.21231365 9.80000019 -4.04780483
v 3.73641372 9.80000019 -2.90308595
v 4.26358604 9.80000019 -2.90308595
v 5.13990784 9.50001144 -4.79176807
v 5.64985657 9.50001144 -6.19284058
v 5.64985657 9.50001144 -5.80715942
v 5.38781881 9.50001144 -5.08721733
v 5.56091261 9.50001144 -5.43187428
v 5.62533808 9.80000019 -4.89799356
v 4.83054399 9.50001144 -4.56145573
v 4.62701416 9.80000019 -4.13908768
v 5.01239586 9.80000019 -4.31738424
v 4.78317595 9.80000019 -2.99217844
v 5.35043955 9.80000019 -4.57435799
v 5.28023481 9.80000019 -3.16780066
v 5.74046373 9.80000019 -3.42489982
v 5.96082640 9.80000019 -6.10631275
v 5.93783760 9.80000019 -5.68230724
v 5.82423735 9.80000019 -5.27315712
v 6.97187233 9.80000019 -5.08987427
v 6.15062284 9.80000019 -3.75608015
v 6.49891281 9.80000019 -4.15181398
v 6.77531242 9.80000019 -4.60071659
v 8.00000000 5.00000000 -14.00000000
v 7.10162687 4.00681496 -11.87647438
v 7.07911110 4.02679491 -11.83381557
v 7.05977726 4.05857849 -11.79718399
v 7.04494095 4.09999990 -11.76907539
v 7.03561497 4.14823627 -11.75140476
v 7.63060760 4.00000000 -11.62692928
v 7.73555660 4.02679491 -11.43690586
v 7.76287174 4.00681496 -11.47666359
v 7.58717155 4.19650936 -11.41642094
v 7.57083416 4.50000000 -11.42086411
v 7.71210003 4.05857849 -11.40276718
v 7.69410133 4.09999990 -11.37657070
v 7.68278646 4.14823627 -11.36010265
v 8.18057346 4.19650936 -10.97274780
v 8.16624737 4.50000000 -10.97785091
v 8.00000000 5.00000000 -12.50000000
v 7.20481491 5.00000000 -11.40768147
v 7.81859827 5.00000000 -10.99321270
v 8.25211430 4.00000000 -11.17331314
v 8.37323093 4.00681496 -11.00278854
v 8.34148407 4.02679491 -10.96647263
v 8.31422234 4.05857849 -10.93528652
v 8.29330444 4.09999990 -10.91135788
v 8.28015518 4.14823627 -10.89631462
v 8.71959782 4.19650936 -10.46439362
v 8.70720291 4.50000000 -10.46977139
v 8.81748390 4.00000000 -10.65139675
v 8.88870144 4.02679491 -10.42887592
v 8.92444897 4.00681496 -10.46126175
v 8.83444881 4.09999990 -10.37972546
v 8.85800362 4.05857849 -10.40106583
v 8.81964111 4.14823627 -10.36631107
v 9.31925201 4.00000000 -10.06807137
v 9.36980629 4.02679491 -9.83138466
v 9.19723415 4.19650936 -9.89797211
v 9.33608818 4.05857849 -9.80732727
v 9.31021500 4.09999990 -9.78886700
v 9.29395008 4.14823627 -9.77726173
v 9.18662834 4.50000000 -9.90326786
v 8.37937260 5.00000000 -10.50942993
v 8.87935448 5.00000000 -9.96304989
v 7.07929897 5.00000000 -6.66363955
v 9.31160355 5.00000000 -9.36165619
v 11.22500038 2.50000000 -11.50000000
v 11.23629379 2.84500146 -11.50000000
v 11.27012825 3.18852568 -11.50000000
v 11.32635784 3.52910137 -11.50000000
v 11.40474129 3.86527038 -11.50000000
v 9.40907288 4.00681496 -9.85940170
v 11.44561100 4.00000000 -12.30628872
v 11.50494385 4.19559336 -12.30628872
v 11.44561100 4.00000000 -11.50000000
v 11.61951447 4.50000000 -12.30628872
v 11.62653542 4.51865530 -11.50000000
v 11.61951447 4.50000000 -11.50000000
v 9.60726833 4.19650936 -9.28084755
v 9.75079346 4.00000000 -9.43103790
v 9.77829456 4.02679491 -9.18208218
v 9.82054710 4.00681496 -9.20535088
v 9.74201107 4.05857849 -9.16210079
v 9.71416950 4.09999990 -9.14676857
v 9.69666767 4.14823627 -9.13713074
v 9.94436932 4.19650936 -8.62104893
v 9.59825897 4.50000000 -9.28574371
v 9.93671417 4.50000000 -8.62526989
v 10.10641003 4.00000000 -8.74870777
v 10.10864067 4.02679491 -8.48974705
v 10.15330887 4.00681496 -8.50795364
v 10.04085064 4.09999990 -8.46211720
v 10.07028389 4.05857849 -8.47411346
v 10.02234840 4.14823627 -8.45457649
v 10.38140869 4.00000000 -8.03008842
v 10.20415115 4.19650936 -7.92715788
v 10.35637856 4.02679491 -7.76374292
v 10.40285873 4.00681496 -7.77663946
v 10.31646538 4.05857849 -7.75266743
v 10.28583908 4.09999990 -7.74416924
v 10.26658535 4.14823627 -7.73882771
v 10.38323402 4.19650936 -7.20820045
v 10.51815605 4.02679491 -7.01388597
v 10.47722816 4.05857849 -7.00751972
v 10.44582176 4.09999990 -7.00263453
v 10.42607880 4.14823627 -6.99956369
v 10.47928905 4.19650936 -6.47352743
v 10.19756889 4.50000000 -7.93048143
v 10.37741470 4.50000000 -7.21045923
v 10.47389889 4.50000000 -6.47461414
v 9.67011929 5.00000000 -8.71359730
v 9.94992542 5.00000000 -8.02786922
v 10.14713669 5.00000000 -7.31399155
v 10.25901699 5.00000000 -6.58187389
v 10.57215881 4.00000000 -7.28466606
v 10.56581974 4.00681496 -7.02130032
v 10.67614079 4.00000000 -6.52228403
v 7.14716196 5.00000000 -6.13368988
v 7.12448645 5.00000000 -5.59989405
v 7.01192474 5.00000000 -5.07760811
v 7.30045033 4.85512733 0.45207524
v 7.30045033 4.90300751 0.43125632
v 7.30045033 4.94386768 0.39875454
v 7.30045033 4.97492409 0.35678479
v 7.30045033 4.99405909 0.30820727
v 9.37296581 4.02679539 -2.16670322
v 9.33726978 4.02679396 -2.06859946
v 9.29682922 4.05857706 -2.07756019
v 9.26579762 4.09999800 -2.08443594
v 9.33622265 4.05857897 -2.18582535
v 9.36747456 4.05735064 -2.23488855
v 9.30802727 4.09999943 -2.20049810
v 9.34140396 4.09799194 -2.25318289
v 9.31852722 4.19650936 -2.26922536
v 9.29030323 4.14823580 -2.20972133
v 9.24629021 4.14823341 -2.08875775
v 9.28315258 4.19564724 -2.21061850
v 9.25615406 4.19483566 -2.14783072
v 9.23799324 4.19411945 -2.08206558
v 9.32472038 4.14543247 -2.26489091
v 9.32818222 4.02679253 -1.96459997
v 9.34632015 4.02679157 -1.86179173
v 9.28679943 4.05857563 -1.96278858
v 9.25504589 4.09999657 -1.96139860
v 9.30681705 4.05857468 -1.84933186
v 9.27650452 4.09999514 -1.83977079
v 9.35551739 4.05857372 -1.74492180
v 9.32871246 4.09999418 -1.72784138
v 9.23508453 4.14823198 -1.96052444
v 9.22896004 4.19352484 -2.01454353
v 9.22918415 4.19305754 -1.94649756
v 9.23863506 4.19271708 -1.87916398
v 9.25744915 4.14823103 -1.83376014
v 9.25712681 4.19250822 -1.81375921
v 9.28430939 4.19243813 -1.75148380
v 9.31186104 4.14823008 -1.71710384
v 9.31968594 4.19250822 -1.69347048
v 9.36261559 4.19271708 -1.64077699
v 9.25155735 4.50000000 -2.15781593
v 9.30873966 4.50000000 -2.26452136
v 9.22168922 4.50000000 -2.04051828
v 9.22088051 4.50000000 -1.91949952
v 9.24917984 4.50000000 -1.80184746
v 9.30492878 4.50000000 -1.69445276
v 9.04706573 5.00000000 -2.20386124
v 9.02178669 5.00000000 -2.11195755
v 9.13558769 5.00000000 -2.37513113
v 9.08476734 5.00000000 -2.29152894
v 9.00898552 5.00000000 -2.01719117
v 9.00912476 5.00000000 -1.92179847
v 9.02227879 5.00000000 -1.82770276
v 9.04804134 5.00000000 -1.73643756
v 9.08589172 5.00000000 -1.64951706
v 9.13507271 5.00000000 -1.56846821
v 9.19477367 5.00000000 -1.49478769
v 9.26405907 5.00000000 -1.42977595
v 9.34191227 5.00000000 -1.37464905
v 8.40060043 4.85512733 0.45207524
v 8.40060043 4.90300751 0.43125632
v 8.40060043 4.94386768 0.39875454
v 8.40060043 4.97492409 0.35678479
v 8.40060043 4.99405909 0.30820727
v 10.55039597 4.05857849 -6.24874687
v 10.51863575 4.09999990 -6.24754047
v 10.49867058 4.14823627 -6.24678230
v 10.53498268 4.05857849 -5.48661041
v 10.50329685 4.09999990 -5.48909950
v 10.49106789 4.19650936 -5.73269558
v 10.48337841 4.14823627 -5.49066496
v 10.47183228 4.02679491 -4.72340059
v 10.51915741 4.00681496 -4.71406555
v 10.40001297 4.09999990 -4.73756742
v 10.38041019 4.14823627 -4.74143410
v 10.43119526 4.05857849 -4.73141670
v 10.41841698 4.19650936 -4.99534035
v 10.48576164 4.50000000 -5.73256540
v 10.41284657 4.50000000 -4.99401283
v 9.96528530 4.05857849 -3.28247571
v 9.93636227 4.09999990 -3.29565239
v 9.91817951 4.14823627 -3.30393529
v 10.26228046 4.19650936 -4.27105331
v 10.24043560 4.05857849 -3.99337816
v 10.21017838 4.09999990 -4.00310755
v 10.19115639 4.14823627 -4.00922394
v 10.45957565 4.00000000 -4.23434687
v 10.27986908 4.02679491 -3.98069859
v 10.32578945 4.00681496 -3.96593285
v 10.21439457 4.00000000 -3.50501513
v 10.00298023 4.02679491 -3.26530409
v 10.04687500 4.00681496 -3.24530697
v 10.02469063 4.19650936 -3.56925440
v 10.25610924 4.50000000 -4.26861000
v 10.01759624 4.50000000 -3.56583810
v 10.28401184 5.00000000 -5.84167862
v 10.22177505 5.00000000 -5.10368109
v 9.52627754 5.00000000 -3.00431705
v 9.84025955 5.00000000 -3.67508459
v 10.07316971 5.00000000 -4.37812567
v 10.59178829 4.02679491 -6.25031900
v 10.63998985 4.00681496 -6.25214958
v 10.69198227 4.00000000 -5.75300646
v 10.57627678 4.02679491 -5.48336601
v 10.62436581 4.00681496 -5.47958851
v 10.61947441 4.00000000 -4.98698997
v 9.64491081 4.02679491 -2.58689165
v 9.44802856 4.00000048 -2.09036040
v 9.40119076 4.02621746 -2.21122694
v 9.44030857 4.00666666 -2.18377519
v 9.38436413 4.00681448 -2.05816436
v 9.41575336 4.00681591 -2.14443493
v 9.48221970 4.00000143 -2.15436339
v 9.58226681 4.09999990 -2.62476873
v 9.60946560 4.05857849 -2.60832334
v 9.56516933 4.14823627 -2.63510656
v 9.68618870 4.00681496 -2.56193376
v 9.88716888 4.00000000 -2.80862284
v 9.70873642 4.19650936 -2.89907241
v 9.43020916 3.99999976 -2.02001882
v 9.42980576 3.99999881 -1.94745660
v 9.44684219 3.99999833 -1.87692153
v 9.37637138 4.00681305 -1.96670890
v 9.39232254 4.00681210 -1.87630153
v 9.39044857 4.02679062 -1.76718128
v 9.43112850 4.00681162 -1.79310274
v 9.48032188 3.99999809 -1.81254292
v 9.45756149 4.02679062 -1.68721604
v 9.49014568 4.00681162 -1.72278285
v 9.52828217 3.99999762 -1.75808966
v 9.58791828 3.99999809 -1.71674955
v 9.56535244 4.00681210 -1.67013395
v 9.65573788 3.99999857 -1.69094276
v 9.65162373 4.00681305 -1.63874376
v 9.54308414 4.02679110 -1.62734556
v 9.64118767 4.02679205 -1.59165001
v 9.42958069 4.05857372 -1.65667403
v 9.40810966 4.09999418 -1.63323808
v 9.50928783 4.09999466 -1.56240797
v 9.39461231 4.14823008 -1.61850548
v 9.41231251 4.19305754 -1.59437799
v 9.50006294 4.14823008 -1.54468405
v 9.46788979 4.19352484 -1.55512428
v 9.52396107 4.05857420 -1.59060228
v 9.63222599 4.05857515 -1.55120945
v 9.62535000 4.09999561 -1.52017808
v 9.52835274 4.19411945 -1.52374887
v 9.59261608 4.19483566 -1.50085473
v 9.62102699 4.14823151 -1.50067067
v 9.65951538 4.19564724 -1.48690450
v 9.72776985 3.99999952 -1.68217969
v 9.72778130 4.00666380 -1.63097751
v 9.72779083 4.02621460 -1.58318782
v 9.72779942 4.05734873 -1.54199612
v 9.72780609 4.09799051 -1.51014781
v 9.72780991 4.14543152 -1.48976564
v 9.72780132 4.19650936 -1.48220718
v 9.70042706 4.50000000 -2.89488339
v 9.38486290 4.50000000 -1.60360479
v 9.48430157 4.50000000 -1.53462458
v 9.59741879 4.50000000 -1.49155152
v 9.71759129 4.50000000 -1.47690952
v 9.42671680 5.00000000 -1.33045566
v 9.51636982 5.00000000 -1.29810345
v 9.60973167 5.00000000 -1.27834249
v 9.70738602 5.00000000 -1.27165008
v 9.50075054 4.85512733 0.45207524
v 9.50075054 4.90300751 0.43125632
v 9.50075054 4.94386768 0.39875454
v 9.50075054 4.97492409 0.35678479
v 9.50075054 4.99405909 0.30820727
v 10.84278679 4.00681496 -1.63041294
v 10.84278679 4.02679491 -1.58217669
v 10.84278679 4.05857849 -1.54075527
v 10.84278679 4.09999990 -1.50897157
v 10.84278679 4.14823627 -1.48899150
v 10.60090065 4.85512733 0.45207524
v 10.60090065 4.90300751 0.43125632
v 10.60090065 4.94386768 0.39875454
v 10.60090065 4.97492409 0.35678479
v 10.60090065 4.99405909 0.30820727
v 11.70105076 4.85512733 0.45207524
v 11.70105076 4.90300751 0.43125632
v 11.70105076 4.94386768 0.39875454
v 11.70105076 4.97492409 0.35678479
v 11.70105076 4.99405909 0.30820727
v 11.76899624 4.83307266 -11.50000000
v 11.85822105 5.00000000 -12.50000000
v 11.93171597 5.13749981 -12.50000000
v 11.85822105 5.00000000 -11.50000000
v 13.48113441 4.00000000 -11.50000000
v 13.56053829 4.00681496 -11.48554039
v 13.54253292 4.00650549 -11.50000000
v 13.54629326 4.00681496 -11.50000000
v 13.57329845 4.01480293 -11.50000000
v 13.62081814 4.02679491 -11.50000000
v 13.69662571 4.06478739 -11.50000000
v 13.68880558 4.05857849 -11.50000000
v 13.74796963 4.11028719 -11.50000000
v 13.74097538 4.09999990 -11.50000000
v 13.77377033 4.14823627 -11.50000000
v 13.77032948 4.18018770 -11.50000000
v 13.77842331 4.19650936 -11.50000000
v 13.82969475 4.19650936 -11.45322037
v 13.77930069 4.23197603 -11.50000000
v 13.78647518 4.50000000 -11.50000000
v 13.83515263 4.50000000 -11.45564938
v 13.62538528 4.00000000 -11.36174297
v 14.09163666 4.02679491 -11.13966560
v 14.06506443 4.00681496 -11.09940910
v 14.11445522 4.05857849 -11.17423534
v 13.24193668 5.00000000 -11.50000000
v 14.14383316 4.00000000 -10.98750210
v 14.13196468 4.09999990 -11.20076084
v 14.14297199 4.14823627 -11.21743584
v 14.31657982 4.19650936 -11.11643887
v 14.61841774 4.00681496 -10.78725052
v 14.63912964 4.02679491 -10.83081341
v 14.70911503 4.00000000 -10.68866920
v 14.65691566 4.05857849 -10.86822319
v 14.67056274 4.09999990 -10.89692688
v 14.67914200 4.14823627 -10.91497231
v 14.32118893 4.50000000 -11.11985970
v 14.84422207 4.19650936 -10.84797478
v 15.22427940 4.02679491 -10.60116386
v 15.23668480 4.05857849 -10.64068413
v 15.24620533 4.09999990 -10.67100906
v 15.25218964 4.14823627 -10.69007111
v 15.20983219 4.00681496 -10.55514240
v 15.31033611 4.00000000 -10.47100639
v 14.84782314 4.50000000 -10.85219860
v 14.50123978 5.00000000 -11.25255966
v 14.98837662 5.00000000 -11.01596355
v 15.40309334 4.19650936 -10.65267563
v 15.82779312 4.00681496 -10.40760136
v 15.83569527 4.02679491 -10.45518684
v 15.84248066 4.05857849 -10.49604797
v 15.84768677 4.09999990 -10.52740192
v 15.85095978 4.14823627 -10.54711246
v 15.40556335 4.50000000 -10.65748978
v 15.93590927 4.00000000 -10.33870697
v 15.98310280 4.19650936 -10.53406715
v 16.46147537 4.02679491 -10.39572239
v 16.46027374 4.00681496 -10.34750080
v 16.46250916 4.05857849 -10.43712997
v 16.46330070 4.09999990 -10.46890354
v 16.46379852 4.14823627 -10.48887825
v 15.98435879 4.50000000 -10.53924370
v 15.50193405 5.00000000 -10.84409237
v 16.03335190 5.00000000 -10.73981094
v 11.95780373 4.00681496 -1.63041294
v 11.95780373 4.02679491 -1.58217669
v 11.95780373 4.05857849 -1.54075527
v 11.95780373 4.09999990 -1.50897157
v 11.95780373 4.14823627 -1.48899150
v 12.80120087 4.85512733 0.45207524
v 12.80120087 4.90300751 0.43125632
v 12.80120087 4.94386768 0.39875454
v 12.80120087 4.97492409 0.35678479
v 12.80120087 4.99405909 0.30820727
v 13.07282066 4.00681496 -1.63041294
v 13.07282066 4.02679491 -1.58217669
v 13.07282066 4.05857849 -1.54075527
v 13.07282066 4.09999990 -1.50897157
v 13.07282066 4.14823627 -1.48899150
v 13.90135193 4.85512733 0.45207524
v 13.90135193 4.90300751 0.43125632
v 13.90135193 4.94386768 0.39875454
v 13.90135193 4.97492409 0.35678479
v 13.90135193 4.99405909 0.30820727
v 14.18783665 4.00681496 -1.63041294
v 14.18783665 4.02679491 -1.58217669
v 14.18783665 4.05857849 -1.54075527
v 14.18783665 4.09999990 -1.50897157
v 14.18783665 4.14823627 -1.48899150
v 15.30285358 4.00681496 -1.63041294
v 15.30285358 4.02679491 -1.58217669
v 15.30285358 4.05857849 -1.54075527
v 15.30285358 4.09999990 -1.50897157
v 15.30285358 4.14823627 -1.48899150
v 15.00150108 4.85512733 0.45207524
v 15.00150108 4.90300751 0.43125632
v 15.00150108 4.94386768 0.39875454
v 15.00150108 4.97492409 0.35678479
v 15.00150108 4.99405909 0.30820727
v 16.41786957 4.00681496 -1.63041294
v 16.41786957 4.02679491 -1.58217669
v 16.41786957 4.05857849 -1.54075527
v 16.41786957 4.09999990 -1.50897157
v 16.41786957 4.14823627 -1.48899150
v 16.10165024 4.85512733 0.45207524
v 16.10165024 4.90300751 0.43125632
v 16.10165024 4.94386768 0.39875454
v 16.10165024 4.97492409 0.35678479
v 16.10165024 4.99405909 0.30820727
v 12.11399746 5.43063307 -12.50000000
v 12.31506157 5.71121645 -12.50000000
v 12.53404522 5.97804928 -12.50000000
v 12.77001190 6.22998810 -12.50000000
v 13.02195072 6.46595478 -12.50000000
v 13.28878307 6.68493891 -12.50000000
v 13.56936741 6.88600206 -12.50000000
v 13.86250019 7.06828403 -12.50000000
v 14.16692734 7.23100376 -12.50000000
v 14.48134518 7.37346458 -12.50000000
v 14.80440712 7.49505663 -12.50000000
v 15.13472939 7.59525871 -12.50000000
v 15.47089863 7.67364216 -12.50000000
v 15.81147480 7.72987175 -12.50000000
v 16.15499878 7.76370573 -12.50000000
v 7.35383415 8.61127281 -21.00000000
v 7.77311325 9.19637585 -21.00000000
v 8.00000000 9.47283840 -23.50000000
v 8.00000000 9.50000000 -23.50000000
v 8.02229118 9.50000000 -23.50000000
v 8.00000000 9.47283840 -21.00000000
v 8.00000000 9.50000000 -21.00000000
v 8.02229118 9.50000000 -21.00000000
v 8.00000000 9.50000000 -14.00000000
v 8.02229118 9.50000000 -14.00000000
v 8.22976208 9.75280380 -14.00000000
v 8.72182560 10.27817440 -14.00000000
v 9.24719620 10.77023792 -14.00000000
v 9.80362415 11.22688675 -14.00000000
v 10.38872719 11.64616585 -14.00000000
v 11.00000000 12.02627945 -14.00000000
v 11.63482475 12.36560059 -14.00000000
v 12.29048252 12.66267490 -14.00000000
v 12.96416569 12.91623116 -14.00000000
v 13.65299034 13.12518406 -14.00000000
v 14.35400677 13.28863811 -14.00000000
v 15.06421185 13.40589333 -14.00000000
v 15.78056526 13.47644806 -14.00000000
v 8.00000000 9.50000000 -12.50000000
v 7.03835011 9.80000019 -6.65481472
v 7.10531044 9.80000019 -6.13191175
v 7.08293676 9.80000019 -5.60521412
v 16.50000000 -8.50000000 -54.00000000
v 17.21943474 -8.47644806 -54.00000000
v 17.93578720 -8.40589333 -54.00000000
v 18.64599419 -8.28863811 -54.00000000
v 19.34700966 -8.12518406 -54.00000000
v 20.03583336 -7.91623163 -54.00000000
v 20.70951843 -7.66267490 -54.00000000
v 21.36517525 -7.36560011 -54.00000000
v 22.00000000 -7.02627945 -54.00000000
v 22.61127281 -6.64616585 -54.00000000
v 23.19637489 -6.22688675 -54.00000000
v 23.75280380 -5.77023792 -54.00000000
v 24.27817535 -5.27817440 -54.00000000
v 24.77023697 -4.75280380 -54.00000000
v 25.22688675 -4.19637585 -54.00000000
v 25.64616585 -3.61127257 -54.00000000
v 16.50000000 -2.77500010 -54.00000000
v 16.84500122 -2.76370573 -54.00000000
v 17.18852615 -2.72987175 -54.00000000
v 17.52910233 -2.67364240 -54.00000000
v 17.86527061 -2.59525871 -54.00000000
v 18.19559288 -2.49505639 -54.00000000
v 18.51865578 -2.37346458 -54.00000000
v 18.83307266 -2.23100376 -54.00000000
v 19.13750076 -2.06828403 -54.00000000
v 19.43063354 -1.88600218 -54.00000000
v 19.71121597 -1.68493891 -54.00000000
v 19.97804832 -1.46595502 -54.00000000
v 20.22998810 -1.22998822 -54.00000000
v 20.46595573 -0.97804916 -54.00000000
v 20.68493843 -0.71121651 -54.00000000
v 20.88600159 -0.43063298 -54.00000000
v 21.06828308 -0.13750000 -54.00000000
v 21.23100281 0.16692716 -54.00000000
v 21.37346458 0.48134491 -54.00000000
v 21.49505615 0.80440682 -54.00000000
v 21.59525871 1.13472950 -54.00000000
v 21.63379478 1.29999995 -54.00000000
v 26.02627945 -3.00000000 -54.00000000
v 26.36560059 -2.36517549 -54.00000000
v 26.66267395 -1.70951772 -54.00000000
v 26.91623116 -1.03583407 -54.00000000
v 27.12518501 -0.34700951 -54.00000000
v 27.28863716 0.35400647 -54.00000000
v 27.40589333 1.06421185 -54.00000000
v 27.42911720 1.29999995 -54.00000000
v 26.18663216 -2.70000005 -38.50000000
v 26.36560059 -2.36517549 -38.50000000
v 26.66267395 -1.70951772 -38.50000000
v 27.85455132 -2.70000005 -35.84999847
v 26.91623116 -1.03583407 -38.50000000
v 27.12518501 -0.34700951 -38.50000000
v 26.20910263 -2.70000005 -33.00000000
v 26.18663216 -2.70000005 -27.50000000
v 26.36560059 -2.36517549 -27.50000000
v 26.66267395 -1.70951772 -27.50000000
v 27.85455132 -2.70000005 -30.14999962
v 26.91623116 -1.03583407 -27.50000000
v 27.12518501 -0.34700951 -27.50000000
v 27.28863716 0.35400647 -38.50000000
v 27.40589333 1.06421185 -38.50000000
v 27.85455132 0.40000001 -35.84999847
v 28.00073433 0.40000001 -33.80137634
v 27.92940521 0.40000001 -33.65056229
v 28.18588257 0.40000001 -34.07846832
v 28.29791832 0.40000001 -34.20207977
v 28.08650208 0.40000001 -33.94446945
v 27.42911720 1.29999995 -38.50000000
v 28.00073433 1.29999995 -33.80137634
v 27.92940521 1.29999995 -33.65056229
v 28.18588257 1.29999995 -34.07846832
v 28.29791832 1.29999995 -34.20207977
v 28.08650208 1.29999995 -33.94446945
v 28.69862556 0.40000001 -34.49926758
v 28.84943771 0.40000001 -34.57059479
v 28.42153168 0.40000001 -34.31411743
v 28.55553055 0.40000001 -34.41349792
v 29.00651550 0.40000001 -34.62679672
v 29.16834641 0.40000001 -34.66733551
v 29.33337021 0.40000001 -34.69181442
v 29.50000000 0.40000001 -34.70000076
v 29.66662979 0.40000001 -34.69181442
v 29.83165359 0.40000001 -34.66733551
v 29.99348450 0.40000001 -34.62679672
v 30.15056229 0.40000001 -34.57059479
v 30.30137444 0.40000001 -34.49926758
v 30.44446945 0.40000001 -34.41349792
v 30.57846832 0.40000001 -34.31411743
v 30.70208168 0.40000001 -34.20207977
v 28.69862556 1.29999995 -34.49926758
v 28.84943771 1.29999995 -34.57059479
v 28.42153168 1.29999995 -34.31411743
v 28.55553055 1.29999995 -34.41349792
v 29.00651550 1.29999995 -34.62679672
v 29.16834641 1.29999995 -34.66733551
v 29.33337021 1.29999995 -34.69181442
v 29.50000000 1.29999995 -34.70000076
v 29.66662979 1.29999995 -34.69181442
v 29.83165359 1.29999995 -34.66733551
v 29.99348450 1.29999995 -34.62679672
v 30.15056229 1.29999995 -34.57059479
v 30.30137444 1.29999995 -34.49926758
v 30.44446945 1.29999995 -34.41349792
v 30.57846832 1.29999995 -34.31411743
v 30.70208168 1.29999995 -34.20207977
v 26.20910263 0.40000001 -33.00000000
v 27.87320137 0.40000001 -33.49348450
v 27.83266449 0.40000001 -33.33165359
v 27.80818558 0.40000001 -33.16662979
v 27.79999924 0.40000001 -33.00000000
v 27.80818558 0.40000001 -32.83337021
v 27.83266449 0.40000001 -32.66834641
v 27.87320137 0.40000001 -32.50651550
v 27.92940521 0.40000001 -32.34943771
v 28.00073433 0.40000001 -32.19862366
v 28.08650208 0.40000001 -32.05553055
v 28.18588257 0.40000001 -31.92153168
v 28.29791832 0.40000001 -31.79791832
v 27.85455132 0.40000001 -30.14999962
v 27.28863716 0.35400647 -27.50000000
v 27.40589333 1.06421185 -27.50000000
v 27.87320137 1.29999995 -33.49348450
v 27.83266449 1.29999995 -33.33165359
v 27.80818558 1.29999995 -33.16662979
v 27.79999924 1.29999995 -33.00000000
v 27.80818558 1.29999995 -32.83337021
v 27.83266449 1.29999995 -32.66834641
v 27.87320137 1.29999995 -32.50651550
v 27.92940521 1.29999995 -32.34943771
v 28.00073433 1.29999995 -32.19862366
v 28.08650208 1.29999995 -32.05553055
v 28.18588257 1.29999995 -31.92153168
v 28.29791832 1.29999995 -31.79791832
v 27.42911720 1.29999995 -27.50000000
v 28.42153168 0.40000001 -31.68588257
v 28.55553055 0.40000001 -31.58650208
v 28.69862556 0.40000001 -31.50073433
v 28.84943771 0.40000001 -31.42940521
v 29.00651550 0.40000001 -31.37320137
v 29.16834641 0.40000001 -31.33266449
v 29.33337021 0.40000001 -31.30818558
v 29.50000000 0.40000001 -31.29999924
v 29.66662979 0.40000001 -31.30818558
v 29.83165359 0.40000001 -31.33266449
v 29.99348450 0.40000001 -31.37320137
v 30.30137444 0.40000001 -31.50073433
v 30.44446945 0.40000001 -31.58650208
v 30.15056229 0.40000001 -31.42940521
v 30.57846832 0.40000001 -31.68588257
v 30.70208168 0.40000001 -31.79791832
v 28.42153168 1.29999995 -31.68588257
v 28.55553055 1.29999995 -31.58650208
v 28.69862556 1.29999995 -31.50073433
v 28.84943771 1.29999995 -31.42940521
v 29.00651550 1.29999995 -31.37320137
v 29.16834641 1.29999995 -31.33266449
v 29.33337021 1.29999995 -31.30818558
v 29.50000000 1.29999995 -31.29999924
v 29.66662979 1.29999995 -31.30818558
v 29.83165359 1.29999995 -31.33266449
v 29.99348450 1.29999995 -31.37320137
v 30.30137444 1.29999995 -31.50073433
v 30.44446945 1.29999995 -31.58650208
v 30.15056229 1.29999995 -31.42940521
v 30.57846832 1.29999995 -31.68588257
v 30.70208168 1.29999995 -31.79791832
v 31.14544868 -2.70000005 -35.84999847
v 34.50000000 -2.70000005 -38.50000000
v 32.79089737 -2.70000005 -33.00000000
v 31.14544868 -2.70000005 -30.14999962
v 34.50000000 -2.70000005 -27.50000000
v 31.14544868 0.40000001 -35.84999847
v 30.81411743 0.40000001 -34.07846832
v 30.91349792 0.40000001 -33.94446945
v 30.99926567 0.40000001 -33.80137634
v 31.07059479 0.40000001 -33.65056229
v 30.81411743 1.29999995 -34.07846832
v 30.91349792 1.29999995 -33.94446945
v 30.99926567 1.29999995 -33.80137634
v 31.07059479 1.29999995 -33.65056229
v 34.50000000 1.29999995 -38.50000000
v 31.12679863 0.40000001 -33.49348450
v 31.16733551 0.40000001 -33.33165359
v 31.19181442 0.40000001 -33.16662979
v 31.20000076 0.40000001 -33.00000000
v 31.19181442 0.40000001 -32.83337021
v 30.81411743 0.40000001 -31.92153168
v 30.99926567 0.40000001 -32.19862366
v 30.91349792 0.40000001 -32.05553055
v 31.16733551 0.40000001 -32.66834641
v 31.12679863 0.40000001 -32.50651550
v 31.07059479 0.40000001 -32.34943771
v 32.79089737 0.40000001 -33.00000000
v 31.14544868 0.40000001 -30.14999962
v 31.12679863 1.29999995 -33.49348450
v 31.16733551 1.29999995 -33.33165359
v 31.19181442 1.29999995 -33.16662979
v 31.20000076 1.29999995 -33.00000000
v 31.19181442 1.29999995 -32.83337021
v 30.81411743 1.29999995 -31.92153168
v 30.99926567 1.29999995 -32.19862366
v 30.91349792 1.29999995 -32.05553055
v 31.16733551 1.29999995 -32.66834641
v 31.12679863 1.29999995 -32.50651550
v 31.07059479 1.29999995 -32.34943771
v 34.50000000 1.29999995 -27.50000000
v 16.50000000 -8.50000000 -14.00000000
v 17.21943474 -8.47644806 -14.00000000
v 17.93578720 -8.40589333 -14.00000000
v 18.64599419 -8.28863811 -14.00000000
v 19.34700966 -8.12518406 -14.00000000
v 20.03583336 -7.91623163 -14.00000000
v 20.70951843 -7.66267490 -14.00000000
v 21.36517525 -7.36560011 -14.00000000
v 22.00000000 -7.02627945 -14.00000000
v 22.61127281 -6.64616585 -14.00000000
v 23.19637489 -6.22688675 -14.00000000
v 23.75280380 -5.77023792 -14.00000000
v 24.97770882 -4.50000000 -23.50000000
v 25.00000000 -4.50000000 -23.50000000
v 25.00000000 -4.47283745 -23.50000000
v 24.97770882 -4.50000000 -21.00000000
v 25.00000000 -4.50000000 -21.00000000
v 25.00000000 -4.47283745 -21.00000000
v 25.22688675 -4.19637585 -21.00000000
v 25.64616585 -3.61127257 -21.00000000
v 24.27817535 -5.27817440 -14.00000000
v 24.77023697 -4.75280380 -14.00000000
v 24.97770882 -4.50000000 -14.00000000
v 25.00000000 -4.50000000 -14.00000000
v 25.00000000 -4.50000000 -12.50000000
v 25.96164894 -4.79999971 -6.65481472
v 25.89468956 -4.79999971 -6.13191175
v 25.91706276 -4.79999971 -5.60521412
v 21.63379478 1.29999995 -22.75652313
v 25.00000000 -0.00000006 -13.84148979
v 25.00000000 1.29999995 -14.00000000
v 25.00000000 1.29999995 -13.84148979
v 16.50000000 -2.77500010 -12.50000000
v 16.84500122 -2.76370573 -12.50000000
v 17.18852615 -2.72987175 -12.50000000
v 17.52910233 -2.67364240 -12.50000000
v 17.86527061 -2.59525871 -12.50000000
v 18.19559288 -2.49505639 -12.50000000
v 18.51865578 -2.37346458 -12.50000000
v 18.83307266 -2.23100376 -12.50000000
v 19.13750076 -2.06828403 -12.50000000
v 19.43063354 -1.88600218 -12.50000000
v 19.71121597 -1.68493891 -12.50000000
v 19.97804832 -1.46595502 -12.50000000
v 20.22998810 -1.22998822 -12.50000000
v 20.46595573 -0.97804916 -12.50000000
v 20.68493843 -0.71121651 -12.50000000
v 20.88600159 -0.43063298 -12.50000000
v 16.57377625 0.00000000 -10.70485592
v 16.57377625 0.50000006 -10.49958992
v 16.57377625 0.80349052 -10.49429131
v 16.57377625 0.85456800 -10.48673439
v 16.57377625 0.90200847 -10.46635151
v 16.57377625 0.94265008 -10.43450356
v 16.57377625 0.97378397 -10.39331341
v 16.57377625 0.99333495 -10.34552383
v 16.57377625 1.00000000 -10.29432201
v 17.07817078 0.85176378 -10.48750782
v 17.07817078 0.90000004 -10.46752739
v 17.07817078 0.94142139 -10.43574333
v 17.07817078 0.97320503 -10.39432144
v 17.07817078 0.99318516 -10.34608650
v 18.19380188 0.85176378 -10.48750782
v 18.19380188 0.90000004 -10.46752739
v 18.19380188 0.94142139 -10.43574333
v 18.19380188 0.97320503 -10.39432144
v 18.19380188 0.99318516 -10.34608650
v 19.30943489 0.85176378 -10.48750782
v 19.30943489 0.90000004 -10.46752739
v 19.30943489 0.94142139 -10.43574333
v 19.30943489 0.97320503 -10.39432144
v 19.30943489 0.99318516 -10.34608650
v 21.06828308 -0.13750000 -12.50000000
v 21.14177895 -0.00000003 -12.50000000
v 21.14177895 -0.00000003 -12.43624878
v 21.14177895 -0.00000003 -12.41620731
v 21.14308167 0.00243845 -12.29095840
v 21.14210510 0.00061054 -12.27543831
v 21.14470291 0.00547255 -12.30628872
v 21.14177895 -0.00000002 -12.30628872
v 21.14177895 0.00000000 -12.25982285
v 21.14177895 0.00000000 -11.50000000
v 21.23100281 0.16692716 -11.50000000
v 20.42506790 0.85176378 -10.48750782
v 20.42506790 0.90000004 -10.46752739
v 20.42506790 0.94142139 -10.43574333
v 20.42506790 0.97320503 -10.39432144
v 20.42506790 0.99318516 -10.34608650
v 17.30614853 0.00594086 0.30820727
v 17.30614853 0.02507606 0.35678479
v 17.30614853 0.05613204 0.39875454
v 17.30614853 0.09699239 0.43125632
v 17.30614853 0.14487253 0.45207524
v 16.51788521 0.85176378 -1.48899150
v 16.51788521 0.90000004 -1.50897157
v 16.51788521 0.94142139 -1.54075527
v 16.51788521 0.99318516 -1.63041294
v 16.51788521 0.97320503 -1.58217669
v 17.64956665 0.85176378 -1.48899150
v 17.64956665 0.90000004 -1.50897157
v 17.64956665 0.94142139 -1.54075527
v 17.64956665 0.99318516 -1.63041294
v 17.64956665 0.97320503 -1.58217669
v 18.41499519 0.00594086 0.30820727
v 18.41499519 0.02507606 0.35678479
v 18.41499519 0.05613204 0.39875454
v 18.41499519 0.09699239 0.43125632
v 18.41499519 0.14487253 0.45207524
v 18.78124619 0.85176378 -1.48899150
v 18.78124619 0.90000004 -1.50897157
v 18.78124619 0.94142139 -1.54075527
v 18.78124619 0.99318516 -1.63041294
v 18.78124619 0.97320503 -1.58217669
v 19.52384186 0.00594086 0.30820727
v 19.52384186 0.02507606 0.35678479
v 19.52384186 0.05613204 0.39875454
v 19.52384186 0.09699239 0.43125632
v 19.52384186 0.14487253 0.45207524
v 19.91292763 0.85176378 -1.48899150
v 19.91292763 0.90000004 -1.50897157
v 19.91292763 0.94142139 -1.54075527
v 19.91292763 0.99318516 -1.63041294
v 19.91292763 0.97320503 -1.58217669
v 20.63268661 0.00594086 0.30820727
v 20.63268661 0.02507606 0.35678479
v 20.63268661 0.05613204 0.39875454
v 20.63268661 0.09699239 0.43125632
v 20.63268661 0.14487253 0.45207524
v 21.04460907 0.85176378 -1.48899150
v 21.04460907 0.90000004 -1.50897157
v 21.04460907 0.94142139 -1.54075527
v 21.04460907 0.99318516 -1.63041294
v 21.04460907 0.97320503 -1.58217669
v 21.37346458 0.48134491 -11.50000000
v 21.49505615 0.80440682 -11.50000000
v 21.54069901 0.85176378 -10.48750782
v 21.54069901 0.90000004 -10.46752739
v 21.54069901 0.94142139 -10.43574333
v 21.54069901 0.97320503 -10.39432144
v 21.54069901 0.99318516 -10.34608650
v 22.67552567 0.00000000 -10.70485020
v 22.77042007 0.00000000 -10.69860363
v 22.86105919 0.00000000 -10.68006611
v 22.94814682 0.00000000 -10.64952278
v 23.03134727 0.00000000 -10.60746670
v 23.10871506 0.00000000 -10.55471611
v 23.17823219 0.00000000 -10.49214268
v 23.23857307 0.00000000 -10.42089844
v 23.28886986 0.00000000 -10.34232235
v 23.32829666 0.00000000 -10.25777435
v 23.35615349 0.00000000 -10.16868401
v 23.37177658 0.00000000 -10.07649899
v 23.37490845 0.00000000 -9.98295498
v 23.36589813 0.00000000 -9.89022350
v 23.34510612 0.00000000 -9.80038261
v 22.66591835 0.50000012 -10.49958992
v 22.78339005 0.50000012 -10.48560524
v 22.89427185 0.50000012 -10.44443321
v 22.99237061 0.50000018 -10.37837601
v 22.65630341 0.80349058 -10.49429131
v 22.72258377 0.80427718 -10.48986626
v 22.65629578 0.85456824 -10.48673248
v 22.65629959 0.90200901 -10.46635056
v 22.65630531 0.94265074 -10.43450260
v 22.65631104 0.97378457 -10.39331055
v 22.65632248 0.99333537 -10.34552193
v 22.65633011 1.00000012 -10.29432106
v 22.72674942 1.00000107 -10.28594875
v 22.78775978 0.80501866 -10.47667694
v 22.76355934 0.85176849 -10.47571754
v 22.85067749 0.80567509 -10.45492649
v 22.75921631 0.90000415 -10.45621490
v 22.75230789 0.94142485 -10.42519093
v 22.87523651 0.90000522 -10.41386509
v 22.86053467 0.94142586 -10.38568592
v 22.91022110 0.80622077 -10.42496681
v 22.88447952 0.85176969 -10.43157959
v 22.96529579 0.80665016 -10.38731956
v 22.98985481 0.85177028 -10.35764885
v 23.01488686 0.80696321 -10.34265327
v 22.97634125 0.90000582 -10.34293079
v 22.95484543 0.94142640 -10.31951714
v 22.74330521 0.97320771 -10.38475895
v 22.73282051 0.99318695 -10.33767605
v 22.79323578 1.00000167 -10.26127720
v 22.81905937 0.99318790 -10.30619717
v 22.84137344 0.97320867 -10.34896278
v 22.85206985 1.00000215 -10.22168350
v 22.89421272 0.99318826 -10.25346947
v 22.92683411 0.97320920 -10.28900242
v 22.89996338 1.00000215 -10.16938305
v 22.95315742 0.99318826 -10.18308830
v 22.99386597 0.97320914 -10.20896816
v 22.93423653 1.00000179 -10.10729980
v 22.99187851 0.99318779 -10.09984970
v 23.00773621 0.99318689 -10.00942421
v 22.95297623 1.00000131 -10.03890514
v 22.95513153 1.00000036 -9.96802139
v 22.91014671 0.99999875 -9.83456230
v 22.94058228 0.99999934 -9.89861393
v 22.96817398 0.99318409 -9.83173752
v 22.99965096 0.99318564 -9.91797638
v 22.95347023 0.99333286 -9.80727291
v 23.01093864 0.97320443 -9.80942535
v 22.99390411 0.97378194 -9.78180122
v 23.07219505 0.50000018 -10.29112816
v 23.12928009 0.50000018 -10.18756962
v 23.16043091 0.50000018 -10.07349396
v 23.16390991 0.50000018 -9.95527840
v 23.08862305 0.50000006 -9.73274803
v 23.13951874 0.50000018 -9.83953857
v 23.05809975 0.80715501 -10.29175949
v 23.09414673 0.80721885 -10.23556614
v 23.07250595 0.85177016 -10.25896549
v 23.12237930 0.80715346 -10.17508316
v 23.05564117 0.90000576 -10.24824524
v 23.02882004 0.94142640 -10.23119164
v 23.14229584 0.80696017 -10.11140251
v 23.15355110 0.80664581 -10.04568958
v 23.15596390 0.80621570 -9.97912025
v 23.12679482 0.85176951 -10.14225197
v 23.14903069 0.85176826 -10.01546383
v 23.07935333 0.80349052 -9.72798920
v 23.09355545 0.85176438 -9.76632214
v 23.07295036 0.85456735 -9.73201180
v 23.13437653 0.80501443 -9.84823990
v 23.14952087 0.80567002 -9.91290569
v 23.11083794 0.80427462 -9.78624249
v 23.13769341 0.85176653 -9.88724136
v 23.07741165 0.94142580 -10.12673187
v 23.09731293 0.94142467 -10.01325226
v 23.10773468 0.90000516 -10.13626099
v 23.12906647 0.90000397 -10.01461029
v 23.05570412 0.90200728 -9.74287415
v 23.07584000 0.90000021 -9.77556419
v 23.08716583 0.94142306 -9.89849091
v 23.04766083 0.94142115 -9.79026604
v 23.02875710 0.94264841 -9.75984764
v 23.11819077 0.90000224 -9.89158344
v 23.03789520 0.97320861 -10.11431217
v 23.05593109 0.97320759 -10.01148415
v 23.04673386 0.97320616 -9.90749264
v 22.38456917 0.00000000 -7.51193333
v 22.25606918 0.00000000 -6.75448990
v 22.40242386 0.50000012 -8.31298256
v 22.39564896 0.80349052 -8.30966187
v 22.37114716 0.99318516 -8.66572857
v 22.41589737 0.97320503 -8.64773178
v 22.20689583 1.00000000 -8.37568855
v 22.18366623 0.50000012 -7.55417824
v 22.05187607 0.50000012 -6.77554417
v 21.98271942 1.00000000 -7.59623146
v 22.11436081 0.99318516 -7.90677071
v 22.25065231 0.85176378 -7.86902857
v 22.20076561 0.94142139 -7.88284302
v 22.23139572 0.90000004 -7.87436056
v 22.17770576 0.80349052 -7.55186796
v 22.16084671 0.97320503 -7.89389801
v 22.08382607 0.85176378 -7.10158920
v 22.04641342 0.80349052 -6.77436399
v 22.03270721 0.94142139 -7.10973167
v 22.06409454 0.90000004 -7.10473251
v 21.98401451 0.90000004 -6.32121086
v 21.95226479 0.94142139 -6.32266474
v 22.00397491 0.85176378 -6.32029724
v 21.94416428 0.99318516 -7.12383461
v 21.84767532 1.00000000 -6.79650068
v 21.99180222 0.97320503 -7.11624670
v 21.86269951 0.99318516 -6.32676506
v 21.91088676 0.97320503 -6.32455873
v 22.89321136 0.00000000 -8.95922279
v 22.59786224 0.00000000 -8.24999714
v 23.26683235 0.00000000 -9.63051891
v 23.31229210 0.00000000 -9.71396732
v 22.70536423 0.50000018 -9.04227448
v 22.69747543 0.80349052 -9.03811932
v 22.71129417 0.99318516 -9.39116287
v 22.51735306 1.00000000 -9.12497139
v 22.83576965 0.85176378 -9.32403946
v 22.79020691 0.94142139 -9.34860802
v 22.81818390 0.90000004 -9.33352280
v 22.75374985 0.97320503 -9.36826897
v 22.50235558 0.85176378 -8.61296463
v 22.48381805 0.90000004 -8.62041855
v 22.45432854 0.94142139 -8.63227749
v 21.59525871 1.13472950 -11.50000000
v 21.63379478 1.29999995 -12.00000000
v 21.67364311 1.47089851 -12.00000000
v 21.67364311 1.47089851 -11.50000000
v 21.72987175 1.81147432 -12.00000000
v 21.72987175 1.81147432 -11.50000000
v 21.76370621 2.15499854 -12.00000000
v 21.76370621 2.15499854 -11.50000000
v 25.00000000 -0.00000004 -12.50000000
v 25.92070007 0.00000000 -6.66363955
v 22.21400833 0.00000000 -5.98737717
v 22.25892258 0.00000000 -5.22042561
v 22.39023972 0.00000000 -4.46346569
v 21.80347252 1.00000000 -5.98665285
v 22.00873947 0.50000018 -5.98701477
v 22.05480576 0.50000018 -5.19865084
v 22.00344276 0.80349052 -5.98702478
v 21.96045113 0.94142139 -5.53153944
v 22.01210213 0.85176378 -5.53497696
v 21.99216652 0.90000004 -5.53364992
v 21.87099266 0.99318516 -5.52558613
v 21.91912079 0.97320503 -5.52878904
v 22.04933357 0.80349052 -5.19985008
v 22.10810661 0.85176378 -4.75550413
v 22.05716705 0.94142139 -4.74630547
v 22.08844376 0.90000004 -4.75195360
v 21.85067749 1.00000000 -5.17697430
v 21.96893501 0.99318516 -4.73037338
v 22.01640320 0.97320503 -4.73894548
v 22.18948555 0.50000018 -4.42051172
v 22.41106224 0.50000018 -3.66252542
v 21.98868942 1.00000000 -4.37775040
v 22.18350983 0.80349052 -4.42283821
v 22.27164078 0.90000004 -3.98595238
v 22.24118996 0.94142139 -3.97683811
v 22.29078102 0.85176378 -3.99168205
v 22.15530014 0.99318516 -3.95112729
v 22.20150948 0.97320503 -3.96495962
v 22.40426064 0.80349052 -3.66585851
v 22.21575165 1.00000000 -3.59913015
v 22.42773819 0.99318516 -3.19764662
v 22.60627556 0.00000000 -3.72620058
v 22.90426254 0.00000000 -3.01807880
v 22.71670914 0.50000018 -2.93436313
v 22.55782700 0.85176378 -3.25311565
v 22.53944778 0.90000004 -3.24527884
v 22.51021194 0.94142139 -3.23281264
v 22.70878792 0.80349052 -2.93852544
v 22.47210693 0.97320503 -3.21656609
v 21.74153328 0.00594086 0.30820727
v 21.74153328 0.02507606 0.35678479
v 21.74153328 0.05613204 0.39875454
v 21.74153328 0.09699239 0.43125632
v 21.74153328 0.14487253 0.45207524
v 22.17628860 0.85176378 -1.48899150
v 22.17628860 0.90000004 -1.50897157
v 22.17628860 0.94142139 -1.54075527
v 22.17628860 0.99318516 -1.63041294
v 22.17628860 0.97320503 -1.58217669
v 22.69046974 0.00000000 -1.27164853
v 22.78551292 0.00000000 -1.27791500
v 22.87628365 0.00000000 -1.29650891
v 22.96348381 0.00000000 -1.32714248
v 23.28038025 0.00000000 -2.34817719
v 23.32625961 0.00000000 -2.26466846
v 23.35942459 0.00000000 -2.17815447
v 23.38052368 0.00000000 -2.08818007
v 23.30434799 0.00000000 -1.63514519
v 23.12420845 0.00000000 -1.42221260
v 23.04677582 0.00000000 -1.36931777
v 23.19375610 0.00000000 -1.48495245
v 23.25409126 0.00000000 -1.55637765
v 23.38979530 0.00000000 -1.99528646
v 23.38688087 0.00000000 -1.90156031
v 23.37142754 0.00000000 -1.80918193
v 23.34369469 0.00000000 -1.71989143
v 22.85037804 0.00594086 0.30820727
v 22.85037804 0.02507606 0.35678479
v 22.85037804 0.05613204 0.39875454
v 22.85037804 0.09699239 0.43125632
v 22.85037804 0.14487253 0.45207524
v 22.68081856 0.50000018 -1.47690952
v 22.79849052 0.50000018 -1.49094164
v 22.90954208 0.50000018 -1.53225398
v 23.00774002 0.50000018 -1.59852695
v 22.52898788 1.00000000 -2.85100484
v 22.86084366 0.94142139 -2.52358627
v 22.90588570 0.85176378 -2.54909301
v 22.88850021 0.90000004 -2.53924799
v 22.82480049 0.97320503 -2.50317574
v 22.78282547 0.99318516 -2.47940755
v 22.92441177 0.99999934 -2.14287543
v 22.96763229 0.99333453 -2.17032623
v 23.00797272 0.97378397 -2.19594693
v 23.00199509 0.99318528 -2.10158205
v 22.95512390 0.99999970 -2.07881999
v 22.67116165 0.80349052 -1.48220706
v 22.67115402 0.85456818 -1.48976564
v 22.71306038 0.85176551 -1.49076843
v 22.67115593 0.90200877 -1.51014781
v 22.71136475 0.90000141 -1.51067686
v 22.67116356 0.94265038 -1.54199600
v 22.70867157 0.94142228 -1.54234624
v 22.67118073 0.99333471 -1.63097680
v 22.70106888 0.99318516 -1.63168073
v 22.67118835 0.99999952 -1.68217874
v 22.67116928 0.97378403 -1.58318746
v 22.70515633 0.97320557 -1.58361840
v 23.00865364 0.94142437 -1.69760454
v 22.73762512 0.80428290 -1.48665607
v 22.80294418 0.80502939 -1.49991143
v 22.86596298 0.80568999 -1.52175379
v 22.83879852 0.85176659 -1.51833129
v 22.83201027 0.90000242 -1.53712285
v 22.82120895 0.94142324 -1.56701553
v 22.92556000 0.80623895 -1.55181670
v 22.98064995 0.80667084 -1.58957219
v 22.95311737 0.85176742 -1.57749820
v 22.94169617 0.90000319 -1.59389234
v 22.92352676 0.94142401 -1.61997128
v 22.79074478 0.99318600 -1.65133846
v 22.74172974 1.00000000 -1.69058025
v 22.87227631 0.99318653 -1.69353604
v 22.86721039 1.00000095 -1.75505710
v 22.80831528 1.00000048 -1.71533537
v 22.94932938 1.00000095 -1.86977088
v 23.02165222 0.99318600 -2.01190639
v 23.01743317 0.99318659 -1.92019844
v 22.96991348 1.00000036 -2.00933790
v 22.96794510 1.00000072 -1.93832684
v 22.94010925 0.99318683 -1.75539792
v 22.89984894 0.97320712 -1.65395796
v 22.91511154 1.00000107 -1.80751669
v 22.98961830 0.99318683 -1.83270824
v 22.97698593 0.97320741 -1.72430491
v 22.80713272 0.97320646 -1.60597229
v 23.10252953 0.50000012 -2.24531937
v 23.15388870 0.50000018 -2.13852239
v 23.08757782 0.50000018 -1.68604124
v 23.14456749 0.50000018 -1.78988469
v 23.17868042 0.50000018 -2.02265763
v 23.17551422 0.50000018 -1.90422940
v 23.09321976 0.80349052 -2.25007677
v 23.08683395 0.85456818 -2.24603224
v 23.12502289 0.80428129 -2.19171977
v 23.14882278 0.80502677 -2.12960148
v 23.16417503 0.80568671 -2.06480956
v 23.13500404 0.85176563 -2.14963460
v 23.06962967 0.90200877 -2.23510528
v 23.04274559 0.94265032 -2.21803069
v 23.08631897 0.94142234 -2.13204646
v 23.11621094 0.90000147 -2.14284587
v 23.04736137 0.97320563 -2.11797214
v 23.17078590 0.80623561 -1.99847758
v 23.16850853 0.80666780 -1.93180096
v 23.15736771 0.80698359 -1.86598682
v 23.16256714 0.85176671 -2.02389693
v 23.15664673 0.85176754 -1.89531016
v 23.03022766 0.80698586 -1.63434482
v 23.07340240 0.80717885 -1.68533945
v 23.04822922 0.85176790 -1.66423702
v 23.13754272 0.80717754 -1.80221128
v 23.10938835 0.80724323 -1.74163246
v 23.11764717 0.85176790 -1.77263677
v 23.14265823 0.90000248 -2.02220321
v 23.13697815 0.90000325 -1.89882648
v 23.11098862 0.94142330 -2.01950836
v 23.10569000 0.94142401 -1.90442014
v 23.09955978 0.90000361 -1.78112388
v 23.03295326 0.90000355 -1.67711639
v 23.07078552 0.94142437 -1.79462481
v 23.06971550 0.97320652 -2.01599622
v 23.06491661 0.97320712 -1.91170979
v 23.03328705 0.97320741 -1.81221914
v 25.85283661 0.00000000 -6.13368988
v 25.87551308 0.00000000 -5.59989405
v 25.98807526 0.00000000 -5.07760811
v 23.95922470 0.00594086 0.30820727
v 23.95922470 0.02507606 0.35678479
v 23.95922470 0.05613204 0.39875454
v 23.95922470 0.09699239 0.43125632
v 23.95922470 0.14487253 0.45207524
v 25.06807137 0.00594086 0.30820727
v 25.06807137 0.02507606 0.35678479
v 25.06807137 0.05613204 0.39875454
v 25.06807137 0.09699239 0.43125632
v 25.06807137 0.14487253 0.45207524
v 28.50000000 -4.50000000 -21.00000000
v 28.50000000 -4.50000000 -14.00000000
v 26.66682816 -4.79999971 -8.05345058
v 27.04742241 -4.79999971 -8.41822147
v 26.35335159 -4.79999971 -7.62960529
v 26.11601830 -4.79999971 -7.15887928
v 27.17576218 -4.79999971 -6.72684240
v 27.06216431 -4.79999971 -6.31769228
v 27.48418999 -4.79999971 -8.71342468
v 27.96456337 -4.79999971 -8.93056774
v 27.64955902 -4.79999971 -7.42564201
v 27.37466049 -4.79999971 -7.10200691
v 27.43908882 -4.50001144 -6.56812572
v 27.61218071 -4.50001144 -6.91278267
v 27.98760414 -4.79999971 -7.68261528
v 27.86009216 -4.50001144 -7.20823193
v 28.16945648 -4.50001144 -7.43854475
v 28.47472763 -4.79999971 -9.06340408
v 29.00000000 -4.79999971 -9.10811138
v 29.52527237 -4.79999971 -9.06340408
v 28.37298584 -4.79999971 -7.86091232
v 28.78768730 -4.79999971 -7.95219469
v 28.52359581 -4.50001144 -7.59130478
v 28.90341568 -4.50001144 -7.65827751
v 29.21231461 -4.79999971 -7.95219469
v 29.28844452 -4.50001144 -7.63585281
v 30.03543663 -4.79999971 -8.93056774
v 30.51580811 -4.79999971 -8.71342468
v 29.62701416 -4.79999971 -7.86091232
v 30.01239586 -4.79999971 -7.68261528
v 29.65792465 -4.50001144 -7.52523804
v 29.99193192 -4.50001144 -7.33239698
v 30.35043907 -4.79999971 -7.42564201
v 30.62533951 -4.79999971 -7.10200691
v 30.27246666 -4.50001144 -7.06772709
v 30.48440170 -4.50001144 -6.74549532
v 30.61631393 -4.50001144 -6.38307333
v 26.02812767 -4.79999971 -5.08987427
v 27.03917313 -4.79999971 -5.89368725
v 27.10787010 -4.79999971 -5.47465324
v 26.22468758 -4.79999971 -4.60071659
v 26.50108719 -4.79999971 -4.15181398
v 26.84937668 -4.79999971 -3.75608015
v 27.26504135 -4.79999971 -5.08018398
v 27.50333786 -4.79999971 -4.72872353
v 27.35014343 -4.50001144 -6.19284058
v 27.35014343 -4.50001144 -5.80715942
v 27.43908882 -4.50001144 -5.43187428
v 27.61218071 -4.50001144 -5.08721733
v 27.86009216 -4.50001144 -4.79176807
v 27.25953674 -4.79999971 -3.42489982
v 27.71976471 -4.79999971 -3.16780066
v 27.81161499 -4.79999971 -4.43670702
v 28.17546082 -4.79999971 -4.21778870
v 28.21682358 -4.79999971 -2.99217844
v 28.16945648 -4.50001144 -4.56145573
v 28.57786179 -4.79999971 -4.08220387
v 28.52359581 -4.50001144 -4.40869474
v 28.90341568 -4.50001144 -4.34172201
v 29.00000000 -4.79999971 -4.03629398
v 29.42213821 -4.79999971 -4.08220387
v 29.28844452 -4.50001144 -4.36414766
v 29.99193192 -4.50001144 -4.66760254
v 30.73495865 -4.79999971 -5.08018398
v 30.49666214 -4.79999971 -4.72872353
v 30.66108704 -4.50001144 -6.00000000
v 30.61631393 -4.50001144 -5.61692667
v 30.27246666 -4.50001144 -4.93227291
v 30.48440170 -4.50001144 -5.25450516
v 29.82453918 -4.79999971 -4.21778870
v 29.78317451 -4.79999971 -2.99217844
v 29.65792465 -4.50001144 -4.47476196
v 30.18838501 -4.79999971 -4.43670702
v 30.28023529 -4.79999971 -3.16780066
v 30.74046326 -4.79999971 -3.42489982
v 28.73641586 -4.79999971 -2.90308595
v 29.26358795 -4.79999971 -2.90308595
v 30.95257759 -4.79999971 -8.41822147
v 31.33317184 -4.79999971 -8.05345058
v 30.82423782 -4.79999971 -6.72684240
v 30.93783569 -4.79999971 -6.31769228
v 31.64664841 -4.79999971 -7.62960529
v 31.88398170 -4.79999971 -7.15887928
v 32.03834915 -4.79999971 -6.65481472
v 30.96082687 -4.79999971 -5.89368725
v 30.89212799 -4.79999971 -5.47465324
v 31.15062332 -4.79999971 -3.75608015
v 31.49891090 -4.79999971 -4.15181398
v 31.77531242 -4.79999971 -4.60071659
v 32.10530853 -4.79999971 -6.13191175
v 32.08293533 -4.79999971 -5.60521412
v 31.97187233 -4.79999971 -5.08987427
v 26.02627945 -3.00000000 -21.00000000
v 26.36560059 -2.36517549 -21.00000000
v 26.66267395 -1.70951772 -21.00000000
v 26.91623116 -1.03583407 -21.00000000
v 27.12518501 -0.34700951 -21.00000000
v 27.28863716 0.35400647 -21.00000000
v 27.40589333 1.06421185 -21.00000000
v 27.42911720 1.29999995 -21.00000000
v 28.50000000 1.29999995 -21.00000000
v 27.28504181 0.35983136 -14.00000000
v 28.50000000 1.29999995 -14.00000000
v 26.63538170 0.00000000 -8.08112526
v 27.02110672 0.00000000 -8.45081234
v 26.07714844 0.00000000 -7.17449760
v 26.31768227 0.00000000 -7.65156794
v 27.46376038 0.00000000 -8.74999428
v 27.95060921 0.00000000 -8.97006416
v 29.00000000 0.00547255 -12.30628872
v 29.00000000 0.00243845 -12.29095840
v 29.00000000 0.00061054 -12.27543831
v 29.00000000 0.00000000 -12.25982285
v 29.73225403 0.02081262 -12.30628872
v 29.83065414 0.02679492 -12.30534458
v 30.09199142 0.05747773 -12.30628872
v 29.75453949 0.00000000 -12.21418190
v 29.82435226 0.00681483 -12.25752068
v 30.60552979 -0.00000007 -12.30628872
v 30.49807358 0.00000000 -12.07792377
v 30.55866432 0.00681483 -12.11610031
v 30.57057571 0.02679492 -12.16284370
v 30.58080482 0.05857864 -12.20298195
v 30.26041794 0.09658872 -12.30628872
v 30.34091568 0.13026838 -12.30628872
v 30.36080933 0.14270237 -12.30628872
v 30.37854195 0.15726401 -12.30628872
v 30.38601112 0.16537714 -12.30628872
v 30.39262772 0.17477959 -12.30628872
v 30.39745331 0.18512480 -12.30628872
v 30.39987183 0.19650951 -12.30628872
v 30.58865356 0.09999999 -12.23378086
v 30.59358788 0.14823619 -12.25314236
v 28.46764755 0.00000000 -9.10468960
v 29.00000000 0.00000000 -9.15000057
v 29.53235245 0.00000000 -9.10468960
v 30.04939079 0.00000000 -8.97006416
v 30.53623962 0.00000000 -8.74999428
v 30.48619461 1.29999995 -12.30628872
v 30.49551392 1.29999995 -12.30364037
v 30.60552979 1.29999995 -12.30628872
v 26.18728447 0.00000000 -4.58185816
v 26.46740913 0.00000000 -4.12690544
v 26.82039261 0.00000000 -3.72583842
v 27.23608017 0.00000000 -3.39019442
v 27.70251083 0.00000000 -3.12963033
v 28.20627022 0.00000000 -2.95164108
v 26.17691422 0.00594086 0.30820727
v 26.17691422 0.02507606 0.35678479
v 26.17691422 0.05613204 0.39875454
v 26.17691422 0.09699239 0.43125632
v 26.17691422 0.14487253 0.45207524
v 27.28576279 0.00594086 0.30820727
v 27.28576279 0.02507606 0.35678479
v 27.28576279 0.05613204 0.39875454
v 27.28576279 0.09699239 0.43125632
v 27.28576279 0.14487253 0.45207524
v 29.79372978 0.00000000 -2.95164108
v 30.29748917 0.00000000 -3.12963033
v 28.73286247 0.00000000 -2.86134768
v 29.26713943 0.00000000 -2.86134768
v 28.39460564 0.00594086 0.30820727
v 28.39460564 0.02507606 0.35678479
v 28.39460564 0.05613204 0.39875454
v 28.39460564 0.09699239 0.43125632
v 28.39460564 0.14487253 0.45207524
v 29.00000000 0.00000000 0.25982288
v 29.00000000 0.00666508 0.31102452
v 29.00000000 0.02621608 0.35881352
v 29.00000000 0.05734991 0.40000471
v 29.29554176 0.00681483 0.30466351
v 29.29780006 0.02679492 0.35284680
v 29.29973793 0.05857864 0.39422271
v 29.00000000 0.09799148 0.43185270
v 29.00000000 0.14543200 0.45223477
v 29.00000000 0.19650951 0.45979244
v 29.30122757 0.09999999 0.42597157
v 29.30216217 0.14823619 0.44592974
v 29.75453949 0.00000000 0.21418172
v 30.03913879 0.00681483 0.22545710
v 30.04708099 0.02679492 0.27303505
v 30.05390167 0.05857864 0.31389114
v 29.75359917 0.19650951 0.41568443
v 30.05913162 0.09999999 0.34524113
v 30.06242371 0.14823619 0.36494857
v 30.49807358 0.00000000 0.07792381
v 30.49690628 0.19650951 0.28396285
v 31.21976471 0.00000000 -11.85303593
v 31.27109528 0.00681483 -11.88882446
v 31.28845215 0.02679492 -11.93383026
v 31.30335617 0.05857864 -11.97247696
v 31.12600517 0.19650951 -12.09992027
v 31.31479263 0.09999999 -12.00213242
v 31.32198143 0.14823619 -12.02077389
v 31.90908432 0.00000000 -11.54279804
v 31.82310295 0.19650951 -11.81024933
v 31.95164490 0.00681483 -11.57888222
v 31.99357224 0.05857864 -11.65813065
v 31.97420120 0.02679492 -11.62151814
v 32.00843430 0.09999999 -11.68622494
v 32.01778030 0.14823619 -11.70388603
v 32.48165131 0.19650951 -11.44123268
v 32.55598450 0.00000000 -11.15173340
v 32.58629608 0.00681483 -11.19370937
v 32.61461639 0.02679492 -11.23277187
v 32.63907623 0.05857864 -11.26622009
v 32.65806580 0.09999999 -11.29172897
v 32.67035294 0.14823619 -11.30752563
v 33.09265137 0.19650951 -10.99791145
v 30.97889137 0.00000000 -8.45081234
v 31.36461639 0.00000000 -8.08112526
v 31.68231773 0.00000000 -7.65156794
v 31.92285156 0.00000000 -7.17449760
v 32.07929993 0.00000000 -6.66363955
v 30.86206055 1.29999995 -12.19878101
v 31.20627594 1.29999995 -12.09128952
v 31.42596626 1.29999995 -12.00000000
v 31.45322227 1.80549979 -12.00000000
v 33.15103149 0.00000000 -10.68554497
v 33.17946625 0.00681483 -10.72950172
v 33.23883820 0.05857864 -10.79668522
v 33.21140671 0.02679492 -10.76564693
v 33.70950317 0.00681483 -10.20198727
v 33.68554306 0.00000000 -10.15102959
v 33.25988388 0.09999999 -10.82050228
v 33.27311707 0.14823619 -10.83547401
v 33.64776230 0.19650951 -10.48633671
v 33.74549484 0.02679492 -10.23409939
v 33.77640533 0.05857864 -10.26167679
v 33.80012131 0.09999999 -10.28283691
v 33.81502914 0.14823619 -10.29613876
v 34.13940430 0.19650951 -9.91349602
v 34.15173340 0.00000000 -9.55598450
v 34.17343140 0.00681483 -9.61548519
v 34.21296692 0.02679492 -9.64311695
v 34.24692154 0.05857864 -9.66684437
v 34.27297211 0.09999999 -9.68505096
v 34.28935242 0.14823619 -9.69649601
v 34.56473541 0.00681483 -8.97823048
v 34.54280090 0.00000000 -8.90908432
v 34.60726166 0.02679492 -9.00099182
v 34.64378357 0.05857864 -9.02053642
v 34.87792206 0.00681483 -8.29916763
v 34.85303497 0.00000000 -8.21976376
v 34.56085968 0.19650951 -9.28721237
v 34.67180634 0.09999999 -9.03553391
v 34.68942261 0.14823619 -9.04496288
v 34.92284393 0.02679492 -8.31673908
v 34.96141815 0.05857864 -8.33182716
v 34.90637589 0.19650951 -8.61603737
v 34.99102020 0.09999999 -8.34340572
v 35.00962448 0.14823619 -8.35068417
v 35.15528107 0.02679492 -7.59996462
v 35.07792664 0.00000000 -7.49807358
v 35.10859680 0.00681483 -7.58782959
v 35.19536591 0.05857864 -7.61038494
v 35.25351715 0.00681483 -6.85420227
v 35.21417999 0.00000000 -6.75453854
v 35.30130768 0.02679492 -6.86073017
v 35.34235001 0.05857864 -6.86633587
v 35.17123413 0.19650951 -7.90913773
v 35.22613144 0.09999999 -7.61838055
v 35.24546814 0.14823619 -7.62340736
v 35.35181427 0.19650951 -7.17616606
v 35.37384033 0.09999999 -6.87063742
v 35.39363480 0.14823619 -6.87334156
v 35.44565582 0.19650951 -6.42713308
v 30.76392174 0.00000000 -3.39019442
v 31.17960739 0.00000000 -3.72583842
v 31.53259087 0.00000000 -4.12690544
v 31.81271553 0.00000000 -4.58185816
v 32.14716339 0.00000000 -6.13368988
v 32.12448502 0.00000000 -5.59989405
v 32.01192474 0.00000000 -5.07760811
v 30.76815033 0.00681483 0.05885891
v 30.78166199 0.02679492 0.10516363
v 30.79326630 0.05857864 0.14492640
v 31.21976471 0.00000000 -0.14696392
v 30.80217171 0.09999999 0.17543745
v 30.80776978 0.14823619 0.19461749
v 31.21977234 0.19650951 0.06642646
v 31.90908432 0.00000000 -0.45720214
v 31.47233963 0.00681483 -0.19279239
v 31.49123383 0.02679492 -0.14841090
v 31.50746155 0.05857864 -0.11029965
v 31.51991081 0.09999999 -0.08105587
v 31.52773666 0.14823619 -0.06267245
v 31.91232491 0.19650951 -0.23395404
v 32.14182281 0.00681483 -0.52596414
v 32.16583633 0.02679492 -0.48412889
v 32.18645477 0.05857864 -0.44820422
v 32.20227432 0.09999999 -0.42063817
v 32.21222305 0.14823619 -0.40330946
v 32.55598450 0.00000000 -0.84826678
v 32.76720428 0.00681483 -0.93597937
v 32.79599380 0.02679492 -0.89727765
v 32.82071686 0.05857864 -0.86404377
v 32.56510544 0.19650951 -0.61307657
v 32.83969116 0.09999999 -0.83854252
v 32.85161209 0.14823619 -0.82251179
v 35.31065369 0.00681483 -6.10858345
v 35.25982285 0.00000000 -6.00000000
v 35.35888290 0.02679492 -6.10941315
v 35.40029907 0.05857864 -6.11012554
v 35.15960312 0.00681483 -4.62326097
v 35.27920151 0.00681483 -5.36144018
v 35.21417999 0.00000000 -5.24546146
v 35.32719040 0.02679492 -5.35655975
v 35.36840057 0.05857864 -5.35236931
v 35.20667648 0.02679492 -4.61273956
v 35.43207550 0.09999999 -6.11067247
v 35.45205307 0.14823619 -6.11101627
v 35.45147324 0.19650951 -5.67226696
v 35.40001678 0.09999999 -5.34915400
v 35.41989899 0.14823619 -5.34713221
v 35.36919022 0.19650951 -4.92187595
v 34.85303497 0.00000000 -3.78023624
v 34.54280090 0.00000000 -3.09091544
v 34.66389847 0.00681483 -3.21497321
v 34.70718765 0.02679492 -3.19368863
v 34.74435425 0.05857864 -3.17541146
v 34.77287674 0.09999999 -3.16138649
v 34.79080963 0.14823619 -3.15257049
v 35.07792664 0.00000000 -4.50192642
v 34.95354080 0.00681483 -3.90440845
v 34.99903870 0.02679492 -3.88839293
v 35.03811264 0.05857864 -3.87464023
v 35.24710083 0.05857864 -4.60370445
v 35.06808853 0.09999999 -3.86408710
v 35.08693695 0.14823619 -3.85745335
v 35.27812195 0.09999999 -4.59677124
v 35.29761887 0.14823619 -4.59241295
v 35.19992447 0.19650951 -4.18620872
v 34.94599533 0.19650951 -3.47531056
v 33.15103149 0.00000000 -1.31445527
v 33.33969879 0.00681483 -1.41708231
v 33.37286377 0.02679492 -1.38205755
v 33.40134430 0.05857864 -1.35198092
v 33.68554306 0.00000000 -1.84896958
v 33.42319870 0.09999999 -1.32890236
v 33.43693542 0.14823619 -1.31439459
v 34.29475021 0.00681483 -2.56463385
v 34.15173340 0.00000000 -2.44401526
v 33.85127640 0.00681483 -1.96251941
v 33.88835144 0.02679492 -1.93166304
v 33.92018890 0.05857864 -1.90516603
v 34.19911194 0.19650951 -2.16618419
v 33.94461823 0.09999999 -1.88483417
v 33.95997620 0.14823619 -1.87205315
v 33.71635818 0.19650951 -1.58583379
v 33.16920090 0.19650951 -1.06576383
v 34.33521652 0.02679492 -2.53837919
v 34.36996460 0.05857864 -2.51583362
v 34.39662552 0.09999999 -2.49853396
v 34.41338730 0.14823619 -2.48765898
v 34.61086655 0.19650951 -2.79888988
v 21.23100281 4.83307266 -54.00000000
v 21.06828308 5.13749981 -54.00000000
v 16.50000000 7.77500010 -54.00000000
v 16.84500122 7.76370573 -54.00000000
v 17.18852615 7.72987175 -54.00000000
v 17.52910233 7.67364216 -54.00000000
v 18.83307266 7.23100376 -54.00000000
v 17.86527061 7.59525871 -54.00000000
v 18.19559288 7.49505663 -54.00000000
v 18.51865578 7.37346458 -54.00000000
v 19.97804832 6.46595478 -54.00000000
v 20.88600159 5.43063307 -54.00000000
v 20.68493843 5.71121645 -54.00000000
v 20.22998810 6.22998810 -54.00000000
v 20.46595573 5.97804928 -54.00000000
v 19.43063354 6.88600206 -54.00000000
v 19.13750076 7.06828403 -54.00000000
v 19.71121597 6.68493891 -54.00000000
v 21.63379478 3.70000005 -54.00000000
v 21.59525871 3.86527038 -54.00000000
v 21.49505615 4.19559336 -54.00000000
v 21.37346458 4.51865530 -54.00000000
v 21.63379478 3.70000005 -45.24347687
v 16.50000000 13.50000000 -54.00000000
v 17.21943474 13.47644806 -54.00000000
v 17.93578720 13.40589333 -54.00000000
v 18.64599419 13.28863811 -54.00000000
v 19.34700966 13.12518406 -54.00000000
v 20.03583336 12.91623116 -54.00000000
v 20.70951843 12.66267490 -54.00000000
v 25.64616585 8.61127281 -54.00000000
v 25.22688675 9.19637585 -54.00000000
v 24.77023697 9.75280380 -54.00000000
v 24.27817535 10.27817440 -54.00000000
v 22.00000000 12.02627945 -54.00000000
v 23.19637489 11.22688675 -54.00000000
v 22.61127281 11.64616585 -54.00000000
v 21.36517525 12.36560059 -54.00000000
v 23.75280380 10.77023792 -54.00000000
v 27.42911720 3.70000005 -54.00000000
v 27.40589333 3.93578815 -54.00000000
v 27.28863716 4.64599371 -54.00000000
v 27.12518501 5.34700966 -54.00000000
v 26.91623116 6.03583431 -54.00000000
v 26.66267395 6.70951796 -54.00000000
v 26.36560059 7.36517572 -54.00000000
v 27.42911720 3.70000005 -38.50000000
v 28.00073433 3.70000005 -33.80137634
v 27.92940521 3.70000005 -33.65056229
v 28.18588257 3.70000005 -34.07846832
v 28.29791832 3.70000005 -34.20207977
v 28.08650208 3.70000005 -33.94446945
v 27.40589333 3.93578815 -38.50000000
v 27.28863716 4.64599371 -38.50000000
v 26.54358482 4.50000000 -34.22458649
v 26.43779182 4.50000000 -33.92890930
v 26.36148643 4.50000000 -33.62429047
v 26.67785263 4.50000000 -34.50846863
v 26.83929634 4.50000000 -34.77782440
v 27.02636719 4.50000000 -35.03005981
v 27.46994209 4.50000000 -35.47363281
v 27.72217560 4.50000000 -35.66070175
v 27.99153137 4.50000000 -35.82214737
v 28.27541351 4.50000000 -35.95641327
v 27.23725891 4.50000000 -35.26274109
v 28.00073433 4.50000000 -33.80137634
v 27.92940521 4.50000000 -33.65056229
v 28.18588257 4.50000000 -34.07846832
v 28.29791832 4.50000000 -34.20207977
v 28.08650208 4.50000000 -33.94446945
v 28.69862556 3.70000005 -34.49926758
v 28.84943771 3.70000005 -34.57059479
v 28.42153168 3.70000005 -34.31411743
v 28.55553055 3.70000005 -34.41349792
v 29.00651550 3.70000005 -34.62679672
v 29.16834641 3.70000005 -34.66733551
v 29.33337021 3.70000005 -34.69181442
v 29.50000000 3.70000005 -34.70000076
v 29.66662979 3.70000005 -34.69181442
v 29.83165359 3.70000005 -34.66733551
v 29.99348450 3.70000005 -34.62679672
v 30.15056229 3.70000005 -34.57059479
v 30.30137444 3.70000005 -34.49926758
v 30.44446945 3.70000005 -34.41349792
v 30.57846832 3.70000005 -34.31411743
v 30.70208168 3.70000005 -34.20207977
v 28.87571144 4.50000000 -36.13851166
v 28.57108879 4.50000000 -36.06221008
v 29.18634605 4.50000000 -36.18458939
v 29.50000000 4.50000000 -36.20000076
v 28.69862556 4.50000000 -34.49926758
v 28.84943771 4.50000000 -34.57059479
v 28.42153168 4.50000000 -34.31411743
v 28.55553055 4.50000000 -34.41349792
v 29.00651550 4.50000000 -34.62679672
v 29.16834641 4.50000000 -34.66733551
v 29.33337021 4.50000000 -34.69181442
v 29.50000000 4.50000000 -34.70000076
v 29.81365395 4.50000000 -36.18458939
v 30.12428856 4.50000000 -36.13851166
v 30.42891121 4.50000000 -36.06221008
v 30.72458649 4.50000000 -35.95641327
v 29.66662979 4.50000000 -34.69181442
v 29.83165359 4.50000000 -34.66733551
v 29.99348450 4.50000000 -34.62679672
v 30.15056229 4.50000000 -34.57059479
v 30.30137444 4.50000000 -34.49926758
v 30.44446945 4.50000000 -34.41349792
v 30.57846832 4.50000000 -34.31411743
v 30.70208168 4.50000000 -34.20207977
v 27.87320137 3.70000005 -33.49348450
v 27.83266449 3.70000005 -33.33165359
v 27.80818558 3.70000005 -33.16662979
v 27.79999924 3.70000005 -33.00000000
v 27.80818558 3.70000005 -32.83337021
v 27.83266449 3.70000005 -32.66834641
v 27.87320137 3.70000005 -32.50651550
v 27.92940521 3.70000005 -32.34943771
v 28.00073433 3.70000005 -32.19862366
v 28.08650208 3.70000005 -32.05553055
v 28.18588257 3.70000005 -31.92153168
v 28.29791832 3.70000005 -31.79791832
v 27.42911720 3.70000005 -27.50000000
v 26.31540871 4.50000000 -33.31365585
v 26.29999924 4.50000000 -33.00000000
v 26.31540871 4.50000000 -32.68634415
v 26.36148643 4.50000000 -32.37570953
v 26.43779182 4.50000000 -32.07109070
v 26.54358482 4.50000000 -31.77541351
v 26.67785263 4.50000000 -31.49153137
v 26.83929634 4.50000000 -31.22217560
v 27.02636719 4.50000000 -30.96994209
v 27.87320137 4.50000000 -33.49348450
v 27.83266449 4.50000000 -33.33165359
v 27.80818558 4.50000000 -33.16662979
v 27.79999924 4.50000000 -33.00000000
v 27.80818558 4.50000000 -32.83337021
v 27.83266449 4.50000000 -32.66834641
v 27.87320137 4.50000000 -32.50651550
v 27.92940521 4.50000000 -32.34943771
v 28.00073433 4.50000000 -32.19862366
v 28.08650208 4.50000000 -32.05553055
v 28.18588257 4.50000000 -31.92153168
v 27.23725891 4.50000000 -30.73725891
v 27.46994209 4.50000000 -30.52636719
v 27.72217560 4.50000000 -30.33929634
v 28.29791832 4.50000000 -31.79791832
v 27.99153137 4.50000000 -30.17785263
v 28.27541351 4.50000000 -30.04358482
v 27.40589333 3.93578815 -27.50000000
v 27.28863716 4.64599371 -27.50000000
v 28.42153168 3.70000005 -31.68588257
v 28.55553055 3.70000005 -31.58650208
v 28.69862556 3.70000005 -31.50073433
v 28.84943771 3.70000005 -31.42940521
v 29.00651550 3.70000005 -31.37320137
v 29.16834641 3.70000005 -31.33266449
v 29.33337021 3.70000005 -31.30818558
v 29.50000000 3.70000005 -31.29999924
v 29.66662979 3.70000005 -31.30818558
v 29.83165359 3.70000005 -31.33266449
v 29.99348450 3.70000005 -31.37320137
v 30.30137444 3.70000005 -31.50073433
v 30.44446945 3.70000005 -31.58650208
v 30.15056229 3.70000005 -31.42940521
v 30.57846832 3.70000005 -31.68588257
v 30.70208168 3.70000005 -31.79791832
v 28.42153168 4.50000000 -31.68588257
v 28.55553055 4.50000000 -31.58650208
v 28.69862556 4.50000000 -31.50073433
v 28.84943771 4.50000000 -31.42940521
v 29.00651550 4.50000000 -31.37320137
v 29.16834641 4.50000000 -31.33266449
v 29.33337021 4.50000000 -31.30818558
v 29.50000000 4.50000000 -31.29999924
v 29.66662979 4.50000000 -31.30818558
v 29.83165359 4.50000000 -31.33266449
v 29.99348450 4.50000000 -31.37320137
v 30.30137444 4.50000000 -31.50073433
v 30.44446945 4.50000000 -31.58650208
v 30.15056229 4.50000000 -31.42940521
v 30.57846832 4.50000000 -31.68588257
v 30.70208168 4.50000000 -31.79791832
v 28.57108879 4.50000000 -29.93779182
v 28.87571144 4.50000000 -29.86148643
v 29.18634605 4.50000000 -29.81540871
v 29.50000000 4.50000000 -29.79999924
v 29.81365395 4.50000000 -29.81540871
v 30.12428856 4.50000000 -29.86148643
v 30.42891121 4.50000000 -29.93779182
v 30.72458649 4.50000000 -30.04358482
v 27.12518501 5.34700966 -38.50000000
v 26.91623116 6.03583431 -38.50000000
v 26.66267395 6.70951796 -38.50000000
v 26.36560059 7.36517572 -38.50000000
v 26.18663406 7.69999981 -38.50000000
v 26.54358482 7.69999981 -34.22458649
v 26.43779182 7.69999981 -33.92890930
v 26.36148643 7.69999981 -33.62429047
v 26.67785263 7.69999981 -34.50846863
v 26.83929634 7.69999981 -34.77782440
v 27.02636719 7.69999981 -35.03005981
v 27.46994209 7.69999981 -35.47363281
v 27.72217560 7.69999981 -35.66070175
v 27.99153137 7.69999981 -35.82214737
v 28.27541351 7.69999981 -35.95641327
v 27.23725891 7.69999981 -35.26274109
v 28.87571144 7.69999981 -36.13851166
v 28.57108879 7.69999981 -36.06221008
v 29.18634605 7.69999981 -36.18458939
v 29.50000000 7.69999981 -36.20000076
v 29.81365395 7.69999981 -36.18458939
v 30.12428856 7.69999981 -36.13851166
v 30.42891121 7.69999981 -36.06221008
v 30.72458649 7.69999981 -35.95641327
v 27.12518501 5.34700966 -27.50000000
v 26.91623116 6.03583431 -27.50000000
v 26.31540871 7.69999981 -33.31365585
v 26.29999924 7.69999981 -33.00000000
v 26.31540871 7.69999981 -32.68634415
v 26.36148643 7.69999981 -32.37570953
v 26.43779182 7.69999981 -32.07109070
v 26.54358482 7.69999981 -31.77541351
v 26.67785263 7.69999981 -31.49153137
v 26.83929634 7.69999981 -31.22217560
v 27.02636719 7.69999981 -30.96994209
v 27.23725891 7.69999981 -30.73725891
v 27.46994209 7.69999981 -30.52636719
v 27.72217560 7.69999981 -30.33929634
v 27.99153137 7.69999981 -30.17785263
v 26.66267395 6.70951796 -27.50000000
v 26.36560059 7.36517572 -27.50000000
v 26.18663406 7.69999981 -27.50000000
v 28.27541351 7.69999981 -30.04358482
v 28.57108879 7.69999981 -29.93779182
v 28.87571144 7.69999981 -29.86148643
v 29.18634605 7.69999981 -29.81540871
v 29.50000000 7.69999981 -29.79999924
v 29.81365395 7.69999981 -29.81540871
v 30.12428856 7.69999981 -29.86148643
v 30.42891121 7.69999981 -29.93779182
v 30.72458649 7.69999981 -30.04358482
v 30.81411743 3.70000005 -34.07846832
v 30.91349792 3.70000005 -33.94446945
v 30.99926567 3.70000005 -33.80137634
v 31.07059479 3.70000005 -33.65056229
v 31.00846863 4.50000000 -35.82214737
v 31.27782440 4.50000000 -35.66070175
v 31.53005791 4.50000000 -35.47363281
v 30.81411743 4.50000000 -34.07846832
v 30.91349792 4.50000000 -33.94446945
v 30.99926567 4.50000000 -33.80137634
v 31.07059479 4.50000000 -33.65056229
v 31.76274109 4.50000000 -35.26274109
v 31.97363281 4.50000000 -35.03005981
v 32.16070175 4.50000000 -34.77782440
v 32.32214737 4.50000000 -34.50846863
v 32.45641327 4.50000000 -34.22458649
v 32.56221008 4.50000000 -33.92890930
v 32.63851166 4.50000000 -33.62429047
v 34.50000000 3.70000005 -38.50000000
v 31.12679863 3.70000005 -33.49348450
v 31.16733551 3.70000005 -33.33165359
v 31.19181442 3.70000005 -33.16662979
v 31.20000076 3.70000005 -33.00000000
v 31.19181442 3.70000005 -32.83337021
v 30.81411743 3.70000005 -31.92153168
v 30.99926567 3.70000005 -32.19862366
v 30.91349792 3.70000005 -32.05553055
v 31.16733551 3.70000005 -32.66834641
v 31.12679863 3.70000005 -32.50651550
v 31.07059479 3.70000005 -32.34943771
v 31.12679863 4.50000000 -33.49348450
v 31.16733551 4.50000000 -33.33165359
v 31.19181442 4.50000000 -33.16662979
v 31.20000076 4.50000000 -33.00000000
v 31.19181442 4.50000000 -32.83337021
v 30.81411743 4.50000000 -31.92153168
v 30.99926567 4.50000000 -32.19862366
v 30.91349792 4.50000000 -32.05553055
v 31.16733551 4.50000000 -32.66834641
v 31.12679863 4.50000000 -32.50651550
v 31.07059479 4.50000000 -32.34943771
v 31.00846863 4.50000000 -30.17785263
v 31.27782440 4.50000000 -30.33929634
v 31.53005791 4.50000000 -30.52636719
v 31.76274109 4.50000000 -30.73725891
v 32.68458939 4.50000000 -33.31365585
v 32.70000076 4.50000000 -33.00000000
v 32.63851166 4.50000000 -32.37570953
v 32.68458939 4.50000000 -32.68634415
v 32.56221008 4.50000000 -32.07109070
v 32.16070175 4.50000000 -31.22217560
v 32.32214737 4.50000000 -31.49153137
v 32.45641327 4.50000000 -31.77541351
v 31.97363281 4.50000000 -30.96994209
v 34.50000000 3.70000005 -27.50000000
v 31.00846863 7.69999981 -35.82214737
v 31.27782440 7.69999981 -35.66070175
v 31.53005791 7.69999981 -35.47363281
v 31.76274109 7.69999981 -35.26274109
v 31.97363281 7.69999981 -35.03005981
v 32.16070175 7.69999981 -34.77782440
v 32.32214737 7.69999981 -34.50846863
v 32.45641327 7.69999981 -34.22458649
v 32.56221008 7.69999981 -33.92890930
v 32.63851166 7.69999981 -33.62429047
v 34.50000000 7.69999981 -38.50000000
v 31.00846863 7.69999981 -30.17785263
v 31.27782440 7.69999981 -30.33929634
v 31.53005791 7.69999981 -30.52636719
v 31.76274109 7.69999981 -30.73725891
v 32.68458939 7.69999981 -33.31365585
v 32.70000076 7.69999981 -33.00000000
v 32.63851166 7.69999981 -32.37570953
v 32.68458939 7.69999981 -32.68634415
v 32.56221008 7.69999981 -32.07109070
v 32.16070175 7.69999981 -31.22217560
v 32.32214737 7.69999981 -31.49153137
v 32.45641327 7.69999981 -31.77541351
v 31.97363281 7.69999981 -30.96994209
v 34.50000000 7.69999981 -27.50000000
v 26.02627945 8.00000000 -54.00000000
v 25.00000000 3.70000005 -14.00000000
v 25.00000000 3.85549283 -14.00000000
v 25.00000000 3.70000005 -13.84148979
v 25.00000000 5.00000000 -13.84148979
v 16.50000000 2.50000000 -11.50000000
v 16.57377625 4.02621603 -10.39331341
v 16.57377625 4.00000000 -10.29432201
v 16.57377625 4.00666523 -10.34552383
v 16.57377625 4.05734968 -10.43450356
v 16.57377625 4.09799147 -10.46635151
v 16.57377625 4.14543200 -10.48673439
v 16.57377625 4.19650936 -10.49429131
v 16.57377625 4.50000000 -10.49958992
v 17.24483681 4.02679491 -10.39432144
v 17.24483681 4.00681496 -10.34608650
v 17.24483681 4.05857849 -10.43574333
v 17.24483681 4.09999990 -10.46752739
v 17.24483681 4.14823627 -10.48750782
v 16.57377625 5.00000000 -10.70485592
v 18.32713699 4.02679491 -10.39432144
v 18.32713699 4.00681496 -10.34608650
v 18.32713699 4.05857849 -10.43574333
v 18.32713699 4.09999990 -10.46752739
v 18.32713699 4.14823627 -10.48750782
v 19.40943336 4.02679491 -10.39432144
v 19.40943336 4.00681496 -10.34608650
v 19.40943336 4.05857849 -10.43574333
v 19.40943336 4.09999990 -10.46752739
v 19.40943336 4.14823627 -10.48750782
v 20.49173355 4.02679491 -10.39432144
v 20.49173355 4.00681496 -10.34608650
v 20.49173355 4.05857849 -10.43574333
v 20.49173355 4.09999990 -10.46752739
v 20.49173355 4.14823627 -10.48750782
v 21.23100281 4.83307266 -11.50000000
v 21.14177895 5.00000000 -12.50000000
v 21.14470291 4.99452734 -12.30628872
v 21.14210510 4.99938917 -12.27543831
v 21.14177895 5.00000000 -12.30628872
v 21.14308167 4.99756145 -12.29095840
v 21.06828308 5.13749981 -12.50000000
v 21.14177895 5.00000000 -12.25982285
v 21.14177895 5.00000000 -11.50000000
v 17.53288651 4.00681496 -1.63041294
v 17.53288651 4.02679491 -1.58217669
v 17.53288651 4.05857849 -1.54075527
v 17.53288651 4.09999990 -1.50897157
v 17.53288651 4.14823627 -1.48899150
v 17.20180130 4.85512733 0.45207524
v 17.20180130 4.90300751 0.43125632
v 17.20180130 4.94386768 0.39875454
v 17.20180130 4.97492409 0.35678479
v 17.20180130 4.99405909 0.30820727
v 18.64790344 4.00681496 -1.63041294
v 18.64790344 4.02679491 -1.58217669
v 18.64790344 4.05857849 -1.54075527
v 18.64790344 4.09999990 -1.50897157
v 18.64790344 4.14823627 -1.48899150
v 18.30195236 4.85512733 0.45207524
v 18.30195236 4.90300751 0.43125632
v 18.30195236 4.94386768 0.39875454
v 18.30195236 4.97492409 0.35678479
v 18.30195236 4.99405909 0.30820727
v 19.76292038 4.00681496 -1.63041294
v 19.76292038 4.02679491 -1.58217669
v 19.76292038 4.05857849 -1.54075527
v 19.76292038 4.09999990 -1.50897157
v 19.76292038 4.14823627 -1.48899150
v 19.40210152 4.85512733 0.45207524
v 19.40210152 4.90300751 0.43125632
v 19.40210152 4.94386768 0.39875454
v 19.40210152 4.97492409 0.35678479
v 19.40210152 4.99405909 0.30820727
v 20.87793732 4.00681496 -1.63041294
v 20.87793732 4.02679491 -1.58217669
v 20.87793732 4.05857849 -1.54075527
v 20.87793732 4.09999990 -1.50897157
v 20.87793732 4.14823627 -1.48899150
v 20.50225258 4.85512733 0.45207524
v 20.50225258 4.90300751 0.43125632
v 20.50225258 4.94386768 0.39875454
v 20.50225258 4.97492409 0.35678479
v 20.50225258 4.99405909 0.30820727
v 16.50000000 7.77500010 -12.50000000
v 16.84500122 7.76370573 -12.50000000
v 17.18852615 7.72987175 -12.50000000
v 17.52910233 7.67364216 -12.50000000
v 18.83307266 7.23100376 -12.50000000
v 17.86527061 7.59525871 -12.50000000
v 18.19559288 7.49505663 -12.50000000
v 18.51865578 7.37346458 -12.50000000
v 19.97804832 6.46595478 -12.50000000
v 20.88600159 5.43063307 -12.50000000
v 20.68493843 5.71121645 -12.50000000
v 20.22998810 6.22998810 -12.50000000
v 20.46595573 5.97804928 -12.50000000
v 19.43063354 6.88600206 -12.50000000
v 19.13750076 7.06828403 -12.50000000
v 19.71121597 6.68493891 -12.50000000
v 21.77499962 2.50000000 -12.00000000
v 21.77499962 2.50000000 -11.50000000
v 21.76370621 2.84500146 -12.00000000
v 21.76370621 2.84500146 -11.50000000
v 21.72987175 3.18852568 -12.00000000
v 21.72987175 3.18852568 -11.50000000
v 21.67364311 3.52910137 -12.00000000
v 21.67364311 3.52910137 -11.50000000
v 21.63379478 3.70000005 -12.00000000
v 21.59525871 3.86527038 -11.50000000
v 21.49505615 4.19559336 -11.50000000
v 21.37346458 4.51865530 -11.50000000
v 21.57403183 4.02679491 -10.39432144
v 21.57403183 4.00681496 -10.34608650
v 21.57403183 4.05857849 -10.43574333
v 21.57403183 4.09999990 -10.46752739
v 21.57403183 4.14823627 -10.48750782
v 22.65631104 4.02621555 -10.39331055
v 22.65632820 3.99999976 -10.29432106
v 22.72674942 3.99999881 -10.28594875
v 22.65631866 4.00666428 -10.34552193
v 22.65630531 4.05734921 -10.43450260
v 22.65629768 4.09799099 -10.46635056
v 22.65629578 4.14543200 -10.48673248
v 22.65630341 4.19650936 -10.49429131
v 22.72302246 4.19571590 -10.48980808
v 22.74330521 4.02679253 -10.38475895
v 22.79323578 3.99999833 -10.26127720
v 22.73282051 4.00681305 -10.33767605
v 22.85206985 3.99999809 -10.22168350
v 22.81905937 4.00681210 -10.30619717
v 22.84137344 4.02679110 -10.34896278
v 22.89996338 3.99999809 -10.16938400
v 22.89421272 4.00681162 -10.25346947
v 22.92683411 4.02679062 -10.28900242
v 22.95315742 4.00681162 -10.18308830
v 22.99386597 4.02679062 -10.20896816
v 22.93423653 3.99999833 -10.10729980
v 22.95297623 3.99999881 -10.03890514
v 22.95513153 3.99999952 -9.96802139
v 22.99187851 4.00681210 -10.09984970
v 23.00773621 4.00681305 -10.00942421
v 22.91014671 4.00000143 -9.83456230
v 22.94058228 4.00000048 -9.89861393
v 22.96817398 4.00681591 -9.83173752
v 22.99965096 4.00681448 -9.91797638
v 22.95347023 4.00666714 -9.80727291
v 23.01093864 4.02679539 -9.80942535
v 22.99390411 4.02621794 -9.78180313
v 22.75230789 4.05857515 -10.42519093
v 22.75921631 4.09999561 -10.45621490
v 22.86053467 4.05857420 -10.38568592
v 22.87523651 4.09999466 -10.41386509
v 22.76355934 4.14823151 -10.47571754
v 22.78844833 4.19497204 -10.47648907
v 22.85141754 4.19431639 -10.45461273
v 22.95484543 4.05857372 -10.31951714
v 22.97634125 4.09999418 -10.34293079
v 22.88447952 4.14823008 -10.43157959
v 22.91083908 4.19377327 -10.42460346
v 22.98985481 4.14822960 -10.35764885
v 22.96568871 4.19334602 -10.38700867
v 23.01503372 4.19303513 -10.34250069
v 22.66591835 4.50000000 -10.49958992
v 22.78339005 4.50000000 -10.48560619
v 22.89427185 4.50000000 -10.44443321
v 22.99237061 4.50000000 -10.37837601
v 23.03789520 4.02679157 -10.11431217
v 23.05593109 4.02679253 -10.01148415
v 23.04673386 4.02679396 -9.90749264
v 23.02882004 4.05857372 -10.23119164
v 23.05564117 4.09999418 -10.24824524
v 23.07250595 4.14822960 -10.25896549
v 23.05802917 4.19284487 -10.29185772
v 23.09391975 4.19278097 -10.23597717
v 23.12208557 4.19284487 -10.17583084
v 23.07741165 4.05857420 -10.12673187
v 23.09731293 4.05857515 -10.01325226
v 23.10773468 4.09999466 -10.13626099
v 23.12906647 4.09999609 -10.01461029
v 23.08716583 4.05857658 -9.89849091
v 23.04766083 4.05857897 -9.79026604
v 23.02875710 4.05735111 -9.75984859
v 23.05570412 4.09799242 -9.74287510
v 23.07584000 4.09999943 -9.77556419
v 23.11819077 4.09999800 -9.89158344
v 23.12679482 4.14823055 -10.14225197
v 23.14903069 4.14823151 -10.01546383
v 23.14204025 4.19303513 -10.11246586
v 23.15341568 4.19334602 -10.04699230
v 23.15600586 4.19377327 -9.98053932
v 23.09355545 4.14823580 -9.76632214
v 23.07295036 4.14543247 -9.73201180
v 23.07935333 4.19650936 -9.72799015
v 23.13769341 4.14823341 -9.88724136
v 23.13470459 4.19497204 -9.84931183
v 23.14974213 4.19431639 -9.91426086
v 23.11111259 4.19571590 -9.78684235
v 23.07219505 4.50000000 -10.29112816
v 23.12928009 4.50000000 -10.18756962
v 23.16043091 4.50000000 -10.07349396
v 23.16390991 4.50000000 -9.95527935
v 23.08862305 4.50000000 -9.73274803
v 23.13951874 4.50000000 -9.83953857
v 22.67552567 5.00000000 -10.70485020
v 22.77104568 5.00000000 -10.69851398
v 22.86208344 5.00000000 -10.67977524
v 22.94931221 5.00000000 -10.64902687
v 23.03240776 5.00000000 -10.60684013
v 23.10951614 5.00000000 -10.55407619
v 23.17870712 5.00000000 -10.49163818
v 23.23873138 5.00000000 -10.42067051
v 23.28877640 5.00000000 -10.34247208
v 23.32806587 5.00000000 -10.25835228
v 23.35590553 5.00000000 -10.16967678
v 23.37163544 5.00000000 -10.07781982
v 23.37495613 5.00000000 -9.98445129
v 23.36613846 5.00000000 -9.89168644
v 23.34545517 5.00000000 -9.80155468
v 22.37114716 4.00681496 -8.66572857
v 22.41589737 4.02679491 -8.64773178
v 22.20689583 4.00000000 -8.37568951
v 22.39564896 4.19650936 -8.30966187
v 22.40242386 4.50000000 -8.31298256
v 21.98271942 4.00000000 -7.59623241
v 22.11436081 4.00681496 -7.90677071
v 22.16084671 4.02679491 -7.89389801
v 22.20076561 4.05857849 -7.88284302
v 22.23139572 4.09999990 -7.87436056
v 22.25065231 4.14823627 -7.86902857
v 22.17770576 4.19650936 -7.55186844
v 21.94416428 4.00681496 -7.12383461
v 21.84767532 4.00000000 -6.79650211
v 21.99180222 4.02679491 -7.11624670
v 21.86269951 4.00681496 -6.32676506
v 21.91088676 4.02679491 -6.32455873
v 22.03270721 4.05857849 -7.10973167
v 22.06409454 4.09999990 -7.10473251
v 22.08382607 4.14823627 -7.10158920
v 22.04641533 4.19650936 -6.77436447
v 21.95226479 4.05857849 -6.32266474
v 21.98401451 4.09999990 -6.32121086
v 22.00397491 4.14823627 -6.32029724
v 22.18366623 4.50000000 -7.55417871
v 22.05187607 4.50000000 -6.77554417
v 22.38456917 5.00000000 -7.51193333
v 22.25606918 5.00000000 -6.75448990
v 22.71129417 4.00681496 -9.39116287
v 22.51735306 4.00000000 -9.12497139
v 22.69747543 4.19650936 -9.03812027
v 22.75374985 4.02679491 -9.36826897
v 22.79020691 4.05857849 -9.34860802
v 22.81818390 4.09999990 -9.33352280
v 22.83576965 4.14823627 -9.32403946
v 22.45432854 4.05857849 -8.63227749
v 22.48381805 4.09999990 -8.62041855
v 22.50235558 4.14823627 -8.61296463
v 22.70536423 4.50000000 -9.04227543
v 22.89321136 5.00000000 -8.95922279
v 22.59786224 5.00000000 -8.24999714
v 23.26683235 5.00000000 -9.63051891
v 23.31258774 5.00000000 -9.71462440
v 25.00000000 5.00000000 -12.50000000
v 25.92070007 5.00000000 -6.66363955
v 21.80347252 4.00000000 -5.98665428
v 21.87099266 4.00681496 -5.52558613
v 21.91912079 4.02679491 -5.52878904
v 22.00344276 4.19650936 -5.98702526
v 21.96045113 4.05857849 -5.53153944
v 21.99216652 4.09999990 -5.53364992
v 22.01210213 4.14823627 -5.53497696
v 21.85067749 4.00000000 -5.17697573
v 21.96893501 4.00681496 -4.73037338
v 22.01640320 4.02679491 -4.73894548
v 22.04933357 4.19650936 -5.19985104
v 22.05716705 4.05857849 -4.74630547
v 22.08844376 4.09999990 -4.75195360
v 22.10810661 4.14823627 -4.75550413
v 22.00873947 4.50000000 -5.98701525
v 22.05480576 4.50000000 -5.19865131
v 21.98868752 4.00000000 -4.37775135
v 22.15530014 4.00681496 -3.95112729
v 22.20150948 4.02679491 -3.96495962
v 22.18350983 4.19650936 -4.42283916
v 22.24118996 4.05857849 -3.97683811
v 22.27164078 4.09999990 -3.98595238
v 22.29078102 4.14823627 -3.99168205
v 22.21575165 4.00000000 -3.59913135
v 22.42773819 4.00681496 -3.19764662
v 22.40426064 4.19650936 -3.66585946
v 22.18948555 4.50000000 -4.42051220
v 22.41106224 4.50000000 -3.66252565
v 22.21400833 5.00000000 -5.98737717
v 22.25892258 5.00000000 -5.22042513
v 22.39023972 5.00000000 -4.46346569
v 22.47210693 4.02679491 -3.21656609
v 22.51021194 4.05857849 -3.23281264
v 22.53944778 4.09999990 -3.24527884
v 22.55782700 4.14823627 -3.25311565
v 22.70878601 4.19650936 -2.93852592
v 22.71670914 4.50000000 -2.93436337
v 22.60627556 5.00000000 -3.72620058
v 22.90426254 5.00000000 -3.01807880
v 21.99295425 4.00681496 -1.63041294
v 21.99295425 4.02679491 -1.58217669
v 21.99295425 4.05857849 -1.54075527
v 21.99295425 4.09999990 -1.50897157
v 21.99295425 4.14823627 -1.48899150
v 21.60240173 4.85512733 0.45207524
v 21.60240173 4.90300751 0.43125632
v 21.60240173 4.94386768 0.39875454
v 21.60240173 4.97492409 0.35678479
v 21.60240173 4.99405909 0.30820727
v 22.52898788 4.00000000 -2.85100603
v 22.82480049 4.02679491 -2.50317574
v 22.78282547 4.00681496 -2.47940755
v 22.92440796 4.00000048 -2.14287663
v 22.95512390 4.00000048 -2.07882142
v 22.96763229 4.00666523 -2.17032647
v 23.00797272 4.02621603 -2.19594741
v 23.00199509 4.00681448 -2.10158205
v 22.86084366 4.05857849 -2.52358627
v 22.88850021 4.09999990 -2.53924799
v 22.90588570 4.14823627 -2.54909301
v 22.67118835 4.00000048 -1.68217874
v 22.67118073 4.00666523 -1.63097680
v 22.70106888 4.00681448 -1.63168073
v 22.67116928 4.02621603 -1.58318758
v 22.70515633 4.02679443 -1.58361840
v 22.67116356 4.05734968 -1.54199600
v 22.70867157 4.05857754 -1.54234624
v 22.67115784 4.09799147 -1.51014793
v 22.71136475 4.09999895 -1.51067686
v 22.67115402 4.14543200 -1.48976564
v 22.71306038 4.14823437 -1.49076843
v 22.67116165 4.19650936 -1.48220706
v 22.74172974 4.00000000 -1.69058013
v 22.79074478 4.00681400 -1.65133846
v 22.86721039 3.99999905 -1.75505710
v 22.80831528 3.99999952 -1.71533537
v 22.87227631 4.00681353 -1.69353604
v 22.94932938 3.99999881 -1.86977148
v 22.96991348 3.99999976 -2.00933909
v 22.96794510 3.99999905 -1.93832767
v 23.02165222 4.00681400 -2.01190639
v 23.01743317 4.00681353 -1.92019844
v 22.91511154 3.99999881 -1.80751705
v 22.94010925 4.00681305 -1.75539792
v 22.89984894 4.02679300 -1.65395796
v 22.98961830 4.00681305 -1.83270824
v 22.97698593 4.02679253 -1.72430491
v 22.80713272 4.02679348 -1.60597229
v 23.00865364 4.05857563 -1.69760454
v 22.82120895 4.05857658 -1.56701553
v 22.83201027 4.09999752 -1.53712285
v 22.73800087 4.19571114 -1.48670697
v 22.80354500 4.19496250 -1.50007582
v 22.83879852 4.14823341 -1.51833129
v 22.86661530 4.19430256 -1.52203035
v 22.92352676 4.05857611 -1.61997128
v 22.94169617 4.09999657 -1.59389234
v 22.92611694 4.19375515 -1.55214572
v 22.95311737 4.14823246 -1.57749820
v 22.98102379 4.19332552 -1.58986759
v 22.68081856 4.50000000 -1.47690952
v 22.79849052 4.50000000 -1.49094164
v 22.90954208 4.50000000 -1.53225410
v 23.00774002 4.50000000 -1.59852719
v 23.04736137 4.02679443 -2.11797214
v 23.04274368 4.05734968 -2.21803141
v 23.08631897 4.05857754 -2.13204646
v 23.06962967 4.09799147 -2.23510551
v 23.11621094 4.09999847 -2.14284587
v 23.08683395 4.14543200 -2.24603271
v 23.09321976 4.19650936 -2.25007701
v 23.13500404 4.14823437 -2.14963460
v 23.12524414 4.19571114 -2.19124103
v 23.14908600 4.19496250 -2.12874699
v 23.16435242 4.19430256 -2.06373787
v 23.06971550 4.02679348 -2.01599622
v 23.06491661 4.02679300 -1.91170979
v 23.03328705 4.02679253 -1.81221914
v 23.11098862 4.05857658 -2.01950836
v 23.10569000 4.05857611 -1.90442014
v 23.14265823 4.09999752 -2.02220321
v 23.13697815 4.09999657 -1.89882648
v 23.07078552 4.05857563 -1.79462481
v 23.09955978 4.09999657 -1.78112388
v 23.03295326 4.09999657 -1.67711639
v 23.16256714 4.14823341 -2.02389693
v 23.15664673 4.14823246 -1.89531016
v 23.17082214 4.19375515 -1.99736726
v 23.16840744 4.19332552 -1.93079650
v 23.15717506 4.19301271 -1.86518359
v 23.04822922 4.14823198 -1.66423702
v 23.03039742 4.19301271 -1.63451982
v 23.07338524 4.19282055 -1.68531752
v 23.11764717 4.14823198 -1.77263677
v 23.13733292 4.19282055 -1.80166531
v 23.10923767 4.19275665 -1.74135935
v 23.10252953 4.50000000 -2.24531984
v 23.15388870 4.50000000 -2.13852262
v 23.08757782 4.50000000 -1.68604136
v 23.14456749 4.50000000 -1.78988504
v 23.17868042 4.50000000 -2.02265787
v 23.17551422 4.50000000 -1.90422964
v 22.69046974 5.00000000 -1.27164853
v 22.78614807 5.00000000 -1.27800560
v 22.87732315 5.00000000 -1.29680276
v 22.96467209 5.00000000 -1.32764912
v 23.28038025 5.00000000 -2.34817719
v 23.32653046 5.00000000 -2.26406741
v 23.35974884 5.00000000 -2.17708492
v 23.38074493 5.00000000 -2.08685303
v 23.30431747 5.00000000 -1.63511109
v 23.12505913 5.00000000 -1.42289567
v 23.04787445 5.00000000 -1.36996818
v 23.19429207 5.00000000 -1.48552132
v 23.25431633 5.00000000 -1.55669498
v 23.38983727 5.00000000 -1.99394405
v 23.38675499 5.00000000 -1.90039754
v 23.37121773 5.00000000 -1.80834043
v 23.34351540 5.00000000 -1.71944952
v 22.70255280 4.85512733 0.45207524
v 22.70255280 4.90300751 0.43125632
v 22.70255280 4.94386768 0.39875454
v 22.70255280 4.97492409 0.35678479
v 22.70255280 4.99405909 0.30820727
v 25.85283661 5.00000000 -6.13368988
v 25.87551308 5.00000000 -5.59989405
v 25.98807526 5.00000000 -5.07760811
v 23.80270195 4.85512733 0.45207524
v 23.80270195 4.90300751 0.43125632
v 23.80270195 4.94386768 0.39875454
v 23.80270195 4.97492409 0.35678479
v 23.80270195 4.99405909 0.30820727
v 24.90285110 4.85512733 0.45207524
v 24.90285110 4.90300751 0.43125632
v 24.90285110 4.94386768 0.39875454
v 24.90285110 4.97492409 0.35678479
v 24.90285110 4.99405909 0.30820727
v 16.50000000 13.50000000 -14.00000000
v 17.21943474 13.47644806 -14.00000000
v 17.93578720 13.40589333 -14.00000000
v 18.64599419 13.28863811 -14.00000000
v 19.34700966 13.12518406 -14.00000000
v 20.03583336 12.91623116 -14.00000000
v 20.70951843 12.66267490 -14.00000000
v 25.64616585 8.61127281 -21.00000000
v 25.22688675 9.19637585 -21.00000000
v 24.97770882 9.50000000 -23.50000000
v 25.00000000 9.47283745 -23.50000000
v 25.00000000 9.50000000 -23.50000000
v 24.97770882 9.50000000 -21.00000000
v 25.00000000 9.47283745 -21.00000000
v 25.00000000 9.50000000 -21.00000000
v 25.08363914 9.16544247 -14.00000000
v 24.77023697 9.75280380 -14.00000000
v 24.27817535 10.27817440 -14.00000000
v 24.97770882 9.50000000 -14.00000000
v 25.00000000 9.47283745 -14.00000000
v 25.00000000 9.50000000 -14.00000000
v 22.00000000 12.02627945 -14.00000000
v 23.19637489 11.22688675 -14.00000000
v 22.61127281 11.64616585 -14.00000000
v 21.36517525 12.36560059 -14.00000000
v 23.75280380 10.77023792 -14.00000000
v 25.00000000 9.50000000 -12.50000000
v 25.96164894 9.80000019 -6.65481472
v 25.89468956 9.80000019 -6.13191175
v 25.91706276 9.80000019 -5.60521412
v 27.42911720 3.70000005 -21.00000000
v 27.40589333 3.93578815 -21.00000000
v 27.28863716 4.64599371 -21.00000000
v 28.50000000 3.70000005 -21.00000000
v 28.50000000 3.70000005 -14.00000000
v 27.12518501 5.34700966 -21.00000000
v 26.91623116 6.03583431 -21.00000000
v 26.66267395 6.70951796 -21.00000000
v 26.36560059 7.36517572 -21.00000000
v 27.44649506 2.50000000 -6.38290501
v 27.58327103 2.50000000 -6.74355698
v 28.09109688 2.50000000 -7.31677437
v 27.80238342 2.50000000 -7.06099606
v 26.63538170 5.00000000 -8.08112526
v 27.02110672 5.00000000 -8.45081234
v 26.07714844 5.00000000 -7.17449760
v 26.31768227 5.00000000 -7.65156794
v 27.46376038 5.00000000 -8.74999428
v 27.95060921 5.00000000 -8.97006416
v 30.49551392 3.70000005 -12.30364037
v 30.48619461 3.70000005 -12.30628872
v 30.60552979 3.70000005 -12.30628872
v 28.43263245 2.50000000 -7.49602604
v 28.80714226 2.50000000 -7.58833408
v 29.19285774 2.50000000 -7.58833408
v 29.56736755 2.50000000 -7.49602604
v 29.90890312 2.50000000 -7.31677437
v 30.19761848 2.50000000 -7.06099606
v 30.41672897 2.50000000 -6.74355698
v 30.55350876 2.50000000 -6.38290501
v 29.00000000 4.99452734 -12.30628872
v 29.00000000 4.99756145 -12.29095840
v 29.00000000 4.99938917 -12.27543831
v 29.00000000 5.00000000 -12.25982285
v 29.73225403 4.97918701 -12.30628872
v 29.83065414 4.97320509 -12.30534458
v 30.09199142 4.94252253 -12.30628872
v 29.75453949 5.00000000 -12.21418190
v 29.82435226 4.99318504 -12.25752068
v 30.26041794 4.90341139 -12.30628872
v 30.39987183 4.80349016 -12.30628872
v 30.39745331 4.81487513 -12.30628872
v 30.36080933 4.85729742 -12.30628872
v 30.34091568 4.86973190 -12.30628872
v 30.39262772 4.82522058 -12.30628872
v 30.38601112 4.83462286 -12.30628872
v 30.37854195 4.84273624 -12.30628872
v 30.59358788 4.85176373 -12.25314236
v 30.58865356 4.90000010 -12.23378086
v 30.60552979 5.00000000 -12.30628872
v 30.58080482 4.94142151 -12.20298195
v 30.57057571 4.97320509 -12.16284370
v 30.49807358 5.00000000 -12.07792377
v 30.55866432 4.99318504 -12.11610031
v 28.46764755 5.00000000 -9.10468960
v 29.00000000 5.00000000 -9.15000057
v 29.53235245 5.00000000 -9.10468960
v 30.04939079 5.00000000 -8.97006416
v 30.53623962 5.00000000 -8.74999428
v 27.39999962 2.50000000 -6.00000000
v 27.44649506 2.50000000 -5.61709499
v 27.58327103 2.50000000 -5.25644302
v 27.80238342 2.50000000 -4.93900394
v 28.09109688 2.50000000 -4.68322563
v 26.18728447 5.00000000 -4.58185816
v 26.46740913 5.00000000 -4.12690544
v 26.82039261 5.00000000 -3.72583842
v 27.23608017 5.00000000 -3.39019442
v 27.70251083 5.00000000 -3.12963033
v 28.20627022 5.00000000 -2.95164108
v 26.00300217 4.85512733 0.45207524
v 26.00300217 4.90300751 0.43125632
v 26.00300217 4.94386768 0.39875454
v 26.00300217 4.97492409 0.35678479
v 26.00300217 4.99405909 0.30820727
v 27.10315323 4.85512733 0.45207524
v 27.10315323 4.90300751 0.43125632
v 27.10315323 4.94386768 0.39875454
v 27.10315323 4.97492409 0.35678479
v 27.10315323 4.99405909 0.30820727
v 28.20330429 4.85512733 0.45207524
v 28.20330429 4.90300751 0.43125632
v 28.20330429 4.94386768 0.39875454
v 28.20330429 4.97492409 0.35678479
v 28.20330429 4.99405909 0.30820727
v 28.43263245 2.50000000 -4.50397396
v 28.80714226 2.50000000 -4.41166592
v 29.19285774 2.50000000 -4.41166592
v 29.90890312 2.50000000 -4.68322563
v 30.59999847 2.50000000 -6.00000000
v 30.55350876 2.50000000 -5.61709499
v 30.41672897 2.50000000 -5.25644302
v 30.19761848 2.50000000 -4.93900394
v 29.56736755 2.50000000 -4.50397396
v 29.00000000 2.50000000 0.50000000
v 29.75149345 2.50000000 0.45641196
v 30.49291229 2.50000000 0.32623234
v 29.79372978 5.00000000 -2.95164108
v 30.29748917 5.00000000 -3.12963033
v 28.73286247 5.00000000 -2.86134768
v 29.26713943 5.00000000 -2.86134768
v 29.00000000 4.80349016 0.45979244
v 29.00000000 4.85456800 0.45223477
v 29.00000000 4.90200853 0.43185270
v 29.30216217 4.85176373 0.44592974
v 29.30122757 4.90000010 0.42597157
v 29.00000000 4.94265032 0.40000471
v 29.00000000 4.97378397 0.35881352
v 29.00000000 5.00000000 0.25982288
v 29.00000000 4.99333477 0.31102452
v 29.29973793 4.94142151 0.39422271
v 29.29780006 4.97320509 0.35284680
v 29.29554176 4.99318504 0.30466351
v 29.75359917 4.80349016 0.41568443
v 30.06242371 4.85176373 0.36494857
v 30.05913162 4.90000010 0.34524113
v 29.75453949 5.00000000 0.21418172
v 30.04708099 4.97320509 0.27303505
v 30.05390167 4.94142151 0.31389114
v 30.03913879 4.99318504 0.22545710
v 30.49690628 4.80349016 0.28396285
v 30.49807358 5.00000000 0.07792381
v 31.47768402 2.50000000 -12.00000000
v 30.86206055 3.70000005 -12.19878101
v 31.20627594 3.70000005 -12.09128952
v 31.45322227 3.19449997 -12.00000000
v 31.42596626 3.70000005 -12.00000000
v 31.98134422 2.50000000 -11.77594948
v 32.62913513 2.50000000 -11.39252853
v 31.12600517 4.80349016 -12.09992027
v 31.32198143 4.85176373 -12.02077389
v 31.31479263 4.90000010 -12.00213242
v 31.30335617 4.94142151 -11.97247696
v 31.28845215 4.97320509 -11.93383026
v 31.21976471 5.00000000 -11.85303593
v 31.27109528 4.99318504 -11.88882446
v 31.82310295 4.80349016 -11.81024933
v 31.90908432 5.00000000 -11.54279804
v 32.01778030 4.85176373 -11.70388603
v 32.00843430 4.90000010 -11.68622494
v 32.48165131 4.80349016 -11.44123268
v 31.99357224 4.94142151 -11.65813065
v 31.97420120 4.97320509 -11.62151814
v 31.95164490 4.99318504 -11.57888222
v 32.67035294 4.85176373 -11.30752563
v 32.65806580 4.90000010 -11.29172897
v 33.09265137 4.80349016 -10.99791145
v 32.63907623 4.94142151 -11.26622009
v 32.61461639 4.97320509 -11.23277187
v 32.55598450 5.00000000 -11.15173340
v 32.58629608 4.99318504 -11.19370937
v 30.97889137 5.00000000 -8.45081234
v 31.36461639 5.00000000 -8.08112526
v 31.68231773 5.00000000 -7.65156794
v 31.92285156 5.00000000 -7.17449760
v 32.07929993 5.00000000 -6.66363955
v 33.22825623 2.50000000 -10.93678570
v 33.77066803 2.50000000 -10.41483307
v 34.24909210 2.50000000 -9.83366871
v 34.65712357 2.50000000 -9.20108795
v 34.98927689 2.50000000 -8.52557564
v 35.24111176 2.50000000 -7.81619120
v 35.40923691 2.50000000 -7.08244848
v 35.49140549 2.50000000 -6.33418846
v 33.25988388 4.90000010 -10.82050228
v 33.27311707 4.85176373 -10.83547401
v 33.64776230 4.80349016 -10.48633671
v 33.23883820 4.94142151 -10.79668522
v 33.21140671 4.97320509 -10.76564693
v 33.15103149 5.00000000 -10.68554497
v 33.17946625 4.99318504 -10.72950172
v 33.70950317 4.99318504 -10.20198727
v 33.68554306 5.00000000 -10.15102959
v 33.81502914 4.85176373 -10.29613876
v 33.80012131 4.90000010 -10.28283691
v 34.13940430 4.80349016 -9.91349602
v 33.77640533 4.94142151 -10.26167679
v 33.74549484 4.97320509 -10.23409939
v 34.28935242 4.85176373 -9.69649601
v 34.27297211 4.90000010 -9.68505096
v 34.15173340 5.00000000 -9.55598450
v 34.21296692 4.97320509 -9.64311695
v 34.24692154 4.94142151 -9.66684437
v 34.17343140 4.99318504 -9.61548519
v 34.56085968 4.80349016 -9.28721237
v 34.67180634 4.90000010 -9.03553391
v 34.68942261 4.85176373 -9.04496288
v 34.56473541 4.99318504 -8.97823048
v 34.54280090 5.00000000 -8.90908432
v 34.64378357 4.94142151 -9.02053642
v 34.60726166 4.97320509 -9.00099182
v 34.87792206 4.99318504 -8.29916763
v 34.85303497 5.00000000 -8.21976376
v 34.90637589 4.80349016 -8.61603737
v 35.00962448 4.85176373 -8.35068417
v 34.99102020 4.90000010 -8.34340572
v 34.96141815 4.94142151 -8.33182716
v 34.92284393 4.97320509 -8.31673908
v 35.17123413 4.80349016 -7.90913773
v 35.24546814 4.85176373 -7.62340736
v 35.22613144 4.90000010 -7.61838055
v 35.35181427 4.80349016 -7.17616606
v 35.39363480 4.85176373 -6.87334156
v 35.37384033 4.90000010 -6.87063742
v 35.44565582 4.80349016 -6.42713308
v 35.15528107 4.97320509 -7.59996462
v 35.07792664 5.00000000 -7.49807358
v 35.10859680 4.99318504 -7.58782959
v 35.19536591 4.94142151 -7.61038494
v 35.34235001 4.94142151 -6.86633587
v 35.30130768 4.97320509 -6.86073017
v 35.25351715 4.99318504 -6.85420227
v 35.21417999 5.00000000 -6.75453854
v 31.21430588 2.50000000 0.11120713
v 31.90600204 2.50000000 -0.18577984
v 32.55872345 2.50000000 -0.56074548
v 30.76392174 5.00000000 -3.39019442
v 31.17960739 5.00000000 -3.72583842
v 31.53259087 5.00000000 -4.12690544
v 31.81271553 5.00000000 -4.58185816
v 32.14716339 5.00000000 -6.13368988
v 32.12448502 5.00000000 -5.59989405
v 32.01192474 5.00000000 -5.07760811
v 30.80776978 4.85176373 0.19461749
v 30.80217171 4.90000010 0.17543745
v 31.21977234 4.80349016 0.06642646
v 30.76815033 4.99318504 0.05885891
v 30.79326630 4.94142151 0.14492640
v 30.78166199 4.97320509 0.10516363
v 31.21976471 5.00000000 -0.14696392
v 31.52773666 4.85176373 -0.06267245
v 31.51991081 4.90000010 -0.08105587
v 31.91232491 4.80349016 -0.23395404
v 31.90908432 5.00000000 -0.45720214
v 31.47233963 4.99318504 -0.19279239
v 31.49123383 4.97320509 -0.14841090
v 31.50746155 4.94142151 -0.11029965
v 32.21222305 4.85176373 -0.40330946
v 32.20227432 4.90000010 -0.42063817
v 32.18645477 4.94142151 -0.44820422
v 32.16583633 4.97320509 -0.48412889
v 32.14182281 4.99318504 -0.52596414
v 32.56510544 4.80349016 -0.61307657
v 32.85161209 4.85176373 -0.82251179
v 32.83969116 4.90000010 -0.83854252
v 32.55598450 5.00000000 -0.84826678
v 32.79599380 4.97320509 -0.89727765
v 32.76720428 4.99318504 -0.93597937
v 32.82071686 4.94142151 -0.86404377
v 35.48651123 2.50000000 -5.58144617
v 35.39462280 2.50000000 -4.83431768
v 35.21697235 2.50000000 -4.10282278
v 34.95593643 2.50000000 -3.39677215
v 34.19880676 2.50000000 -2.09841347
v 33.71286774 2.50000000 -1.52351844
v 33.16371536 2.50000000 -1.00866067
v 34.61502838 2.50000000 -2.72563553
v 35.45205307 4.85176373 -6.11101627
v 35.43207550 4.90000010 -6.11067247
v 35.45147324 4.80349016 -5.67226696
v 35.40001678 4.90000010 -5.34915400
v 35.41989899 4.85176373 -5.34713221
v 35.36919022 4.80349016 -4.92187595
v 35.31065369 4.99318504 -6.10858345
v 35.25982285 5.00000000 -6.00000000
v 35.40029907 4.94142151 -6.11012554
v 35.35888290 4.97320509 -6.10941315
v 35.15960312 4.99318504 -4.62326097
v 35.32719040 4.97320509 -5.35655975
v 35.27920151 4.99318504 -5.36144018
v 35.21417999 5.00000000 -5.24546146
v 35.36840057 4.94142151 -5.35236931
v 35.20667648 4.97320509 -4.61273956
v 34.79080963 4.85176373 -3.15257049
v 34.77287674 4.90000010 -3.16138649
v 34.85303497 5.00000000 -3.78023624
v 34.54280090 5.00000000 -3.09091544
v 34.74435425 4.94142151 -3.17541146
v 34.70718765 4.97320509 -3.19368863
v 34.66389847 4.99318504 -3.21497321
v 35.08693695 4.85176373 -3.85745335
v 35.06808853 4.90000010 -3.86408710
v 35.19992447 4.80349016 -4.18620872
v 35.29761887 4.85176373 -4.59241295
v 35.27812195 4.90000010 -4.59677124
v 34.94599533 4.80349016 -3.47531056
v 35.07792664 5.00000000 -4.50192642
v 35.03811264 4.94142151 -3.87464023
v 34.99903870 4.97320509 -3.88839293
v 34.95354080 4.99318504 -3.90440845
v 35.24710083 4.94142151 -4.60370445
v 33.43693542 4.85176373 -1.31439459
v 33.42319870 4.90000010 -1.32890236
v 33.15103149 5.00000000 -1.31445527
v 33.40134430 4.94142151 -1.35198092
v 33.37286377 4.97320509 -1.38205755
v 33.33969879 4.99318504 -1.41708231
v 33.68554306 5.00000000 -1.84896958
v 34.19911194 4.80349016 -2.16618419
v 33.95997620 4.85176373 -1.87205315
v 33.94461823 4.90000010 -1.88483417
v 33.71635818 4.80349016 -1.58583379
v 34.29475021 4.99318504 -2.56463385
v 34.15173340 5.00000000 -2.44401526
v 33.85127640 4.99318504 -1.96251941
v 33.92018890 4.94142151 -1.90516603
v 33.88835144 4.97320509 -1.93166304
v 33.16920090 4.80349016 -1.06576383
v 34.41338730 4.85176373 -2.48765898
v 34.39662552 4.90000010 -2.49853396
v 34.61086655 4.80349016 -2.79888988
v 34.36996460 4.94142151 -2.51583362
v 34.33521652 4.97320509 -2.53837919
v 26.02627945 8.00000000 -21.00000000
v 28.50000000 9.50000000 -21.00000000
v 28.50000000 9.50000000 -14.00000000
v 26.66682816 9.80000019 -8.05345058
v 27.04742241 9.80000019 -8.41822147
v 26.35335159 9.80000019 -7.62960529
v 26.11601830 9.80000019 -7.15887928
v 27.10787010 9.80000019 -6.52534723
v 27.48418999 9.80000019 -8.71342468
v 27.96456337 9.80000019 -8.93056774
v 27.38368797 9.50001144 -6.38307333
v 27.51559830 9.50001144 -6.74549532
v 27.72753143 9.50001144 -7.06772709
v 27.50333786 9.80000019 -7.27127647
v 27.26504135 9.80000019 -6.91981697
v 28.00806808 9.50001144 -7.33239698
v 28.34207726 9.50001144 -7.52523804
v 27.81161499 9.80000019 -7.56329298
v 28.17546082 9.80000019 -7.78221130
v 28.47472763 9.80000019 -9.06340408
v 29.00000000 9.80000019 -9.10811138
v 29.52527237 9.80000019 -9.06340408
v 28.71155548 9.50001144 -7.63585281
v 28.57786179 9.80000019 -7.91779566
v 29.09658432 9.50001144 -7.65827751
v 29.47640610 9.50001144 -7.59130478
v 29.00000000 9.80000019 -7.96370602
v 29.42213821 9.80000019 -7.91779566
v 30.03543663 9.80000019 -8.93056774
v 30.51580811 9.80000019 -8.71342468
v 29.83054352 9.50001144 -7.43854475
v 30.13990784 9.50001144 -7.20823193
v 29.82453918 9.80000019 -7.78221130
v 30.38781929 9.50001144 -6.91278267
v 30.56091309 9.50001144 -6.56812572
v 30.18838501 9.80000019 -7.56329298
v 30.49666214 9.80000019 -7.27127647
v 30.73495865 9.80000019 -6.91981697
v 26.02812767 9.80000019 -5.08987427
v 27.03917313 9.80000019 -6.10631275
v 27.06216431 9.80000019 -5.68230724
v 27.17576218 9.80000019 -5.27315712
v 26.22468758 9.80000019 -4.60071659
v 26.50108719 9.80000019 -4.15181398
v 26.84937668 9.80000019 -3.75608015
v 27.33891296 9.50001144 -6.00000000
v 27.38368797 9.50001144 -5.61692667
v 27.51559830 9.50001144 -5.25450516
v 27.72753143 9.50001144 -4.93227291
v 27.37466049 9.80000019 -4.89799356
v 28.00806808 9.50001144 -4.66760254
v 27.64955902 9.80000019 -4.57435799
v 27.25953674 9.80000019 -3.42489982
v 27.71976471 9.80000019 -3.16780066
v 28.34207726 9.50001144 -4.47476196
v 27.98760414 9.80000019 -4.31738424
v 28.21682358 9.80000019 -2.99217844
v 28.71155548 9.50001144 -4.36414766
v 28.37298584 9.80000019 -4.13908768
v 28.78768730 9.80000019 -4.04780483
v 29.09658432 9.50001144 -4.34172201
v 29.47640610 9.50001144 -4.40869474
v 29.21231461 9.80000019 -4.04780483
v 30.13990784 9.50001144 -4.79176807
v 30.64985657 9.50001144 -6.19284058
v 30.64985657 9.50001144 -5.80715942
v 30.38781929 9.50001144 -5.08721733
v 30.56091309 9.50001144 -5.43187428
v 30.62533951 9.80000019 -4.89799356
v 29.83054352 9.50001144 -4.56145573
v 29.62701416 9.80000019 -4.13908768
v 30.01239586 9.80000019 -4.31738424
v 29.78317451 9.80000019 -2.99217844
v 30.35043907 9.80000019 -4.57435799
v 30.28023529 9.80000019 -3.16780066
v 30.74046326 9.80000019 -3.42489982
v 28.73641586 9.80000019 -2.90308595
v 29.26358795 9.80000019 -2.90308595
v 30.95257759 9.80000019 -8.41822147
v 31.33317184 9.80000019 -8.05345058
v 30.89212799 9.80000019 -6.52534723
v 31.64664841 9.80000019 -7.62960529
v 31.88398170 9.80000019 -7.15887928
v 32.03834915 9.80000019 -6.65481472
v 30.96082687 9.80000019 -6.10631275
v 30.93783569 9.80000019 -5.68230724
v 30.82423782 9.80000019 -5.27315712
v 31.15062332 9.80000019 -3.75608015
v 31.49891090 9.80000019 -4.15181398
v 31.77531242 9.80000019 -4.60071659
v 32.10530853 9.80000019 -6.13191175
v 32.08293533 9.80000019 -5.60521412
v 31.97187233 9.80000019 -5.08987427
f 1 140 2
f 2 141 3
f 3 142 4
f 4 143 5
f 5 144 6
f 6 145 7
f 7 146 8
f 8 948 900
f 1 139 140
f 2 140 141
f 3 141 142
f 4 142 143
f 6 144 145
f 5 143 144
f 7 145 146
f 8 146 948
f 10 467 13
f 9 12 463
f 11 466 12
f 11 13 465
f 9 30 12
f 11 12 32
f 14 15 34
f 9 14 37
f 15 16 33
f 15 474 16
f 9 480 14
f 14 481 15
f 16 475 17
f 1 17 139
f 10 38 18
f 18 39 19
f 19 40 20
f 21 43 22
f 20 42 21
f 22 44 23
f 23 1855 1839
f 10 18 464
f 18 19 482
f 19 20 483
f 20 21 484
f 21 22 485
f 22 23 486
f 23 1839 487
f 10 13 41
f 11 31 13
f 12 30 32
f 11 32 31
f 13 31 41
f 10 41 38
f 18 38 39
f 20 40 42
f 21 42 43
f 22 43 44
f 23 44 1855
f 19 39 40
f 10 464 467
f 11 465 466
f 12 466 463
f 13 467 465
f 15 470 469
f 15 473 470
f 15 469 474
f 15 481 473
f 14 480 481
f 9 463 480
f 16 474 475
f 17 475 139
f 19 483 482
f 18 482 464
f 20 484 483
f 21 485 484
f 22 486 485
f 23 487 486
f 487 1839 2045
f 16 17 35
f 1 36 17
f 1 2 45
f 3 4 24
f 2 3 46
f 14 34 37
f 15 33 34
f 16 35 33
f 1 45 36
f 3 24 46
f 2 46 45
f 17 36 35
f 4 5 25
f 5 6 26
f 6 7 27
f 7 8 28
f 8 900 29
f 8 29 28
f 900 909 29
f 4 25 24
f 5 26 25
f 6 27 26
f 7 28 27
f 9 37 30
f 47 472 471
f 47 474 472
f 47 139 475
f 47 475 474
f 47 140 139
f 47 48 148
f 47 471 48
f 48 471 473
f 48 473 476
f 48 476 478
f 49 54 50
f 49 52 55
f 52 53 68
f 51 67 53
f 53 67 68
f 52 68 55
f 49 55 54
f 54 55 69
f 49 50 291
f 51 292 64
f 52 294 53
f 51 53 295
f 49 290 52
f 50 59 56
f 56 59 57
f 57 60 58
f 58 100 61
f 50 54 59
f 57 59 60
f 58 60 100
f 61 100 101
f 54 102 59
f 59 102 103
f 59 103 60
f 61 101 62
f 62 101 63
f 50 56 352
f 56 57 353
f 57 58 354
f 58 61 355
f 61 62 356
f 62 63 357
f 51 64 67
f 64 65 71
f 65 66 72
f 65 72 71
f 64 71 67
f 67 73 68
f 67 71 73
f 55 68 70
f 54 69 102
f 55 70 69
f 68 73 70
f 71 74 73
f 71 72 74
f 72 78 74
f 66 75 77
f 66 77 72
f 75 76 77
f 76 80 77
f 76 82 80
f 80 82 85
f 72 77 78
f 77 79 78
f 77 80 79
f 79 80 81
f 80 85 81
f 81 85 87
f 64 293 65
f 65 383 66
f 66 384 75
f 75 385 76
f 76 386 82
f 82 83 85
f 83 86 85
f 83 84 86
f 84 94 89
f 85 86 87
f 86 88 87
f 86 89 88
f 88 89 91
f 84 89 86
f 89 90 91
f 90 92 91
f 90 95 92
f 92 95 93
f 93 95 96
f 89 94 97
f 89 97 90
f 90 97 98
f 90 98 95
f 95 99 96
f 95 98 99
f 96 99 489
f 82 410 83
f 83 411 84
f 84 412 94
f 94 413 97
f 97 414 98
f 98 415 99
f 60 103 104
f 60 104 100
f 100 104 105
f 100 105 101
f 101 105 106
f 101 106 107
f 63 101 107
f 63 107 108
f 107 109 108
f 109 112 110
f 108 109 110
f 110 112 114
f 106 111 107
f 107 111 109
f 109 111 115
f 109 115 112
f 112 113 114
f 113 120 114
f 112 115 116
f 112 116 113
f 113 117 118
f 113 118 120
f 113 116 119
f 113 119 117
f 117 119 131
f 63 108 416
f 108 110 417
f 110 114 432
f 118 434 120
f 114 120 433
f 121 127 129
f 93 96 124
f 124 133 125
f 123 127 126
f 122 129 127
f 122 127 123
f 125 134 126
f 123 126 134
f 117 128 130
f 128 129 132
f 117 130 118
f 128 132 130
f 117 131 128
f 121 128 131
f 121 129 128
f 122 137 129
f 129 137 132
f 96 489 133
f 133 491 134
f 122 123 138
f 123 134 135
f 96 133 124
f 125 133 134
f 133 490 491
f 133 489 490
f 134 491 135
f 123 135 138
f 122 136 137
f 122 138 136
f 118 130 447
f 130 132 448
f 135 491 593
f 135 449 138
f 136 450 137
f 132 137 451
f 136 138 452
f 147 256 1068
f 47 142 141
f 47 143 142
f 47 141 140
f 47 144 143
f 47 145 144
f 48 149 148
f 48 478 150
f 48 150 149
f 47 148 1313
f 47 1313 145
f 147 148 149
f 147 379 256
f 147 149 379
f 147 952 148
f 149 150 379
f 49 291 290
f 51 295 292
f 64 292 293
f 52 290 294
f 53 294 295
f 50 352 291
f 56 353 352
f 57 354 353
f 58 355 354
f 61 356 355
f 62 357 356
f 63 416 357
f 151 206 152
f 152 215 157
f 152 157 161
f 153 154 232
f 151 153 205
f 157 215 214
f 155 214 216
f 155 157 214
f 155 216 156
f 155 156 188
f 155 187 157
f 161 187 189
f 160 161 162
f 160 162 179
f 158 160 179
f 161 189 162
f 159 182 162
f 159 162 189
f 163 180 164
f 163 164 167
f 158 163 167
f 164 180 166
f 164 166 167
f 165 173 265
f 165 166 183
f 165 265 167
f 165 167 166
f 170 177 172
f 168 170 172
f 168 182 170
f 159 170 182
f 159 169 170
f 169 177 170
f 169 171 177
f 176 272 268
f 168 172 173
f 174 177 176
f 172 177 174
f 172 270 173
f 172 174 270
f 174 176 268
f 175 272 178
f 176 178 272
f 171 176 177
f 171 178 176
f 179 181 180
f 162 182 181
f 162 181 179
f 180 181 183
f 168 183 181
f 163 179 180
f 168 181 182
f 158 179 163
f 168 173 183
f 166 180 183
f 165 183 173
f 153 158 154
f 157 187 161
f 151 152 160
f 151 158 153
f 152 161 160
f 151 160 158
f 154 158 167
f 156 190 188
f 198 286 284
f 159 189 184
f 184 189 185
f 184 186 192
f 185 190 186
f 184 185 186
f 190 195 196
f 186 190 196
f 185 187 188
f 185 189 187
f 185 188 190
f 169 192 171
f 159 184 169
f 169 184 192
f 192 196 193
f 171 193 178
f 178 193 191
f 171 192 193
f 191 193 195
f 191 195 194
f 193 196 195
f 186 196 192
f 190 194 195
f 175 178 191
f 175 191 197
f 191 194 197
f 175 197 273
f 197 198 282
f 194 198 197
f 194 286 198
f 198 284 282
f 190 286 194
f 155 188 187
f 156 216 965
f 190 962 286
f 156 960 190
f 200 201 208
f 201 202 209
f 202 203 217
f 203 204 212
f 206 209 217
f 206 217 215
f 207 233 211
f 205 209 206
f 205 208 209
f 207 208 233
f 211 233 232
f 205 233 208
f 202 217 209
f 201 209 208
f 200 208 207
f 207 211 210
f 199 207 210
f 199 200 207
f 212 215 217
f 212 213 214
f 212 214 215
f 213 216 214
f 203 212 217
f 204 213 212
f 219 229 227
f 218 222 219
f 199 221 220
f 200 219 201
f 201 227 202
f 200 218 219
f 201 219 227
f 199 220 218
f 199 210 221
f 199 218 200
f 220 221 224
f 220 224 223
f 218 220 225
f 218 225 222
f 219 222 229
f 220 223 225
f 222 225 297
f 222 304 229
f 223 224 299
f 223 296 225
f 202 227 226
f 203 226 228
f 226 227 230
f 226 231 228
f 202 226 203
f 203 228 204
f 227 229 230
f 226 230 231
f 229 305 230
f 230 306 231
f 204 963 213
f 213 964 216
f 204 228 966
f 228 231 967
f 151 205 206
f 152 206 215
f 153 232 233
f 153 233 205
f 211 232 293
f 210 211 292
f 210 294 221
f 221 290 224
f 224 291 299
f 156 965 960
f 190 960 962
f 286 962 961
f 204 966 963
f 216 964 965
f 213 963 964
f 228 967 966
f 231 1103 967
f 239 251 252
f 239 246 251
f 239 253 240
f 239 248 246
f 235 248 239
f 235 287 248
f 234 264 235
f 234 237 262
f 236 258 237
f 237 258 238
f 237 238 279
f 235 239 240
f 234 240 236
f 234 235 240
f 234 236 237
f 241 242 243
f 241 251 246
f 241 244 242
f 241 246 249
f 242 244 245
f 241 249 244
f 242 245 247
f 242 247 243
f 246 248 249
f 244 249 250
f 248 288 249
f 249 289 250
f 244 250 245
f 236 255 258
f 255 257 258
f 239 252 253
f 240 253 254
f 236 254 255
f 236 240 254
f 255 256 257
f 261 274 273
f 259 261 273
f 260 274 261
f 259 263 261
f 276 279 277
f 277 280 278
f 235 264 287
f 261 263 262
f 260 261 262
f 260 281 276
f 259 264 263
f 260 262 281
f 276 281 279
f 265 270 267
f 167 267 266
f 266 275 277
f 266 267 271
f 167 266 278
f 167 265 267
f 268 272 269
f 268 269 275
f 268 275 271
f 269 272 274
f 174 268 271
f 174 271 270
f 173 270 265
f 267 270 271
f 175 274 272
f 175 273 274
f 269 276 275
f 266 271 275
f 260 269 274
f 275 276 277
f 260 276 269
f 266 277 278
f 237 279 281
f 238 280 279
f 277 279 280
f 234 262 263
f 237 281 262
f 234 263 264
f 282 284 283
f 259 273 282
f 259 282 283
f 283 284 285
f 284 286 285
f 283 285 287
f 259 283 264
f 285 286 289
f 264 283 287
f 285 288 287
f 285 289 288
f 248 287 288
f 249 288 289
f 197 282 273
f 154 167 385
f 241 1036 251
f 241 243 1036
f 250 289 1040
f 243 247 1036
f 245 1038 247
f 245 250 1039
f 251 1036 252
f 286 961 289
f 257 379 258
f 238 258 380
f 256 379 257
f 238 381 280
f 167 278 385
f 154 384 232
f 210 292 295
f 211 293 292
f 221 294 290
f 210 295 294
f 224 290 291
f 232 383 293
f 232 384 383
f 154 385 384
f 250 1040 1039
f 245 1037 1038
f 247 1038 1036
f 245 1039 1037
f 252 1064 253
f 253 1065 254
f 254 1066 255
f 255 1068 256
f 289 961 1040
f 252 1036 1064
f 225 296 297
f 222 297 304
f 223 299 298
f 223 298 296
f 296 303 297
f 297 307 304
f 298 299 301
f 296 298 302
f 297 303 307
f 298 301 300
f 296 302 303
f 298 300 302
f 302 310 303
f 303 316 307
f 300 313 302
f 302 313 310
f 303 310 316
f 300 301 312
f 300 312 311
f 300 311 313
f 229 304 305
f 230 305 306
f 304 308 305
f 305 309 306
f 304 307 308
f 305 308 309
f 308 318 309
f 307 317 308
f 307 316 317
f 308 317 318
f 311 314 313
f 311 312 323
f 310 319 316
f 310 313 315
f 310 315 319
f 311 323 322
f 313 314 315
f 311 322 314
f 316 320 317
f 316 319 320
f 317 320 321
f 317 321 318
f 320 330 321
f 314 324 315
f 315 325 319
f 314 322 326
f 322 323 327
f 319 325 328
f 322 327 326
f 315 324 325
f 314 326 324
f 319 328 320
f 320 328 329
f 320 329 330
f 231 306 1103
f 306 309 1104
f 309 318 1105
f 318 321 1106
f 321 330 1107
f 299 352 301
f 301 354 312
f 291 352 299
f 301 352 353
f 312 355 323
f 323 357 327
f 325 332 328
f 324 333 325
f 324 326 331
f 326 327 331
f 328 332 338
f 324 331 333
f 325 333 332
f 328 338 329
f 329 339 330
f 329 338 339
f 330 339 340
f 330 340 1108
f 327 334 331
f 331 334 335
f 332 333 336
f 332 341 338
f 331 337 333
f 332 336 341
f 333 337 336
f 331 335 337
f 334 344 335
f 338 342 339
f 339 342 340
f 338 341 342
f 340 342 343
f 335 344 345
f 335 347 337
f 336 337 348
f 336 349 341
f 336 348 349
f 344 346 345
f 335 345 347
f 337 347 348
f 341 350 342
f 342 350 343
f 341 349 350
f 343 350 351
f 340 343 1109
f 343 351 1110
f 306 1104 1103
f 309 1105 1104
f 318 1106 1105
f 321 1107 1106
f 330 1108 1107
f 340 1109 1108
f 343 1110 1109
f 351 1111 1110
f 301 353 354
f 312 354 355
f 323 355 356
f 327 416 334
f 323 356 357
f 327 357 416
f 334 417 344
f 344 432 346
f 345 346 358
f 347 361 348
f 348 362 349
f 345 360 347
f 347 360 361
f 348 361 362
f 346 359 358
f 345 358 360
f 349 363 350
f 350 363 351
f 349 362 363
f 351 363 364
f 361 368 362
f 360 366 361
f 358 367 360
f 358 359 365
f 361 366 368
f 359 371 365
f 360 367 366
f 358 365 367
f 362 369 363
f 363 369 364
f 362 368 369
f 364 369 370
f 351 364 1111
f 364 370 1168
f 334 416 417
f 346 433 359
f 344 417 432
f 366 377 368
f 365 371 374
f 365 375 367
f 366 367 376
f 367 375 376
f 365 374 375
f 366 376 377
f 371 373 374
f 368 372 369
f 369 372 370
f 368 377 372
f 370 372 378
f 374 421 375
f 375 418 376
f 376 422 377
f 373 419 374
f 373 420 419
f 374 419 421
f 375 421 418
f 376 418 422
f 372 377 423
f 372 423 378
f 377 422 423
f 378 423 424
f 370 378 1169
f 378 424 1170
f 364 1168 1111
f 370 1169 1168
f 378 1170 1169
f 69 70 1200
f 69 1199 102
f 70 73 1201
f 73 74 1202
f 74 78 1203
f 78 79 1204
f 79 81 1205
f 81 87 1206
f 65 293 383
f 66 383 384
f 75 384 385
f 76 385 386
f 82 386 410
f 87 88 1216
f 88 91 1217
f 91 92 1218
f 92 93 1219
f 83 410 411
f 84 411 412
f 94 412 413
f 97 413 414
f 98 414 415
f 99 415 534
f 102 1250 103
f 103 1251 104
f 104 1252 105
f 105 1253 106
f 106 1254 111
f 111 1255 115
f 115 1256 116
f 116 1257 119
f 119 1258 131
f 108 417 416
f 110 432 417
f 114 433 432
f 120 434 433
f 121 1293 127
f 93 124 1294
f 124 125 1294
f 125 126 1295
f 126 127 1296
f 121 131 1292
f 118 447 434
f 130 448 447
f 132 451 448
f 135 593 449
f 137 450 451
f 136 452 450
f 138 449 452
f 258 379 380
f 238 380 381
f 280 381 396
f 278 280 494
f 379 381 380
f 379 382 381
f 280 396 397
f 381 382 387
f 278 495 385
f 69 1200 1199
f 70 1201 1200
f 73 1202 1201
f 74 1203 1202
f 78 1204 1203
f 79 1205 1204
f 81 1206 1205
f 381 387 396
f 280 397 494
f 278 494 495
f 385 495 386
f 388 389 398
f 389 390 393
f 390 391 393
f 391 392 393
f 392 394 393
f 393 394 395
f 150 493 379
f 379 791 382
f 386 495 511
f 389 401 398
f 395 400 399
f 389 393 401
f 393 395 402
f 393 402 401
f 395 399 403
f 395 403 402
f 399 404 403
f 399 400 405
f 399 406 404
f 399 405 406
f 398 401 407
f 401 408 407
f 401 402 408
f 402 403 496
f 403 404 497
f 404 406 498
f 400 409 405
f 405 500 406
f 402 496 408
f 403 497 496
f 404 498 497
f 405 409 499
f 406 500 498
f 405 499 500
f 87 1216 1206
f 88 1217 1216
f 91 1218 1217
f 92 1219 1218
f 386 512 410
f 410 512 411
f 411 536 412
f 102 1199 1250
f 103 1250 1251
f 104 1251 1252
f 105 1252 1253
f 106 1253 1254
f 111 1254 1255
f 115 1255 1256
f 116 1256 1257
f 119 1257 1258
f 346 432 433
f 373 435 420
f 419 420 426
f 419 428 421
f 418 421 425
f 418 429 422
f 422 430 423
f 423 430 424
f 420 427 426
f 419 426 428
f 421 428 425
f 418 425 429
f 420 435 427
f 426 427 436
f 426 438 428
f 425 428 439
f 425 442 429
f 422 429 430
f 424 430 431
f 429 443 430
f 430 443 431
f 424 431 1259
f 359 433 607
f 359 608 371
f 371 609 373
f 427 435 436
f 426 436 438
f 428 438 439
f 425 439 442
f 435 437 436
f 436 440 438
f 438 441 439
f 439 444 442
f 436 437 440
f 438 440 441
f 439 441 444
f 429 442 443
f 431 443 446
f 442 445 443
f 442 444 445
f 443 445 446
f 435 453 437
f 437 454 440
f 440 455 441
f 441 456 444
f 444 457 445
f 445 457 446
f 431 446 1260
f 424 1259 1170
f 431 1260 1259
f 446 1261 1260
f 121 1292 1293
f 93 1294 1219
f 125 1295 1294
f 127 1293 1296
f 126 1296 1295
f 131 1258 1292
f 373 609 435
f 437 453 454
f 440 454 455
f 441 455 456
f 435 458 453
f 444 456 457
f 446 457 462
f 453 458 454
f 454 459 455
f 455 460 456
f 456 461 457
f 433 434 605
f 434 447 599
f 359 607 608
f 447 448 601
f 435 594 458
f 454 458 459
f 455 459 460
f 456 460 461
f 457 461 462
f 446 462 598
f 371 608 609
f 435 612 594
f 458 594 459
f 459 595 460
f 460 596 461
f 459 594 595
f 460 595 596
f 461 596 597
f 461 597 462
f 446 598 616
f 462 597 598
f 465 479 466
f 465 467 479
f 464 479 467
f 464 482 479
f 479 482 483
f 479 483 484
f 468 469 470
f 468 472 469
f 468 470 471
f 468 471 472
f 470 473 471
f 469 472 474
f 473 481 479
f 473 479 476
f 476 477 478
f 476 479 488
f 463 479 480
f 463 466 479
f 479 481 480
f 479 486 487
f 479 487 2045
f 479 2045 2046
f 479 484 485
f 479 485 486
f 479 2046 2047
f 479 2047 2048
f 479 2048 2049
f 479 2049 2050
f 479 2050 2051
f 479 2067 488
f 99 534 489
f 489 535 490
f 490 592 491
f 488 781 784
f 488 782 781
f 488 783 782
f 488 785 783
f 488 2069 785
f 477 492 478
f 476 493 477
f 150 478 492
f 477 493 492
f 150 492 493
f 476 488 493
f 488 789 493
f 489 534 535
f 488 775 773
f 488 773 780
f 488 780 777
f 488 777 776
f 488 776 778
f 488 778 779
f 488 779 788
f 488 788 789
f 490 535 592
f 491 592 593
f 382 792 387
f 379 493 791
f 387 793 396
f 396 793 397
f 386 511 512
f 388 547 389
f 407 408 504
f 408 505 504
f 389 547 390
f 390 546 391
f 391 546 392
f 392 546 394
f 394 546 395
f 408 496 505
f 497 498 508
f 498 500 509
f 496 497 507
f 409 501 499
f 496 507 505
f 497 508 507
f 498 509 508
f 499 502 500
f 499 501 503
f 500 502 509
f 499 503 502
f 388 398 538
f 395 546 400
f 501 517 503
f 504 505 506
f 505 510 506
f 505 507 510
f 507 508 514
f 508 509 515
f 502 516 509
f 507 514 510
f 508 515 514
f 509 516 515
f 502 503 519
f 503 517 518
f 502 519 516
f 503 518 519
f 397 793 494
f 382 791 792
f 494 793 495
f 495 793 511
f 398 407 539
f 407 504 540
f 400 546 409
f 409 548 501
f 504 506 541
f 501 548 517
f 506 510 513
f 510 520 513
f 510 514 520
f 514 515 523
f 515 516 524
f 517 522 518
f 514 523 520
f 516 519 525
f 516 525 524
f 518 526 519
f 518 522 527
f 519 526 525
f 518 527 526
f 515 524 523
f 513 520 521
f 520 528 521
f 520 523 528
f 523 524 529
f 524 525 530
f 525 526 531
f 522 532 527
f 526 527 533
f 523 529 528
f 524 530 529
f 525 531 530
f 527 532 537
f 526 533 531
f 527 537 533
f 412 549 413
f 413 550 414
f 411 512 536
f 414 550 415
f 415 551 534
f 534 552 535
f 412 536 549
f 413 549 550
f 415 550 551
f 534 551 552
f 521 528 553
f 528 529 555
f 387 792 793
f 388 538 547
f 398 539 538
f 390 547 546
f 409 546 548
f 407 540 539
f 504 541 540
f 506 542 541
f 506 513 542
f 513 521 545
f 517 548 522
f 532 559 537
f 522 795 532
f 493 789 790
f 493 790 791
f 511 816 512
f 512 816 536
f 511 793 816
f 513 543 542
f 513 545 543
f 521 553 798
f 532 812 559
f 521 796 545
f 522 548 795
f 559 823 566
f 528 555 553
f 553 555 554
f 554 555 562
f 529 530 556
f 530 531 557
f 531 533 558
f 529 556 555
f 530 557 556
f 531 558 557
f 533 537 560
f 537 559 561
f 537 561 560
f 533 560 558
f 555 556 562
f 556 557 563
f 557 558 564
f 558 560 565
f 559 566 561
f 560 561 567
f 556 563 562
f 557 564 563
f 558 565 564
f 554 562 570
f 562 573 570
f 562 563 573
f 563 564 574
f 563 574 573
f 565 567 576
f 564 565 575
f 561 566 568
f 560 567 565
f 561 568 567
f 567 568 578
f 566 569 568
f 568 569 579
f 568 579 578
f 570 573 571
f 571 573 577
f 571 577 572
f 572 577 583
f 564 575 574
f 565 576 575
f 567 578 576
f 573 574 577
f 574 580 577
f 574 575 580
f 575 576 581
f 576 578 582
f 575 581 580
f 576 582 581
f 569 585 579
f 578 579 584
f 578 584 582
f 579 585 586
f 579 586 584
f 577 580 583
f 580 581 663
f 581 582 664
f 582 584 665
f 580 663 583
f 581 664 663
f 582 665 664
f 584 586 692
f 584 692 665
f 536 818 549
f 549 838 550
f 553 554 830
f 566 829 569
f 585 587 586
f 586 587 693
f 586 693 692
f 535 656 592
f 592 656 593
f 449 593 657
f 448 451 658
f 450 659 451
f 450 452 659
f 449 660 452
f 535 552 656
f 449 657 660
f 593 656 657
f 451 659 658
f 452 660 659
f 433 605 606
f 433 606 607
f 434 603 604
f 434 599 600
f 434 600 603
f 434 604 605
f 447 602 599
f 447 601 602
f 448 658 601
f 435 609 610
f 435 610 611
f 435 611 698
f 435 702 612
f 446 616 706
f 435 698 699
f 435 699 700
f 435 700 701
f 594 612 595
f 595 613 596
f 596 614 597
f 435 763 702
f 595 612 613
f 596 613 614
f 597 614 615
f 597 615 598
f 598 615 616
f 446 706 767
f 599 701 600
f 599 602 701
f 601 701 602
f 600 701 603
f 603 701 604
f 604 701 605
f 605 701 606
f 606 701 607
f 607 701 608
f 608 701 609
f 435 855 763
f 612 702 613
f 613 703 614
f 614 704 615
f 613 702 703
f 614 703 704
f 615 704 705
f 615 705 616
f 446 767 859
f 616 705 706
f 617 618 624
f 617 626 619
f 617 624 625
f 617 625 626
f 618 623 624
f 619 638 620
f 620 640 621
f 621 643 622
f 622 646 708
f 620 638 639
f 619 626 638
f 620 639 640
f 621 640 642
f 621 642 643
f 622 643 645
f 622 645 646
f 623 627 624
f 624 627 625
f 625 628 626
f 626 628 638
f 625 627 628
f 623 629 627
f 627 632 628
f 628 632 630
f 630 634 631
f 627 629 632
f 629 633 632
f 632 633 634
f 633 635 634
f 634 635 636
f 630 632 634
f 631 634 636
f 631 636 637
f 638 641 639
f 639 641 640
f 640 644 642
f 628 641 638
f 640 641 644
f 642 644 643
f 643 644 647
f 643 647 645
f 645 647 646
f 646 647 728
f 628 630 641
f 630 648 641
f 641 648 644
f 644 648 651
f 630 631 648
f 631 649 648
f 648 649 651
f 649 650 651
f 631 637 649
f 649 654 650
f 644 651 647
f 647 651 652
f 647 652 728
f 650 652 651
f 650 653 652
f 650 655 653
f 652 653 725
f 637 654 649
f 637 718 654
f 654 718 739
f 650 654 655
f 654 739 655
f 655 739 740
f 653 655 744
f 572 583 661
f 583 666 661
f 661 666 672
f 661 672 662
f 662 672 681
f 583 663 666
f 663 664 667
f 664 665 668
f 665 692 669
f 663 667 666
f 664 668 667
f 665 669 668
f 666 667 672
f 667 670 672
f 667 668 670
f 668 669 671
f 669 695 673
f 670 681 672
f 668 671 670
f 669 673 671
f 674 695 696
f 673 695 674
f 674 696 675
f 675 697 685
f 680 722 707
f 680 688 722
f 676 712 722
f 676 677 712
f 676 722 688
f 677 678 713
f 678 690 714
f 690 691 715
f 679 688 680
f 679 681 688
f 662 681 679
f 676 682 683
f 681 682 688
f 677 683 684
f 670 682 681
f 670 671 682
f 671 673 683
f 673 674 684
f 671 683 682
f 673 684 683
f 674 686 684
f 675 687 686
f 674 675 686
f 675 685 687
f 685 689 687
f 676 688 682
f 676 683 677
f 677 684 678
f 678 684 686
f 678 686 690
f 686 687 690
f 687 689 691
f 687 691 690
f 689 724 691
f 587 694 693
f 692 693 695
f 669 692 695
f 693 696 695
f 693 694 696
f 694 697 696
f 675 696 697
f 601 658 701
f 609 701 610
f 610 701 611
f 611 701 698
f 698 701 699
f 699 701 700
f 435 860 855
f 702 763 703
f 703 764 704
f 704 765 705
f 446 859 864
f 705 766 706
f 435 870 860
f 703 763 764
f 704 764 765
f 705 765 766
f 706 766 767
f 446 864 874
f 618 707 623
f 618 711 707
f 623 707 722
f 617 711 618
f 617 619 711
f 619 620 711
f 620 621 711
f 621 622 711
f 622 708 711
f 708 729 709
f 708 709 711
f 709 710 711
f 709 732 710
f 710 734 711
f 646 727 708
f 708 727 729
f 709 729 732
f 710 732 733
f 710 733 734
f 711 734 756
f 623 712 713
f 633 713 714
f 623 722 712
f 623 713 629
f 629 713 633
f 633 714 635
f 635 714 715
f 717 723 724
f 635 715 716
f 716 723 717
f 635 716 636
f 636 716 719
f 716 717 719
f 636 719 637
f 637 719 718
f 717 721 719
f 718 719 720
f 719 721 720
f 718 720 741
f 715 723 716
f 717 724 721
f 677 713 712
f 678 714 713
f 690 715 714
f 691 723 715
f 691 724 723
f 721 724 761
f 652 725 728
f 653 726 725
f 653 744 726
f 726 746 736
f 646 728 727
f 727 728 729
f 729 730 732
f 728 730 729
f 725 730 728
f 725 731 730
f 725 726 731
f 726 736 731
f 732 735 733
f 730 735 732
f 733 735 734
f 734 735 757
f 730 731 735
f 731 737 735
f 731 736 737
f 736 738 737
f 736 754 738
f 735 737 757
f 737 738 758
f 738 755 759
f 718 741 739
f 739 742 740
f 740 743 745
f 739 741 742
f 740 742 743
f 655 740 744
f 740 745 744
f 744 745 746
f 726 744 746
f 745 748 747
f 745 747 746
f 736 746 754
f 746 747 754
f 743 748 745
f 747 748 750
f 720 721 761
f 720 761 741
f 741 761 742
f 747 750 749
f 747 749 754
f 749 755 754
f 742 761 743
f 743 761 748
f 748 761 750
f 749 750 751
f 749 752 755
f 749 753 752
f 750 761 751
f 749 751 753
f 751 761 753
f 738 754 755
f 734 757 756
f 737 758 757
f 738 759 758
f 752 761 760
f 752 753 761
f 755 762 759
f 752 760 762
f 752 762 755
f 756 757 768
f 757 758 769
f 758 759 770
f 759 762 772
f 760 771 762
f 757 769 768
f 759 772 770
f 758 770 769
f 762 771 772
f 435 880 870
f 763 855 764
f 764 856 765
f 765 857 766
f 766 858 767
f 446 874 884
f 764 855 856
f 765 856 857
f 766 857 858
f 767 858 859
f 756 768 865
f 768 769 866
f 769 770 867
f 770 772 869
f 771 868 772
f 756 865 875
f 768 866 865
f 770 869 867
f 769 867 866
f 772 868 869
f 488 784 774
f 488 774 775
f 536 816 817
f 536 817 818
f 521 798 796
f 532 795 812
f 553 819 798
f 553 830 819
f 559 812 823
f 549 818 838
f 550 838 839
f 806 795 808
f 798 811 796
f 811 797 796
f 811 799 797
f 811 800 799
f 811 802 800
f 806 807 809
f 806 808 807
f 806 809 810
f 806 812 795
f 554 840 830
f 566 823 829
f 569 829 837
f 798 822 811
f 806 810 815
f 806 815 812
f 814 810 805
f 811 820 802
f 821 804 801
f 821 801 802
f 813 805 803
f 813 803 804
f 813 814 805
f 811 822 820
f 820 821 802
f 813 804 821
f 814 815 810
f 812 815 823
f 550 839 551
f 554 570 840
f 570 571 847
f 569 837 585
f 571 572 2094
f 585 849 587
f 570 847 840
f 585 837 849
f 798 819 822
f 819 830 831
f 819 831 822
f 820 822 824
f 820 825 821
f 813 821 826
f 814 828 815
f 813 827 814
f 815 828 823
f 820 824 825
f 821 825 826
f 813 826 827
f 822 831 824
f 814 827 828
f 823 828 829
f 830 840 841
f 830 841 831
f 825 834 826
f 824 831 832
f 824 833 825
f 827 836 828
f 826 835 827
f 828 836 829
f 824 832 833
f 826 834 835
f 825 833 834
f 831 841 832
f 827 835 836
f 829 836 837
f 838 2093 839
f 840 848 841
f 840 847 848
f 832 843 833
f 833 844 834
f 832 841 842
f 841 848 842
f 832 842 843
f 835 845 836
f 834 846 835
f 836 845 837
f 834 844 846
f 833 843 844
f 835 846 845
f 837 845 849
f 847 2095 848
f 847 2094 2095
f 843 852 844
f 842 848 850
f 842 851 843
f 844 853 846
f 845 846 854
f 845 854 849
f 848 2095 850
f 842 850 851
f 843 851 852
f 844 852 853
f 846 853 854
f 849 854 2101
f 551 839 2093
f 551 2288 552
f 571 2094 847
f 587 849 2101
f 551 2093 2288
f 572 2295 2094
f 587 2101 2311
f 435 701 2389
f 435 890 880
f 855 860 856
f 856 861 857
f 857 862 858
f 446 884 894
f 858 863 859
f 856 860 861
f 857 861 862
f 858 862 863
f 859 863 864
f 446 894 2137
f 756 875 885
f 865 866 876
f 866 867 877
f 867 869 879
f 868 878 869
f 865 876 875
f 867 879 877
f 866 877 876
f 869 878 879
f 446 2692 1261
f 658 659 2389
f 658 2389 701
f 860 870 861
f 861 871 862
f 862 872 863
f 863 873 864
f 446 2137 2152
f 861 870 871
f 862 871 872
f 863 872 873
f 864 873 874
f 446 2152 2162
f 756 885 895
f 875 876 886
f 876 877 887
f 877 879 889
f 878 888 879
f 707 711 2411
f 711 756 2411
f 724 2435 761
f 756 895 2138
f 875 886 885
f 877 889 887
f 876 887 886
f 760 761 2435
f 879 888 889
f 552 2340 656
f 656 2341 657
f 657 2342 660
f 659 660 2371
f 572 661 2344
f 661 662 2345
f 587 2343 694
f 694 2356 697
f 662 679 2359
f 679 680 2360
f 685 697 2361
f 685 2369 689
f 689 2415 724
f 870 880 871
f 871 881 872
f 872 882 873
f 873 883 874
f 871 880 881
f 872 881 882
f 873 882 883
f 874 883 884
f 446 2162 2172
f 680 707 2411
f 760 2435 771
f 885 886 896
f 886 887 897
f 887 889 899
f 888 898 889
f 885 896 895
f 887 899 897
f 886 897 896
f 889 898 899
f 771 2435 868
f 880 890 881
f 881 891 882
f 882 892 883
f 881 890 891
f 882 891 892
f 883 892 893
f 883 893 884
f 446 2172 2383
f 884 893 894
f 435 2683 890
f 446 2383 2410
f 895 896 2139
f 896 897 2140
f 897 899 2142
f 898 2141 899
f 895 2139 2138
f 897 2142 2140
f 896 2140 2139
f 868 2435 878
f 899 2141 2142
f 756 2138 2426
f 900 949 901
f 901 950 902
f 902 951 903
f 903 956 904
f 904 957 905
f 905 958 906
f 906 959 907
f 907 1314 908
f 900 948 949
f 901 949 950
f 902 950 951
f 903 951 956
f 904 956 957
f 905 957 958
f 906 958 959
f 907 959 1314
f 900 901 909
f 901 902 910
f 901 910 909
f 902 911 910
f 902 903 911
f 903 904 912
f 904 905 913
f 903 912 911
f 904 913 912
f 905 914 913
f 906 915 914
f 905 906 914
f 906 907 915
f 907 908 916
f 908 933 917
f 933 934 918
f 907 916 915
f 908 917 916
f 933 918 917
f 934 919 918
f 935 920 919
f 936 921 920
f 937 922 921
f 934 935 919
f 935 936 920
f 936 937 921
f 937 938 922
f 938 939 923
f 939 940 924
f 908 1812 933
f 933 1813 934
f 934 1822 935
f 935 1823 936
f 936 1824 937
f 937 1825 938
f 938 1826 939
f 939 1827 940
f 940 1828 941
f 938 923 922
f 939 924 923
f 940 925 924
f 941 926 925
f 942 927 926
f 943 928 927
f 940 941 925
f 944 929 928
f 945 930 929
f 946 931 930
f 947 932 931
f 2896 2875 932
f 941 942 926
f 942 943 927
f 943 944 928
f 944 945 929
f 945 946 930
f 946 947 931
f 947 2896 932
f 941 1829 942
f 942 1830 943
f 943 1831 944
f 944 1832 945
f 945 1833 946
f 946 1834 947
f 947 3636 2896
f 934 1814 1816
f 908 1314 1812
f 933 1812 1813
f 934 1813 1817
f 934 1817 1814
f 934 1816 1822
f 935 1822 1823
f 936 1823 1824
f 937 1824 1825
f 938 1825 1826
f 939 1826 1827
f 940 1827 1828
f 941 1828 1829
f 942 1829 1830
f 943 1830 1831
f 944 1831 1832
f 945 1832 1833
f 946 1833 1834
f 947 1834 3636
f 145 1313 146
f 146 1313 948
f 948 1313 949
f 148 952 953
f 147 1068 952
f 148 953 1313
f 952 954 953
f 952 1068 1207
f 952 1207 1208
f 952 1208 1209
f 952 1210 954
f 952 1209 1210
f 954 1243 955
f 949 1313 950
f 950 1313 951
f 951 1313 956
f 956 1313 957
f 957 1313 958
f 958 1313 959
f 953 954 1315
f 954 955 1315
f 960 965 968
f 960 975 962
f 961 962 1071
f 963 966 1001
f 964 1009 965
f 963 1008 964
f 966 967 1020
f 967 1103 1023
f 965 1009 968
f 962 975 1071
f 960 968 975
f 969 1010 1011
f 969 1009 1010
f 968 1009 969
f 969 1011 970
f 968 969 979
f 969 970 979
f 970 1011 1013
f 970 1013 971
f 971 1014 972
f 970 971 980
f 971 972 985
f 972 1035 973
f 973 1034 974
f 968 979 975
f 975 976 977
f 975 977 982
f 977 978 982
f 976 978 977
f 976 981 978
f 978 984 983
f 978 981 984
f 975 979 976
f 976 979 980
f 976 980 981
f 975 982 1071
f 982 983 1072
f 978 983 982
f 983 984 989
f 982 1072 1071
f 983 1073 1072
f 983 989 1073
f 970 980 979
f 980 985 981
f 981 985 987
f 981 987 984
f 984 987 990
f 985 986 987
f 986 994 987
f 986 988 994
f 984 990 989
f 989 990 991
f 990 993 991
f 991 993 992
f 989 991 1079
f 991 992 1080
f 992 996 1081
f 987 993 990
f 987 994 993
f 993 994 995
f 992 993 995
f 992 995 996
f 995 997 996
f 994 997 995
f 988 997 994
f 996 997 999
f 997 1000 998
f 988 1000 997
f 997 998 999
f 998 1000 999
f 972 973 986
f 973 974 988
f 971 985 980
f 972 986 985
f 973 988 986
f 974 1000 988
f 963 1001 1008
f 964 1008 1009
f 966 1020 1001
f 967 1023 1020
f 1001 1002 1007
f 1002 1003 1007
f 1003 1004 1012
f 1004 1005 1015
f 1007 1010 1008
f 1007 1012 1010
f 1008 1010 1009
f 1010 1012 1011
f 1001 1007 1008
f 1003 1012 1007
f 1011 1012 1015
f 1011 1015 1013
f 1013 1016 1014
f 1013 1015 1016
f 1014 1016 1017
f 1017 1019 1035
f 1014 1017 1035
f 1019 1034 1035
f 1004 1015 1012
f 1005 1016 1015
f 1006 1017 1016
f 1017 1018 1019
f 1005 1006 1016
f 1006 1018 1017
f 1002 1020 1021
f 1002 1021 1022
f 1020 1023 1021
f 1021 1025 1022
f 1001 1020 1002
f 1002 1022 1003
f 1021 1023 1024
f 1021 1024 1025
f 1023 1112 1024
f 1024 1114 1025
f 1022 1030 1026
f 1026 1031 1027
f 1003 1026 1004
f 1004 1027 1005
f 1003 1022 1026
f 1004 1026 1027
f 1005 1027 1028
f 1006 1028 1029
f 1005 1028 1006
f 1006 1029 1018
f 1028 1033 1029
f 1027 1032 1028
f 1022 1025 1030
f 1026 1030 1031
f 1027 1031 1032
f 1028 1032 1033
f 1025 1118 1030
f 1030 1119 1031
f 1031 1120 1032
f 1032 1121 1033
f 971 1013 1014
f 972 1014 1035
f 973 1035 1034
f 1018 1099 1019
f 1018 1029 1101
f 1029 1033 1102
f 1033 1171 1098
f 1039 1040 1050
f 1037 1046 1038
f 1036 1038 1048
f 1037 1039 1046
f 253 1064 1065
f 254 1065 1066
f 255 1066 1067
f 255 1067 1068
f 961 1076 1040
f 1036 1041 1043
f 1036 1043 1063
f 1040 1076 1050
f 1036 1048 1041
f 1038 1046 1048
f 1039 1050 1046
f 1036 1063 1064
f 961 1071 1076
f 1041 1042 1043
f 1044 1050 1076
f 1042 1048 1046
f 1041 1048 1042
f 1042 1047 1043
f 1043 1049 1063
f 1042 1046 1047
f 1043 1047 1051
f 1043 1051 1049
f 1046 1050 1047
f 1047 1050 1051
f 1049 1051 1052
f 1045 1051 1050
f 1044 1045 1050
f 1051 1053 1052
f 1045 1053 1051
f 1058 1064 1063
f 1049 1058 1063
f 1058 1059 1065
f 1049 1052 1058
f 1052 1056 1058
f 1052 1054 1056
f 1052 1053 1054
f 1054 1055 1056
f 1055 1057 1056
f 1055 1094 1057
f 1057 1094 1061
f 1061 1094 1096
f 1056 1059 1058
f 1057 1060 1059
f 1056 1057 1059
f 1057 1061 1060
f 1060 1061 1070
f 1061 1062 1070
f 1061 1096 1062
f 1058 1065 1064
f 1059 1066 1065
f 1060 1067 1066
f 1059 1060 1066
f 1060 1070 1067
f 1067 1070 1069
f 1067 1069 1068
f 1071 1074 1076
f 1071 1072 1074
f 1073 1075 1074
f 1072 1073 1074
f 1075 1079 1085
f 1073 1079 1075
f 1074 1077 1076
f 1075 1078 1077
f 1074 1075 1077
f 1075 1085 1078
f 1078 1085 1082
f 1044 1076 1077
f 1044 1077 1078
f 1044 1078 1045
f 1045 1078 1082
f 1045 1082 1053
f 989 1079 1073
f 1080 1086 1085
f 1079 1080 1085
f 1080 1081 1086
f 1082 1086 1083
f 1053 1082 1083
f 1053 1083 1054
f 1054 1083 1084
f 1083 1087 1084
f 1082 1085 1086
f 1083 1086 1087
f 1081 1087 1086
f 1081 1090 1087
f 1088 1090 1091
f 1087 1090 1088
f 1084 1087 1088
f 1084 1088 1093
f 1088 1089 1093
f 1088 1091 1089
f 1089 1092 1097
f 991 1080 1079
f 992 1081 1080
f 996 1090 1081
f 996 999 1090
f 999 1091 1090
f 999 1092 1091
f 999 1000 1092
f 1089 1091 1092
f 1054 1084 1055
f 1055 1093 1094
f 1055 1084 1093
f 1093 1095 1094
f 1094 1095 1096
f 1095 1097 1096
f 1089 1095 1093
f 1089 1097 1095
f 1062 1096 1097
f 974 1213 1000
f 1069 1070 1207
f 1062 1208 1070
f 1068 1069 1207
f 1062 1097 1209
f 1000 1214 1092
f 1019 1211 1034
f 974 1034 1212
f 1019 1099 1100
f 1019 1100 1211
f 1029 1102 1101
f 1018 1101 1099
f 1033 1098 1102
f 1034 1211 1212
f 974 1212 1213
f 1103 1104 1112
f 1104 1105 1115
f 1105 1106 1126
f 1106 1107 1129
f 1107 1108 1138
f 1108 1109 1147
f 1109 1110 1150
f 1110 1111 1167
f 1023 1103 1112
f 1104 1115 1112
f 1105 1126 1115
f 1106 1129 1126
f 1107 1138 1129
f 1024 1112 1113
f 1024 1113 1114
f 1112 1115 1113
f 1113 1117 1114
f 1113 1115 1116
f 1113 1116 1117
f 1115 1126 1116
f 1116 1128 1117
f 1116 1126 1127
f 1116 1127 1128
f 1025 1114 1118
f 1030 1118 1119
f 1031 1119 1120
f 1032 1120 1121
f 1114 1122 1118
f 1118 1123 1119
f 1119 1124 1120
f 1120 1125 1121
f 1114 1117 1122
f 1118 1122 1123
f 1119 1123 1124
f 1120 1124 1125
f 1117 1132 1122
f 1122 1133 1123
f 1123 1134 1124
f 1117 1128 1132
f 1122 1132 1133
f 1123 1133 1134
f 1124 1135 1125
f 1124 1134 1135
f 1126 1129 1127
f 1127 1131 1128
f 1127 1129 1130
f 1127 1130 1131
f 1129 1138 1130
f 1133 1141 1134
f 1134 1142 1135
f 1128 1136 1132
f 1132 1137 1133
f 1128 1131 1136
f 1132 1136 1137
f 1133 1137 1141
f 1134 1141 1142
f 1130 1140 1131
f 1130 1138 1139
f 1130 1139 1140
f 1131 1143 1136
f 1136 1144 1137
f 1137 1145 1141
f 1141 1146 1142
f 1131 1140 1143
f 1136 1143 1144
f 1137 1144 1145
f 1141 1145 1146
f 1033 1121 1171
f 1121 1125 1172
f 1125 1135 1173
f 1121 1172 1171
f 1135 1142 1175
f 1142 1146 1176
f 1108 1147 1138
f 1138 1148 1139
f 1139 1149 1140
f 1138 1147 1148
f 1139 1148 1149
f 1140 1153 1143
f 1143 1154 1144
f 1144 1155 1145
f 1140 1149 1153
f 1144 1154 1155
f 1143 1153 1154
f 1145 1155 1146
f 1109 1150 1147
f 1110 1167 1150
f 1147 1151 1148
f 1148 1152 1149
f 1147 1150 1151
f 1148 1151 1152
f 1146 1155 1156
f 1149 1157 1153
f 1153 1158 1154
f 1154 1159 1155
f 1155 1159 1156
f 1149 1152 1157
f 1153 1157 1158
f 1154 1158 1159
f 1156 1159 1160
f 1150 1165 1151
f 1151 1166 1152
f 1150 1167 1165
f 1151 1165 1166
f 1158 1163 1159
f 1159 1163 1160
f 1152 1161 1157
f 1157 1162 1158
f 1152 1166 1161
f 1157 1161 1162
f 1158 1162 1163
f 1160 1163 1164
f 1111 1168 1180
f 1168 1169 1185
f 1169 1170 1193
f 1125 1173 1172
f 1135 1174 1173
f 1135 1175 1174
f 1142 1176 1175
f 1146 1177 1176
f 1146 1262 1177
f 1111 1180 1167
f 1168 1185 1180
f 1146 1156 1262
f 1156 1160 1263
f 1160 1164 1278
f 1165 1167 1178
f 1165 1179 1166
f 1167 1180 1178
f 1165 1178 1179
f 1161 1166 1184
f 1162 1182 1163
f 1161 1181 1162
f 1163 1182 1164
f 1166 1179 1184
f 1161 1184 1181
f 1162 1181 1182
f 1164 1182 1183
f 1178 1187 1179
f 1178 1180 1186
f 1178 1186 1187
f 1180 1185 1186
f 1179 1188 1184
f 1181 1190 1182
f 1181 1184 1189
f 1179 1187 1188
f 1182 1190 1183
f 1184 1188 1189
f 1181 1189 1190
f 1183 1190 1192
f 1169 1193 1185
f 1170 1266 1193
f 1156 1263 1262
f 1164 1183 1278
f 1160 1278 1263
f 1185 1191 1186
f 1186 1194 1187
f 1185 1193 1191
f 1186 1191 1194
f 1187 1195 1188
f 1188 1196 1189
f 1189 1198 1190
f 1190 1198 1192
f 1188 1195 1196
f 1189 1196 1198
f 1187 1194 1195
f 1192 1198 1197
f 1191 1193 1264
f 1191 1265 1194
f 1193 1266 1264
f 1191 1264 1265
f 1194 1267 1195
f 1195 1268 1196
f 1196 1269 1198
f 1197 1198 1269
f 1196 1268 1269
f 1197 1269 1270
f 1194 1265 1267
f 1195 1267 1268
f 1098 1316 1102
f 1099 1317 1100
f 1100 1318 1211
f 1101 1102 1320
f 1099 1101 1319
f 1098 1171 1322
f 1171 1172 1323
f 1172 1173 1324
f 1173 1174 1328
f 1174 1175 1329
f 1175 1176 1330
f 1176 1177 1373
f 1070 1208 1207
f 1062 1209 1208
f 1097 1242 1209
f 1092 1423 1097
f 1097 1243 1242
f 1209 1229 1210
f 1092 1214 1424
f 1000 1213 1214
f 1199 1200 1333
f 1200 1201 1335
f 1201 1202 1339
f 1202 1203 1340
f 1203 1204 1345
f 1204 1205 1348
f 1205 1206 1349
f 1220 1221 1226
f 1221 1222 1226
f 1222 1223 1236
f 1223 1224 1236
f 1224 1225 1236
f 1225 1228 1238
f 954 1210 1229
f 954 1229 1242
f 1209 1242 1229
f 1097 1423 1243
f 954 1242 1243
f 1092 1424 1423
f 1227 1230 1231
f 1220 1235 1227
f 1222 1236 1226
f 1220 1226 1237
f 1227 1234 1230
f 1220 1237 1235
f 1226 1236 1237
f 1230 1232 1231
f 1230 1233 1232
f 1230 1234 1233
f 1227 1235 1234
f 1225 1238 1236
f 1231 1232 1239
f 1232 1233 1407
f 1233 1234 1408
f 1236 1240 1237
f 1234 1235 1409
f 1235 1237 1410
f 1232 1407 1239
f 1233 1408 1407
f 1234 1409 1408
f 1235 1410 1409
f 1237 1411 1410
f 1237 1240 1411
f 1236 1238 1241
f 1236 1241 1240
f 955 1243 1423
f 955 1423 1424
f 1214 1446 1424
f 1214 1215 1446
f 1206 1216 1353
f 1216 1217 1354
f 1217 1218 1357
f 1218 1219 1358
f 1215 1244 1447
f 1244 1245 1449
f 1170 1259 1266
f 1259 1260 1273
f 1260 1261 1280
f 1199 1334 1250
f 1250 1367 1251
f 1251 1368 1252
f 1252 1369 1253
f 1253 1371 1254
f 1254 1375 1255
f 1255 1379 1256
f 1256 1381 1257
f 1257 1382 1258
f 1259 1273 1266
f 1183 1279 1278
f 1264 1272 1265
f 1264 1266 1271
f 1197 1270 1289
f 1265 1274 1267
f 1268 1276 1269
f 1267 1275 1268
f 1269 1276 1270
f 1266 1273 1271
f 1264 1271 1272
f 1271 1273 1281
f 1271 1282 1272
f 1267 1274 1275
f 1268 1275 1276
f 1265 1272 1274
f 1270 1276 1277
f 1270 1277 1289
f 1272 1285 1274
f 1274 1286 1275
f 1275 1290 1276
f 1276 1290 1277
f 1260 1280 1273
f 1183 1556 1279
f 1273 1280 1281
f 1271 1281 1282
f 1281 1283 1282
f 1280 1283 1281
f 1282 1283 1284
f 1183 1192 1557
f 1192 1197 1558
f 1272 1282 1285
f 1274 1285 1286
f 1275 1286 1290
f 1277 1290 1289
f 1282 1284 1285
f 1285 1287 1286
f 1286 1288 1290
f 1284 1287 1285
f 1286 1287 1288
f 1288 1291 1290
f 1289 1290 1291
f 1283 1303 1284
f 1284 1304 1287
f 1287 1305 1288
f 1288 1306 1291
f 1289 1291 1307
f 1292 1386 1293
f 1219 1294 1387
f 1294 1295 1388
f 1293 1389 1296
f 1295 1296 1390
f 1258 1392 1292
f 1298 1599 1299
f 1284 1303 1304
f 1283 1308 1303
f 1197 1289 1558
f 1287 1304 1305
f 1288 1305 1306
f 1291 1306 1307
f 1289 1307 1312
f 1303 1308 1304
f 1304 1309 1305
f 1305 1310 1306
f 1306 1311 1307
f 1279 1552 1297
f 1183 1557 1556
f 1297 1550 1298
f 1304 1308 1309
f 1305 1309 1310
f 1306 1310 1311
f 1307 1311 1312
f 1289 1312 1508
f 1308 1504 1309
f 1309 1504 1505
f 1192 1558 1557
f 1309 1505 1310
f 1310 1506 1311
f 1311 1507 1312
f 1289 1508 1565
f 1310 1505 1506
f 1311 1506 1507
f 1312 1507 1508
f 1211 1331 1212
f 1212 1332 1213
f 1213 1342 1214
f 1214 1343 1215
f 1199 1333 1334
f 1200 1335 1333
f 1202 1340 1339
f 1201 1339 1335
f 1203 1345 1340
f 1204 1348 1345
f 1205 1349 1348
f 1206 1353 1349
f 1215 1344 1244
f 1244 1351 1245
f 1245 1352 1246
f 1246 1361 1247
f 1247 1362 1248
f 1248 1364 1249
f 1249 1365 1448
f 1216 1354 1353
f 1217 1357 1354
f 1218 1358 1357
f 1219 1387 1358
f 1177 1262 1374
f 1262 1263 1378
f 1279 1297 1395
f 1263 1278 1384
f 1278 1279 1385
f 1250 1334 1366
f 1250 1366 1367
f 1251 1367 1368
f 1252 1368 1369
f 1253 1369 1371
f 1254 1371 1375
f 1255 1375 1379
f 1256 1379 1381
f 1257 1381 1382
f 1258 1382 1392
f 1297 1298 1397
f 1298 1299 1398
f 1302 1503 1402
f 1300 1301 1404
f 1299 1300 1403
f 1301 1302 1405
f 1292 1392 1386
f 1294 1388 1387
f 1295 1390 1388
f 1296 1389 1390
f 1293 1386 1389
f 959 1313 1314
f 1313 1812 1314
f 1313 1813 1812
f 1313 1817 1813
f 1313 1818 1817
f 953 1315 1313
f 955 1820 1315
f 1313 1821 1818
f 1313 1315 1820
f 1313 1820 1821
f 1102 1316 1320
f 1098 1322 1316
f 1100 1317 1318
f 1101 1320 1319
f 1099 1319 1317
f 1319 1320 1338
f 1316 1321 1320
f 1321 1325 1334
f 1317 1319 1336
f 1317 1336 1318
f 1319 1338 1336
f 1320 1321 1338
f 1316 1325 1321
f 1171 1323 1322
f 1172 1324 1323
f 1173 1328 1324
f 1174 1329 1328
f 1175 1330 1329
f 1176 1373 1330
f 1316 1322 1325
f 1322 1323 1325
f 1323 1324 1326
f 1324 1328 1327
f 1325 1326 1366
f 1326 1327 1367
f 1323 1326 1325
f 1324 1327 1326
f 1327 1328 1370
f 1328 1329 1370
f 1329 1372 1370
f 1329 1330 1372
f 1212 1331 1332
f 1211 1318 1331
f 1213 1332 1342
f 1214 1342 1343
f 1215 1343 1344
f 1318 1337 1331
f 1331 1337 1341
f 1331 1341 1332
f 1332 1346 1342
f 1332 1341 1346
f 1335 1337 1336
f 1333 1335 1338
f 1335 1336 1338
f 1321 1334 1333
f 1321 1333 1338
f 1318 1336 1337
f 1335 1339 1337
f 1337 1339 1341
f 1340 1346 1341
f 1339 1340 1341
f 1342 1346 1347
f 1342 1347 1343
f 1343 1347 1344
f 1344 1347 1350
f 1340 1345 1346
f 1345 1347 1346
f 1345 1348 1347
f 1347 1348 1350
f 1348 1349 1350
f 1349 1355 1350
f 1244 1344 1351
f 1245 1351 1352
f 1246 1352 1361
f 1247 1361 1362
f 1248 1362 1364
f 1249 1364 1365
f 1365 1836 1448
f 1344 1350 1351
f 1350 1355 1351
f 1351 1355 1352
f 1352 1355 1356
f 1352 1356 1361
f 1349 1353 1355
f 1353 1356 1355
f 1353 1354 1356
f 1354 1359 1356
f 1354 1357 1359
f 1357 1358 1360
f 1357 1360 1359
f 1358 1387 1363
f 1358 1363 1360
f 1356 1359 1361
f 1359 1362 1361
f 1359 1360 1364
f 1359 1364 1362
f 1360 1363 1365
f 1363 1399 1836
f 1360 1365 1364
f 1363 1836 1365
f 1177 1374 1373
f 1262 1378 1374
f 1263 1384 1378
f 1279 1395 1385
f 1278 1385 1384
f 1325 1366 1334
f 1326 1367 1366
f 1327 1368 1367
f 1327 1370 1368
f 1368 1370 1369
f 1369 1370 1372
f 1369 1372 1371
f 1330 1373 1372
f 1372 1373 1376
f 1373 1374 1376
f 1371 1372 1376
f 1371 1376 1375
f 1375 1376 1377
f 1374 1377 1376
f 1374 1378 1377
f 1375 1377 1379
f 1377 1380 1379
f 1379 1383 1381
f 1379 1380 1383
f 1377 1378 1380
f 1378 1384 1380
f 1380 1384 1385
f 1381 1383 1393
f 1381 1393 1382
f 1380 1385 1383
f 1383 1395 1393
f 1383 1385 1395
f 1297 1397 1395
f 1298 1398 1397
f 1302 1402 1405
f 1300 1404 1403
f 1299 1403 1398
f 1301 1405 1404
f 1387 1388 1399
f 1388 1390 1400
f 1390 1401 1400
f 1386 1391 1389
f 1386 1396 1391
f 1389 1401 1390
f 1389 1391 1401
f 1382 1393 1392
f 1392 1393 1394
f 1386 1392 1394
f 1386 1394 1396
f 1393 1397 1394
f 1393 1395 1397
f 1394 1398 1396
f 1396 1398 1403
f 1394 1397 1398
f 1363 1387 1399
f 1388 1400 1399
f 1399 1400 1838
f 1391 1405 1401
f 1400 1401 1402
f 1399 1837 1836
f 1399 1838 1837
f 1400 1402 1838
f 1401 1405 1402
f 1391 1396 1404
f 1396 1403 1404
f 1391 1404 1405
f 955 1422 1406
f 955 1406 1820
f 1221 1457 1222
f 1220 1457 1221
f 1222 1457 1223
f 1223 1457 1224
f 1239 1407 1412
f 1408 1409 1413
f 1409 1410 1417
f 1410 1411 1418
f 1240 1415 1411
f 1407 1408 1414
f 1407 1414 1412
f 1408 1413 1414
f 1411 1415 1419
f 1409 1417 1413
f 1410 1418 1417
f 1411 1419 1418
f 1224 1459 1225
f 1225 1459 1228
f 1240 1241 1416
f 1240 1416 1415
f 1220 1227 1457
f 1227 1231 1457
f 1412 1414 1425
f 1228 1459 1238
f 1418 1419 1429
f 1415 1420 1419
f 1413 1426 1414
f 1413 1417 1427
f 1414 1426 1425
f 1413 1427 1426
f 1417 1418 1428
f 1418 1429 1428
f 1419 1430 1429
f 1417 1428 1427
f 1419 1420 1430
f 1415 1416 1421
f 1415 1421 1420
f 955 1424 1446
f 955 1447 1422
f 955 1446 1447
f 1215 1447 1446
f 1231 1239 1456
f 1239 1412 1456
f 1238 1461 1241
f 1241 1461 1416
f 1412 1425 1456
f 1425 1426 1433
f 1429 1430 1436
f 1420 1431 1430
f 1426 1427 1435
f 1427 1428 1434
f 1426 1435 1433
f 1427 1434 1435
f 1428 1429 1437
f 1430 1431 1438
f 1428 1437 1434
f 1429 1436 1437
f 1430 1438 1436
f 1420 1421 1432
f 1420 1432 1431
f 1433 1435 1439
f 1434 1437 1440
f 1434 1455 1435
f 1431 1441 1438
f 1436 1438 1443
f 1436 1442 1437
f 1435 1455 1439
f 1434 1440 1455
f 1438 1444 1443
f 1437 1442 1440
f 1436 1443 1442
f 1438 1441 1444
f 1416 1461 1421
f 1431 1445 1441
f 1431 1432 1445
f 1245 1246 1494
f 1246 1247 1494
f 1244 1449 1447
f 1245 1494 1449
f 1247 1248 1495
f 1248 1249 1496
f 1249 1448 1496
f 1448 1501 1497
f 1441 1462 1444
f 1441 1445 1470
f 1247 1495 1494
f 1248 1496 1495
f 1448 1497 1496
f 1231 1456 1457
f 1224 1457 1459
f 1238 1459 1461
f 1425 1433 1456
f 1433 1439 1458
f 1439 1455 1463
f 1421 1461 1432
f 1432 1707 1445
f 1422 1447 1689
f 1447 1449 1691
f 1449 1494 1691
f 1433 1458 1456
f 1439 1463 1709
f 1445 1708 1470
f 1439 1692 1458
f 1463 1472 1714
f 1432 1461 1707
f 1422 1689 1690
f 1422 1690 1797
f 1447 1691 1689
f 1440 1442 1464
f 1440 1465 1455
f 1455 1465 1463
f 1440 1464 1465
f 1443 1444 1467
f 1442 1443 1466
f 1443 1467 1466
f 1444 1468 1467
f 1442 1466 1464
f 1444 1462 1468
f 1463 1465 1472
f 1464 1466 1473
f 1464 1474 1465
f 1467 1468 1475
f 1462 1469 1468
f 1466 1467 1476
f 1467 1475 1476
f 1468 1477 1475
f 1468 1469 1477
f 1441 1470 1462
f 1462 1470 1471
f 1462 1471 1469
f 1465 1474 1472
f 1464 1473 1474
f 1473 1476 1480
f 1472 1474 1478
f 1473 1481 1474
f 1466 1476 1473
f 1475 1477 1483
f 1469 1479 1477
f 1475 1482 1476
f 1477 1479 1484
f 1474 1481 1478
f 1469 1491 1479
f 1469 1471 1491
f 1475 1483 1482
f 1476 1482 1480
f 1477 1484 1483
f 1473 1480 1481
f 1478 1481 1498
f 1480 1482 1486
f 1480 1499 1481
f 1480 1486 1499
f 1481 1499 1498
f 1479 1485 1484
f 1483 1484 1488
f 1482 1483 1487
f 1483 1488 1487
f 1484 1489 1488
f 1484 1485 1489
f 1482 1487 1486
f 1486 1487 1602
f 1488 1489 1567
f 1487 1488 1566
f 1485 1490 1489
f 1489 1568 1567
f 1488 1567 1566
f 1487 1566 1602
f 1489 1490 1568
f 1479 1491 1492
f 1479 1492 1485
f 1485 1493 1490
f 1485 1492 1493
f 1494 1495 1691
f 1472 1478 1720
f 1470 1732 1471
f 1498 1499 1500
f 1486 1603 1499
f 1499 1603 1500
f 1486 1602 1603
f 1495 1496 1691
f 1496 1497 1691
f 1497 1597 1713
f 1597 1598 1733
f 1501 1502 1597
f 1502 1503 1598
f 1302 1601 1503
f 1300 1600 1301
f 1299 1599 1300
f 1301 1601 1302
f 1497 1501 1597
f 1502 1598 1597
f 1503 1601 1598
f 1300 1599 1600
f 1301 1600 1601
f 1279 1553 1552
f 1279 1554 1553
f 1279 1555 1554
f 1279 1556 1555
f 1297 1548 1551
f 1297 1551 1550
f 1297 1549 1548
f 1297 1552 1549
f 1298 1550 1599
f 1289 1559 1558
f 1289 1560 1559
f 1289 1664 1560
f 1289 1565 1672
f 1504 1561 1505
f 1505 1561 1562
f 1289 1665 1664
f 1289 1666 1665
f 1289 1667 1666
f 1505 1562 1506
f 1506 1563 1507
f 1507 1564 1508
f 1506 1562 1563
f 1507 1563 1564
f 1508 1564 1565
f 1289 1672 1682
f 1509 1510 1612
f 1509 1513 1510
f 1511 1515 1512
f 1512 1515 1518
f 1512 1518 1519
f 1513 1516 1515
f 1509 1514 1513
f 1513 1514 1516
f 1510 1513 1511
f 1511 1513 1515
f 1515 1516 1523
f 1515 1523 1518
f 1518 1521 1519
f 1517 1520 1518
f 1518 1520 1521
f 1519 1521 1522
f 1519 1522 1533
f 1517 1518 1523
f 1510 1511 1524
f 1510 1624 1612
f 1510 1524 1624
f 1524 1526 1525
f 1524 1625 1624
f 1524 1525 1625
f 1525 1528 1626
f 1511 1512 1526
f 1512 1527 1526
f 1526 1527 1528
f 1527 1529 1528
f 1512 1519 1527
f 1519 1532 1527
f 1527 1532 1529
f 1529 1532 1536
f 1511 1526 1524
f 1525 1526 1528
f 1529 1536 1531
f 1531 1536 1539
f 1528 1529 1530
f 1529 1531 1530
f 1528 1530 1626
f 1530 1531 1638
f 1531 1539 1639
f 1539 1641 1639
f 1519 1533 1532
f 1532 1535 1536
f 1532 1533 1534
f 1532 1534 1535
f 1535 1537 1536
f 1536 1538 1539
f 1536 1537 1538
f 1539 1541 1641
f 1538 1540 1539
f 1539 1540 1541
f 1520 1542 1521
f 1521 1542 1522
f 1517 1543 1520
f 1520 1543 1542
f 1522 1542 1544
f 1533 1545 1534
f 1522 1544 1533
f 1534 1545 1535
f 1535 1546 1537
f 1537 1546 1538
f 1538 1547 1540
f 1540 1547 1541
f 1533 1544 1545
f 1535 1545 1546
f 1538 1546 1547
f 1541 1547 1660
f 1548 1555 1551
f 1550 1551 1556
f 1550 1664 1599
f 1548 1549 1555
f 1549 1552 1554
f 1552 1553 1554
f 1549 1554 1555
f 1551 1555 1556
f 1550 1556 1557
f 1550 1557 1558
f 1550 1558 1559
f 1550 1559 1560
f 1550 1560 1664
f 1561 1668 1562
f 1562 1669 1563
f 1563 1670 1564
f 1564 1671 1565
f 1289 1682 1687
f 1562 1668 1669
f 1563 1669 1670
f 1564 1670 1671
f 1565 1671 1672
f 1566 1567 1569
f 1567 1568 1570
f 1490 1571 1568
f 1567 1570 1569
f 1566 1569 1605
f 1568 1572 1570
f 1568 1571 1572
f 1569 1573 1605
f 1573 1574 1605
f 1574 1588 1607
f 1570 1572 1575
f 1569 1570 1577
f 1571 1578 1572
f 1572 1578 1576
f 1576 1578 1584
f 1570 1575 1577
f 1569 1577 1573
f 1572 1576 1575
f 1490 1579 1571
f 1490 1493 1579
f 1571 1579 1580
f 1571 1580 1578
f 1578 1580 1584
f 1581 1608 1592
f 1592 1618 1593
f 1582 1583 1615
f 1583 1620 1617
f 1581 1582 1616
f 1583 1594 1620
f 1594 1596 1620
f 1596 1659 1620
f 1576 1587 1586
f 1582 1586 1587
f 1581 1585 1586
f 1584 1594 1587
f 1573 1577 1589
f 1573 1589 1590
f 1573 1590 1574
f 1574 1590 1588
f 1588 1590 1591
f 1575 1576 1586
f 1575 1585 1577
f 1575 1586 1585
f 1577 1585 1589
f 1576 1584 1587
f 1589 1592 1593
f 1585 1592 1589
f 1589 1593 1590
f 1590 1593 1591
f 1591 1593 1619
f 1581 1586 1582
f 1582 1587 1583
f 1581 1592 1585
f 1583 1587 1594
f 1584 1595 1594
f 1594 1595 1596
f 1580 1595 1584
f 1600 1667 1601
f 1500 1603 1604
f 1566 1605 1602
f 1602 1606 1603
f 1602 1605 1606
f 1603 1606 1604
f 1604 1606 1607
f 1574 1606 1605
f 1574 1607 1606
f 1610 1611 1618
f 1609 1614 1613
f 1609 1612 1621
f 1509 1613 1610
f 1509 1610 1514
f 1610 1613 1611
f 1509 1612 1613
f 1611 1613 1614
f 1609 1613 1612
f 1608 1616 1610
f 1608 1610 1618
f 1611 1614 1618
f 1514 1616 1615
f 1516 1615 1617
f 1517 1617 1620
f 1514 1615 1516
f 1516 1617 1523
f 1514 1610 1616
f 1517 1523 1617
f 1592 1608 1618
f 1614 1619 1618
f 1593 1618 1619
f 1614 1652 1619
f 1581 1616 1608
f 1582 1615 1616
f 1583 1617 1615
f 1621 1624 1622
f 1622 1625 1623
f 1612 1624 1621
f 1622 1624 1625
f 1525 1627 1625
f 1623 1625 1627
f 1525 1626 1627
f 1626 1630 1627
f 1530 1629 1626
f 1626 1629 1630
f 1623 1627 1628
f 1628 1630 1631
f 1627 1630 1628
f 1629 1638 1636
f 1629 1633 1630
f 1629 1636 1633
f 1609 1652 1614
f 1609 1621 1652
f 1621 1622 1652
f 1622 1623 1652
f 1623 1628 1652
f 1628 1631 1652
f 1631 1633 1632
f 1630 1633 1631
f 1633 1636 1635
f 1631 1632 1652
f 1632 1633 1634
f 1632 1634 1652
f 1633 1635 1634
f 1636 1645 1637
f 1635 1636 1637
f 1531 1639 1638
f 1530 1638 1629
f 1639 1641 1640
f 1638 1639 1645
f 1639 1640 1645
f 1636 1638 1645
f 1640 1641 1643
f 1541 1642 1641
f 1641 1642 1644
f 1641 1644 1643
f 1643 1644 1648
f 1640 1646 1645
f 1640 1647 1646
f 1640 1643 1647
f 1643 1650 1647
f 1637 1645 1646
f 1637 1646 1655
f 1646 1647 1656
f 1647 1650 1657
f 1643 1648 1650
f 1648 1649 1650
f 1650 1651 1657
f 1649 1651 1650
f 1634 1635 1652
f 1635 1653 1652
f 1635 1654 1653
f 1635 1637 1654
f 1637 1655 1654
f 1646 1656 1655
f 1647 1657 1656
f 1651 1658 1657
f 1517 1620 1659
f 1517 1659 1543
f 1543 1659 1663
f 1541 1660 1642
f 1642 1660 1644
f 1644 1661 1648
f 1648 1662 1649
f 1649 1662 1651
f 1542 1543 1663
f 1542 1663 1544
f 1544 1663 1545
f 1545 1663 1546
f 1546 1663 1547
f 1644 1660 1661
f 1547 1663 1660
f 1648 1661 1662
f 1651 1662 1663
f 1660 1663 1661
f 1661 1663 1662
f 1651 1663 1658
f 1652 1653 1673
f 1653 1654 1673
f 1654 1655 1674
f 1655 1656 1675
f 1656 1657 1676
f 1657 1658 1677
f 1654 1674 1673
f 1655 1675 1674
f 1656 1676 1675
f 1657 1677 1676
f 1599 1667 1600
f 1599 1664 1665
f 1599 1665 1666
f 1599 1666 1667
f 1668 1678 1669
f 1289 1687 1761
f 1669 1679 1670
f 1670 1680 1671
f 1671 1681 1672
f 1669 1678 1679
f 1670 1679 1680
f 1671 1680 1681
f 1672 1681 1682
f 1289 1761 1771
f 1652 1673 1752
f 1658 1756 1677
f 1673 1674 1753
f 1674 1675 1754
f 1675 1676 1755
f 1676 1677 1756
f 1652 1752 1762
f 1673 1753 1752
f 1674 1754 1753
f 1675 1755 1754
f 1676 1756 1755
f 1658 1766 1756
f 1678 1683 1679
f 1679 1684 1680
f 1680 1685 1681
f 1681 1686 1682
f 1289 1771 1786
f 1679 1683 1684
f 1680 1684 1685
f 1681 1685 1686
f 1682 1686 1687
f 1289 1786 1796
f 1406 1422 1835
f 1448 1836 1501
f 1422 1797 1798
f 1422 1798 1799
f 1422 1799 1800
f 1422 1800 1801
f 1422 1801 1835
f 1835 1801 1802
f 1835 1802 1803
f 1501 1837 1502
f 1502 1838 1503
f 1439 1709 1692
f 1445 1707 1708
f 1463 1714 1709
f 1470 1708 1724
f 1470 1724 1732
f 1497 1713 1691
f 1693 1694 1692
f 1693 1692 1709
f 1693 1695 1694
f 1693 1696 1695
f 1693 1697 1696
f 1705 1703 1702
f 1705 1704 1703
f 1705 1706 1704
f 1705 1708 1706
f 1708 1707 1706
f 1472 1720 1714
f 1478 1731 1720
f 1471 1732 1741
f 1693 1709 1711
f 1693 1710 1697
f 1712 1699 1697
f 1693 1711 1710
f 1710 1712 1697
f 1709 1714 1711
f 1712 1698 1699
f 1715 1701 1698
f 1715 1700 1701
f 1716 1702 1700
f 1705 1702 1716
f 1712 1715 1698
f 1715 1716 1700
f 1705 1716 1717
f 1705 1717 1708
f 1478 1498 1731
f 1471 1741 1491
f 1491 1749 1492
f 1498 1500 1742
f 1492 3208 1493
f 1597 1733 1713
f 1598 1601 1750
f 1498 1742 1731
f 1491 1741 1749
f 1598 1734 1733
f 1598 1750 1734
f 1667 1751 1750
f 1667 3214 1751
f 1710 1711 1719
f 1711 1714 1718
f 1710 1721 1712
f 1712 1722 1715
f 1715 1723 1716
f 1716 1723 1717
f 1714 1720 1718
f 1711 1718 1719
f 1710 1719 1721
f 1715 1722 1723
f 1712 1721 1722
f 1717 1723 1725
f 1708 1717 1724
f 1717 1725 1724
f 1724 1725 1732
f 1718 1726 1719
f 1718 1720 1730
f 1721 1728 1722
f 1719 1727 1721
f 1722 1729 1723
f 1723 1729 1725
f 1720 1731 1730
f 1719 1726 1727
f 1718 1730 1726
f 1721 1727 1728
f 1722 1728 1729
f 1725 1729 1735
f 1725 1735 1732
f 1732 1735 1741
f 1726 1738 1727
f 1727 1739 1728
f 1728 1740 1729
f 1729 1740 1735
f 1728 1739 1740
f 1735 1740 1743
f 1726 1730 1737
f 1730 1731 1736
f 1730 1736 1737
f 1726 1737 1738
f 1731 1742 1736
f 1727 1738 1739
f 1735 1743 1741
f 1741 1743 1749
f 1736 1744 1737
f 1736 1742 1745
f 1738 1747 1739
f 1737 1746 1738
f 1739 1748 1740
f 1740 1748 1743
f 1736 1745 1744
f 1737 1744 1746
f 1742 3203 1745
f 1742 3202 3203
f 1738 1746 1747
f 1739 1747 1748
f 1743 1748 3207
f 1743 3207 1749
f 1749 3207 3208
f 1750 1751 3214
f 1733 3238 1713
f 1500 3202 1742
f 1492 1749 3208
f 1500 3427 3202
f 1493 3208 3439
f 1261 3760 1280
f 1601 1667 1750
f 1652 1762 1772
f 1752 1753 1763
f 1753 1754 1764
f 1754 1755 1765
f 1755 1756 1766
f 1658 1776 1766
f 1752 1763 1762
f 1753 1764 1763
f 1754 1765 1764
f 1755 1766 1765
f 1683 1757 1684
f 1280 3767 1283
f 1289 3601 1667
f 1684 1758 1685
f 1685 1759 1686
f 1686 1760 1687
f 1684 1757 1758
f 1685 1758 1759
f 1686 1759 1760
f 1687 1760 1761
f 1652 1772 1777
f 1658 1781 1776
f 1762 1763 1773
f 1763 1764 1774
f 1764 1765 1775
f 1765 1766 1776
f 1619 1652 3519
f 1652 1777 1787
f 1762 1773 1772
f 1763 1774 1773
f 1764 1775 1774
f 1765 1776 1775
f 1658 1791 1781
f 1659 3559 1663
f 1658 1663 3559
f 1283 3767 1308
f 1757 1767 1758
f 1758 1768 1759
f 1759 1769 1760
f 1760 1770 1761
f 1758 1767 1768
f 1759 1768 1769
f 1760 1769 1770
f 1761 1770 1771
f 1500 1604 3459
f 1604 1607 3466
f 1493 3473 1579
f 1579 3474 1580
f 1588 3475 1607
f 1588 1591 3482
f 1591 1619 3508
f 1580 3485 1595
f 1595 3486 1596
f 1667 3601 3214
f 1652 1787 3239
f 1772 1773 1778
f 1773 1774 1779
f 1774 1775 1780
f 1775 1776 1781
f 1596 3559 1659
f 1772 1778 1777
f 1773 1779 1778
f 1774 1780 1779
f 1775 1781 1780
f 1652 3239 3249
f 1308 3767 1504
f 1767 1782 1768
f 1768 1782 1783
f 1768 1783 1769
f 1769 1784 1770
f 1770 1785 1771
f 1769 1783 1784
f 1770 1784 1785
f 1771 1785 1786
f 1504 3767 1561
f 1777 1778 1788
f 1778 1779 1789
f 1779 1780 1790
f 1780 1781 1791
f 1652 3249 3259
f 1777 1788 1787
f 1778 1789 1788
f 1779 1790 1789
f 1780 1791 1790
f 1658 3530 1791
f 1782 1792 1783
f 1561 3767 1668
f 1783 1792 1793
f 1783 1793 1784
f 1784 1794 1785
f 1785 1795 1786
f 1784 1793 1794
f 1785 1794 1795
f 1786 1795 1796
f 1668 3767 1678
f 1792 3244 1793
f 1793 3245 1794
f 1794 3246 1795
f 1795 3247 1796
f 1289 1796 3774
f 1835 1803 1804
f 1835 1804 1805
f 1814 1815 1816
f 1814 1818 1815
f 1815 1819 1816
f 1814 1817 1818
f 1815 1818 1819
f 1406 1835 1820
f 1816 1819 1822
f 1818 1821 1819
f 1819 1821 1822
f 1821 3654 1822
f 1820 3662 1821
f 1822 3654 1823
f 1823 3654 1824
f 1824 3654 1825
f 1825 3654 1826
f 1826 3654 1827
f 1827 3654 1828
f 1828 3654 1829
f 1501 1836 1837
f 1502 1837 1838
f 1402 1503 1838
f 1835 1805 1806
f 1835 1806 1807
f 1835 1807 1808
f 1835 1808 1809
f 1835 1809 1810
f 1835 1810 1811
f 1835 3280 3281
f 1835 1811 3279
f 1835 3279 3280
f 1820 1835 3662
f 1835 3281 3282
f 1839 1856 1840
f 1840 1857 1841
f 1841 1858 1842
f 1842 1859 1843
f 1843 1860 1844
f 1844 1861 1845
f 1845 1862 1846
f 1839 1840 2045
f 1840 1841 2046
f 1841 1842 2047
f 1842 1843 2048
f 1843 1844 2049
f 1844 1845 2050
f 1845 1846 2051
f 1839 1855 1856
f 1840 1856 1857
f 1841 1857 1858
f 1842 1858 1859
f 1843 1859 1860
f 1846 1863 1847
f 1844 1860 1861
f 1845 1861 1862
f 1846 1862 1863
f 1847 1863 1864
f 1848 1864 1865
f 1849 1865 1866
f 1846 1847 2052
f 1847 1848 2053
f 1848 1849 2054
f 1849 1850 2055
f 1847 1864 1848
f 1848 1865 1849
f 1849 1866 1850
f 1850 1867 1851
f 1851 1868 1852
f 1852 1869 1853
f 1850 1851 2056
f 1851 1852 2065
f 1852 1853 2066
f 1853 1854 2063
f 1854 1877 2064
f 1840 2046 2045
f 1841 2047 2046
f 1842 2048 2047
f 1843 2049 2048
f 1844 2050 2049
f 1845 2051 2050
f 1846 2052 2051
f 1847 2053 2052
f 1848 2054 2053
f 1849 2055 2054
f 1850 2056 2055
f 1853 2059 2057
f 1853 2062 2059
f 1853 2057 2066
f 1851 2065 2056
f 1852 2066 2065
f 1853 2063 2062
f 1854 2064 2063
f 1877 2609 2064
f 1850 1866 1867
f 1851 1867 1868
f 1852 1868 1869
f 1853 1869 1870
f 1854 1870 1871
f 1877 1871 1872
f 1878 1872 1873
f 1853 1870 1854
f 1854 1871 1877
f 1877 1872 1878
f 1878 1873 1879
f 1879 1874 1880
f 1879 1873 1874
f 1880 1874 1875
f 1881 1875 1876
f 1880 1875 1881
f 1881 1876 1884
f 1877 1878 1885
f 1878 1879 1886
f 1879 1880 1887
f 1880 1881 1889
f 1878 1886 1885
f 1879 1887 1886
f 1880 1889 1887
f 1881 1890 1889
f 1881 1884 1882
f 1882 1884 1883
f 1881 1882 1890
f 1882 1883 1898
f 1883 1884 1906
f 1882 1898 1890
f 1883 1899 1898
f 1883 1906 1899
f 1877 1885 1892
f 1885 1888 1891
f 1877 1892 2609
f 1885 1886 2006
f 1886 1887 2006
f 1887 1889 2006
f 1885 2006 2005
f 1885 2005 1888
f 1889 1890 2006
f 1885 1891 1892
f 1892 1891 1895
f 1892 1895 2008
f 1892 2009 1893
f 1893 2009 1894
f 1892 2008 2009
f 1894 2044 1896
f 1890 1898 2019
f 1898 1899 2019
f 1899 1906 2019
f 1896 2044 1897
f 1897 2044 1958
f 1958 2044 1959
f 1959 2044 1972
f 2006 2007 2005
f 1890 2019 2006
f 2006 2019 2009
f 2009 2008 2007
f 1894 2009 2044
f 2006 2009 2007
f 2009 2019 2044
f 479 2051 2052
f 479 2052 2053
f 479 2053 2054
f 479 2054 2055
f 479 2055 2056
f 479 2056 2065
f 479 2065 2066
f 479 2066 2067
f 488 2067 2068
f 2057 2059 2058
f 2057 2058 2060
f 2058 2059 2061
f 2058 2061 2060
f 2059 2062 2061
f 2057 2060 2066
f 2060 2061 2067
f 2060 2067 2066
f 2068 2074 2069
f 2069 786 785
f 488 2068 2069
f 2069 2077 787
f 2069 2078 2077
f 2069 787 786
f 2069 2079 2078
f 2069 2080 2079
f 2069 2081 2080
f 2069 2082 2081
f 2069 2083 2082
f 2069 2084 2083
f 2070 2071 2339
f 2071 2072 2504
f 2072 2554 2505
f 2068 2075 2074
f 2068 2618 2075
f 2074 2075 2076
f 2069 2085 2084
f 2069 2086 2085
f 817 816 2126
f 817 2126 818
f 818 2126 838
f 850 2095 2096
f 850 2096 851
f 851 2096 2097
f 851 2097 852
f 852 2098 853
f 852 2097 2098
f 2095 2102 2096
f 2096 2103 2097
f 2097 2104 2098
f 853 2099 854
f 853 2098 2099
f 854 2099 2100
f 854 2100 2101
f 2098 2105 2099
f 2099 2106 2100
f 2100 2106 2101
f 2096 2102 2103
f 2097 2103 2104
f 2098 2104 2105
f 2099 2105 2106
f 2095 2107 2102
f 2101 2106 2111
f 2102 2107 2103
f 2103 2108 2104
f 2104 2109 2105
f 2105 2110 2106
f 838 2126 2093
f 2103 2107 2108
f 2104 2108 2109
f 2105 2109 2110
f 2106 2110 2111
f 2095 2112 2107
f 2101 2111 2116
f 2094 2204 2095
f 2107 2112 2108
f 2108 2113 2109
f 2109 2114 2110
f 2110 2115 2111
f 2101 2116 2132
f 552 2288 2340
f 572 2344 2295
f 587 2311 2343
f 2108 2112 2113
f 2109 2113 2114
f 2110 2114 2115
f 2111 2115 2116
f 2095 2204 2112
f 2112 2128 2113
f 2113 2129 2114
f 2114 2130 2115
f 2101 2132 2184
f 2115 2131 2116
f 2113 2128 2129
f 2114 2129 2130
f 2115 2130 2131
f 2116 2131 2132
f 2093 2126 2185
f 2093 2185 2315
f 2094 2200 2204
f 2094 2319 2200
f 2101 2184 2210
f 2101 2210 2211
f 2101 2211 2322
f 2112 2204 2128
f 2128 2180 2129
f 2129 2181 2130
f 2130 2182 2131
f 2131 2183 2132
f 2129 2180 2181
f 2130 2181 2182
f 2131 2182 2183
f 2132 2183 2184
f 2093 2316 2287
f 2093 2287 2288
f 2093 2315 2316
f 2094 2289 2319
f 2094 2295 2294
f 2094 2294 2289
f 2101 2322 2293
f 2101 2293 2296
f 2101 2296 2311
f 656 2340 2341
f 657 2341 2342
f 660 2342 2371
f 659 2371 2372
f 661 2345 2344
f 662 2359 2345
f 694 2343 2356
f 697 2356 2361
f 685 2361 2369
f 679 2360 2359
f 680 2373 2360
f 689 2369 2415
f 890 2133 891
f 891 2134 892
f 892 2135 893
f 891 2133 2134
f 892 2134 2135
f 893 2135 2136
f 893 2136 894
f 894 2136 2137
f 446 2410 2511
f 2133 2148 2134
f 2134 2149 2135
f 2135 2150 2136
f 2136 2151 2137
f 446 2511 2516
f 878 2435 888
f 2138 2139 2144
f 2139 2140 2145
f 2140 2142 2147
f 2141 2146 2142
f 2138 2144 2143
f 2140 2147 2145
f 2139 2145 2144
f 2142 2146 2147
f 888 2435 898
f 659 2372 2389
f 2134 2148 2149
f 2135 2149 2150
f 2136 2150 2151
f 2137 2151 2152
f 435 2389 2683
f 2148 2158 2149
f 2149 2159 2150
f 2150 2160 2151
f 446 2516 2668
f 2151 2161 2152
f 2143 2144 2154
f 2144 2145 2155
f 898 2435 2141
f 2145 2147 2157
f 2146 2156 2147
f 680 2411 2373
f 756 2426 2411
f 724 2415 2435
f 2143 2154 2153
f 2145 2157 2155
f 2144 2155 2154
f 2147 2156 2157
f 2149 2158 2159
f 2150 2159 2160
f 2151 2160 2161
f 2152 2161 2162
f 446 2668 2673
f 2158 2168 2159
f 2159 2169 2160
f 2160 2170 2161
f 2161 2171 2162
f 2138 2143 2426
f 2153 2154 2164
f 2154 2155 2165
f 2141 2435 2146
f 2155 2157 2167
f 2156 2166 2157
f 2153 2164 2163
f 2155 2167 2165
f 2154 2165 2164
f 2143 2153 2426
f 2146 2435 2156
f 2157 2166 2167
f 2159 2168 2169
f 2160 2169 2170
f 2161 2170 2171
f 446 2673 2691
f 2162 2171 2172
f 890 2683 2133
f 2168 2379 2169
f 2169 2380 2170
f 2170 2381 2171
f 446 2691 2692
f 2171 2382 2172
f 2163 2164 2174
f 2164 2165 2175
f 2165 2167 2177
f 2166 2176 2167
f 2153 2163 2426
f 2156 2435 2166
f 2163 2174 2173
f 2165 2177 2175
f 2164 2175 2174
f 2167 2176 2177
f 2163 2173 2426
f 2166 2435 2176
f 1261 2692 3760
f 2069 2087 2086
f 2069 2088 2087
f 2069 2338 2088
f 2338 2089 2088
f 2338 2090 2089
f 2338 2091 2090
f 2338 2092 2091
f 2069 2074 2338
f 2070 2339 2622
f 2071 2504 2339
f 2072 2505 2504
f 2505 2554 2506
f 2185 2126 2125
f 2338 2117 2092
f 2338 2118 2117
f 2338 2119 2118
f 2338 2120 2119
f 2338 2124 2120
f 2128 2204 2180
f 2180 2206 2181
f 2181 2207 2182
f 2182 2208 2183
f 2183 2209 2184
f 2180 2204 2206
f 2181 2206 2207
f 2182 2207 2208
f 2183 2208 2209
f 2184 2209 2210
f 2185 2186 2187
f 2185 2187 2188
f 2185 2188 2189
f 2185 2189 2190
f 2185 2190 2191
f 2185 2317 2315
f 2185 2191 2192
f 2185 2192 2193
f 2185 2193 2194
f 2185 2194 2195
f 2185 2195 2196
f 2185 2196 2197
f 2185 2197 2198
f 2185 2318 2317
f 2185 2198 2199
f 2185 2199 2318
f 2200 2201 2205
f 2200 2205 2204
f 2200 2202 2201
f 2200 2203 2202
f 2201 2202 2215
f 2200 2250 2203
f 2200 2251 2250
f 2200 2252 2251
f 2200 2253 2252
f 2202 2203 2220
f 2203 2250 2224
f 2200 2319 2254
f 2200 2255 2253
f 2200 2254 2255
f 2201 2213 2205
f 2201 2215 2213
f 2202 2220 2215
f 2203 2222 2220
f 2203 2224 2222
f 2204 2205 2206
f 2205 2214 2206
f 2206 2216 2207
f 2206 2214 2216
f 2207 2217 2208
f 2207 2216 2217
f 2208 2217 2227
f 2208 2227 2209
f 2209 2228 2210
f 2209 2227 2228
f 2210 2228 2211
f 2211 2228 2212
f 2211 2212 2229
f 2211 2243 2322
f 2205 2213 2214
f 2213 2215 2214
f 2214 2215 2221
f 2214 2218 2216
f 2216 2219 2217
f 2214 2221 2218
f 2216 2218 2219
f 2217 2219 2231
f 2215 2220 2221
f 2220 2222 2221
f 2221 2222 2223
f 2222 2224 2223
f 2223 2224 2256
f 2218 2221 2225
f 2221 2223 2225
f 2218 2226 2219
f 2218 2225 2226
f 2219 2226 2234
f 2223 2260 2225
f 2225 2261 2226
f 2225 2260 2261
f 2226 2261 2237
f 2217 2231 2227
f 2227 2230 2228
f 2212 2228 2230
f 2227 2231 2230
f 2212 2230 2229
f 2211 2229 2232
f 2211 2232 2235
f 2219 2234 2231
f 2230 2231 2233
f 2230 2233 2232
f 2229 2230 2232
f 2211 2235 2238
f 2211 2238 2241
f 2231 2234 2233
f 2233 2234 2236
f 2233 2236 2235
f 2232 2233 2235
f 2235 2236 2238
f 2226 2237 2234
f 2234 2237 2236
f 2236 2237 2239
f 2237 2261 2284
f 2211 2241 2242
f 2211 2242 2244
f 2211 2244 2243
f 2236 2239 2238
f 2239 2240 2241
f 2237 2284 2239
f 2239 2284 2240
f 2240 2246 2242
f 2240 2285 2246
f 2238 2239 2241
f 2240 2242 2241
f 2243 2245 2247
f 2243 2244 2245
f 2244 2246 2245
f 2245 2246 2286
f 2245 2286 2248
f 2245 2249 2247
f 2248 2282 2249
f 2245 2248 2249
f 2242 2246 2244
f 2250 2251 2257
f 2251 2252 2262
f 2252 2253 2264
f 2253 2255 2271
f 2254 2272 2255
f 2224 2250 2256
f 2250 2257 2256
f 2251 2259 2257
f 2251 2262 2259
f 2252 2263 2262
f 2252 2264 2263
f 2253 2271 2264
f 2254 2267 2272
f 2255 2270 2271
f 2255 2272 2270
f 2256 2257 2258
f 2257 2259 2258
f 2223 2256 2258
f 2258 2259 2265
f 2223 2258 2260
f 2258 2276 2260
f 2260 2274 2261
f 2261 2274 2284
f 2260 2276 2274
f 2258 2265 2276
f 2259 2262 2265
f 2262 2263 2266
f 2263 2264 2266
f 2262 2266 2265
f 2264 2273 2266
f 2267 2268 2272
f 2267 2269 2268
f 2264 2271 2273
f 2270 2273 2271
f 2268 2270 2272
f 2268 2273 2270
f 2274 2276 2275
f 2274 2275 2285
f 2275 2280 2286
f 2265 2277 2276
f 2265 2266 2277
f 2266 2283 2277
f 2275 2276 2277
f 2275 2277 2280
f 2277 2283 2280
f 2268 2269 2279
f 2269 2278 2279
f 2248 2280 2281
f 2280 2283 2281
f 2278 2281 2279
f 2278 2282 2281
f 2248 2281 2282
f 2279 2281 2283
f 2266 2273 2283
f 2273 2279 2283
f 2268 2279 2273
f 2274 2285 2284
f 2240 2284 2285
f 2246 2285 2286
f 2275 2286 2285
f 2248 2286 2280
f 2289 2294 2290
f 2299 2302 2329
f 2290 2298 2327
f 2300 2328 2327
f 2299 2329 2328
f 2298 2300 2327
f 2299 2328 2300
f 2291 2293 2322
f 2291 2297 2293
f 2292 2302 2297
f 2291 2292 2297
f 2292 2329 2302
f 2311 2313 2343
f 2294 2295 2301
f 2290 2294 2301
f 2295 2344 2304
f 2295 2304 2301
f 2298 2303 2306
f 2299 2305 2312
f 2300 2306 2305
f 2293 2297 2296
f 2297 2302 2310
f 2299 2312 2302
f 2296 2310 2311
f 2296 2297 2310
f 2302 2312 2310
f 2290 2301 2298
f 2298 2306 2300
f 2299 2300 2305
f 2298 2301 2303
f 2301 2304 2303
f 2303 2307 2306
f 2305 2306 2308
f 2305 2308 2314
f 2303 2304 2309
f 2304 2346 2309
f 2303 2309 2307
f 2306 2307 2308
f 2310 2313 2311
f 2310 2312 2313
f 2305 2314 2312
f 2312 2314 2313
f 2287 2622 2288
f 2254 2319 2267
f 2267 2319 2320
f 2289 2320 2319
f 2289 2290 2320
f 2292 2324 2329
f 2320 2327 2323
f 2323 2328 2325
f 2324 2325 2329
f 2247 2321 2322
f 2291 2322 2321
f 2291 2326 2292
f 2291 2321 2326
f 2292 2326 2324
f 2267 2320 2323
f 2282 2324 2326
f 2267 2325 2269
f 2267 2323 2325
f 2269 2325 2278
f 2278 2324 2282
f 2278 2325 2324
f 2243 2247 2322
f 2249 2326 2321
f 2247 2249 2321
f 2249 2282 2326
f 2290 2327 2320
f 2323 2327 2328
f 2325 2328 2329
f 2626 2123 2124
f 2627 2121 2123
f 2628 2122 2121
f 2629 2125 2122
f 2185 2125 2629
f 2338 2635 2124
f 2185 2629 2186
f 2186 2629 2187
f 2187 2629 2188
f 2188 2629 2189
f 2189 2629 2190
f 2190 2629 2191
f 2191 2629 2192
f 2194 2650 2195
f 2195 2650 2196
f 2196 2650 2197
f 2193 2651 2194
f 2315 2621 2316
f 2315 2317 2624
f 2287 2316 2623
f 2288 2622 2339
f 2288 2339 2504
f 2198 2625 2199
f 2317 2318 2625
f 2199 2625 2318
f 2197 2650 2198
f 2316 2621 2620
f 2315 2624 2621
f 2287 2623 2622
f 2316 2620 2623
f 2344 2345 2352
f 2304 2344 2346
f 2344 2352 2346
f 2345 2362 2352
f 2345 2359 2362
f 2307 2347 2308
f 2309 2346 2348
f 2307 2309 2349
f 2308 2347 2351
f 2307 2349 2347
f 2346 2352 2348
f 2309 2348 2349
f 2313 2314 2350
f 2313 2350 2343
f 2308 2351 2314
f 2314 2351 2350
f 2343 2350 2356
f 2348 2352 2353
f 2348 2355 2349
f 2347 2349 2354
f 2352 2362 2353
f 2347 2354 2358
f 2349 2355 2354
f 2348 2353 2355
f 2350 2351 2357
f 2347 2358 2351
f 2350 2357 2356
f 2351 2358 2357
f 2356 2357 2361
f 2359 2360 2368
f 2359 2368 2362
f 2354 2355 2364
f 2357 2358 2366
f 2354 2367 2358
f 2357 2366 2361
f 2358 2367 2366
f 2361 2366 2369
f 2353 2362 2365
f 2353 2363 2355
f 2354 2364 2367
f 2355 2363 2364
f 2353 2365 2363
f 2362 2368 2365
f 2365 2368 2374
f 2363 2376 2364
f 2363 2365 2375
f 2364 2376 2378
f 2366 2367 2370
f 2366 2370 2369
f 2364 2378 2367
f 2367 2378 2370
f 2369 2370 2415
f 2288 2504 2340
f 2340 2505 2341
f 2341 2506 2342
f 2360 2373 2377
f 2360 2377 2368
f 2365 2374 2375
f 2363 2375 2376
f 2368 2377 2374
f 2374 2377 2417
f 2375 2416 2376
f 2374 2418 2375
f 2370 2378 2420
f 2376 2419 2378
f 2169 2379 2380
f 2170 2380 2381
f 2171 2381 2382
f 2133 2683 2148
f 2172 2382 2383
f 2379 2406 2380
f 2380 2407 2381
f 2381 2408 2382
f 2148 2683 2158
f 2382 2409 2383
f 2173 2174 2385
f 2174 2175 2386
f 2175 2177 2388
f 2176 2387 2177
f 2173 2385 2384
f 2175 2388 2386
f 2174 2386 2385
f 2177 2387 2388
f 2173 2384 2426
f 2176 2435 2387
f 2384 2385 2427
f 2386 2388 2431
f 2385 2386 2429
f 2387 2436 2388
f 2372 2393 2389
f 2389 2391 2390
f 2389 2392 2391
f 2389 2399 2392
f 2389 2398 2399
f 2389 2400 2398
f 2389 2393 2394
f 2389 2394 2395
f 2389 2395 2396
f 2389 2396 2402
f 2389 2402 2403
f 2389 2403 2404
f 2389 2401 2400
f 2389 2397 2401
f 2389 2404 2405
f 2389 2405 2397
f 2380 2406 2407
f 2381 2407 2408
f 2382 2408 2409
f 2383 2409 2410
f 2158 2683 2168
f 2406 2507 2407
f 2407 2508 2408
f 2408 2509 2409
f 2407 2507 2508
f 2408 2508 2509
f 2409 2509 2510
f 2409 2510 2410
f 2410 2510 2511
f 2373 2411 2466
f 2373 2466 2472
f 2373 2472 2377
f 2411 2426 2439
f 2411 2467 2466
f 2411 2470 2467
f 2411 2471 2470
f 2411 2468 2469
f 2411 2469 2471
f 2411 2412 2413
f 2411 2413 2414
f 2411 2439 2412
f 2412 2441 2413
f 2411 2414 2468
f 2413 2445 2414
f 2412 2439 2440
f 2412 2440 2441
f 2413 2441 2445
f 2414 2445 2446
f 2414 2446 2488
f 2370 2420 2415
f 2378 2419 2420
f 2415 2421 2435
f 2374 2417 2418
f 2375 2418 2416
f 2376 2416 2419
f 2377 2472 2417
f 2416 2479 2419
f 2416 2418 2478
f 2417 2478 2418
f 2417 2473 2478
f 2416 2478 2479
f 2415 2420 2421
f 2419 2423 2420
f 2420 2423 2422
f 2419 2479 2423
f 2420 2422 2421
f 2421 2422 2424
f 2422 2423 2424
f 2423 2482 2424
f 2424 2482 2456
f 2424 2456 2425
f 2421 2424 2425
f 2384 2427 2426
f 2385 2429 2427
f 2386 2431 2429
f 2426 2428 2439
f 2426 2427 2428
f 2427 2429 2430
f 2427 2430 2428
f 2429 2431 2432
f 2431 2437 2432
f 2429 2432 2430
f 2387 2435 2433
f 2433 2435 2434
f 2434 2435 2451
f 2388 2436 2431
f 2387 2433 2436
f 2431 2436 2437
f 2433 2434 2436
f 2434 2437 2436
f 2438 2449 2461
f 2448 2499 2490
f 2438 2464 2500
f 2438 2499 2449
f 2448 2449 2499
f 2428 2440 2439
f 2428 2442 2440
f 2441 2442 2445
f 2440 2442 2441
f 2428 2430 2442
f 2430 2443 2442
f 2430 2432 2443
f 2432 2437 2444
f 2432 2444 2443
f 2442 2443 2447
f 2443 2444 2448
f 2444 2465 2449
f 2442 2447 2445
f 2446 2447 2488
f 2445 2447 2446
f 2447 2490 2488
f 2443 2448 2447
f 2444 2449 2448
f 2447 2448 2490
f 2421 2425 2435
f 2425 2458 2435
f 2435 2458 2459
f 2434 2450 2465
f 2434 2451 2450
f 2435 2454 2451
f 2435 2453 2454
f 2450 2451 2454
f 2450 2454 2452
f 2450 2461 2465
f 2450 2452 2461
f 2435 2462 2453
f 2435 2459 2455
f 2435 2455 2462
f 2452 2454 2453
f 2456 2457 2459
f 2455 2457 2463
f 2457 2502 2463
f 2425 2456 2458
f 2456 2459 2458
f 2455 2459 2457
f 2460 2462 2463
f 2452 2453 2460
f 2452 2460 2464
f 2452 2464 2461
f 2453 2462 2460
f 2455 2463 2462
f 2460 2463 2503
f 2460 2503 2464
f 2438 2461 2464
f 2434 2465 2437
f 2437 2465 2444
f 2449 2465 2461
f 2466 2467 2474
f 2467 2470 2476
f 2466 2474 2472
f 2467 2475 2474
f 2467 2476 2475
f 2470 2471 2483
f 2469 2485 2471
f 2414 2488 2468
f 2468 2492 2469
f 2470 2483 2476
f 2471 2484 2483
f 2471 2485 2484
f 2468 2488 2489
f 2468 2489 2492
f 2469 2492 2491
f 2469 2491 2485
f 2417 2472 2473
f 2472 2474 2473
f 2474 2475 2477
f 2475 2476 2477
f 2473 2474 2477
f 2476 2486 2477
f 2473 2481 2478
f 2478 2480 2479
f 2478 2481 2480
f 2479 2480 2482
f 2480 2496 2501
f 2473 2477 2481
f 2477 2494 2481
f 2477 2486 2494
f 2480 2481 2496
f 2481 2494 2496
f 2423 2479 2482
f 2480 2501 2482
f 2476 2483 2486
f 2483 2484 2486
f 2484 2485 2487
f 2485 2491 2487
f 2484 2487 2486
f 2488 2490 2489
f 2489 2493 2492
f 2489 2490 2493
f 2491 2492 2493
f 2487 2491 2493
f 2496 2497 2502
f 2486 2495 2494
f 2487 2498 2495
f 2486 2487 2495
f 2494 2497 2496
f 2494 2495 2497
f 2495 2500 2497
f 2493 2499 2498
f 2490 2499 2493
f 2438 2500 2498
f 2497 2500 2503
f 2438 2498 2499
f 2487 2493 2498
f 2495 2498 2500
f 2456 2482 2501
f 2456 2501 2457
f 2457 2501 2502
f 2496 2502 2501
f 2463 2502 2503
f 2497 2503 2502
f 2464 2503 2500
f 2340 2504 2505
f 2341 2505 2506
f 2342 2659 2371
f 2371 2660 2372
f 2342 2506 2658
f 2342 2658 2659
f 2371 2659 2660
f 2372 2660 2661
f 2372 2661 2662
f 2372 2662 2393
f 2168 2683 2379
f 2507 2512 2508
f 2508 2513 2509
f 2509 2514 2510
f 2379 2683 2406
f 2508 2512 2513
f 2509 2513 2514
f 2510 2514 2515
f 2510 2515 2511
f 2511 2515 2516
f 2393 2663 2394
f 2394 2663 2395
f 2395 2663 2396
f 2396 2663 2402
f 2402 2663 2403
f 2403 2676 2404
f 2397 2405 2676
f 2404 2676 2405
f 2391 2392 2683
f 2392 2399 2683
f 2398 2683 2399
f 2389 2390 2683
f 2390 2391 2683
f 2400 2401 2683
f 2398 2400 2683
f 2406 2683 2507
f 2512 2664 2513
f 2513 2665 2514
f 2514 2666 2515
f 2513 2664 2665
f 2514 2665 2666
f 2515 2666 2667
f 2515 2667 2516
f 2516 2667 2668
f 2061 2062 2517
f 2062 2063 2517
f 2063 2064 2517
f 2064 2609 2517
f 2517 2609 2610
f 2061 2517 2067
f 2067 2517 2068
f 2068 2517 2518
f 2521 2523 2522
f 2070 2522 2523
f 2070 2524 2071
f 2519 2528 2521
f 2519 2520 2527
f 2070 2523 2524
f 2521 2528 2523
f 2520 2525 2531
f 2525 2526 2537
f 2525 2537 2531
f 2526 2534 2537
f 2519 2527 2528
f 2520 2531 2527
f 2527 2532 2528
f 2523 2528 2530
f 2523 2529 2524
f 2524 2529 2562
f 2523 2530 2529
f 2528 2532 2530
f 2527 2531 2532
f 2531 2533 2532
f 2531 2537 2533
f 2533 2537 2539
f 2519 2621 2520
f 2521 2522 2623
f 2519 2521 2620
f 2070 2622 2522
f 2520 2624 2525
f 2525 2625 2526
f 2526 2650 2534
f 2534 2538 2537
f 2534 2535 2538
f 2535 2536 2541
f 2535 2541 2538
f 2536 2545 2541
f 2537 2538 2539
f 2538 2540 2539
f 2538 2541 2540
f 2540 2541 2542
f 2541 2545 2542
f 2542 2545 2547
f 2536 2543 2545
f 2543 2544 2545
f 2544 2546 2545
f 2544 2594 2546
f 2545 2546 2547
f 2546 2548 2547
f 2546 2549 2548
f 2546 2594 2549
f 2548 2549 2551
f 2549 2550 2551
f 2550 2552 2551
f 2550 2596 2552
f 2552 2596 2553
f 2534 2651 2535
f 2535 2652 2536
f 2536 2653 2543
f 2543 2654 2544
f 2071 2555 2072
f 2072 2556 2554
f 2554 2560 2557
f 2071 2524 2555
f 2072 2555 2556
f 2554 2556 2560
f 2557 2560 2558
f 2558 2560 2561
f 2524 2562 2555
f 2555 2563 2556
f 2558 2561 2559
f 2555 2562 2563
f 2556 2563 2564
f 2556 2564 2560
f 2560 2564 2565
f 2560 2565 2561
f 2561 2566 2569
f 2561 2565 2566
f 2559 2561 2569
f 2559 2569 2567
f 2567 2569 2570
f 2567 2570 2568
f 2570 2573 2571
f 2568 2570 2571
f 2569 2572 2570
f 2566 2572 2569
f 2570 2572 2574
f 2506 2554 2557
f 2557 2558 2658
f 2558 2559 2659
f 2559 2567 2660
f 2567 2568 2661
f 2568 2571 2662
f 2571 2573 2592
f 2573 2576 2592
f 2570 2574 2573
f 2573 2574 2575
f 2573 2575 2576
f 2576 2577 2593
f 2576 2593 2592
f 2577 2587 2593
f 2575 2578 2576
f 2576 2578 2577
f 2577 2578 2588
f 2553 2597 2582
f 2579 2584 2589
f 2581 2589 2584
f 2580 2584 2585
f 2580 2585 2602
f 2583 2602 2585
f 2580 2581 2584
f 2577 2586 2587
f 2586 2590 2587
f 2577 2588 2586
f 2579 2586 2588
f 2579 2589 2586
f 2586 2589 2591
f 2581 2603 2589
f 2589 2603 2591
f 2586 2591 2590
f 2571 2592 2663
f 2587 2677 2593
f 2587 2590 2674
f 2590 2591 2675
f 2592 2593 2676
f 2549 2594 2595
f 2549 2595 2550
f 2550 2595 2598
f 2550 2598 2596
f 2596 2600 2597
f 2553 2596 2597
f 2596 2598 2599
f 2596 2599 2600
f 2597 2600 2606
f 2544 2726 2594
f 2594 2727 2595
f 2595 2728 2598
f 2598 2729 2599
f 2599 2730 2600
f 2597 2606 2601
f 2601 2607 2602
f 2580 2604 2581
f 2580 2602 2608
f 2580 2605 2604
f 2582 2597 2601
f 2583 2601 2602
f 2582 2601 2583
f 2601 2606 2607
f 2580 2608 2605
f 2602 2607 2608
f 2581 2604 2603
f 2605 2608 2787
f 2603 2604 2785
f 2591 2603 2784
f 2604 2605 2786
f 2600 2788 2606
f 2606 2789 2607
f 2607 2790 2608
f 1892 1893 2610
f 1893 1894 2610
f 1892 2610 2609
f 2517 2610 2611
f 1894 2611 2610
f 2517 2611 2612
f 2517 2612 2613
f 1894 1896 2611
f 1896 1897 2612
f 1896 2612 2611
f 1897 2613 2612
f 2517 2613 2614
f 2517 2614 2615
f 2517 2615 2617
f 2068 2518 2618
f 2518 2619 2618
f 2517 2619 2518
f 2517 2617 2619
f 1897 1958 2613
f 1958 1959 2614
f 1958 2614 2613
f 1959 2615 2614
f 1959 1972 2616
f 1959 2616 2615
f 2615 2616 2617
f 2074 2076 2635
f 2618 2619 2075
f 2529 3675 2562
f 2529 2530 3676
f 2530 2532 3678
f 2532 2533 3677
f 2519 2620 2621
f 2520 2621 2624
f 2522 2622 2623
f 2521 2623 2620
f 2525 2624 2625
f 2526 2625 2650
f 2533 2539 3688
f 2539 2540 3689
f 2540 2542 3690
f 2542 2547 3691
f 2547 2548 3692
f 2548 2551 3693
f 2551 2552 3694
f 2552 2553 3695
f 2534 2650 2651
f 2535 2651 2652
f 2536 2652 2653
f 2543 2653 2654
f 2544 2654 2726
f 2562 3725 2563
f 2563 3726 2564
f 2564 3727 2565
f 2565 3728 2566
f 2566 3729 2572
f 2506 2557 2658
f 2558 2659 2658
f 2559 2660 2659
f 2567 2661 2660
f 2568 2662 2661
f 2571 2663 2662
f 2572 3751 2574
f 2574 3752 2575
f 2575 3753 2578
f 2578 3759 2588
f 2553 2582 3755
f 2583 2585 3756
f 2582 2583 3755
f 2584 3757 2585
f 2579 3758 2584
f 2579 2588 3754
f 2587 2674 2677
f 2590 2675 2674
f 2591 2784 2675
f 2592 2676 2663
f 2593 2677 2676
f 2626 2627 2123
f 2627 2628 2121
f 2628 2629 2122
f 2074 2635 2338
f 2626 2124 2635
f 2192 2711 2193
f 2192 2629 2704
f 2193 2711 2651
f 2317 2625 2624
f 2198 2650 2625
f 2194 2651 2650
f 2530 3678 3676
f 2529 3676 3675
f 2532 3677 3678
f 2533 3688 3677
f 2626 2634 2627
f 2626 2630 2634
f 2627 2633 2628
f 2628 2633 2629
f 2627 2634 2633
f 2192 2704 2711
f 2635 2076 2657
f 2626 2635 2630
f 2630 2631 2634
f 2630 2632 2631
f 2630 2635 2632
f 2629 2633 2636
f 2633 2634 2636
f 2631 2637 2634
f 2632 2635 2640
f 2635 2641 2640
f 2635 2642 2641
f 2629 2636 2704
f 2634 2637 2636
f 2631 2632 2638
f 2631 2638 2637
f 2632 2640 2639
f 2632 2639 2638
f 2639 2640 2648
f 2640 2641 2648
f 2641 2642 2649
f 2642 2643 2649
f 2635 2643 2642
f 2635 2645 2644
f 2635 2644 2643
f 2635 2647 2646
f 2635 2646 2645
f 2643 2644 2649
f 2644 2645 2649
f 2645 2646 2649
f 2646 2647 2649
f 2641 2649 2648
f 2647 2708 2649
f 2635 2655 2647
f 2647 2656 2708
f 2635 2657 2655
f 2647 2655 2656
f 2539 3689 3688
f 2540 3690 3689
f 2542 3691 3690
f 2651 2735 2652
f 2547 3692 3691
f 2548 3693 3692
f 2551 3694 3693
f 2552 3695 3694
f 2562 3675 3725
f 2563 3725 3726
f 2564 3726 3727
f 2565 3727 3728
f 2566 3728 3729
f 2572 3729 3751
f 2393 2662 2663
f 2397 2798 2401
f 2403 2663 2676
f 2507 2683 2512
f 2664 2669 2665
f 2665 2670 2666
f 2666 2671 2667
f 2667 2672 2668
f 2512 2683 2664
f 2665 2669 2670
f 2666 2670 2671
f 2667 2671 2672
f 2668 2672 2673
f 2397 2676 2798
f 2664 2683 2669
f 2669 2678 2670
f 2670 2679 2671
f 2671 2680 2672
f 2672 2681 2673
f 2401 2794 2683
f 2670 2678 2679
f 2671 2679 2680
f 2672 2680 2681
f 2669 2683 2678
f 2673 2681 2682
f 2673 2682 2691
f 2574 3751 3752
f 2575 3752 3753
f 2578 3753 3759
f 2579 3754 3758
f 2553 3755 3695
f 2583 3756 3755
f 2584 3758 3757
f 2585 3757 3756
f 2588 3759 3754
f 2401 2798 2794
f 2678 2684 2679
f 2679 2685 2680
f 2680 2686 2681
f 2678 2683 2684
f 2679 2684 2685
f 2680 2685 2686
f 2681 2686 2690
f 2681 2690 2682
f 2682 2690 2691
f 2683 2687 2684
f 2684 2688 2685
f 2685 2689 2686
f 2686 2693 2690
f 2684 2687 2688
f 2685 2688 2689
f 2686 2689 2693
f 2683 2695 2687
f 2687 2697 2688
f 2688 2698 2689
f 2689 2700 2693
f 2690 2694 2691
f 2691 2694 2692
f 2690 2693 2694
f 2692 2694 2699
f 2693 2701 2694
f 2692 2699 3761
f 2676 2677 2810
f 2687 2695 2696
f 2683 2702 2695
f 2687 2696 2697
f 2688 2697 2698
f 2689 2698 2700
f 2695 2702 2696
f 2694 2701 2699
f 2693 2700 2701
f 2699 2701 2703
f 2683 2794 2702
f 2696 2792 2697
f 2696 2702 2791
f 2697 2793 2698
f 2698 2795 2700
f 2696 2791 2792
f 2697 2792 2793
f 2698 2793 2795
f 2700 2796 2701
f 2701 2796 2703
f 2700 2795 2796
f 2699 2703 3762
f 2692 3761 3760
f 2699 3762 3761
f 2703 3879 3762
f 2594 2726 2727
f 2595 2727 2728
f 2598 2728 2729
f 2599 2729 2730
f 2600 2730 2788
f 2603 2785 2784
f 2604 2786 2785
f 2605 2787 2786
f 2606 2788 2789
f 2607 2789 2790
f 2608 2790 2787
f 2636 2637 2704
f 2638 2639 2706
f 2639 2648 2707
f 2637 2638 2705
f 2637 2705 2704
f 2648 2709 2707
f 2638 2706 2705
f 2639 2707 2706
f 2648 2649 2709
f 2649 2708 2710
f 2649 2710 2709
f 2707 2709 2714
f 2704 2705 2711
f 2705 2706 2713
f 2706 2707 2715
f 2705 2713 2711
f 2707 2714 2715
f 2706 2715 2713
f 2709 2716 2714
f 2708 2712 2710
f 2709 2710 2716
f 2710 2712 2717
f 2710 2717 2716
f 2651 2711 2719
f 2651 2719 2735
f 2708 2656 2731
f 2708 2731 2732
f 2708 2732 2733
f 2708 2733 2712
f 2712 2733 2734
f 2711 2713 2719
f 2713 2715 2720
f 2714 2721 2715
f 2714 2716 2722
f 2712 2718 2717
f 2716 2717 2723
f 2717 2724 2723
f 2717 2718 2724
f 2713 2720 2719
f 2715 2721 2720
f 2714 2722 2721
f 2716 2723 2722
f 2652 2735 2740
f 2719 2720 2736
f 2720 2721 2736
f 2721 2722 2738
f 2722 2723 2737
f 2719 2736 2735
f 2721 2738 2736
f 2722 2737 2738
f 2723 2741 2737
f 2718 2725 2724
f 2723 2724 2741
f 2724 2725 2742
f 2724 2742 2741
f 2712 3793 2718
f 2718 3794 2725
f 2652 2740 2653
f 2653 2749 2654
f 2654 2756 2726
f 2726 2760 2727
f 2653 2740 2749
f 2654 2749 2756
f 2727 2760 2728
f 2728 2770 2729
f 2729 2774 2730
f 2712 2734 3793
f 3793 2734 3788
f 2718 3793 3794
f 2725 3794 3822
f 2737 2744 2738
f 2737 2741 2745
f 2735 2736 2739
f 2736 2738 2739
f 2735 2739 2740
f 2738 2744 2739
f 2737 2745 2744
f 2741 2746 2745
f 2725 2743 2742
f 2741 2742 2746
f 2742 2747 2746
f 2742 2743 2747
f 2739 2750 2740
f 2740 2750 2749
f 2744 2745 2751
f 2739 2744 2750
f 2745 2746 2752
f 2744 2751 2750
f 2745 2752 2751
f 2746 2753 2752
f 2743 2748 2747
f 2746 2747 2753
f 2747 2748 2754
f 2747 2754 2753
f 2725 3822 2743
f 2743 3823 2748
f 2726 2756 2760
f 2749 2750 2755
f 2730 2774 2788
f 2728 2760 2770
f 2729 2770 2774
f 2750 2751 2755
f 2751 2752 2757
f 2752 2753 2758
f 2749 2755 2756
f 2751 2757 2755
f 2752 2758 2757
f 2753 2762 2758
f 2755 2759 2756
f 2757 2758 2764
f 2755 2757 2759
f 2756 2759 2760
f 2758 2762 2765
f 2757 2764 2759
f 2758 2765 2764
f 2762 2767 2765
f 2753 2754 2762
f 2748 2761 2754
f 2754 2761 2763
f 2754 2763 2762
f 2761 2766 2763
f 2762 2763 2767
f 2763 2766 2768
f 2763 2768 2767
f 2759 2771 2760
f 2759 2764 2771
f 2764 2765 2769
f 2765 2767 2772
f 2766 2777 2768
f 2767 2768 2778
f 2760 2771 2770
f 2764 2769 2771
f 2765 2772 2769
f 2767 2778 2772
f 2770 2771 2773
f 2769 2773 2771
f 2769 2772 2775
f 2772 2778 2776
f 2770 2773 2774
f 2769 2775 2773
f 2772 2776 2775
f 2776 2778 2781
f 2773 2817 2774
f 2773 2775 2817
f 2775 2776 2819
f 2775 2819 2817
f 2776 2781 2820
f 2776 2820 2819
f 2781 2827 2820
f 2768 2779 2778
f 2768 2777 2779
f 2778 2779 2781
f 2779 2780 2782
f 2777 2780 2779
f 2779 2782 2781
f 2780 2783 2782
f 2781 2782 2827
f 2782 2828 2827
f 2782 2783 2828
f 2748 3824 2761
f 2761 3825 2766
f 2766 3826 2777
f 2777 3827 2780
f 2780 3828 2783
f 2743 3822 3823
f 2748 3823 3824
f 2761 3824 3825
f 2766 3825 3826
f 2777 3826 3827
f 2780 3827 3828
f 2783 3828 3829
f 2675 2784 2834
f 2789 2823 2790
f 2787 2790 2840
f 2785 2786 2833
f 2784 2785 2834
f 2786 2787 2840
f 2674 2855 2677
f 2676 2810 2798
f 2674 2675 2859
f 2677 2851 2810
f 2702 2794 2791
f 2791 2800 2792
f 2792 2801 2793
f 2793 2802 2795
f 2791 2794 2799
f 2791 2799 2800
f 2792 2800 2801
f 2793 2801 2802
f 2703 2796 2797
f 2796 2803 2797
f 2795 2802 2803
f 2795 2803 2796
f 2798 2805 2799
f 2799 2805 2806
f 2794 2798 2799
f 2799 2806 2800
f 2800 2807 2801
f 2801 2808 2802
f 2797 2803 2804
f 2802 2809 2803
f 2803 2809 2804
f 2703 2797 3879
f 2797 2804 3880
f 2677 2855 2851
f 2674 2859 2855
f 2675 2834 2859
f 2811 2851 2852
f 2800 2806 2807
f 2798 2810 2805
f 2805 2812 2806
f 2805 2810 2811
f 2806 2813 2807
f 2807 2815 2808
f 2801 2807 2808
f 2804 2809 2814
f 2808 2816 2809
f 2802 2808 2809
f 2805 2811 2812
f 2806 2812 2813
f 2807 2813 2815
f 2810 2851 2811
f 2811 2853 2812
f 2812 2854 2813
f 2813 2856 2815
f 2809 2816 2814
f 2808 2815 2816
f 2814 2816 2867
f 2815 2857 2816
f 2804 2814 3881
f 2814 2867 3921
f 2797 3880 3879
f 2804 3881 3880
f 2814 3921 3881
f 2788 2818 2789
f 2774 2818 2788
f 2789 2818 2823
f 2790 2823 2840
f 2785 2833 2834
f 2786 2840 2833
f 2774 2817 2818
f 2817 2822 2818
f 2818 2822 2823
f 2817 2819 2822
f 2819 2824 2822
f 2819 2820 2824
f 2820 2827 2825
f 2820 2825 2824
f 2825 2827 2830
f 2821 2840 2823
f 2821 2823 2822
f 2821 2822 2824
f 2824 2825 2826
f 2825 2830 2844
f 2821 2824 2826
f 2825 2844 2826
f 2830 2847 2844
f 2783 2829 2828
f 2827 2828 2830
f 2828 2829 2831
f 2828 2831 2830
f 2830 2831 2847
f 2829 2832 2831
f 2831 2848 2847
f 2831 2832 2848
f 2834 2835 2858
f 2835 2836 2858
f 2836 2837 2868
f 2833 2835 2834
f 2833 2841 2835
f 2835 2841 2842
f 2835 2842 2836
f 2836 2843 2837
f 2837 2845 2838
f 2837 2838 2869
f 2838 2846 2839
f 2838 2839 2870
f 2839 2850 2872
f 2821 2841 2840
f 2821 2826 2841
f 2826 2844 2842
f 2843 2844 2847
f 2833 2840 2841
f 2826 2842 2841
f 2842 2844 2843
f 2843 2847 2845
f 2836 2842 2843
f 2837 2843 2845
f 2845 2848 2846
f 2846 2849 2850
f 2845 2847 2848
f 2846 2848 2849
f 2832 2849 2848
f 2838 2845 2846
f 2839 2846 2850
f 2783 3829 2829
f 2829 3915 2832
f 2832 3916 2849
f 2850 3918 2872
f 2849 3917 2850
f 2811 2852 2853
f 2812 2853 2854
f 2851 2855 2852
f 2852 2855 2860
f 2852 2860 2861
f 2852 2861 2853
f 2853 2862 2854
f 2854 2864 2856
f 2857 2866 2867
f 2856 2865 2857
f 2857 2865 2866
f 2855 2859 2860
f 2858 2860 2859
f 2860 2868 2861
f 2861 2869 2862
f 2862 2870 2864
f 2858 2868 2860
f 2861 2868 2869
f 2862 2869 2870
f 2853 2861 2862
f 2854 2862 2864
f 2864 2871 2865
f 2864 2870 2871
f 2863 2865 2871
f 2856 2864 2865
f 2863 2866 2865
f 2813 2854 2856
f 2816 2857 2867
f 2815 2856 2857
f 2866 3920 2867
f 2863 3919 2866
f 2834 2858 2859
f 2836 2868 2858
f 2837 2869 2868
f 2838 2870 2869
f 2863 2871 2872
f 2839 2871 2870
f 2839 2872 2871
f 2863 2872 3922
f 2829 3829 3915
f 2832 3915 3916
f 2872 3918 3922
f 2849 3916 3917
f 2850 3917 3918
f 2866 3919 3920
f 2867 3920 3921
f 2863 3922 3919
f 2911 2883 2890
f 2912 2891 2892
f 2912 2892 2893
f 2916 2893 2894
f 2915 2912 2893
f 2915 2893 2916
f 2903 2884 2885
f 2918 2873 2874
f 2917 2894 2873
f 3195 2874 2884
f 2904 2885 2887
f 2905 2887 2886
f 2906 2886 2883
f 2917 2873 2918
f 2916 2894 2917
f 2918 2874 3195
f 2903 3195 2884
f 2903 2885 2904
f 2901 2881 2880
f 2897 2876 2875
f 2898 2877 2876
f 2899 2878 2877
f 2900 2880 2878
f 2902 2882 2881
f 2910 2879 2882
f 2907 2889 2879
f 2909 2888 2889
f 2908 2890 2888
f 2907 2879 2910
f 2896 2897 2875
f 2897 2898 2876
f 2899 2900 2878
f 2898 2899 2877
f 2900 2901 2880
f 2901 2902 2881
f 2902 2910 2882
f 2896 3637 2897
f 2897 3638 2898
f 2898 3639 2899
f 2899 3640 2900
f 2900 3641 2901
f 2901 3642 2902
f 2902 3660 2910
f 2904 2887 2905
f 2906 2883 2911
f 2905 2886 2906
f 2908 2888 2909
f 2908 2911 2890
f 2907 2909 2889
f 2903 3979 3195
f 2903 2904 3643
f 2905 2906 3652
f 2906 2911 3653
f 2904 2905 3644
f 2907 3659 2909
f 2908 2909 3658
f 2908 3661 2911
f 2907 2910 3657
f 2896 3636 3637
f 2897 3637 3638
f 2898 3638 3639
f 2899 3639 3640
f 2900 3640 3641
f 2902 3642 3660
f 2901 3641 3642
f 2905 3645 3646
f 2903 3643 3979
f 2904 3644 3643
f 2905 3646 3644
f 2905 3648 3645
f 2911 3661 3653
f 2906 3653 3652
f 2905 3652 3648
f 2907 3657 3659
f 2908 3658 3661
f 2909 3659 3658
f 2910 3660 3657
f 2913 2919 2912
f 2913 2912 2914
f 2914 2912 2915
f 2913 2914 2925
f 2914 2915 2926
f 2913 2925 2919
f 2915 3064 2926
f 2914 2926 2925
f 2915 2916 3064
f 2916 2917 3065
f 2917 2918 3066
f 2918 3195 3068
f 2916 3065 3064
f 2917 3066 3065
f 2918 3067 3066
f 2918 3068 3067
f 2925 3133 2919
f 3064 3065 3133
f 2925 2926 3133
f 2926 3064 3133
f 3022 2995 3169
f 3022 3169 3023
f 3023 3169 3088
f 3068 3195 3105
f 3068 3072 3073
f 3068 3069 3072
f 3068 3070 3069
f 3068 3071 3070
f 3068 3074 3079
f 3068 3075 3076
f 3068 3079 3075
f 3068 3073 3074
f 3068 3090 3071
f 3068 3091 3090
f 3105 3195 3979
f 3068 3076 3077
f 3068 3077 3078
f 3068 3078 3081
f 3068 3081 3080
f 3068 3080 3082
f 3065 3066 3133
f 3066 3067 3180
f 3067 3068 3180
f 3068 3082 3180
f 3068 3105 3091
f 3105 3092 3091
f 3105 3093 3092
f 3105 3094 3093
f 3105 3095 3094
f 3105 3096 3095
f 3105 3097 3096
f 3105 3098 3097
f 3105 3099 3098
f 3105 3100 3099
f 3105 3101 3100
f 3105 3102 3101
f 3105 3106 3102
f 3105 3107 3106
f 3105 3108 3107
f 3105 3109 3108
f 3105 3110 3109
f 3088 3194 3089
f 3089 3194 3103
f 3103 3194 3104
f 3105 3111 3110
f 3105 3112 3111
f 3104 3194 3105
f 3105 3194 3112
f 3180 3169 3133
f 3066 3180 3133
f 3180 3082 3083
f 3180 3083 3084
f 3180 3084 3085
f 3180 3085 3086
f 3180 3086 3087
f 3180 3087 3170
f 3180 3170 3171
f 3180 3171 3172
f 3180 3172 3173
f 3180 3173 3174
f 3180 3174 3175
f 3180 3175 3176
f 3180 3176 3177
f 3180 3177 3178
f 3088 3169 3194
f 3194 3192 3191
f 3194 3113 3112
f 3194 3114 3113
f 3194 3182 3181
f 3194 3183 3182
f 3194 3181 3114
f 3194 3193 3184
f 3194 3184 3183
f 3194 3190 3193
f 3194 3191 3190
f 3180 3194 3169
f 3180 3178 3194
f 3194 3178 3179
f 3194 3179 3185
f 3194 3185 3186
f 3194 3186 3188
f 3194 3187 3189
f 3194 3188 3187
f 3194 3189 3192
f 3197 3198 3196
f 3197 3199 3198
f 3197 3655 3199
f 3199 3655 3457
f 3197 3651 3655
f 3457 3655 3656
f 1744 1745 3201
f 1745 3203 3201
f 1744 3201 3204
f 1744 3204 1746
f 1746 3205 1747
f 1746 3204 3205
f 1747 3206 1748
f 1747 3205 3206
f 1748 3206 3207
f 3201 3203 3210
f 3201 3209 3204
f 3201 3210 3209
f 3204 3211 3205
f 3205 3212 3206
f 3206 3213 3207
f 3204 3209 3211
f 3205 3211 3212
f 3206 3212 3213
f 3207 3213 3219
f 3209 3210 3216
f 3209 3215 3211
f 3211 3217 3212
f 3212 3218 3213
f 1733 1734 3238
f 1734 1750 3238
f 3209 3216 3215
f 3211 3215 3217
f 3212 3217 3218
f 3213 3218 3219
f 3207 3219 3224
f 3215 3216 3221
f 3215 3220 3217
f 3202 3313 3203
f 3203 3313 3210
f 3217 3222 3218
f 3218 3223 3219
f 3207 3319 3208
f 1750 3214 3238
f 1500 3459 3427
f 1493 3439 3473
f 3215 3221 3220
f 3217 3220 3222
f 3218 3222 3223
f 3219 3223 3224
f 3210 3313 3216
f 3207 3224 3319
f 3220 3221 3226
f 3220 3225 3222
f 3222 3227 3223
f 3223 3228 3224
f 3220 3226 3225
f 3216 3313 3221
f 3222 3225 3227
f 3223 3227 3228
f 3224 3228 3229
f 3202 3443 3313
f 3208 3319 3358
f 3208 3358 3452
f 3225 3226 3308
f 3225 3307 3227
f 3221 3313 3226
f 3227 3309 3228
f 3228 3310 3229
f 3224 3229 3319
f 3225 3308 3307
f 3227 3307 3309
f 3228 3309 3310
f 3229 3310 3311
f 3214 3399 3238
f 3202 3416 3443
f 3202 3419 3416
f 3202 3427 3419
f 3208 3452 3418
f 3208 3438 3439
f 3208 3418 3438
f 3214 3440 3399
f 3214 3441 3440
f 3214 3487 3441
f 3214 3488 3487
f 3214 3489 3488
f 1604 3466 3459
f 1607 3475 3466
f 1579 3473 3474
f 1580 3474 3485
f 1588 3482 3475
f 1591 3508 3482
f 1595 3485 3486
f 1596 3486 3495
f 1652 3259 3269
f 1787 1788 3240
f 1788 1789 3241
f 1789 1790 3242
f 1790 1791 3243
f 1787 3240 3239
f 1788 3241 3240
f 1789 3242 3241
f 1790 3243 3242
f 1652 3269 3498
f 1793 3244 3245
f 1794 3245 3246
f 1795 3246 3247
f 1796 3247 3248
f 1678 3767 1683
f 3244 3254 3245
f 3245 3255 3246
f 3246 3256 3247
f 3247 3257 3248
f 3239 3240 3250
f 3240 3241 3251
f 3241 3242 3252
f 3242 3243 3253
f 1652 3498 3520
f 3239 3250 3249
f 3240 3251 3250
f 3241 3252 3251
f 3242 3253 3252
f 1619 3519 3508
f 1652 3520 3519
f 1596 3495 3559
f 1658 3559 3530
f 1683 3767 1757
f 3245 3254 3255
f 3246 3255 3256
f 3247 3256 3257
f 3248 3257 3258
f 1757 3767 1767
f 3254 3264 3255
f 1289 3774 3601
f 3255 3265 3256
f 3256 3266 3257
f 3257 3267 3258
f 3214 3601 3489
f 3249 3250 3260
f 3250 3251 3261
f 3251 3252 3262
f 3252 3253 3263
f 1791 3530 3243
f 3249 3260 3259
f 3250 3261 3260
f 3251 3262 3261
f 3252 3263 3262
f 3243 3530 3253
f 3255 3264 3265
f 1767 3767 1782
f 3256 3265 3266
f 3257 3266 3267
f 3258 3267 3268
f 3264 3274 3265
f 1782 3767 1792
f 3265 3275 3266
f 3266 3276 3267
f 3267 3277 3268
f 3259 3260 3270
f 3260 3261 3271
f 3261 3262 3272
f 3262 3263 3273
f 3259 3270 3269
f 3260 3271 3270
f 3253 3530 3263
f 3261 3272 3271
f 3262 3273 3272
f 3263 3530 3273
f 1280 3760 3767
f 3265 3274 3275
f 3266 3275 3276
f 3267 3276 3277
f 3268 3277 3278
f 1792 3767 3244
f 3274 3503 3275
f 3275 3503 3504
f 1796 3248 3774
f 3275 3504 3276
f 3276 3505 3277
f 3277 3506 3278
f 3276 3504 3505
f 3277 3505 3506
f 3278 3506 3507
f 3662 3293 3292
f 3662 3283 3293
f 3226 3313 3308
f 3229 3311 3319
f 3307 3308 3312
f 3307 3316 3309
f 3309 3317 3310
f 3310 3318 3311
f 3308 3315 3312
f 3307 3312 3316
f 3308 3313 3315
f 3309 3316 3317
f 3310 3317 3318
f 3311 3318 3319
f 3399 3237 3238
f 3457 3231 3234
f 3312 3315 3323
f 3312 3321 3316
f 3312 3323 3321
f 3313 3314 3323
f 3313 3322 3314
f 3313 3323 3315
f 3313 3443 3337
f 3316 3344 3317
f 3316 3321 3344
f 3317 3344 3345
f 3317 3345 3318
f 3318 3345 3348
f 3318 3348 3320
f 3318 3320 3319
f 3321 3326 3346
f 3314 3322 3325
f 3313 3324 3322
f 3313 3327 3324
f 3314 3325 3323
f 3321 3323 3326
f 3323 3325 3326
f 3322 3324 3325
f 3313 3332 3327
f 3313 3333 3332
f 3325 3329 3326
f 3324 3328 3325
f 3324 3327 3328
f 3327 3332 3330
f 3325 3328 3329
f 3326 3329 3351
f 3327 3330 3328
f 3328 3331 3329
f 3328 3330 3331
f 3329 3331 3365
f 3330 3362 3331
f 3313 3334 3333
f 3313 3338 3334
f 3313 3337 3338
f 3332 3333 3335
f 3333 3334 3336
f 3330 3332 3335
f 3333 3336 3335
f 3330 3335 3362
f 3335 3336 3363
f 3334 3340 3336
f 3336 3340 3364
f 3337 3339 3338
f 3337 3341 3339
f 3334 3338 3340
f 3338 3339 3340
f 3340 3342 3364
f 3339 3342 3340
f 3339 3341 3343
f 3339 3343 3342
f 3342 3343 3377
f 3321 3346 3344
f 3344 3347 3345
f 3345 3353 3348
f 3344 3346 3347
f 3345 3347 3353
f 3320 3348 3349
f 3348 3350 3349
f 3348 3353 3350
f 3346 3352 3347
f 3347 3352 3355
f 3347 3355 3353
f 3326 3351 3346
f 3346 3351 3352
f 3329 3365 3351
f 3351 3366 3352
f 3351 3365 3366
f 3352 3367 3355
f 3353 3355 3356
f 3350 3353 3354
f 3353 3356 3354
f 3355 3357 3356
f 3355 3368 3357
f 3319 3320 3358
f 3320 3359 3358
f 3320 3349 3359
f 3349 3350 3359
f 3350 3354 3360
f 3354 3356 3361
f 3356 3357 3361
f 3350 3360 3359
f 3358 3359 3360
f 3358 3360 3361
f 3354 3361 3360
f 3357 3393 3361
f 3358 3361 3393
f 3358 3393 3394
f 3358 3394 3395
f 3358 3395 3396
f 3358 3397 3452
f 3358 3396 3398
f 3358 3398 3397
f 3331 3362 3371
f 3335 3363 3362
f 3362 3363 3372
f 3336 3364 3363
f 3363 3364 3375
f 3342 3376 3364
f 3331 3371 3365
f 3365 3373 3366
f 3365 3371 3373
f 3352 3366 3367
f 3366 3381 3367
f 3366 3373 3381
f 3355 3367 3368
f 3367 3369 3368
f 3367 3370 3369
f 3367 3381 3370
f 3362 3372 3371
f 3363 3375 3372
f 3371 3374 3373
f 3371 3372 3374
f 3372 3380 3374
f 3372 3375 3380
f 3373 3382 3381
f 3373 3374 3382
f 3374 3389 3382
f 3364 3376 3375
f 3375 3379 3380
f 3342 3377 3376
f 3376 3377 3378
f 3376 3378 3379
f 3375 3376 3379
f 3379 3386 3380
f 3378 3387 3379
f 3379 3387 3386
f 3374 3380 3389
f 3380 3386 3389
f 3381 3382 3383
f 3382 3389 3385
f 3370 3381 3383
f 3382 3384 3383
f 3382 3385 3384
f 3386 3387 3388
f 3386 3388 3392
f 3386 3390 3389
f 3385 3389 3391
f 3389 3390 3391
f 3386 3392 3390
f 3357 3368 3393
f 3368 3369 3393
f 3369 3370 3394
f 3370 3383 3394
f 3383 3384 3395
f 3384 3385 3395
f 3385 3391 3396
f 3388 3397 3392
f 3390 3392 3398
f 3390 3398 3391
f 3369 3394 3393
f 3383 3395 3394
f 3385 3396 3395
f 3391 3398 3396
f 3392 3397 3398
f 3399 3453 3400
f 3400 3453 3401
f 3401 3453 3402
f 3402 3455 3403
f 3403 3455 3404
f 3404 3455 3405
f 3405 3455 3406
f 3402 3453 3455
f 3406 3455 3407
f 3407 3456 3408
f 3407 3455 3456
f 3408 3413 3409
f 3409 3412 3410
f 3409 3413 3412
f 3410 3412 3411
f 3408 3456 3413
f 3414 3443 3416
f 3414 3416 3420
f 3414 3420 3421
f 3415 3421 3422
f 3414 3421 3415
f 3415 3422 3449
f 3423 3450 3449
f 3424 3451 3450
f 3422 3423 3449
f 3423 3424 3450
f 3417 3451 3424
f 3417 3438 3418
f 3427 3459 3429
f 3416 3419 3420
f 3420 3428 3421
f 3419 3427 3426
f 3419 3426 3420
f 3420 3426 3428
f 3421 3428 3431
f 3421 3431 3422
f 3422 3431 3432
f 3423 3432 3433
f 3422 3432 3423
f 3423 3433 3424
f 3417 3424 3425
f 3424 3433 3425
f 3426 3427 3429
f 3426 3430 3428
f 3426 3429 3430
f 3428 3430 3435
f 3428 3435 3431
f 3431 3436 3432
f 3432 3437 3433
f 3425 3433 3434
f 3431 3435 3436
f 3432 3436 3437
f 3433 3437 3434
f 3434 3437 3462
f 3417 3425 3438
f 3425 3439 3438
f 3425 3434 3439
f 3434 3473 3439
f 3337 3443 3442
f 3414 3415 3442
f 3414 3442 3443
f 3415 3449 3445
f 3415 3445 3442
f 3445 3449 3446
f 3446 3450 3447
f 3447 3451 3448
f 3444 3448 3451
f 3337 3442 3341
f 3343 3442 3445
f 3343 3445 3446
f 3341 3442 3343
f 3388 3448 3444
f 3343 3446 3377
f 3377 3447 3378
f 3378 3448 3387
f 3377 3446 3447
f 3378 3447 3448
f 3387 3448 3388
f 3446 3449 3450
f 3417 3444 3451
f 3447 3450 3451
f 3388 3444 3452
f 3388 3452 3397
f 3417 3418 3444
f 3418 3452 3444
f 3399 3454 3453
f 3399 3440 3454
f 3440 3441 3681
f 3696 3232 3235
f 3698 3235 3233
f 3696 3234 3232
f 3699 3233 3237
f 3399 3699 3237
f 3457 3234 3715
f 3399 3400 3699
f 3400 3401 3699
f 3401 3402 3699
f 3402 3403 3699
f 3403 3404 3699
f 3404 3405 3699
f 3405 3406 3699
f 3408 3409 3720
f 3409 3410 3720
f 3410 3411 3720
f 3407 3408 3721
f 3453 3454 3680
f 3453 3683 3455
f 3440 3682 3454
f 3441 3458 3681
f 3441 3623 3458
f 3412 3413 3684
f 3455 3684 3456
f 3413 3456 3684
f 3411 3412 3720
f 3454 3679 3680
f 3453 3680 3683
f 3440 3681 3682
f 3454 3682 3679
f 3429 3461 3430
f 3429 3459 3460
f 3429 3460 3461
f 3430 3461 3463
f 3459 3466 3460
f 3430 3463 3435
f 3435 3464 3436
f 3436 3465 3437
f 3437 3465 3462
f 3435 3463 3464
f 3436 3464 3465
f 3462 3465 3469
f 3460 3468 3461
f 3460 3466 3467
f 3460 3467 3468
f 3466 3475 3467
f 3461 3468 3470
f 3461 3470 3463
f 3463 3471 3464
f 3464 3472 3465
f 3465 3472 3469
f 3463 3470 3471
f 3464 3471 3472
f 3469 3472 3478
f 3434 3462 3473
f 3462 3469 3473
f 3469 3474 3473
f 3469 3478 3474
f 3474 3478 3485
f 3467 3477 3468
f 3467 3475 3476
f 3467 3476 3477
f 3475 3482 3476
f 3468 3479 3470
f 3468 3477 3479
f 3470 3480 3471
f 3471 3481 3472
f 3470 3479 3480
f 3471 3480 3481
f 3472 3481 3478
f 3478 3481 3484
f 3476 3490 3477
f 3476 3482 3483
f 3476 3483 3490
f 3477 3490 3491
f 3482 3508 3483
f 3477 3491 3479
f 3479 3492 3480
f 3480 3493 3481
f 3479 3491 3492
f 3481 3493 3484
f 3478 3484 3485
f 3484 3486 3485
f 3483 3509 3490
f 3480 3492 3493
f 3484 3493 3494
f 3490 3516 3491
f 3491 3517 3492
f 3492 3518 3493
f 3493 3518 3494
f 3484 3494 3486
f 3486 3494 3495
f 3441 3487 3623
f 3487 3488 3624
f 3488 3489 3625
f 3489 3601 3496
f 3269 3270 3499
f 3270 3271 3500
f 3271 3272 3501
f 3272 3273 3502
f 3269 3499 3498
f 3270 3500 3499
f 3271 3501 3500
f 3272 3502 3501
f 3273 3530 3502
f 3498 3499 3522
f 3499 3500 3524
f 3500 3501 3526
f 3501 3502 3528
f 3244 3767 3254
f 3248 3258 3774
f 3503 3618 3504
f 3254 3767 3264
f 3504 3618 3619
f 3504 3619 3505
f 3505 3620 3506
f 3506 3621 3507
f 3258 3268 3774
f 3505 3619 3620
f 3506 3620 3621
f 3507 3621 3622
f 3483 3508 3510
f 3483 3510 3509
f 3490 3509 3516
f 3508 3519 3511
f 3508 3513 3510
f 3508 3511 3513
f 3509 3510 3514
f 3510 3513 3514
f 3509 3514 3564
f 3511 3512 3515
f 3511 3515 3513
f 3513 3515 3514
f 3514 3515 3563
f 3512 3539 3515
f 3491 3516 3517
f 3492 3517 3518
f 3494 3518 3569
f 3509 3564 3516
f 3516 3566 3517
f 3516 3564 3566
f 3517 3568 3518
f 3517 3566 3568
f 3519 3521 3531
f 3519 3520 3521
f 3498 3522 3520
f 3499 3524 3522
f 3520 3522 3521
f 3521 3522 3523
f 3522 3524 3523
f 3500 3526 3524
f 3501 3528 3526
f 3502 3530 3528
f 3524 3526 3525
f 3523 3524 3525
f 3525 3526 3527
f 3526 3528 3527
f 3527 3528 3529
f 3528 3530 3529
f 3529 3530 3550
f 3511 3519 3512
f 3512 3519 3537
f 3519 3538 3537
f 3519 3531 3534
f 3519 3534 3533
f 3531 3532 3534
f 3521 3532 3531
f 3519 3533 3541
f 3519 3536 3538
f 3519 3541 3536
f 3533 3534 3535
f 3532 3535 3534
f 3532 3546 3535
f 3535 3546 3543
f 3512 3537 3539
f 3537 3538 3539
f 3536 3540 3538
f 3538 3540 3539
f 3536 3544 3540
f 3540 3544 3576
f 3533 3542 3541
f 3536 3541 3544
f 3541 3542 3544
f 3533 3535 3542
f 3535 3543 3542
f 3542 3543 3545
f 3543 3554 3545
f 3542 3545 3544
f 3544 3545 3576
f 3545 3547 3576
f 3521 3523 3532
f 3523 3525 3546
f 3523 3546 3532
f 3543 3546 3548
f 3545 3554 3547
f 3547 3554 3555
f 3547 3555 3583
f 3557 3589 3583
f 3525 3527 3548
f 3525 3548 3546
f 3527 3549 3548
f 3527 3529 3549
f 3529 3552 3549
f 3548 3549 3554
f 3549 3552 3555
f 3529 3551 3552
f 3529 3550 3551
f 3552 3553 3556
f 3551 3553 3552
f 3543 3548 3554
f 3549 3555 3554
f 3552 3557 3555
f 3555 3557 3583
f 3552 3556 3557
f 3557 3590 3589
f 3557 3558 3590
f 3556 3558 3557
f 3494 3569 3495
f 3495 3595 3559
f 3495 3569 3595
f 3530 3559 3550
f 3550 3560 3551
f 3551 3560 3553
f 3553 3561 3556
f 3556 3562 3558
f 3558 3562 3590
f 3559 3595 3596
f 3559 3596 3599
f 3559 3599 3600
f 3559 3598 3597
f 3559 3600 3598
f 3550 3559 3560
f 3553 3560 3561
f 3559 3561 3560
f 3559 3562 3561
f 3556 3561 3562
f 3559 3597 3562
f 3514 3563 3564
f 3515 3574 3563
f 3564 3565 3566
f 3565 3567 3566
f 3563 3565 3564
f 3563 3577 3565
f 3566 3567 3568
f 3565 3579 3567
f 3565 3577 3579
f 3567 3570 3568
f 3567 3584 3570
f 3567 3579 3584
f 3518 3568 3569
f 3568 3570 3571
f 3570 3584 3573
f 3568 3571 3569
f 3570 3572 3571
f 3570 3573 3572
f 3515 3539 3574
f 3539 3575 3574
f 3563 3574 3577
f 3539 3540 3575
f 3540 3576 3575
f 3574 3575 3578
f 3575 3576 3581
f 3574 3578 3577
f 3575 3581 3578
f 3577 3580 3579
f 3577 3578 3580
f 3578 3582 3580
f 3579 3585 3584
f 3580 3592 3585
f 3579 3580 3585
f 3547 3581 3576
f 3578 3581 3582
f 3581 3583 3582
f 3547 3583 3581
f 3582 3589 3592
f 3582 3583 3589
f 3580 3582 3592
f 3584 3585 3587
f 3573 3584 3586
f 3584 3587 3586
f 3585 3588 3587
f 3585 3593 3588
f 3589 3591 3592
f 3589 3590 3591
f 3591 3594 3592
f 3585 3592 3593
f 3592 3594 3593
f 3569 3571 3595
f 3572 3573 3596
f 3571 3572 3596
f 3571 3596 3595
f 3573 3599 3596
f 3573 3586 3599
f 3586 3587 3600
f 3587 3588 3600
f 3591 3597 3594
f 3590 3597 3591
f 3593 3594 3598
f 3588 3593 3598
f 3586 3600 3599
f 3588 3598 3600
f 3562 3597 3590
f 3594 3597 3598
f 3496 3601 3497
f 3497 3601 3602
f 3497 3602 3603
f 3497 3603 3604
f 3497 3604 3605
f 3605 3609 3606
f 3604 3611 3605
f 3605 3611 3610
f 3605 3613 3609
f 3605 3610 3612
f 3605 3612 3613
f 3606 3617 3607
f 3607 3617 3608
f 3608 3616 3614
f 3606 3609 3617
f 3614 3616 3615
f 3608 3617 3616
f 3264 3767 3274
f 3268 3278 3774
f 3618 3626 3619
f 3619 3626 3627
f 3619 3627 3620
f 3620 3628 3621
f 3621 3629 3622
f 3620 3627 3628
f 3621 3628 3629
f 3622 3629 3630
f 3487 3624 3623
f 3488 3625 3624
f 3489 3496 3731
f 3496 3497 3732
f 3489 3730 3625
f 3489 3731 3730
f 3496 3732 3731
f 3497 3733 3732
f 3497 3734 3733
f 3497 3605 3734
f 3274 3767 3503
f 3626 3631 3627
f 3278 3507 3774
f 3627 3632 3628
f 3628 3633 3629
f 3629 3634 3630
f 3503 3767 3618
f 3627 3631 3632
f 3507 3622 3774
f 3628 3632 3633
f 3629 3633 3634
f 3630 3634 3635
f 3605 3606 3735
f 3606 3607 3735
f 3607 3608 3735
f 3608 3614 3735
f 3614 3615 3735
f 3615 3616 3765
f 3609 3765 3617
f 3616 3617 3765
f 3618 3767 3626
f 3631 3736 3632
f 3603 3774 3604
f 3604 3774 3611
f 3610 3611 3774
f 3601 3774 3602
f 3602 3774 3603
f 3612 3774 3613
f 3610 3774 3612
f 3622 3630 3774
f 3632 3737 3633
f 3633 3738 3634
f 3634 3739 3635
f 3632 3736 3737
f 3626 3767 3631
f 3633 3737 3738
f 3634 3738 3739
f 3635 3739 3740
f 3630 3635 3774
f 3662 3236 3231
f 3662 3288 3236
f 3662 3289 3288
f 3662 3291 3289
f 3662 3290 3291
f 3662 3287 3290
f 3662 3294 3287
f 3662 3292 3294
f 3457 3662 3231
f 3458 3663 3681
f 3458 3623 3664
f 3623 3624 3665
f 3624 3625 4017
f 1821 3662 3654
f 1829 3654 1830
f 1830 3654 1831
f 1831 3654 1832
f 1832 3654 1833
f 1833 3654 1834
f 3638 3654 3639
f 3639 3654 3640
f 1834 3654 3636
f 3636 3654 3637
f 3637 3654 3638
f 3645 3647 3646
f 3645 3650 3647
f 3646 3647 3649
f 3644 3646 3649
f 3645 3648 3650
f 3647 3650 3649
f 3652 3653 3654
f 3654 3661 3658
f 3653 3661 3654
f 3648 3654 3656
f 3648 3652 3654
f 3651 3656 3655
f 3654 3662 3656
f 3640 3654 3641
f 3641 3654 3642
f 3642 3654 3660
f 3654 3657 3660
f 3654 3659 3657
f 3654 3658 3659
f 1835 3282 3662
f 3662 3282 3284
f 3662 3284 3285
f 3662 3285 3286
f 3662 3286 3283
f 3457 3656 3662
f 3458 3664 3663
f 3623 3665 3664
f 3624 4017 3665
f 3022 3667 2995
f 3667 3666 2995
f 3022 3023 3667
f 3023 3088 3668
f 3088 3671 3668
f 3023 3668 3667
f 3197 3196 3670
f 3199 3715 3198
f 3088 3089 3671
f 3089 3103 3672
f 3089 3672 3671
f 3103 3673 3672
f 3667 3980 3666
f 3980 3669 3666
f 3667 3668 3980
f 3668 3671 3980
f 3103 3104 3673
f 3104 3105 3674
f 3104 3674 3673
f 3105 3979 3674
f 3673 3674 3980
f 3671 3672 3980
f 3672 3673 3980
f 3197 3670 3651
f 3651 3670 3981
f 3981 3670 3669
f 3980 3981 3669
f 3696 3235 3697
f 3697 3235 3698
f 3698 3233 3699
f 3199 3457 3715
f 3696 3715 3234
f 3406 3407 3803
f 3406 3800 3699
f 3407 3721 3803
f 3455 3683 3684
f 3412 3684 3720
f 3408 3720 3721
f 3676 3678 3991
f 3675 3676 3990
f 3677 3994 3678
f 3677 3688 3995
f 3715 3687 3198
f 3696 3697 3704
f 3696 3704 3700
f 3697 3698 3703
f 3698 3699 3703
f 3697 3703 3704
f 3406 3803 3800
f 3706 3685 3686
f 3706 3686 3687
f 3706 3687 3715
f 3706 3795 3685
f 3696 3700 3715
f 3700 3704 3701
f 3700 3701 3702
f 3700 3702 3715
f 3699 3718 3703
f 3701 3704 3717
f 3703 3718 3704
f 3708 3713 3712
f 3708 3709 3713
f 3705 3714 3709
f 3710 3711 3713
f 3711 3712 3713
f 3707 3715 3710
f 3706 3715 3707
f 3711 3715 3712
f 3710 3715 3711
f 3708 3712 3715
f 3709 3714 3713
f 3706 3707 3795
f 3707 3710 3795
f 3710 3713 3795
f 3702 3705 3715
f 3705 3709 3715
f 3708 3715 3709
f 3701 3717 3702
f 3699 3800 3718
f 3704 3718 3719
f 3702 3716 3705
f 3704 3719 3717
f 3702 3717 3716
f 3705 3716 3714
f 3688 3689 4001
f 3689 3690 4003
f 3690 3691 4004
f 3721 3722 3835
f 3691 3692 4009
f 3692 3693 4010
f 3693 3694 4012
f 3694 3695 4013
f 3675 3989 3725
f 3725 4025 3726
f 3726 4026 3727
f 3727 4027 3728
f 3728 4029 3729
f 3729 4033 3751
f 3605 3735 3734
f 3609 3613 3899
f 3615 3765 3735
f 3736 3741 3737
f 3737 3742 3738
f 3738 3743 3739
f 3739 3744 3740
f 3631 3767 3736
f 3737 3741 3742
f 3635 3740 3774
f 3738 3742 3743
f 3739 3743 3744
f 3740 3744 3745
f 3609 3899 3765
f 3736 3767 3741
f 3741 3746 3742
f 3742 3747 3743
f 3743 3748 3744
f 3744 3749 3745
f 3740 3745 3774
f 3742 3746 3747
f 3741 3767 3746
f 3613 3774 3895
f 3743 3747 3748
f 3744 3748 3749
f 3745 3749 3750
f 3745 3750 3774
f 3760 3761 3767
f 3761 3762 3779
f 3762 3879 3786
f 3751 4036 3752
f 3752 4039 3753
f 3753 4040 3759
f 3754 4042 3758
f 3695 3755 4043
f 3755 3756 4044
f 3757 3758 4045
f 3756 3757 4046
f 3754 3759 4048
f 3761 3779 3767
f 3746 3769 3747
f 3746 3767 3768
f 3746 3768 3769
f 3613 3895 3899
f 3747 3772 3748
f 3748 3773 3749
f 3749 3775 3750
f 3747 3769 3772
f 3748 3772 3773
f 3749 3773 3775
f 3750 3775 3774
f 3767 3771 3768
f 3768 3776 3769
f 3767 3770 3771
f 3768 3771 3776
f 3767 3779 3770
f 3770 3781 3771
f 3769 3777 3772
f 3772 3778 3773
f 3773 3778 3775
f 3774 3775 3778
f 3769 3776 3777
f 3772 3777 3778
f 3774 3778 3782
f 3771 3784 3776
f 3776 3783 3777
f 3777 3785 3778
f 3762 3786 3779
f 3765 3911 3766
f 3770 3779 3780
f 3770 3780 3781
f 3779 3786 3780
f 3778 3785 3782
f 3777 3783 3785
f 3771 3781 3784
f 3776 3784 3783
f 3774 3782 3787
f 3782 3785 3787
f 3780 3890 3781
f 3780 3786 3889
f 3780 3889 3890
f 3774 3787 3895
f 3783 3784 3894
f 3783 3892 3785
f 3781 3893 3784
f 3785 3892 3787
f 3781 3890 3893
f 3783 3894 3892
f 3784 3893 3894
f 3679 3982 3680
f 3680 3983 3683
f 3681 3985 3682
f 3679 3682 3984
f 3683 3987 3684
f 3684 3988 3720
f 3675 3990 3989
f 3676 3991 3990
f 3677 3995 3994
f 3678 3994 3991
f 3720 3998 3721
f 3721 3999 3722
f 3722 4000 3723
f 3723 4007 3724
f 3724 4008 3817
f 3688 4001 3995
f 3689 4003 4001
f 3690 4004 4003
f 3691 4009 4004
f 3692 4010 4009
f 3693 4012 4010
f 3694 4013 4012
f 3695 4043 4013
f 3625 3730 4021
f 3730 3731 4022
f 3731 3732 4023
f 3732 3733 4031
f 3733 3734 4032
f 3734 3735 4035
f 3725 3989 4024
f 3725 4024 4025
f 3726 4025 4026
f 3727 4026 4027
f 3728 4027 4029
f 3729 4029 4033
f 3763 4051 3766
f 3763 3764 4053
f 3764 3882 4054
f 3735 3765 4055
f 3765 3766 4056
f 3751 4033 4036
f 3752 4036 4039
f 3753 4039 4040
f 3754 4048 4042
f 3755 4044 4043
f 3756 4046 4044
f 3758 4042 4045
f 3757 4045 4046
f 3759 4040 4048
f 3793 3788 3791
f 3793 3791 3802
f 3793 3806 3794
f 3794 3812 3822
f 3795 3789 3685
f 3795 3790 3789
f 3795 3792 3790
f 3802 3791 3792
f 3795 3802 3792
f 3713 3714 3796
f 3713 3796 3795
f 3714 3797 3796
f 3717 3719 3799
f 3714 3716 3797
f 3716 3717 3798
f 3718 3800 3719
f 3719 3801 3799
f 3719 3800 3801
f 3716 3798 3797
f 3717 3799 3798
f 3795 3796 3802
f 3796 3797 3804
f 3796 3804 3802
f 3797 3805 3804
f 3797 3798 3805
f 3798 3799 3807
f 3800 3803 3801
f 3799 3801 3808
f 3798 3807 3805
f 3801 3809 3808
f 3799 3808 3807
f 3801 3803 3809
f 3721 3815 3803
f 3721 3835 3815
f 3793 3802 3806
f 3794 3806 3812
f 3802 3804 3806
f 3804 3805 3811
f 3804 3810 3806
f 3804 3811 3810
f 3805 3807 3813
f 3808 3809 3816
f 3807 3808 3814
f 3803 3815 3809
f 3809 3815 3816
f 3805 3813 3811
f 3808 3816 3814
f 3807 3814 3813
f 3722 3838 3835
f 3806 3810 3812
f 3810 3811 3830
f 3810 3831 3812
f 3810 3830 3831
f 3814 3816 3836
f 3815 3836 3816
f 3811 3813 3833
f 3813 3814 3834
f 3815 3835 3836
f 3814 3836 3834
f 3813 3834 3833
f 3811 3833 3830
f 3722 3723 3838
f 3723 3724 3846
f 3724 3817 3854
f 3817 3818 3858
f 3723 3846 3838
f 3724 3854 3846
f 3818 3819 3858
f 3819 3820 3872
f 3820 3821 3878
f 3822 3832 3823
f 3823 3841 3824
f 3824 3850 3825
f 3825 3859 3826
f 3826 3864 3827
f 3827 3867 3828
f 3828 3870 3829
f 3812 3832 3822
f 3823 3832 3841
f 3812 3831 3832
f 3830 3839 3831
f 3831 3839 3832
f 3830 3840 3839
f 3833 3834 3842
f 3834 3836 3843
f 3830 3833 3840
f 3835 3837 3836
f 3836 3837 3843
f 3835 3838 3837
f 3833 3842 3840
f 3834 3843 3842
f 3832 3839 3841
f 3839 3840 3844
f 3839 3844 3841
f 3840 3845 3844
f 3837 3838 3849
f 3842 3843 3848
f 3837 3847 3843
f 3840 3842 3845
f 3838 3846 3849
f 3843 3847 3848
f 3837 3849 3847
f 3842 3848 3845
f 3817 3858 3854
f 3846 3853 3849
f 3821 3886 3878
f 3819 3872 3858
f 3820 3878 3872
f 3824 3841 3850
f 3825 3850 3859
f 3826 3859 3864
f 3827 3864 3867
f 3828 3867 3870
f 3841 3844 3850
f 3844 3845 3852
f 3844 3852 3850
f 3845 3851 3852
f 3850 3852 3859
f 3851 3860 3852
f 3852 3860 3859
f 3851 3861 3860
f 3847 3849 3856
f 3847 3855 3848
f 3845 3848 3851
f 3849 3853 3856
f 3846 3854 3853
f 3848 3855 3851
f 3847 3856 3855
f 3853 3863 3856
f 3855 3856 3862
f 3853 3854 3857
f 3851 3855 3861
f 3853 3857 3863
f 3855 3862 3861
f 3856 3863 3862
f 3854 3858 3857
f 3859 3860 3864
f 3860 3861 3865
f 3857 3871 3863
f 3862 3863 3874
f 3857 3858 3873
f 3861 3862 3866
f 3860 3865 3864
f 3861 3866 3865
f 3864 3865 3867
f 3865 3868 3867
f 3865 3866 3868
f 3866 3869 3868
f 3867 3868 3870
f 3868 3869 3923
f 3868 3923 3870
f 3869 3924 3923
f 3858 3872 3873
f 3857 3873 3871
f 3863 3871 3874
f 3862 3874 3866
f 3871 3873 3876
f 3872 3877 3873
f 3866 3874 3869
f 3871 3875 3874
f 3872 3878 3877
f 3873 3877 3876
f 3871 3876 3875
f 3869 3874 3875
f 3876 3877 3932
f 3877 3929 3932
f 3877 3878 3929
f 3869 3875 3924
f 3875 3876 3931
f 3875 3931 3924
f 3876 3932 3931
f 3879 3880 3891
f 3880 3881 3898
f 3881 3921 3908
f 3764 3942 3882
f 3887 3888 3936
f 3885 3952 3888
f 3883 3941 3884
f 3882 3942 3883
f 3884 3952 3885
f 3786 3879 3891
f 3880 3898 3891
f 3763 3766 3963
f 3765 3899 3911
f 3763 3969 3764
f 3766 3911 3959
f 3786 3891 3889
f 3889 3891 3896
f 3889 3896 3897
f 3889 3897 3890
f 3787 3892 3895
f 3890 3902 3893
f 3893 3901 3894
f 3892 3894 3900
f 3892 3900 3895
f 3894 3901 3900
f 3890 3897 3902
f 3893 3902 3901
f 3891 3898 3896
f 3896 3904 3897
f 3896 3898 3903
f 3899 3900 3907
f 3895 3900 3899
f 3900 3901 3907
f 3897 3905 3902
f 3901 3902 3906
f 3881 3908 3898
f 3908 3921 3973
f 3766 3959 3963
f 3763 3963 3969
f 3764 3969 3942
f 3913 3962 3959
f 3898 3908 3903
f 3903 3910 3904
f 3896 3903 3904
f 3901 3906 3907
f 3899 3907 3911
f 3906 3913 3907
f 3904 3914 3905
f 3905 3912 3906
f 3907 3913 3911
f 3897 3904 3905
f 3902 3905 3906
f 3903 3908 3909
f 3903 3909 3910
f 3908 3973 3909
f 3909 3958 3910
f 3906 3912 3913
f 3904 3910 3914
f 3905 3914 3912
f 3912 3962 3913
f 3911 3913 3959
f 3910 3960 3914
f 3912 3914 3961
f 3829 3925 3915
f 3915 3928 3916
f 3918 3976 3922
f 3916 3948 3917
f 3917 3951 3918
f 3919 3967 3920
f 3920 3973 3921
f 3919 3922 3964
f 3886 3887 3930
f 3878 3886 3930
f 3887 3936 3930
f 3888 3952 3936
f 3883 3942 3941
f 3884 3941 3952
f 3829 3870 3925
f 3915 3925 3928
f 3916 3928 3948
f 3918 3951 3976
f 3917 3948 3951
f 3870 3923 3925
f 3923 3927 3925
f 3923 3924 3927
f 3924 3926 3927
f 3925 3927 3928
f 3926 3949 3927
f 3926 3950 3949
f 3927 3949 3928
f 3878 3930 3929
f 3929 3934 3932
f 3929 3935 3934
f 3929 3930 3935
f 3930 3936 3935
f 3924 3931 3926
f 3931 3932 3937
f 3926 3931 3937
f 3932 3934 3937
f 3933 3936 3952
f 3934 3935 3938
f 3934 3956 3937
f 3933 3935 3936
f 3926 3937 3950
f 3933 3938 3935
f 3934 3938 3956
f 3937 3956 3950
f 3939 3947 3940
f 3939 3940 3974
f 3939 3976 3951
f 3944 3945 3978
f 3942 3968 3945
f 3941 3942 3945
f 3944 3954 3955
f 3944 3955 3945
f 3943 3954 3944
f 3940 3953 3943
f 3941 3945 3955
f 3940 3943 3975
f 3943 3944 3977
f 3946 3951 3948
f 3946 3950 3947
f 3928 3949 3948
f 3946 3948 3949
f 3946 3949 3950
f 3939 3946 3947
f 3939 3951 3946
f 3933 3954 3938
f 3938 3953 3956
f 3933 3952 3955
f 3933 3955 3954
f 3941 3955 3952
f 3947 3956 3953
f 3938 3954 3953
f 3947 3950 3956
f 3940 3947 3953
f 3943 3953 3954
f 3920 3967 3973
f 3919 3964 3967
f 3957 3973 3967
f 3957 3966 3958
f 3957 3967 3965
f 3912 3961 3962
f 3959 3962 3963
f 3961 3972 3970
f 3962 3970 3963
f 3961 3970 3962
f 3960 3972 3961
f 3958 3971 3960
f 3965 3975 3966
f 3965 3974 3975
f 3964 3974 3965
f 3957 3965 3966
f 3964 3965 3967
f 3963 3970 3969
f 3966 3977 3971
f 3968 3970 3972
f 3971 3978 3972
f 3968 3969 3970
f 3968 3972 3978
f 3971 3977 3978
f 3966 3975 3977
f 3958 3966 3971
f 3960 3971 3972
f 3909 3973 3957
f 3909 3957 3958
f 3910 3958 3960
f 3914 3960 3961
f 3922 3976 3964
f 3964 3976 3974
f 3940 3975 3974
f 3939 3974 3976
f 3945 3968 3978
f 3942 3969 3968
f 3943 3977 3975
f 3944 3978 3977
f 3817 4057 3818
f 3818 4058 3819
f 3819 4060 3820
f 3820 4061 3821
f 3821 4062 3886
f 3882 3883 4066
f 3883 3884 4067
f 3884 3885 4068
f 3886 4069 3887
f 3887 4070 3888
f 3885 3888 4071
f 3674 3979 3980
f 3643 3644 3980
f 3643 3980 3979
f 3644 3649 3980
f 3649 3650 3980
f 3648 3981 3650
f 3650 3981 3980
f 3648 3656 3981
f 3651 3981 3656
f 3680 3982 3983
f 3682 3985 3984
f 3679 3984 3982
f 3663 3985 3681
f 3683 3983 3987
f 3684 3987 3988
f 3720 3988 3998
f 3984 3985 3993
f 3663 3986 3985
f 3986 4018 3989
f 3982 3984 3992
f 3982 3992 3983
f 3984 3993 3992
f 3985 3986 3993
f 3663 4018 3986
f 3983 3996 3987
f 3987 3997 3988
f 3987 3996 3997
f 3988 4002 3998
f 3988 3997 4002
f 3991 3996 3992
f 3986 3990 3993
f 3986 3989 3990
f 3990 3991 3993
f 3991 3992 3993
f 3983 3992 3996
f 3991 3994 3996
f 3994 3997 3996
f 3995 4002 3997
f 3994 3995 3997
f 3721 3998 3999
f 3722 3999 4000
f 3723 4000 4007
f 3724 4007 4008
f 3998 4005 3999
f 3998 4002 4005
f 3999 4005 4000
f 4000 4005 4006
f 3995 4001 4002
f 4001 4005 4002
f 4001 4003 4005
f 4003 4006 4005
f 4003 4004 4006
f 4000 4006 4007
f 4006 4011 4007
f 4007 4011 4008
f 4008 4011 4014
f 4008 4014 4057
f 4004 4011 4006
f 4004 4009 4011
f 4009 4014 4011
f 4009 4010 4014
f 4010 4015 4014
f 4010 4012 4015
f 4012 4013 4016
f 4012 4016 4015
f 4013 4043 4059
f 4013 4059 4016
f 4014 4015 4057
f 3625 4021 4017
f 3730 4022 4021
f 3731 4023 4022
f 3732 4031 4023
f 3733 4032 4031
f 3734 4035 4032
f 3664 3665 4018
f 3663 3664 4018
f 3665 4017 4019
f 4017 4021 4020
f 4018 4019 4024
f 3665 4019 4018
f 4017 4020 4019
f 4020 4021 4028
f 4021 4022 4028
f 4022 4030 4028
f 4022 4023 4030
f 3989 4018 4024
f 4019 4025 4024
f 4019 4020 4025
f 4020 4026 4025
f 4020 4028 4026
f 4026 4028 4027
f 4027 4028 4030
f 4027 4030 4029
f 4023 4031 4030
f 4030 4031 4034
f 4031 4032 4034
f 4029 4030 4034
f 4029 4034 4033
f 4033 4034 4037
f 4032 4037 4034
f 4032 4035 4037
f 3735 4055 4035
f 3766 4051 4056
f 3763 4053 4051
f 3764 4054 4053
f 3765 4056 4055
f 4033 4037 4036
f 4036 4037 4038
f 4036 4038 4041
f 4035 4038 4037
f 4035 4055 4038
f 4038 4055 4056
f 4036 4041 4039
f 4039 4049 4040
f 4039 4041 4049
f 4038 4056 4041
f 4041 4051 4049
f 4041 4056 4051
f 4044 4046 4064
f 4042 4047 4045
f 4042 4052 4047
f 4045 4065 4046
f 4045 4047 4065
f 4040 4049 4048
f 4048 4049 4050
f 4042 4048 4050
f 4049 4053 4050
f 4049 4051 4053
f 4042 4050 4052
f 4050 4054 4052
f 4050 4053 4054
f 3817 4008 4057
f 3818 4057 4058
f 3819 4058 4060
f 3820 4060 4061
f 3821 4061 4062
f 4015 4058 4057
f 4015 4016 4060
f 4015 4060 4058
f 4016 4059 4061
f 4059 4063 4062
f 4016 4061 4060
f 4059 4062 4061
f 3885 4071 4068
f 3883 4067 4066
f 3882 4066 4054
f 3884 4068 4067
f 3886 4062 4069
f 3887 4069 4070
f 3888 4070 4071
f 4043 4044 4063
f 4043 4063 4059
f 4044 4064 4063
f 4046 4065 4064
f 4063 4064 4070
f 4064 4065 4071
f 4047 4068 4065
f 4062 4063 4069
f 4063 4070 4069
f 4065 4068 4071
f 4064 4071 4070
f 4047 4052 4067
f 4052 4054 4066
f 4052 4066 4067
f 4047 4067 4068
f 544 46 24
f 24 25 547
f 588 25 26
f 589 26 27
f 590 27 28
f 591 28 29
f 1450 29 909
f 32 30 773
f 41 31 774
f 31 32 775
f 37 34 777
f 34 33 776
f 35 36 779
f 33 35 778
f 30 37 780
f 39 38 781
f 40 39 782
f 42 40 783
f 38 41 784
f 43 42 785
f 44 43 786
f 1855 44 787
f 36 45 788
f 794 45 46
f 794 46 544
f 538 24 547
f 538 539 24
f 539 540 24
f 540 541 24
f 541 542 24
f 542 543 24
f 544 24 543
f 588 546 25
f 25 546 547
f 588 26 589
f 589 27 590
f 590 28 591
f 591 29 1450
f 32 773 775
f 31 775 774
f 41 774 784
f 34 776 777
f 35 779 778
f 36 788 779
f 33 778 776
f 30 780 773
f 37 777 780
f 38 784 781
f 39 781 782
f 40 782 783
f 43 785 786
f 783 785 42
f 44 786 787
f 1855 787 2077
f 789 788 45
f 794 789 45
f 794 544 545
f 544 543 545
f 588 548 546
f 794 790 789
f 794 791 790
f 794 792 791
f 794 793 792
f 794 816 793
f 794 545 816
f 588 795 548
f 796 816 545
f 588 589 3200
f 588 3200 795
f 589 590 3200
f 590 591 3200
f 591 1450 3200
f 3200 816 796
f 3200 796 797
f 3200 797 799
f 3200 799 800
f 3200 803 805
f 3200 801 804
f 3200 800 802
f 3200 802 801
f 3200 804 803
f 3200 808 795
f 3200 807 808
f 3200 810 809
f 3200 809 807
f 3200 805 810
f 1451 909 910
f 1452 910 911
f 1453 911 912
f 1454 912 913
f 913 914 1457
f 1460 914 915
f 1688 915 916
f 916 917 1690
f 917 918 1797
f 918 919 1798
f 919 920 1799
f 920 921 1800
f 921 922 1801
f 922 923 1802
f 923 924 1803
f 924 925 1804
f 925 926 1805
f 926 927 1806
f 927 928 1807
f 928 929 1808
f 929 930 1809
f 930 931 1810
f 931 932 1811
f 932 2875 3279
f 1450 909 1451
f 1451 910 1452
f 1452 911 1453
f 1453 912 1454
f 1454 913 1456
f 1456 913 1457
f 1459 1457 914
f 1460 1459 914
f 1460 915 1688
f 1688 916 1689
f 1689 916 1690
f 917 1797 1690
f 918 1798 1797
f 919 1799 1798
f 920 1800 1799
f 1801 1800 921
f 922 1802 1801
f 923 1803 1802
f 924 1804 1803
f 925 1805 1804
f 926 1806 1805
f 927 1807 1806
f 928 1808 1807
f 929 1809 1808
f 930 1810 1809
f 931 1811 1810
f 932 3279 1811
f 1454 1456 1458
f 1460 1461 1459
f 1450 1451 3200
f 1451 1452 3200
f 1452 1453 3200
f 1453 1454 3200
f 1454 1458 3200
f 3200 1458 1692
f 1460 1707 1461
f 1688 1689 1691
f 1460 1688 1707
f 1688 1691 1707
f 1691 1713 1707
f 3200 1692 1694
f 3200 1694 1695
f 3200 1695 1696
f 3200 1696 1697
f 3200 1697 1699
f 3200 1699 1698
f 3200 1698 1701
f 3200 1701 1700
f 3200 1700 1702
f 3200 1702 1703
f 3200 1703 1704
f 3200 1704 1706
f 3200 1706 1707
f 3200 1707 1713
f 2073 1876 1875
f 1856 1855 2077
f 1857 1856 2078
f 1858 1857 2079
f 1859 1858 2080
f 1860 1859 2081
f 1861 1860 2082
f 1862 1861 2083
f 1863 1862 2084
f 1864 1863 2085
f 1865 1864 2086
f 1866 1865 2087
f 1867 1866 2088
f 1868 1867 2089
f 2090 1869 1868
f 1870 1869 2091
f 1871 1870 2092
f 1872 1871 2117
f 2127 1873 1872
f 2178 1874 1873
f 2179 1875 1874
f 2073 1875 2330
f 1856 2077 2078
f 1857 2078 2079
f 1858 2079 2080
f 1859 2080 2081
f 1860 2081 2082
f 1861 2082 2083
f 1862 2083 2084
f 1863 2084 2085
f 1864 2085 2086
f 1865 2086 2087
f 1866 2087 2088
f 2088 2089 1867
f 2089 2090 1868
f 2090 2091 1869
f 2091 2092 1870
f 2092 2117 1871
f 2118 1872 2117
f 2127 1872 2118
f 2127 2178 1873
f 2178 2179 1874
f 2179 2330 1875
f 2073 2330 2331
f 3200 2126 816
f 2127 2126 3200
f 2127 3200 2178
f 2124 2123 2120
f 2127 2118 2119
f 2127 2119 2120
f 2127 2120 2123
f 2127 2122 2125
f 2127 2123 2121
f 2127 2121 2122
f 2127 2125 2126
f 2178 3200 2179
f 2179 3200 2330
f 2330 3200 2333
f 2333 3200 2335
f 2335 3200 2337
f 2337 3200 3296
f 2330 2333 2331
f 2331 2333 2332
f 2332 2333 2334
f 2333 2335 2334
f 2334 2335 2336
f 2335 2337 2336
f 2336 2337 3295
f 2337 3296 3295
f 2895 2892 2891
f 3230 2874 2873
f 2884 2874 3236
f 3280 2875 2876
f 2876 2877 3281
f 2877 2878 3282
f 2882 2879 3283
f 2878 2880 3284
f 2880 2881 3285
f 2881 2882 3286
f 2890 2883 3287
f 2887 2885 3289
f 2885 2884 3288
f 2886 2887 3291
f 2883 2886 3290
f 2889 2888 3292
f 2879 2889 3293
f 2888 2890 3294
f 2895 3304 2892
f 3304 2893 2892
f 3305 2894 2893
f 3306 2873 2894
f 3230 3231 2874
f 3231 3236 2874
f 3280 3279 2875
f 3281 3280 2876
f 3284 3282 2878
f 3282 3281 2877
f 2880 3285 3284
f 2881 3286 3285
f 2882 3283 3286
f 2890 3287 3294
f 2887 3289 3291
f 2884 3236 3288
f 2885 3288 3289
f 2886 3291 3290
f 2883 3290 3287
f 2879 3293 3283
f 2889 3292 3293
f 2888 3294 3292
f 2895 3303 3304
f 3304 3305 2893
f 3306 2894 3305
f 3306 3230 2873
f 3200 1713 3238
f 3200 3298 3296
f 3200 3300 3298
f 3200 3302 3300
f 3200 3304 3302
f 3200 3305 3304
f 3200 3306 3305
f 3200 3230 3306
f 3200 3238 3230
f 3231 3232 3234
f 3230 3232 3231
f 3230 3237 3233
f 3230 3235 3232
f 3230 3233 3235
f 3230 3238 3237
f 3295 3296 3297
f 3296 3298 3297
f 3297 3298 3299
f 3298 3300 3299
f 3299 3300 3301
f 3300 3302 3301
f 3301 3302 3303
f 3302 3304 3303
f 1884 1876 1906
f 2073 1906 1876
f 2073 1908 1906
f 2073 1960 1908
f 2073 1962 1961
f 2073 1961 1960
f 2073 1963 1962
f 2073 1964 1963
f 2073 1965 1964
f 2073 1966 1965
f 2073 1967 1966
f 2073 1968 1967
f 2073 1969 1968
f 2073 1970 1969
f 1909 1906 1911
f 1911 1906 1907
f 1906 1908 1907
f 1906 1909 1910
f 1906 1910 1930
f 1906 1930 1931
f 1906 1931 2019
f 2019 1931 1928
f 2019 1928 1929
f 2073 1971 1970
f 2073 1989 1971
f 2073 1990 1989
f 2073 1991 1990
f 2073 1992 1991
f 2073 1993 1992
f 2073 1994 1993
f 2073 1995 1994
f 2073 1996 1995
f 2073 1997 1996
f 2073 1998 1997
f 2073 1972 1998
f 1998 1972 1999
f 1972 2044 1999
f 1932 2019 1929
f 2019 1932 1933
f 2019 1933 1934
f 2019 1934 1935
f 2019 1935 1936
f 2019 1936 1937
f 1937 1938 2019
f 2019 1938 1939
f 2019 1939 1940
f 2019 1940 1941
f 1941 1942 2019
f 1942 1943 2019
f 1943 2015 2019
f 2019 2015 2016
f 2016 2017 2019
f 2017 2018 2019
f 2018 2033 2019
f 2000 2044 2001
f 2001 2044 2003
f 2003 2044 2004
f 2044 2033 2034
f 2044 2034 2035
f 2044 2035 2036
f 2044 2036 2037
f 2040 2044 2039
f 2039 2044 2043
f 2038 2044 2040
f 2004 2044 2038
f 2037 2041 2044
f 2042 2044 2041
f 2042 2043 2044
f 1999 2044 2002
f 2002 2044 2000
f 2019 2033 2044
f 2073 2616 1972
f 2073 2331 2075
f 2073 2619 2616
f 2073 2075 2619
f 2331 2076 2075
f 2331 2332 2733
f 2332 2334 2734
f 2331 2655 2076
f 2334 2336 2734
f 2617 2616 2619
f 2331 2656 2655
f 2331 2731 2656
f 2331 2732 2731
f 2331 2733 2732
f 2332 2734 2733
f 2336 3788 2734
f 2655 2657 2076
f 2895 2891 2912
f 2895 2912 2919
f 2895 2921 2983
f 2895 2924 2920
f 2895 2922 2924
f 2895 2920 2921
f 2895 2984 2985
f 2895 2983 2984
f 2895 2985 2986
f 2895 2986 2987
f 2895 2987 2988
f 2895 2988 2989
f 2895 2989 2990
f 2895 2990 2995
f 2895 2995 3303
f 2895 2919 2952
f 2895 2923 2922
f 2895 2945 2923
f 2895 2946 2945
f 2895 2943 2946
f 2895 2944 2943
f 2895 2947 2944
f 2895 2948 2947
f 2895 2949 2948
f 2895 2950 2949
f 2895 2951 2950
f 2895 2952 2951
f 2919 3133 2953
f 2919 2953 2952
f 2990 2991 2995
f 2991 2992 2995
f 2992 2993 2995
f 2993 2994 2995
f 2994 3024 2995
f 3024 3025 2995
f 3025 3026 2995
f 3026 3027 2995
f 3027 3028 2995
f 3028 3029 2995
f 3029 3030 2995
f 2995 3030 3169
f 3133 2954 2953
f 3133 2955 2954
f 3133 2956 2955
f 2956 3133 2957
f 2957 3133 2958
f 2958 3133 3115
f 3115 3133 3116
f 3116 3133 3117
f 3117 3133 3118
f 3118 3133 3134
f 3134 3133 3135
f 3135 3133 3136
f 3136 3133 3137
f 3133 3138 3137
f 3138 3133 3142
f 3142 3133 3143
f 3169 3035 3036
f 3036 3038 3169
f 3038 3039 3169
f 3141 3140 3169
f 3169 3140 3144
f 3139 3141 3169
f 3039 3139 3169
f 3144 3143 3169
f 3030 3031 3169
f 3031 3032 3169
f 3032 3033 3169
f 3033 3034 3169
f 3169 3034 3037
f 3169 3037 3035
f 3169 3143 3133
f 3303 2995 3666
f 3303 3666 3196
f 3303 3196 3198
f 2336 3295 3791
f 3295 3297 3792
f 3297 3299 3792
f 3299 3301 3792
f 3301 3303 3792
f 3670 3666 3669
f 3196 3666 3670
f 3303 3198 3792
f 2336 3791 3788
f 3295 3792 3791
f 3198 3686 3685
f 3198 3687 3686
f 3198 3685 3789
f 3198 3789 3790
f 3198 3790 3792
f 1902 1908 1945
f 1901 1905 1911
f 1902 1901 1907
f 1903 1909 1905
f 1903 1904 1910
f 1901 1911 1907
f 1902 1907 1908
f 1905 1909 1911
f 1904 1930 1910
f 1903 1910 1909
f 1915 1912 1928
f 1912 1913 1929
f 1913 1916 1932
f 1904 1914 1930
f 1914 1915 1931
f 1915 1928 1931
f 1912 1929 1928
f 1913 1932 1929
f 1914 1931 1930
f 1916 1917 1933
f 1917 1918 1934
f 1918 1919 1935
f 1916 1933 1932
f 1917 1934 1933
f 1918 1935 1934
f 1919 1936 1935
f 1919 1920 1936
f 1920 1921 1937
f 1921 1922 1938
f 1922 1923 1939
f 1920 1937 1936
f 1921 1938 1937
f 1922 1939 1938
f 1923 1924 1940
f 1924 1925 1941
f 1925 1926 1942
f 1926 1927 1943
f 1923 1940 1939
f 1924 1941 1940
f 1925 1942 1941
f 1926 1943 1942
f 1927 2015 1943
f 1946 1945 1960
f 1946 1961 1947
f 1947 1962 1948
f 1948 1963 1949
f 1949 1964 1950
f 1950 1965 1951
f 1951 1966 1952
f 1952 1967 1953
f 1953 1968 1954
f 1954 1969 1955
f 1955 1970 1956
f 1946 1960 1961
f 1945 1908 1960
f 1947 1961 1962
f 1948 1962 1963
f 1949 1963 1964
f 1950 1964 1965
f 1951 1965 1966
f 1952 1966 1967
f 1953 1967 1968
f 1954 1968 1969
f 1955 1969 1970
f 1956 1971 1973
f 1956 1970 1971
f 1973 1989 1974
f 1974 1990 1975
f 1975 1991 1976
f 1976 1992 1977
f 1973 1971 1989
f 1974 1989 1990
f 1975 1990 1991
f 1976 1991 1992
f 1977 1992 1993
f 1977 1993 1978
f 1978 1994 1979
f 1979 1995 1980
f 1980 1996 1981
f 1978 1993 1994
f 1979 1994 1995
f 1980 1995 1996
f 1981 1997 1982
f 1982 1998 1983
f 1983 1999 1986
f 1981 1996 1997
f 1982 1997 1998
f 1983 1998 1999
f 1986 1999 2002
f 1986 2002 1984
f 1984 2000 1985
f 1985 2001 1987
f 1987 2003 1988
f 2025 1988 2004
f 1984 2002 2000
f 1985 2000 2001
f 1987 2001 2003
f 1988 2003 2004
f 1927 2011 2015
f 2011 2012 2016
f 2012 2013 2017
f 2013 2014 2018
f 2011 2016 2015
f 2012 2017 2016
f 2013 2018 2017
f 2014 2033 2018
f 2014 2020 2033
f 2020 2021 2034
f 2021 2022 2035
f 2024 2028 2041
f 2022 2023 2036
f 2023 2024 2037
f 2025 2038 2027
f 2027 2040 2026
f 2030 2026 2039
f 2028 2029 2042
f 2029 2030 2043
f 2020 2034 2033
f 2021 2035 2034
f 2024 2041 2037
f 2022 2036 2035
f 2023 2037 2036
f 2025 2004 2038
f 2027 2038 2040
f 2026 2040 2039
f 2028 2042 2041
f 2029 2043 2042
f 2030 2039 2043
f 2939 2983 2921
f 2942 2920 2924
f 2938 2921 2920
f 2940 2924 2922
f 2941 2922 2923
f 2938 2920 2942
f 2939 2921 2938
f 2940 2942 2924
f 2941 2923 2965
f 2940 2922 2941
f 2963 2946 2943
f 2964 2943 2944
f 2967 2944 2947
f 2965 2923 2945
f 2966 2945 2946
f 2966 2946 2963
f 2963 2943 2964
f 2964 2944 2967
f 2965 2945 2966
f 2968 2947 2948
f 2969 2948 2949
f 2970 2949 2950
f 2967 2947 2968
f 2968 2948 2969
f 2969 2949 2970
f 2970 2950 2975
f 2975 2950 2951
f 2976 2951 2952
f 2977 2952 2953
f 2978 2953 2954
f 2975 2951 2976
f 2976 2952 2977
f 2977 2953 2978
f 2979 2954 2955
f 2980 2955 2956
f 2981 2956 2957
f 2982 2957 2958
f 2978 2954 2979
f 2979 2955 2980
f 2980 2956 2981
f 2981 2957 2982
f 2982 2958 3122
f 3005 2984 2983
f 3006 2985 2984
f 3007 2986 2985
f 3008 2987 2986
f 3009 2988 2987
f 3010 2989 2988
f 3011 2990 2989
f 3012 2991 2990
f 3013 2992 2991
f 3014 2993 2992
f 3015 2994 2993
f 3006 2984 3005
f 2939 3005 2983
f 3006 3007 2985
f 3007 3008 2986
f 3008 3009 2987
f 3009 3010 2988
f 3010 3011 2989
f 3011 3012 2990
f 3012 3013 2991
f 3013 3014 2992
f 3014 3015 2993
f 3019 3024 2994
f 3015 3019 2994
f 3040 3025 3024
f 3041 3026 3025
f 3042 3027 3026
f 3043 3028 3027
f 3019 3040 3024
f 3040 3041 3025
f 3041 3042 3026
f 3042 3043 3027
f 3043 3044 3028
f 3044 3029 3028
f 3045 3030 3029
f 3046 3031 3030
f 3047 3032 3031
f 3044 3045 3029
f 3045 3046 3030
f 3046 3047 3031
f 3048 3033 3032
f 3049 3034 3033
f 3050 3037 3034
f 3047 3048 3032
f 3048 3049 3033
f 3049 3050 3034
f 3050 3053 3037
f 3053 3035 3037
f 3051 3036 3035
f 3052 3038 3036
f 3054 3039 3038
f 3055 3139 3039
f 3053 3051 3035
f 3051 3052 3036
f 3052 3054 3038
f 3054 3055 3039
f 3122 2958 3115
f 3123 3115 3116
f 3124 3116 3117
f 3125 3117 3118
f 3122 3115 3123
f 3123 3116 3124
f 3124 3117 3125
f 3125 3118 3145
f 3145 3118 3134
f 3146 3134 3135
f 3147 3135 3136
f 3153 3138 3142
f 3148 3136 3137
f 3149 3137 3138
f 3150 3141 3139
f 3152 3140 3141
f 3151 3144 3140
f 3154 3142 3143
f 3155 3143 3144
f 3145 3134 3146
f 3146 3135 3147
f 3149 3138 3153
f 3147 3136 3148
f 3148 3137 3149
f 3150 3139 3055
f 3150 3152 3141
f 3152 3151 3140
f 3153 3142 3154
f 3154 3143 3155
f 3155 3144 3151
f 2929 3006 2928
f 2930 2938 2931
f 2927 2939 2930
f 2927 2928 3005
f 2934 2966 2935
f 2931 2940 2932
f 2933 2937 2965
f 2932 2941 2937
f 2927 3005 2939
f 2928 3006 3005
f 2931 2942 2940
f 2931 2938 2942
f 2930 2939 2938
f 2933 2966 2934
f 2932 2940 2941
f 2937 2941 2965
f 2933 2965 2966
f 2935 2964 2936
f 2936 2967 2960
f 2959 2960 2968
f 2959 2969 2961
f 2961 2970 2962
f 2935 2966 2963
f 2935 2963 2964
f 2936 2964 2967
f 2960 2967 2968
f 2959 2968 2969
f 2961 2969 2970
f 2962 2970 2971
f 2971 2975 2972
f 2976 2973 2972
f 2977 2974 2973
f 2974 2979 3119
f 2971 2970 2975
f 2975 2976 2972
f 2976 2977 2973
f 2977 2978 2974
f 2974 2978 2979
f 2979 2980 3120
f 2929 2996 3006
f 2996 2997 3008
f 2997 2998 3008
f 2998 2999 3009
f 2999 3000 3011
f 3000 3001 3011
f 3001 3002 3012
f 3002 3003 3013
f 2996 3007 3006
f 2996 3008 3007
f 2998 3009 3008
f 2999 3010 3009
f 2999 3011 3010
f 3001 3012 3011
f 3002 3013 3012
f 3003 3004 3014
f 3003 3014 3013
f 3004 3015 3014
f 3004 3016 3015
f 3016 3017 3019
f 3016 3019 3015
f 3017 3040 3019
f 3017 3041 3040
f 3041 3018 3042
f 3017 3018 3041
f 3042 3018 3020
f 3042 3020 3043
f 3043 3020 3021
f 3044 3021 3056
f 3043 3021 3044
f 3044 3056 3045
f 3045 3056 3057
f 3045 3057 3046
f 3057 3058 3046
f 3058 3047 3046
f 3058 3059 3047
f 3047 3060 3048
f 3047 3059 3060
f 3048 3061 3049
f 3049 3062 3050
f 3048 3060 3061
f 3049 3061 3062
f 3053 3156 3051
f 3051 3157 3052
f 3050 3063 3053
f 3050 3062 3063
f 3053 3063 3156
f 2927 3069 2928
f 2929 2928 3070
f 2930 2931 3073
f 2931 2932 3074
f 2932 2937 3079
f 2927 2930 3072
f 2933 3075 2937
f 2933 2934 3076
f 2934 2935 3077
f 2935 2936 3078
f 2928 3069 3070
f 2929 3070 3071
f 2930 3073 3072
f 2931 3074 3073
f 2932 3079 3074
f 2927 3072 3069
f 2937 3075 3079
f 2933 3076 3075
f 2934 3077 3076
f 2935 3078 3077
f 2936 2960 3081
f 2959 3080 2960
f 2959 2961 3082
f 2961 2962 3083
f 2962 2971 3084
f 2971 2972 3085
f 2972 2973 3086
f 2973 2974 3087
f 2936 3081 3078
f 2960 3080 3081
f 2959 3082 3080
f 2961 3083 3082
f 2962 3084 3083
f 2971 3085 3084
f 2972 3086 3085
f 2973 3087 3086
f 2929 3071 2996
f 2996 3090 2997
f 2997 3091 2998
f 2998 3092 2999
f 2999 3093 3000
f 3000 3094 3001
f 3001 3095 3002
f 3002 3096 3003
f 3003 3097 3004
f 3004 3098 3016
f 3016 3099 3017
f 3017 3100 3018
f 3018 3101 3020
f 3020 3102 3021
f 2996 3071 3090
f 2997 3090 3091
f 2998 3091 3092
f 2999 3092 3093
f 3000 3093 3094
f 3001 3094 3095
f 3002 3095 3096
f 3003 3096 3097
f 3004 3097 3098
f 3016 3098 3099
f 3017 3099 3100
f 3018 3100 3101
f 3020 3101 3102
f 3021 3102 3106
f 3021 3106 3056
f 3056 3107 3057
f 3057 3108 3058
f 3058 3109 3059
f 3059 3110 3060
f 3060 3111 3061
f 3061 3112 3062
f 3062 3113 3063
f 3056 3106 3107
f 3057 3107 3108
f 3058 3108 3109
f 3059 3109 3110
f 3060 3110 3111
f 3061 3111 3112
f 3062 3112 3113
f 3063 3113 3114
f 2979 3120 3119
f 2980 2981 3121
f 2981 2982 3126
f 2980 3121 3120
f 2981 3126 3121
f 2982 3122 3127
f 3122 3123 3127
f 2982 3127 3126
f 3127 3123 3128
f 3128 3123 3124
f 3129 3124 3125
f 3130 3125 3145
f 3128 3124 3129
f 3129 3125 3130
f 3130 3145 3131
f 3145 3132 3131
f 3145 3146 3132
f 3146 3147 3160
f 3147 3148 3160
f 3148 3149 3161
f 3149 3153 3163
f 3153 3154 3164
f 3155 3151 3166
f 3154 3155 3167
f 3052 3158 3054
f 3054 3159 3055
f 3150 3055 3168
f 3150 3168 3152
f 3051 3156 3157
f 3052 3157 3158
f 3054 3158 3159
f 3152 3165 3151
f 3055 3159 3168
f 3151 3165 3166
f 3152 3168 3165
f 3146 3160 3132
f 3148 3161 3160
f 3149 3163 3161
f 3153 3162 3163
f 3153 3164 3162
f 3154 3167 3164
f 3155 3166 3167
f 2974 3119 3170
f 3119 3120 3171
f 3120 3121 3172
f 3121 3126 3173
f 3126 3127 3174
f 3127 3128 3175
f 3128 3129 3176
f 3129 3130 3177
f 3130 3131 3178
f 3131 3132 3179
f 2974 3170 3087
f 3119 3171 3170
f 3120 3172 3171
f 3121 3173 3172
f 3126 3174 3173
f 3127 3175 3174
f 3128 3176 3175
f 3129 3177 3176
f 3130 3178 3177
f 3131 3179 3178
f 3156 3181 3157
f 3158 3183 3159
f 3157 3182 3158
f 3159 3184 3168
f 3164 3167 3192
f 3132 3160 3185
f 3160 3161 3186
f 3161 3163 3188
f 3163 3162 3187
f 3164 3189 3162
f 3165 3168 3193
f 3165 3190 3166
f 3166 3191 3167
f 3063 3114 3156
f 3157 3181 3182
f 3158 3182 3183
f 3159 3183 3184
f 3168 3184 3193
f 3132 3185 3179
f 3160 3186 3185
f 3161 3188 3186
f 3163 3187 3188
f 3162 3189 3187
f 3164 3192 3189
f 3165 3193 3190
f 3167 3191 3192
f 3166 3190 3191
f 3156 3114 3181
f 1900 1891 1888
f 1900 1944 1891
f 2010 1888 2005
f 1900 1888 2010
f 1944 1895 1891
f 1944 1957 1895
f 1957 2008 1895
f 1957 2032 2008
f 1900 1902 1944
f 1900 1905 1901
f 1900 1901 1902
f 1900 1903 1905
f 1900 1915 1914
f 1900 1904 1903
f 1900 1914 1904
f 1900 1912 1915
f 1900 1913 1912
f 1900 1916 1913
f 1900 1918 1917
f 1900 1917 1916
f 1900 1919 1918
f 1900 1920 1919
f 1900 1921 1920
f 1900 2010 1921
f 1921 2010 1922
f 1922 2010 1923
f 1923 2010 1924
f 1924 2010 1925
f 1925 2010 1926
f 1944 1945 1946
f 1944 1946 1947
f 1944 1902 1945
f 1944 1947 1948
f 1944 1948 1949
f 1944 1949 1950
f 1944 1950 1951
f 1944 1951 1957
f 1951 1952 1957
f 1952 1953 1957
f 1953 1954 1957
f 1954 1955 1957
f 1955 1956 1957
f 1956 1973 1957
f 1973 1974 1957
f 1974 1975 1957
f 1975 1976 1957
f 1976 1977 1957
f 1977 1978 1957
f 1978 2032 1957
f 1978 1979 2032
f 1979 1980 2032
f 1980 1981 2032
f 1986 1984 2032
f 1984 1985 2032
f 1985 1987 2032
f 1981 1982 2032
f 1982 1983 2032
f 1983 1986 2032
f 2031 2005 2007
f 2010 2005 2031
f 2032 2007 2008
f 2032 2031 2007
f 1926 2010 1927
f 1927 2010 2011
f 2011 2010 2012
f 2010 2013 2012
f 2010 2014 2013
f 2010 2020 2014
f 2010 2031 2020
f 2020 2031 2021
f 2021 2031 2022
f 2022 2031 2023
f 2023 2031 2024
f 2028 2031 2029
f 2024 2031 2028
f 2029 2031 2030
f 2027 2026 2032
f 2025 2032 1988
f 1987 1988 2032
f 2025 2027 2032
f 2030 2032 2026
f 2030 2031 2032

