# braccio_pen_finger_8mm.obj - written by scripts/mesh_check.py
v -2.49640000 2.50000000 -6.21624000
v -2.47853000 2.50000000 -5.47211000
v -2.45967000 0.19651000 -5.96098000
v -2.45967000 4.80349000 -5.96098000
v -2.45243000 0.14823000 -5.91398000
v -2.45243000 4.85176000 -5.91398000
v -2.43246000 0.10000000 -5.91425000
v -2.43246000 4.90000000 -5.91425000
v -2.42908000 2.50000000 -6.95753000
v -2.41762000 0.19651000 -6.73691000
v -2.41762000 4.80349000 -6.73691000
v -2.41732000 0.14823000 -6.67774000
v -2.41732000 4.85176000 -6.67774000
v -2.40825000 0.19651000 -5.18562000
v -2.40825000 4.80349000 -5.18562000
v -2.40067000 0.05858000 -5.91467000
v -2.40067000 4.94142000 -5.91467000
v -2.39745000 0.10000000 -6.67564000
v -2.39745000 4.90000000 -6.67564000
v -2.39697000 0.14823000 -5.15144000
v -2.39697000 4.85176000 -5.15144000
v -2.37716000 0.10000000 -5.15406000
v -2.37716000 4.90000000 -5.15406000
v -2.37570000 2.50000000 -4.73491000
v -2.36584000 0.05858000 -6.67230000
v -2.36584000 4.94142000 -6.67230000
v -2.35926000 0.02679000 -5.91523000
v -2.35926000 4.97320000 -5.91523000
v -2.34566000 0.05858000 -5.15824000
v -2.34566000 4.94142000 -5.15824000
v -2.32465000 0.02679000 -6.66795000
v -2.32465000 4.97320000 -6.66795000
v -2.31103000 0.00681000 -5.91587000
v -2.31103000 4.99319000 -5.91587000
v -2.30460000 0.02679000 -5.16369000
v -2.30460000 4.97320000 -5.16369000
v -2.29212000 0.14823000 -7.43198000
v -2.29212000 4.85176000 -7.43198000
v -2.28270000 0.19651000 -7.50218000
v -2.28270000 4.80349000 -7.50218000
v -2.27746000 2.50000000 -7.68626000
v -2.27668000 0.00681000 -6.66288000
v -2.27668000 4.99319000 -6.66288000
v -2.27264000 0.10000000 -7.42754000
v -2.27264000 4.90000000 -7.42754000
v -2.26410000 0.19651000 -4.42204000
v -2.26410000 4.80349000 -4.42204000
v -2.25971000 0.00000000 -5.96219000
v -2.25971000 5.00000000 -5.96219000
v -2.25678000 0.00681000 -5.17003000
v -2.25678000 4.99319000 -5.17003000
v -2.25171000 0.14823000 -4.40080000
v -2.25171000 4.85176000 -4.40080000
v -2.24164000 0.05858000 -7.42049000
v -2.24164000 4.94142000 -7.42049000
v -2.23235000 0.10000000 -4.40575000
v -2.23235000 4.90000000 -4.40575000
v -2.21896000 0.00000000 -6.71410000
v -2.21896000 5.00000000 -6.71410000
v -2.20988000 0.00000000 -5.21083000
v -2.20988000 5.00000000 -5.21083000
v -2.20156000 0.05858000 -4.41363000
v -2.20156000 4.94142000 -4.41363000
v -2.20126000 0.02679000 -7.41130000
v -2.20126000 4.97320000 -7.41130000
v -2.18926000 2.50000000 -4.01430000
v -2.16143000 0.02679000 -4.42390000
v -2.16143000 4.97320000 -4.42390000
v -2.15422000 0.00681000 -7.40059000
v -2.15422000 4.99319000 -7.40059000
v -2.11470000 0.00681000 -4.43585000
v -2.11470000 4.99319000 -4.43585000
v -2.08822000 0.00000000 -7.45568000
v -2.08822000 5.00000000 -7.45568000
v -2.07859000 0.14823000 -8.16611000
v -2.07859000 4.85176000 -8.16611000
v -2.07019000 0.00000000 -4.47088000
v -2.07019000 5.00000000 -4.47088000
v -2.05977000 0.10000000 -8.15941000
v -2.05977000 4.90000000 -8.15941000
v -2.05687000 0.19651000 -8.24571000
v -2.05687000 4.80349000 -8.24571000
v -2.04352000 2.50000000 -8.39288000
v -2.02983000 0.05858000 -8.14874000
v -2.02983000 4.94142000 -8.14874000
v -2.02930000 0.19651000 -3.68129000
v -2.02930000 4.80349000 -3.68129000
v -2.01869000 0.14823000 -3.67262000
v -2.01869000 4.85176000 -3.67262000
v -2.00005000 0.10000000 -3.67982000
v -2.00005000 4.90000000 -3.67982000
v -1.99081000 0.02679000 -8.13483000
v -1.99081000 4.97320000 -8.13483000
v -1.97041000 0.05858000 -3.69129000
v -1.97041000 4.94142000 -3.69129000
v -1.94537000 0.00681000 -8.11864000
v -1.94537000 4.99319000 -8.11864000
v -1.93177000 0.02679000 -3.70623000
v -1.93177000 4.97320000 -3.70623000
v -1.92167000 2.50000000 -3.31973000
v -1.88678000 0.00681000 -3.72362000
v -1.88678000 4.99319000 -3.72362000
v -1.86938000 0.00000000 -8.17619000
v -1.86938000 5.00000000 -8.17619000
v -1.84266000 0.00000000 -3.75307000
v -1.84266000 5.00000000 -3.75307000
v -1.77973000 0.14823000 -8.86984000
v -1.77973000 4.85176000 -8.86984000
v -1.76184000 0.10000000 -8.86096000
v -1.76184000 4.90000000 -8.86096000
v -1.74339000 0.19651000 -8.95675000
v -1.74339000 4.80349000 -8.95675000
v -1.73337000 0.05858000 -8.84682000
v -1.73337000 4.94142000 -8.84682000
v -1.73032000 2.50000000 -9.06812000
v -1.70726000 0.19651000 -2.97409000
v -1.70726000 4.80349000 -2.97409000
v -1.70127000 0.14823000 -2.97727000
v -1.70127000 4.85176000 -2.97727000
v -1.69627000 0.02679000 -8.82840000
v -1.69627000 4.97320000 -8.82840000
v -1.68361000 0.10000000 -2.98663000
v -1.68361000 4.90000000 -2.98663000
v -1.65553000 0.05858000 -3.00152000
v -1.65553000 4.94142000 -3.00152000
v -1.65307000 0.00681000 -8.80695000
v -1.65307000 4.99319000 -8.80695000
v -1.61894000 0.02679000 -3.02092000
v -1.61894000 4.97320000 -3.02092000
v -1.57641000 2.50000000 -2.66030000
v -1.57632000 0.00681000 -3.04352000
v -1.57632000 4.99319000 -3.04352000
v -1.56560000 0.00000000 -8.86522000
v -1.56560000 5.00000000 -8.86522000
v -1.53058000 0.00000000 -3.06776000
v -1.53058000 5.00000000 -3.06776000
v -1.39974000 0.14823000 -9.53329000
v -1.39974000 4.85176000 -9.53329000
v -1.38302000 0.10000000 -9.52235000
v -1.38302000 4.90000000 -9.52235000
v -1.35642000 0.05858000 -9.50495000
v -1.35642000 4.94142000 -9.50495000
v -1.34681000 0.19651000 -9.62499000
v -1.34681000 4.80349000 -9.62499000
v -1.34199000 2.50000000 -9.70313000
v -1.32176000 0.02679000 -9.48227000
v -1.32176000 4.97320000 -9.48227000
v -1.30363000 0.14823000 -2.32403000
v -1.30363000 4.85176000 -2.32403000
v -1.30263000 0.19651000 -2.31068000
v -1.30263000 4.80349000 -2.31068000
v -1.28721000 0.10000000 -2.33541000
v -1.28721000 4.90000000 -2.33541000
v -1.28140000 0.00681000 -9.45585000
v -1.28140000 4.99319000 -9.45585000
v -1.26109000 0.05858000 -2.35351000
v -1.26109000 4.94142000 -2.35351000
v -1.22705000 0.02679000 -2.37711000
v -1.22705000 4.97320000 -2.37711000
v -1.18740000 0.00681000 -2.40459000
v -1.18740000 4.99319000 -2.40459000
v -1.18129000 0.00000000 -9.51278000
v -1.18129000 5.00000000 -9.51278000
v -1.15804000 2.50000000 -2.04467000
v -1.13848000 0.00000000 -2.42489000
v -1.13848000 5.00000000 -2.42489000
v -0.94394000 0.14823000 -10.14710000
v -0.94394000 4.85176000 -10.14710000
v -0.92864000 0.10000000 -10.13430000
v -0.92864000 4.90000000 -10.13430000
v -0.90429000 0.05858000 -10.11390000
v -0.90429000 4.94142000 -10.11390000
v -0.88360000 2.50000000 -10.28960000
v -0.87285000 0.19651000 -10.24080000
v -0.87285000 4.80349000 -10.24080000
v -0.87255000 0.02679000 -10.08720000
v -0.87255000 4.97320000 -10.08720000
v -0.83560000 0.00681000 -10.05620000
v -0.83560000 4.99319000 -10.05620000
v -0.83164000 0.14823000 -1.72255000
v -0.83164000 4.85176000 -1.72255000
v -0.82127000 0.19651000 -1.70066000
v -0.82127000 4.80349000 -1.70066000
v -0.81668000 0.10000000 -1.73579000
v -0.81668000 4.90000000 -1.73579000
v -0.79288000 0.05858000 -1.75686000
v -0.79288000 4.94142000 -1.75686000
v -0.76187000 0.02679000 -1.78432000
v -0.76187000 4.97320000 -1.78432000
v -0.72575000 0.00681000 -1.81629000
v -0.72575000 4.99319000 -1.81629000
v -0.72201000 0.00000000 -10.10950000
v -0.72201000 5.00000000 -10.10950000
v -0.67202000 0.00000000 -1.83375000
v -0.67202000 2.50000000 -1.48090000
v -0.67202000 5.00000000 -1.83375000
v -0.41875000 0.14823000 -10.70280000
v -0.41875000 4.85176000 -10.70280000
v -0.40507000 0.10000000 -10.68820000
v -0.40507000 4.90000000 -10.68820000
v -0.38330000 0.05858000 -10.66500000
v -0.38330000 4.94142000 -10.66500000
v -0.36117000 2.50000000 -10.81980000
v -0.35494000 0.02679000 -10.63490000
v -0.35494000 4.97320000 -10.63490000
v -0.32838000 0.19651000 -10.79520000
v -0.32838000 4.80349000 -10.79520000
v -0.32331000 0.14543000 -10.78960000
v -0.32331000 4.85457000 -10.78960000
v -0.32191000 0.00681000 -10.59970000
v -0.32191000 4.99319000 -10.59970000
v -0.30966000 0.09799000 -10.77450000
v -0.30966000 4.90201000 -10.77450000
v -0.29394000 4.83844000 -10.82200000
v -0.29366000 0.15954000 -10.82170000
v -0.29182000 0.14823000 -1.18112000
v -0.29182000 4.85176000 -1.18112000
v -0.28832000 0.05735000 -10.75080000
v -0.28832000 4.94265000 -10.75080000
v -0.28674000 4.87407000 -10.81430000
v -0.28561000 0.12192000 -10.81310000
v -0.27853000 0.10000000 -1.19604000
v -0.27853000 4.90000000 -1.19604000
v -0.27459000 4.90841000 -10.80140000
v -0.27204000 0.08601000 -10.79870000
v -0.27014000 0.19651000 -1.15285000
v -0.27014000 4.80349000 -1.15285000
v -0.26262000 4.83846000 -10.85210000
v -0.26233000 0.15952000 -10.85180000
v -0.26072000 0.02622000 -10.72030000
v -0.26072000 4.97378000 -10.72030000
v -0.25773000 4.93932000 -10.78350000
v -0.25739000 0.05858000 -1.21977000
v -0.25739000 4.94142000 -1.21977000
v -0.25526000 4.87408000 -10.84470000
v -0.25410000 0.12190000 -10.84350000
v -0.25332000 0.05434000 -10.77890000
v -0.24283000 4.90843000 -10.83200000
v -0.24021000 0.08600000 -10.82940000
v -0.23732000 0.15951000 -10.87690000
v -0.23566000 4.96616000 -10.76010000
v -0.23179000 0.03020000 -10.75600000
v -0.22984000 0.02679000 -1.25071000
v -0.22984000 4.97320000 -1.25071000
v -0.22894000 0.12189000 -10.86870000
v -0.22870000 0.00666000 -10.68480000
v -0.22870000 4.99333000 -10.68480000
v -0.22558000 4.93933000 -10.81450000
v -0.22106000 0.05433000 -10.80990000
v -0.21480000 0.08599000 -10.85480000
v -0.21275000 0.15949000 -10.90240000
v -0.21074000 4.98541000 -10.73370000
v -0.20797000 0.01301000 -10.73080000
v -0.20422000 0.12188000 -10.89440000
v -0.20300000 4.96617000 -10.79160000
v -0.19905000 0.03019000 -10.78760000
v -0.19776000 0.00681000 -1.28673000
v -0.19776000 4.99319000 -1.28673000
v -0.19531000 0.05432000 -10.83570000
v -0.19439000 0.00000000 -10.64680000
v -0.19439000 5.00000000 -10.64680000
v -0.18984000 0.08598000 -10.88070000
v -0.18474000 4.99653000 -10.70610000
v -0.18335000 0.00310000 -10.70470000
v -0.17752000 4.98541000 -10.76570000
v -0.17468000 0.01300000 -10.76280000
v -0.17290000 0.03018000 -10.81380000
v -0.17002000 0.05431000 -10.86200000
v -0.16497000 0.15948000 -10.95470000
v -0.15616000 0.12186000 -10.94700000
v -0.15092000 4.99653000 -10.73870000
v -0.14950000 0.00309000 -10.73730000
v -0.14810000 0.01300000 -10.78950000
v -0.14722000 0.03018000 -10.84040000
v -0.14131000 0.08596000 -10.93390000
v -0.13795000 0.00000000 -1.30290000
v -0.13795000 5.00000000 -1.30290000
v -0.13370000 2.50000000 -11.06300000
v -0.12474000 2.50000000 -0.97640000
v -0.12247000 0.00309000 -10.76430000
v -0.12200000 0.01299000 -10.81650000
v -0.12083000 0.05430000 -10.91580000
v -0.11907000 0.15946000 -11.00870000
v -0.10999000 0.12185000 -11.00120000
v -0.10019000 0.19641000 -11.03870000
v -0.10019000 4.80359000 -11.03870000
v -0.09729000 0.03017000 -10.89510000
v -0.09592000 0.00309000 -10.79190000
v -0.09468000 0.08595000 -10.98870000
v -0.07544000 4.83852000 -11.06450000
v -0.07512000 0.15945000 -11.06420000
v -0.07357000 0.05429000 -10.97140000
v -0.07123000 0.01299000 -10.87210000
v -0.06709000 4.87415000 -11.05810000
v -0.06578000 0.12184000 -11.05710000
v -0.05299000 4.90849000 -11.04740000
v -0.05003000 0.08594000 -11.04510000
v -0.04931000 0.03016000 -10.95150000
v -0.04430000 0.00309000 -10.84840000
v -0.03344000 4.93938000 -11.03240000
v -0.02832000 0.05428000 -11.02850000
v -0.02246000 0.01298000 -10.92940000
v -0.00785000 4.96621000 -11.01290000
v -0.00337000 0.03015000 -11.00950000
v 0.00529000 0.00308000 -10.90670000
v 0.00641000 4.83853000 -11.18000000
v 0.01519000 4.87416000 -11.17430000
v 0.02103000 4.98544000 -10.99090000
v 0.02424000 0.01298000 -10.98840000
v 0.03001000 4.90849000 -11.16450000
v 0.05025000 2.50000000 -11.34060000
v 0.05057000 4.93939000 -11.15100000
v 0.05117000 4.99655000 -10.96790000
v 0.05278000 0.00308000 -10.96670000
v 0.05670000 0.00000000 -10.91450000
v 0.05670000 5.00000000 -10.91450000
v 0.07748000 4.96621000 -11.13340000
v 0.07991000 4.83852000 -11.30110000
v 0.08026000 0.15945000 -11.30090000
v 0.08420000 0.19641000 -11.31650000
v 0.08420000 4.80359000 -11.31650000
v 0.08907000 4.87415000 -11.29600000
v 0.09052000 0.12184000 -11.29520000
v 0.10454000 4.90848000 -11.28730000
v 0.10780000 0.08594000 -11.28550000
v 0.10785000 4.98544000 -11.11340000
v 0.12600000 4.93938000 -11.27530000
v 0.13162000 0.05428000 -11.27210000
v 0.13953000 4.99655000 -11.09260000
v 0.15409000 4.96621000 -11.25960000
v 0.15868000 4.83848000 -11.45760000
v 0.15901000 0.03015000 -11.25680000
v 0.16826000 4.87411000 -11.45320000
v 0.18442000 4.90845000 -11.44600000
v 0.18558000 2.50000000 -11.64480000
v 0.18579000 4.98544000 -11.24180000
v 0.18931000 0.01298000 -11.23990000
v 0.20684000 4.93935000 -11.43590000
v 0.21886000 4.99655000 -11.22330000
v 0.21999000 0.19651000 -11.62140000
v 0.21999000 4.80349000 -11.62140000
v 0.22064000 0.00308000 -11.22230000
v 0.22713000 0.14543000 -11.61890000
v 0.22713000 4.85457000 -11.61890000
v 0.23619000 4.96619000 -11.42270000
v 0.24637000 0.09799000 -11.61220000
v 0.24637000 4.90201000 -11.61220000
v 0.25954000 0.00000000 -11.22010000
v 0.25954000 5.00000000 -11.22010000
v 0.26151000 2.50000000 -11.86490000
v 0.26931000 4.98543000 -11.40780000
v 0.27644000 0.05735000 -11.60170000
v 0.27644000 4.94265000 -11.60170000
v 0.29865000 0.19651000 -11.84920000
v 0.29865000 4.80349000 -11.84920000
v 0.30388000 4.99654000 -11.39220000
v 0.30825000 0.14823000 -0.70733000
v 0.30825000 4.85176000 -0.70733000
v 0.30946000 0.14823000 -11.85990000
v 0.30946000 4.85176000 -11.85990000
v 0.31534000 0.02622000 -11.58820000
v 0.31534000 4.97378000 -11.58820000
v 0.31968000 0.10000000 -0.72372000
v 0.31968000 4.90000000 -0.72372000
v 0.32890000 0.10000000 -11.85500000
v 0.32890000 4.90000000 -11.85500000
v 0.33618000 2.50000000 -12.08540000
v 0.33786000 0.05858000 -0.74979000
v 0.33786000 4.94142000 -0.74979000
v 0.34278000 0.19651000 -0.67518000
v 0.34278000 4.80349000 -0.67518000
v 0.35951000 0.05858000 -11.84630000
v 0.35951000 4.94142000 -11.84630000
v 0.36047000 0.00666000 -11.57240000
v 0.36047000 4.99333000 -11.57240000
v 0.36156000 0.02679000 -0.78376000
v 0.36156000 4.97320000 -0.78376000
v 0.37596000 0.19651000 -12.07750000
v 0.37596000 4.80349000 -12.07750000
v 0.38916000 0.00681000 -0.82333000
v 0.38916000 4.99319000 -0.82333000
v 0.39924000 0.02679000 -11.83450000
v 0.39924000 4.97320000 -11.83450000
v 0.40881000 0.00000000 -11.55560000
v 0.40881000 5.00000000 -11.55560000
v 0.40959000 2.50000000 -12.30630000
v 0.44543000 0.00681000 -11.82040000
v 0.44543000 4.99319000 -11.82040000
v 0.45192000 0.19651000 -12.30630000
v 0.45192000 4.80349000 -12.30630000
v 0.45599000 0.00000000 -0.84002000
v 0.45599000 5.00000000 -0.84002000
v 0.45687000 0.15675000 -12.30630000
v 0.45687000 4.84325000 -12.30630000
v 0.46968000 0.11953000 -12.30630000
v 0.46968000 4.88047000 -12.30630000
v 0.47663000 2.50000000 -0.53777000
v 0.49021000 0.08495000 -12.30630000
v 0.49021000 4.91505000 -12.30630000
v 0.49495000 0.00000000 -11.80530000
v 0.49495000 5.00000000 -11.80530000
v 0.51656000 0.05577000 -12.30630000
v 0.51656000 4.94423000 -12.30630000
v 0.54875000 0.03165000 -12.30630000
v 0.54875000 4.96835000 -12.30630000
v 0.57946000 0.00000000 -12.05550000
v 0.57946000 5.00000000 -12.05550000
v 0.58417000 0.01432000 -12.30630000
v 0.58417000 4.98568000 -12.30630000
v 0.62278000 0.00357000 -12.30630000
v 0.62278000 4.99643000 -12.30630000
v 0.66236000 0.00000000 -61.36900000
v 0.66236000 0.00000000 -58.01310000
v 0.66236000 0.00000000 -12.30630000
v 0.66236000 5.00000000 -61.36900000
v 0.66236000 5.00000000 -58.01310000
v 0.66236000 5.00000000 -12.30630000
v 0.85284000 0.00000000 -5.86631000
v 0.85284000 5.00000000 -6.13369000
v 0.87551000 0.00000000 -6.40011000
v 0.87551000 5.00000000 -5.59989000
v 0.89469000 -4.80000000 -5.86809000
v 0.89469000 9.80000000 -6.13191000
v 0.91706000 -4.80000000 -6.39479000
v 0.91706000 9.80000000 -5.60521000
v 0.92070000 0.00000000 -5.33636000
v 0.92070000 5.00000000 -6.66364000
v 0.96014000 0.14823000 -0.30785000
v 0.96014000 4.85176000 -0.30785000
v 0.96165000 -4.80000000 -5.34519000
v 0.96165000 9.80000000 -6.65481000
v 0.96956000 0.10000000 -0.32547000
v 0.96956000 4.90000000 -0.32547000
v 0.98453000 0.05858000 -0.35351000
v 0.98453000 4.94142000 -0.35351000
v 0.98807000 0.00000000 -6.92239000
v 0.98807000 5.00000000 -5.07761000
v 1.00404000 0.02679000 -0.39005000
v 1.00404000 4.97320000 -0.39005000
v 1.00862000 0.19651000 -0.27457000
v 1.00862000 4.80349000 -0.27457000
v 1.02676000 0.00681000 -0.43260000
v 1.02676000 4.99319000 -0.43260000
v 1.02813000 -4.80000000 -6.91013000
v 1.02813000 9.80000000 -5.08987000
v 1.07715000 0.00000000 -4.82550000
v 1.07715000 5.00000000 -7.17450000
v 1.10122000 0.00000000 -0.45180000
v 1.10122000 5.00000000 -0.45180000
v 1.11602000 -4.80000000 -4.84112000
v 1.11602000 9.80000000 -7.15888000
v 1.12421000 2.50000000 -0.17078000
v 1.18728000 0.00000000 -7.41814000
v 1.18728000 5.00000000 -4.58186000
v 1.22469000 -4.80000000 -7.39928000
v 1.22469000 9.80000000 -4.60072000
v 1.31768000 0.00000000 -4.34843000
v 1.31768000 5.00000000 -7.65157000
v 1.35335000 -4.80000000 -4.37039000
v 1.35335000 9.80000000 -7.62961000
v 1.46741000 0.00000000 -7.87309000
v 1.46741000 5.00000000 -4.12691000
v 1.50109000 -4.80000000 -7.84819000
v 1.50109000 9.80000000 -4.15181000
v 1.63538000 0.00000000 -3.91887000
v 1.63538000 5.00000000 -8.08113000
v 1.65471000 0.14823000 0.01173000
v 1.65471000 4.85176000 0.01173000
v 1.66197000 0.10000000 -0.00688000
v 1.66197000 4.90000000 -0.00688000
v 1.66683000 -4.80000000 -3.94655000
v 1.66683000 9.80000000 -8.05345000
v 1.67352000 0.05858000 -0.03649000
v 1.67352000 4.94142000 -0.03649000
v 1.68857000 0.02679000 -0.07508000
v 1.68857000 4.97320000 -0.07508000
v 1.70611000 0.00681000 -0.12002000
v 1.70611000 4.99319000 -0.12002000
v 1.71775000 0.19651000 0.04320000
v 1.71775000 4.80349000 0.04320000
v 1.78840000 0.00000000 -0.14388000
v 1.78840000 5.00000000 -0.14388000
v 1.80950000 2.50000000 0.11978000
v 1.82039000 0.00000000 -8.27416000
v 1.82039000 5.00000000 -3.72584000
v 1.84938000 -4.80000000 -8.24392000
v 1.84938000 9.80000000 -3.75608000
v 1.90089000 0.00000000 -57.24350000
v 1.90089000 5.00000000 -57.24350000
v 2.02111000 0.00000000 -3.54919000
v 2.02111000 5.00000000 -8.45081000
v 2.03917000 -4.80000000 -5.89369000
v 2.03917000 9.80000000 -6.10631000
v 2.04742000 -4.80000000 -3.58178000
v 2.04742000 9.80000000 -8.41822000
v 2.05797000 0.00000000 -60.68740000
v 2.05797000 5.00000000 -60.68740000
v 2.06216000 -4.80000000 -6.31769000
v 2.06216000 9.80000000 -5.68231000
v 2.10787000 -4.80000000 -5.47465000
v 2.10787000 9.80000000 -6.52535000
v 2.17576000 -4.80000000 -6.72684000
v 2.17576000 9.80000000 -5.27316000
v 2.23608000 0.00000000 -8.60981000
v 2.23608000 5.00000000 -3.39019000
v 2.25954000 -4.80000000 -8.57510000
v 2.25954000 9.80000000 -3.42490000
v 2.26504000 -4.80000000 -5.08018000
v 2.26504000 9.80000000 -6.91982000
v 2.33891000 9.50001000 -6.00000000
v 2.35014000 -4.50001000 -6.19284000
v 2.35014000 -4.50001000 -5.80716000
v 2.37466000 -4.80000000 -7.10201000
v 2.37466000 9.80000000 -4.89799000
v 2.38220000 0.14823000 0.24692000
v 2.38220000 4.85176000 0.24692000
v 2.38369000 9.50001000 -6.38307000
v 2.38369000 9.50001000 -5.61693000
v 2.38721000 0.10000000 0.22758000
v 2.38721000 4.90000000 0.22758000
v 2.39517000 0.05858000 0.19681000
v 2.39517000 4.94142000 0.19681000
v 2.40000000 2.50000000 -6.00000000
v 2.40556000 0.02679000 0.15671000
v 2.40556000 4.97320000 0.15671000
v 2.41765000 0.00681000 0.11002000
v 2.41765000 4.99319000 0.11002000
v 2.43909000 -4.50001000 -6.56813000
v 2.43909000 -4.50001000 -5.43187000
v 2.44649000 2.50000000 -6.38291000
v 2.44649000 2.50000000 -5.61709000
v 2.45990000 0.19651000 0.27352000
v 2.45990000 4.80349000 0.27352000
v 2.46376000 0.00000000 -3.25000000
v 2.46376000 5.00000000 -8.74999000
v 2.48419000 -4.80000000 -3.28657000
v 2.48419000 9.80000000 -8.71342000
v 2.50334000 -4.80000000 -4.72872000
v 2.50334000 9.80000000 -7.27128000
v 2.50757000 0.00000000 0.07931000
v 2.50757000 5.00000000 0.07931000
v 2.51560000 9.50001000 -6.74549000
v 2.51560000 9.50001000 -5.25451000
v 2.52351000 2.50000000 0.33008000
v 2.58327000 2.50000000 -6.74356000
v 2.58327000 2.50000000 -5.25644000
v 2.61218000 -4.50001000 -6.91278000
v 2.61218000 -4.50001000 -5.08722000
v 2.64956000 -4.80000000 -7.42564000
v 2.64956000 9.80000000 -4.57436000
v 2.70251000 0.00000000 -8.87037000
v 2.70251000 5.00000000 -3.12963000
v 2.71976000 -4.80000000 -8.83220000
v 2.71976000 9.80000000 -3.16780000
v 2.72753000 9.50001000 -7.06773000
v 2.72753000 9.50001000 -4.93227000
v 2.80238000 2.50000000 -7.06100000
v 2.80238000 2.50000000 -4.93900000
v 2.81161000 -4.80000000 -4.43671000
v 2.81161000 9.80000000 -7.56329000
v 2.86009000 -4.50001000 -7.20823000
v 2.86009000 -4.50001000 -4.79177000
v 2.95061000 0.00000000 -3.02994000
v 2.95061000 5.00000000 -8.97006000
v 2.96456000 -4.80000000 -3.06943000
v 2.96456000 9.80000000 -8.93057000
v 2.98760000 -4.80000000 -7.68262000
v 2.98760000 9.80000000 -4.31738000
v 3.00807000 9.50001000 -7.33240000
v 3.00807000 9.50001000 -4.66760000
v 3.09022000 0.00000000 -56.39980000
v 3.09022000 5.00000000 -56.39980000
v 3.09110000 2.50000000 -7.31677000
v 3.09110000 2.50000000 -4.68323000
v 3.13239000 0.14823000 0.39442000
v 3.13239000 4.85176000 0.39442000
v 3.13508000 0.10000000 0.37462000
v 3.13508000 4.90000000 0.37462000
v 3.13935000 0.05858000 0.34312000
v 3.13935000 4.94142000 0.34312000
v 3.14492000 0.02679000 0.30208000
v 3.14492000 4.97320000 0.30208000
v 3.15141000 0.00681000 0.25428000
v 3.15141000 4.99319000 0.25428000
v 3.16946000 -4.50001000 -7.43854000
v 3.16946000 -4.50001000 -4.56146000
v 3.17546000 -4.80000000 -4.21779000
v 3.17546000 9.80000000 -7.78221000
v 3.20627000 0.00000000 -9.04836000
v 3.20627000 5.00000000 -2.95164000
v 3.21682000 -4.80000000 -9.00782000
v 3.21682000 9.80000000 -2.99218000
v 3.22434000 0.19651000 0.41305000
v 3.22434000 4.80349000 0.41305000
v 3.24835000 0.00000000 0.21453000
v 3.24835000 5.00000000 0.21453000
v 3.25688000 2.50000000 0.45738000
v 3.34208000 9.50001000 -7.52524000
v 3.34208000 9.50001000 -4.47476000
v 3.37299000 -4.80000000 -7.86091000
v 3.37299000 9.80000000 -4.13909000
v 3.41082000 0.00000000 -59.92440000
v 3.41082000 5.00000000 -59.92440000
v 3.41511000 0.00000000 -18.50060000
v 3.41511000 5.00000000 -18.50060000
v 3.43263000 2.50000000 -7.49603000
v 3.43263000 2.50000000 -4.50397000
v 3.46765000 0.00000000 -2.89531000
v 3.46765000 5.00000000 -9.10469000
v 3.47473000 -4.80000000 -2.93660000
v 3.47473000 9.80000000 -9.06340000
v 3.52359000 -4.50001000 -7.59130000
v 3.52359000 -4.50001000 -4.40869000
v 3.57786000 -4.80000000 -4.08220000
v 3.57786000 9.80000000 -7.91780000
v 3.71155000 9.50001000 -7.63585000
v 3.71155000 9.50001000 -4.36415000
v 3.73286000 0.00000000 -9.13865000
v 3.73286000 5.00000000 -2.86135000
v 3.73641000 -4.80000000 -9.09691000
v 3.73641000 9.80000000 -2.90309000
v 3.78769000 -4.80000000 -7.95219000
v 3.78769000 9.80000000 -4.04780000
v 3.80714000 2.50000000 -7.58833000
v 3.80714000 2.50000000 -4.41167000
v 3.89477000 0.14823000 0.45215000
v 3.89477000 4.85176000 0.45215000
v 3.89510000 0.10000000 0.43217000
v 3.89510000 4.90000000 0.43217000
v 3.89562000 0.05858000 0.40039000
v 3.89562000 4.94142000 0.40039000
v 3.89629000 0.02679000 0.35898000
v 3.89629000 4.97320000 0.35898000
v 3.89708000 0.00681000 0.31075000
v 3.89708000 4.99319000 0.31075000
v 3.90342000 -4.50001000 -7.65828000
v 3.90342000 -4.50001000 -4.34172000
v 4.00000000 -4.80000000 -4.03629000
v 4.00000000 -4.80000000 -2.89189000
v 4.00000000 0.00000000 -2.85000000
v 4.00000000 0.00000000 0.25982000
v 4.00000000 0.00666000 0.31102000
v 4.00000000 0.02622000 0.35881000
v 4.00000000 0.05735000 0.40000000
v 4.00000000 0.09799000 0.43185000
v 4.00000000 0.14543000 0.45223000
v 4.00000000 0.19651000 0.45979000
v 4.00000000 2.50000000 0.50000000
v 4.00000000 4.80349000 0.45979000
v 4.00000000 4.85457000 0.45223000
v 4.00000000 4.90201000 0.43185000
v 4.00000000 4.94265000 0.40000000
v 4.00000000 4.97378000 0.35881000
v 4.00000000 4.99333000 0.31102000
v 4.00000000 5.00000000 -9.15000000
v 4.00000000 5.00000000 0.25982000
v 4.00000000 9.80000000 -9.10811000
v 4.00000000 9.80000000 -7.96371000
v 4.09658000 9.50001000 -7.65828000
v 4.09658000 9.50001000 -4.34172000
v 4.19286000 2.50000000 -7.58833000
v 4.19286000 2.50000000 -4.41167000
v 4.21231000 -4.80000000 -7.95219000
v 4.21231000 9.80000000 -4.04780000
v 4.22591000 0.00000000 -55.48530000
v 4.22591000 5.00000000 -55.48530000
v 4.26359000 -4.80000000 -9.09691000
v 4.26359000 9.80000000 -2.90309000
v 4.26714000 0.00000000 -9.13865000
v 4.26714000 5.00000000 -2.86135000
v 4.28844000 -4.50001000 -7.63585000
v 4.28844000 -4.50001000 -4.36415000
v 4.42214000 -4.80000000 -4.08220000
v 4.42214000 9.80000000 -7.91780000
v 4.47641000 9.50001000 -7.59130000
v 4.47641000 9.50001000 -4.40869000
v 4.52527000 -4.80000000 -2.93660000
v 4.52527000 9.80000000 -9.06340000
v 4.53235000 0.00000000 -2.89531000
v 4.53235000 5.00000000 -9.10469000
v 4.53496000 0.00000000 -19.43450000
v 4.53496000 5.00000000 -19.43450000
v 4.56737000 2.50000000 -7.49603000
v 4.56737000 2.50000000 -4.50397000
v 4.62701000 -4.80000000 -7.86091000
v 4.62701000 9.80000000 -4.13909000
v 4.65792000 -4.50001000 -7.52524000
v 4.65792000 -4.50001000 -4.47476000
v 4.71614000 0.00000000 -59.08270000
v 4.71614000 5.00000000 -59.08270000
v 4.78318000 -4.80000000 -9.00782000
v 4.78318000 9.80000000 -2.99218000
v 4.79373000 0.00000000 -9.04836000
v 4.79373000 5.00000000 -2.95164000
v 4.82454000 -4.80000000 -4.21779000
v 4.82454000 9.80000000 -7.78221000
v 4.83054000 9.50001000 -7.43854000
v 4.83054000 9.50001000 -4.56146000
v 4.90890000 2.50000000 -7.31677000
v 4.90890000 2.50000000 -4.68323000
v 4.99193000 -4.50001000 -7.33240000
v 4.99193000 -4.50001000 -4.66760000
v 5.01240000 -4.80000000 -7.68262000
v 5.01240000 9.80000000 -4.31738000
v 5.03544000 -4.80000000 -3.06943000
v 5.03544000 9.80000000 -8.93057000
v 5.04939000 0.00000000 -3.02994000
v 5.04939000 5.00000000 -8.97006000
v 5.10015000 4.85513000 0.45208000
v 5.10015000 4.90301000 0.43126000
v 5.10015000 4.94387000 0.39875000
v 5.10015000 4.97492000 0.35678000
v 5.10015000 4.99406000 0.30821000
v 5.10885000 0.00594000 0.30821000
v 5.10885000 0.02508000 0.35678000
v 5.10885000 0.05613000 0.39875000
v 5.10885000 0.09699000 0.43126000
v 5.10885000 0.14487000 0.45208000
v 5.13991000 9.50001000 -7.20823000
v 5.13991000 9.50001000 -4.79177000
v 5.18838000 -4.80000000 -4.43671000
v 5.18838000 9.80000000 -7.56329000
v 5.19762000 2.50000000 -7.06100000
v 5.19762000 2.50000000 -4.93900000
v 5.27247000 -4.50001000 -7.06773000
v 5.27247000 -4.50001000 -4.93227000
v 5.28023000 -4.80000000 -8.83220000
v 5.28023000 9.80000000 -3.16780000
v 5.29749000 0.00000000 -8.87037000
v 5.29749000 5.00000000 -3.12963000
v 5.30376000 0.00000000 -54.50320000
v 5.30376000 5.00000000 -54.50320000
v 5.35044000 -4.80000000 -7.42564000
v 5.35044000 9.80000000 -4.57436000
v 5.38782000 9.50001000 -6.91278000
v 5.38782000 9.50001000 -5.08722000
v 5.41673000 2.50000000 -6.74356000
v 5.41673000 2.50000000 -5.25644000
v 5.48440000 -4.50001000 -6.74549000
v 5.48440000 -4.50001000 -5.25451000
v 5.49666000 -4.80000000 -4.72872000
v 5.49666000 9.80000000 -7.27128000
v 5.51581000 -4.80000000 -3.28657000
v 5.51581000 9.80000000 -8.71342000
v 5.53624000 0.00000000 -3.25000000
v 5.53624000 5.00000000 -8.74999000
v 5.55351000 2.50000000 -6.38291000
v 5.55351000 2.50000000 -5.61709000
v 5.56091000 9.50001000 -6.56813000
v 5.56091000 9.50001000 -5.43187000
v 5.59581000 0.00000000 -20.43490000
v 5.59581000 5.00000000 -20.43490000
v 5.60000000 2.50000000 -6.00000000
v 5.61631000 -4.50001000 -6.38307000
v 5.61631000 -4.50001000 -5.61693000
v 5.62534000 -4.80000000 -7.10201000
v 5.62534000 9.80000000 -4.89799000
v 5.64986000 9.50001000 -6.19284000
v 5.64986000 9.50001000 -5.80716000
v 5.66109000 -4.50001000 -6.00000000
v 5.73496000 -4.80000000 -5.08018000
v 5.73496000 9.80000000 -6.91982000
v 5.74046000 -4.80000000 -8.57510000
v 5.74046000 9.80000000 -3.42490000
v 5.76392000 0.00000000 -8.60981000
v 5.76392000 5.00000000 -3.39019000
v 5.82424000 -4.80000000 -6.72684000
v 5.82424000 9.80000000 -5.27316000
v 5.89213000 -4.80000000 -5.47465000
v 5.89213000 9.80000000 -6.52535000
v 5.93784000 -4.80000000 -6.31769000
v 5.93784000 9.80000000 -5.68231000
v 5.95258000 -4.80000000 -3.58178000
v 5.95258000 9.80000000 -8.41822000
v 5.96083000 -4.80000000 -5.89369000
v 5.96083000 9.80000000 -6.10631000
v 5.96939000 0.00000000 -58.16520000
v 5.96939000 5.00000000 -58.16520000
v 5.97889000 0.00000000 -3.54919000
v 5.97889000 5.00000000 -8.45081000
v 6.15062000 -4.80000000 -8.24392000
v 6.15062000 9.80000000 -3.75608000
v 6.17961000 0.00000000 -8.27416000
v 6.17961000 5.00000000 -3.72584000
v 6.20030000 4.85513000 0.45208000
v 6.31975000 0.00000000 -53.45720000
v 6.31975000 5.00000000 -53.45720000
v 6.33317000 -4.80000000 -3.94655000
v 6.33317000 9.80000000 -8.05345000
v 6.36462000 0.00000000 -3.91887000
v 6.36462000 5.00000000 -8.08113000
v 6.49891000 -4.80000000 -7.84819000
v 6.49891000 9.80000000 -4.15181000
v 6.53259000 0.00000000 -7.87309000
v 6.53259000 5.00000000 -4.12691000
v 6.59372000 0.00000000 -21.49820000
v 6.59372000 5.00000000 -21.49820000
v 6.64665000 -4.80000000 -4.37039000
v 6.64665000 9.80000000 -7.62961000
v 6.68232000 0.00000000 -4.34843000
v 6.68232000 5.00000000 -7.65157000
v 6.77531000 -4.80000000 -7.39928000
v 6.77531000 9.80000000 -4.60072000
v 6.81272000 0.00000000 -7.41814000
v 6.81272000 5.00000000 -4.58186000
v 6.88398000 -4.80000000 -4.84112000
v 6.88398000 9.80000000 -7.15888000
v 6.92285000 0.00000000 -4.82550000
v 6.92285000 5.00000000 -7.17450000
v 6.97187000 -4.80000000 -6.91013000
v 6.97187000 9.80000000 -5.08987000
v 7.01192000 0.00000000 -6.92239000
v 7.01192000 5.00000000 -5.07761000
v 7.03835000 -4.80000000 -5.34519000
v 7.03835000 9.80000000 -6.65481000
v 7.07930000 0.00000000 -5.33636000
v 7.07930000 5.00000000 -6.66364000
v 7.08294000 -4.80000000 -6.39479000
v 7.08294000 9.80000000 -5.60521000
v 7.10531000 -4.80000000 -5.86809000
v 7.10531000 9.80000000 -6.13191000
v 7.12449000 0.00000000 -6.40011000
v 7.12449000 5.00000000 -5.59989000
v 7.14716000 0.00000000 -5.86631000
v 7.14716000 5.00000000 -6.13369000
v 7.16615000 0.00000000 -57.17530000
v 7.16615000 5.00000000 -57.17530000
v 7.27010000 0.00000000 -52.35120000
v 7.27010000 5.00000000 -52.35120000
v 7.52497000 0.00000000 -22.62020000
v 7.52497000 5.00000000 -22.62020000
v 7.98816000 0.00000000 -18.50060000
v 7.98816000 5.00000000 -18.50060000
v 8.15128000 0.00000000 -51.18940000
v 8.15128000 5.00000000 -51.18940000
v 8.30224000 0.00000000 -56.11620000
v 8.30224000 5.00000000 -56.11620000
v 8.38611000 0.00000000 -23.79700000
v 8.38611000 5.00000000 -23.79700000
v 8.82500000 14.17500000 -57.00000000
v 8.82500000 14.17500000 -19.00000000
v 8.83552000 13.77330000 -57.00000000
v 8.83552000 13.77330000 -19.00000000
v 8.83552000 14.57670000 -57.00000000
v 8.83552000 14.57670000 -19.00000000
v 8.86705000 13.37270000 -57.00000000
v 8.86705000 13.37270000 -19.00000000
v 8.86705000 14.97730000 -57.00000000
v 8.86705000 14.97730000 -19.00000000
v 8.91949000 12.97440000 -57.00000000
v 8.91949000 12.97440000 -19.00000000
v 8.91949000 15.37560000 -57.00000000
v 8.91949000 15.37560000 -43.50000000
v 8.91949000 15.37560000 -32.50000000
v 8.91949000 15.37560000 -19.00000000
v 8.96002000 0.00000000 -49.97610000
v 8.96002000 5.00000000 -49.97610000
v 8.99272000 12.57930000 -57.00000000
v 8.99272000 12.57930000 -19.00000000
v 8.99272000 15.77070000 -57.00000000
v 8.99272000 15.77070000 -43.50000000
v 8.99272000 15.77070000 -32.50000000
v 8.99272000 15.77070000 -19.00000000
v 9.07823000 0.00000000 -19.60690000
v 9.07823000 5.00000000 -19.60690000
v 9.08652000 12.18860000 -57.00000000
v 9.08652000 12.18860000 -19.00000000
v 9.08652000 16.16140000 -57.00000000
v 9.08652000 16.16140000 -43.50000000
v 9.08652000 16.16140000 -32.50000000
v 9.08652000 16.16140000 -19.00000000
v 9.17393000 0.00000000 -25.02400000
v 9.17393000 5.00000000 -25.02400000
v 9.20064000 11.80330000 -57.00000000
v 9.20064000 11.80330000 -19.00000000
v 9.20064000 16.54670000 -57.00000000
v 9.20064000 16.54670000 -43.50000000
v 9.20064000 16.54670000 -32.50000000
v 9.20064000 16.54670000 -19.00000000
v 9.33477000 11.42450000 -57.00000000
v 9.33477000 11.42450000 -19.00000000
v 9.33477000 16.92550000 -57.00000000
v 9.33477000 16.92550000 -43.50000000
v 9.33477000 16.92550000 -32.50000000
v 9.33477000 16.92550000 -19.00000000
v 9.37368000 0.00000000 -54.99180000
v 9.37368000 5.00000000 -54.99180000
v 9.48854000 11.05330000 -57.00000000
v 9.48854000 11.05330000 -19.00000000
v 9.48854000 17.29670000 -57.00000000
v 9.48854000 17.29670000 -43.50000000
v 9.48854000 17.29670000 -32.50000000
v 9.48854000 17.29670000 -19.00000000
v 9.66153000 10.69060000 -57.00000000
v 9.66153000 10.69060000 -19.00000000
v 9.66153000 17.65940000 -57.00000000
v 9.66153000 17.65940000 -43.50000000
v 9.66153000 17.65940000 -32.50000000
v 9.66153000 17.65940000 -19.00000000
v 9.69331000 0.00000000 -48.71570000
v 9.69331000 5.00000000 -48.71570000
v 9.85326000 10.33750000 -57.00000000
v 9.85326000 10.33750000 -19.00000000
v 9.85326000 18.01250000 -57.00000000
v 9.85326000 18.01250000 -43.50000000
v 9.85326000 18.01250000 -32.50000000
v 9.85326000 18.01250000 -19.00000000
v 9.88550000 0.00000000 -26.29680000
v 9.88550000 5.00000000 -26.29680000
v 9.96631000 22.15870000 -38.17200000
v 9.96631000 22.15870000 -37.82800000
v 9.97700000 22.22800000 -38.50890000
v 9.97700000 22.22800000 -37.49110000
v 9.99793000 22.36360000 -38.82500000
v 9.99793000 22.36360000 -37.17500000
v 10.02830000 22.56010000 -39.10730000
v 10.02830000 22.56010000 -36.89270000
v 10.06320000 9.99490000 -57.00000000
v 10.06320000 9.99490000 -19.00000000
v 10.06320000 18.35510000 -57.00000000
v 10.06320000 18.35510000 -43.50000000
v 10.06320000 18.35510000 -32.50000000
v 10.06320000 18.35510000 -19.00000000
v 10.06670000 22.80940000 -39.34430000
v 10.06670000 22.80940000 -36.65570000
v 10.10090000 0.00000000 -20.77590000
v 10.10090000 5.00000000 -20.77590000
v 10.11180000 23.10130000 -39.52630000
v 10.11180000 23.10130000 -36.47370000
v 10.16160000 23.42390000 -39.64570000
v 10.16160000 23.42390000 -36.35430000
v 10.21400000 23.76390000 -39.69780000
v 10.21400000 23.76390000 -36.30220000
v 10.26710000 24.10740000 -39.68040000
v 10.26710000 24.10740000 -36.31960000
v 10.29080000 9.66375000 -57.00000000
v 10.29080000 9.66375000 -19.00000000
v 10.29080000 18.68630000 -57.00000000
v 10.29080000 18.68630000 -43.50000000
v 10.29080000 18.68630000 -32.50000000
v 10.29080000 18.68630000 -19.00000000
v 10.29500000 20.65000000 -38.00000000
v 10.29500000 20.66880000 -38.34600000
v 10.29500000 20.66880000 -37.65400000
v 10.29500000 20.72480000 -38.68790000
v 10.29500000 20.72480000 -37.31210000
v 10.29500000 20.81750000 -39.02180000
v 10.29500000 20.81750000 -36.97820000
v 10.29500000 20.94580000 -39.34360000
v 10.29500000 20.94580000 -36.65640000
v 10.29500000 21.10810000 -39.64980000
v 10.29500000 21.10810000 -36.35020000
v 10.29500000 21.30250000 -39.93660000
v 10.29500000 21.30250000 -36.06340000
v 10.29500000 21.52680000 -40.20060000
v 10.29500000 21.52680000 -35.79940000
v 10.29500000 21.77840000 -40.43890000
v 10.29500000 21.77840000 -35.56110000
v 10.29500000 22.05420000 -40.64860000
v 10.29500000 22.05420000 -35.35140000
v 10.29500000 22.15870000 -38.17200000
v 10.29500000 22.15870000 -37.82800000
v 10.29500000 22.22800000 -38.50890000
v 10.29500000 22.22800000 -37.49110000
v 10.29500000 22.35110000 -40.82720000
v 10.29500000 22.35110000 -35.17280000
v 10.29500000 22.36360000 -38.82500000
v 10.29500000 22.36360000 -37.17500000
v 10.29500000 22.56010000 -39.10730000
v 10.29500000 22.56010000 -36.89270000
v 10.29500000 22.66560000 -40.97270000
v 10.29500000 22.66560000 -35.02730000
v 10.29500000 22.80940000 -39.34430000
v 10.29500000 22.80940000 -36.65570000
v 10.29500000 22.99390000 -41.08340000
v 10.29500000 22.99390000 -34.91660000
v 10.29500000 23.10130000 -39.52630000
v 10.29500000 23.10130000 -36.47370000
v 10.29500000 23.33230000 -41.15780000
v 10.29500000 23.33230000 -34.84220000
v 10.29500000 23.42390000 -39.64570000
v 10.29500000 23.42390000 -36.35430000
v 10.29500000 23.67680000 -41.19530000
v 10.29500000 23.67680000 -34.80470000
v 10.29500000 23.76390000 -39.69780000
v 10.29500000 23.76390000 -36.30220000
v 10.29500000 24.02320000 -41.19530000
v 10.29500000 24.02320000 -34.80470000
v 10.29500000 24.10740000 -39.68040000
v 10.29500000 24.10740000 -36.31960000
v 10.29500000 24.28850000 -41.16650000
v 10.29500000 24.28850000 -39.63350000
v 10.29500000 24.28850000 -36.36650000
v 10.29500000 24.28850000 -34.83350000
v 10.30720000 24.36770000 -41.15780000
v 10.30720000 24.36770000 -34.84220000
v 10.34840000 0.00000000 -47.41300000
v 10.34840000 5.00000000 -47.41300000
v 10.35940000 24.70610000 -41.08340000
v 10.35940000 24.70610000 -34.91660000
v 10.37670000 0.00000000 -53.80590000
v 10.37670000 5.00000000 -53.80590000
v 10.38760000 24.88850000 -43.50000000
v 10.38760000 24.88850000 -41.02190000
v 10.38760000 24.88850000 -34.97810000
v 10.38760000 24.88850000 -32.50000000
v 10.41660000 25.03440000 -40.97270000
v 10.41660000 25.03440000 -35.02730000
v 10.45540000 25.22960000 -43.50000000
v 10.45540000 25.22960000 -40.88240000
v 10.45540000 25.22960000 -35.11760000
v 10.45540000 25.22960000 -32.50000000
v 10.48620000 25.34890000 -40.82720000
v 10.48620000 25.34890000 -35.17280000
v 10.51820000 0.00000000 -27.61060000
v 10.51820000 5.00000000 -27.61060000
v 10.53540000 9.34497000 -57.00000000
v 10.53540000 9.34497000 -19.00000000
v 10.53540000 19.00500000 -57.00000000
v 10.53540000 19.00500000 -43.50000000
v 10.53540000 19.00500000 -32.50000000
v 10.53540000 19.00500000 -19.00000000
v 10.54230000 25.56640000 -43.50000000
v 10.54230000 25.56640000 -40.69640000
v 10.54230000 25.56640000 -35.30360000
v 10.54230000 25.56640000 -32.50000000
v 10.56760000 25.64580000 -40.64860000
v 10.56760000 25.64580000 -35.35140000
v 10.63760000 14.00120000 -57.00000000
v 10.63760000 14.34880000 -57.00000000
v 10.63770000 13.99960000 -57.00000000
v 10.63770000 14.35040000 -57.00000000
v 10.64790000 25.89770000 -43.50000000
v 10.64790000 25.89770000 -40.45710000
v 10.64790000 25.89770000 -35.54290000
v 10.64790000 25.89770000 -32.50000000
v 10.65700000 25.92160000 -40.43890000
v 10.65700000 25.92160000 -35.56110000
v 10.65820000 13.65420000 -57.00000000
v 10.65820000 14.69580000 -57.00000000
v 10.69910000 13.31060000 -57.00000000
v 10.69910000 15.03940000 -57.00000000
v 10.69930000 13.30910000 -57.00000000
v 10.69930000 15.04090000 -57.00000000
v 10.69960000 13.30750000 -57.00000000
v 10.69960000 15.04250000 -57.00000000
v 10.75310000 26.17320000 -40.20060000
v 10.75310000 26.17320000 -35.79940000
v 10.76080000 12.96690000 -57.00000000
v 10.76080000 15.38310000 -57.00000000
v 10.77190000 26.22260000 -43.50000000
v 10.77190000 26.22260000 -40.14240000
v 10.77190000 26.22260000 -35.85760000
v 10.77190000 26.22260000 -32.50000000
v 10.79640000 9.03942000 -57.00000000
v 10.79640000 9.03942000 -19.00000000
v 10.79640000 19.31060000 -57.00000000
v 10.79640000 19.31060000 -43.50000000
v 10.79640000 19.31060000 -32.50000000
v 10.79640000 19.31060000 -19.00000000
v 10.84200000 12.63060000 -57.00000000
v 10.84200000 15.71940000 -57.00000000
v 10.84240000 12.62910000 -57.00000000
v 10.84240000 15.72090000 -57.00000000
v 10.85020000 26.39750000 -39.93660000
v 10.85020000 26.39750000 -36.06340000
v 10.91400000 26.54010000 -43.50000000
v 10.91400000 26.54010000 -39.72630000
v 10.91400000 26.54010000 -36.27370000
v 10.91400000 26.54010000 -32.50000000
v 10.92290000 0.00000000 -46.07270000
v 10.92290000 5.00000000 -46.07270000
v 10.94080000 26.59190000 -39.64980000
v 10.94080000 26.59190000 -36.35020000
v 10.94350000 12.29810000 -57.00000000
v 10.94350000 16.05190000 -57.00000000
v 10.94390000 12.29660000 -57.00000000
v 10.94390000 16.05340000 -57.00000000
v 10.94450000 12.29510000 -57.00000000
v 10.94450000 16.05490000 -57.00000000
v 11.02460000 26.75420000 -39.34360000
v 11.02460000 26.75420000 -36.65640000
v 11.05270000 0.00000000 -22.00330000
v 11.05270000 5.00000000 -22.00330000
v 11.06500000 11.97080000 -57.00000000
v 11.06500000 16.37920000 -57.00000000
v 11.06960000 0.00000000 -28.96040000
v 11.06960000 5.00000000 -28.96040000
v 11.07300000 8.74796000 -57.00000000
v 11.07300000 8.74796000 -19.00000000
v 11.07300000 19.60200000 -57.00000000
v 11.07300000 19.60200000 -43.50000000
v 11.07300000 19.60200000 -32.50000000
v 11.07300000 19.60200000 -19.00000000
v 11.07360000 26.84910000 -43.50000000
v 11.07360000 26.84910000 -39.10570000
v 11.07360000 26.84910000 -36.89430000
v 11.07360000 26.84910000 -32.50000000
v 11.09330000 26.88250000 -39.02180000
v 11.09330000 26.88250000 -36.97820000
v 11.14800000 26.97520000 -38.68790000
v 11.14800000 26.97520000 -37.31210000
v 11.18110000 27.03120000 -38.34600000
v 11.18110000 27.03120000 -37.65400000
v 11.19210000 27.05000000 -38.00000000
v 11.20450000 11.65410000 -57.00000000
v 11.20450000 16.69590000 -57.00000000
v 11.20510000 11.65270000 -57.00000000
v 11.20510000 16.69730000 -57.00000000
v 11.20580000 11.65130000 -57.00000000
v 11.20580000 16.69870000 -57.00000000
v 11.25030000 27.14860000 -43.50000000
v 11.25030000 27.14860000 -32.50000000
v 11.30780000 0.00000000 -52.56280000
v 11.30780000 5.00000000 -52.56280000
v 11.36380000 11.34340000 -57.00000000
v 11.36380000 17.00660000 -57.00000000
v 11.36440000 8.47136000 -57.00000000
v 11.36440000 8.47136000 -19.00000000
v 11.36440000 19.87860000 -57.00000000
v 11.36440000 19.87860000 -43.50000000
v 11.36440000 19.87860000 -32.50000000
v 11.36440000 19.87860000 -19.00000000
v 11.41470000 0.00000000 -44.70000000
v 11.41470000 5.00000000 -44.70000000
v 11.44350000 27.43780000 -43.50000000
v 11.44350000 27.43780000 -32.50000000
v 11.53780000 0.00000000 -30.34140000
v 11.53780000 5.00000000 -30.34140000
v 11.53980000 11.04550000 -57.00000000
v 11.53980000 17.30450000 -57.00000000
v 11.54060000 11.04410000 -57.00000000
v 11.54060000 17.30590000 -57.00000000
v 11.54150000 11.04280000 -57.00000000
v 11.54150000 17.30720000 -57.00000000
v 11.65260000 27.71560000 -43.50000000
v 11.65260000 27.71560000 -32.50000000
v 11.67000000 8.21041000 -57.00000000
v 11.67000000 8.21041000 -19.00000000
v 11.67000000 20.13960000 -57.00000000
v 11.67000000 20.13960000 -43.50000000
v 11.67000000 20.13960000 -32.50000000
v 11.67000000 20.13960000 -19.00000000
v 11.73480000 10.75580000 -57.00000000
v 11.73480000 17.59420000 -57.00000000
v 11.82180000 0.00000000 -43.29980000
v 11.82180000 5.00000000 -43.29980000
v 11.87700000 27.98130000 -43.50000000
v 11.87700000 27.98130000 -32.50000000
v 11.92090000 0.00000000 -31.74840000
v 11.92090000 5.00000000 -31.74840000
v 11.93010000 0.00000000 -23.28480000
v 11.93010000 5.00000000 -23.28480000
v 11.94470000 10.48080000 -57.00000000
v 11.94470000 17.86920000 -57.00000000
v 11.94570000 10.47950000 -57.00000000
v 11.94570000 17.87050000 -57.00000000
v 11.98870000 7.96580000 -57.00000000
v 11.98870000 7.96580000 -19.00000000
v 11.98870000 20.38420000 -57.00000000
v 11.98870000 20.38420000 -43.50000000
v 11.98870000 20.38420000 -32.50000000
v 11.98870000 20.38420000 -19.00000000
v 12.11590000 28.23410000 -43.50000000
v 12.11590000 28.23410000 -32.50000000
v 12.14290000 0.00000000 -41.87740000
v 12.14290000 5.00000000 -41.87740000
v 12.16380000 0.00000000 -51.26680000
v 12.16380000 5.00000000 -51.26680000
v 12.17160000 10.21740000 -57.00000000
v 12.17160000 18.13260000 -57.00000000
v 12.17260000 10.21620000 -57.00000000
v 12.17260000 18.13380000 -57.00000000
v 12.17370000 10.21510000 -57.00000000
v 12.17370000 18.13490000 -57.00000000
v 12.21750000 0.00000000 -33.17610000
v 12.21750000 5.00000000 -33.17610000
v 12.22590000 14.26220000 -55.41100000
v 12.22590000 14.26220000 -19.00000000
v 12.22690000 14.04830000 -55.41000000
v 12.22690000 14.21380000 -55.41000000
v 12.22690000 14.27830000 -55.41000000
v 12.22690000 14.30170000 -55.41000000
v 12.23200000 13.96160000 -55.41000000
v 12.23300000 13.91350000 -55.41190000
v 12.23300000 13.91350000 -19.00000000
v 12.23750000 13.87000000 -55.41000000
v 12.24190000 13.79540000 -55.41000000
v 12.24190000 14.55460000 -55.41000000
v 12.24580000 14.58780000 -55.41000000
v 12.24720000 14.61030000 -55.41130000
v 12.24720000 14.61030000 -19.00000000
v 12.25480000 14.66300000 -55.41000000
v 12.26470000 13.60390000 -55.41000000
v 12.26850000 13.56660000 -55.41060000
v 12.26850000 13.56660000 -19.00000000
v 12.27030000 13.55720000 -55.41000000
v 12.27190000 13.54380000 -55.41000000
v 12.27190000 14.80620000 -55.41000000
v 12.28950000 14.90440000 -55.41000000
v 12.29690000 14.95550000 -55.41180000
v 12.29690000 14.95550000 -19.00000000
v 12.30500000 20.65000000 -38.00000000
v 12.30500000 20.66880000 -38.34600000
v 12.30500000 20.66880000 -37.65400000
v 12.30500000 20.72480000 -38.68790000
v 12.30500000 20.72480000 -37.31210000
v 12.30500000 20.81750000 -39.02180000
v 12.30500000 20.81750000 -36.97820000
v 12.30500000 20.94580000 -39.34360000
v 12.30500000 20.94580000 -36.65640000
v 12.30500000 21.10810000 -39.64980000
v 12.30500000 21.10810000 -36.35020000
v 12.30500000 21.30250000 -39.93660000
v 12.30500000 21.30250000 -36.06340000
v 12.30500000 21.52680000 -40.20060000
v 12.30500000 21.52680000 -35.79940000
v 12.30500000 21.77840000 -40.43890000
v 12.30500000 21.77840000 -35.56110000
v 12.30500000 22.05420000 -40.64860000
v 12.30500000 22.05420000 -35.35140000
v 12.30500000 22.15870000 -38.17200000
v 12.30500000 22.15870000 -37.82800000
v 12.30500000 22.22800000 -38.50890000
v 12.30500000 22.22800000 -37.49110000
v 12.30500000 22.35110000 -40.82720000
v 12.30500000 22.35110000 -35.17280000
v 12.30500000 22.36360000 -38.82500000
v 12.30500000 22.36360000 -37.17500000
v 12.30500000 22.56010000 -39.10730000
v 12.30500000 22.56010000 -36.89270000
v 12.30500000 22.66560000 -40.97270000
v 12.30500000 22.66560000 -35.02730000
v 12.30500000 22.80940000 -39.34430000
v 12.30500000 22.80940000 -36.65570000
v 12.30500000 22.99390000 -41.08340000
v 12.30500000 22.99390000 -34.91660000
v 12.30500000 23.10130000 -39.52630000
v 12.30500000 23.10130000 -36.47370000
v 12.30500000 23.33230000 -41.15780000
v 12.30500000 23.33230000 -34.84220000
v 12.30500000 23.42390000 -39.64570000
v 12.30500000 23.42390000 -36.35430000
v 12.30500000 23.67680000 -41.19530000
v 12.30500000 23.67680000 -34.80470000
v 12.30500000 23.76390000 -39.69780000
v 12.30500000 23.76390000 -36.30220000
v 12.30500000 24.02320000 -41.19530000
v 12.30500000 24.02320000 -34.80470000
v 12.30500000 24.10740000 -39.68040000
v 12.30500000 24.10740000 -36.31960000
v 12.30500000 24.36770000 -41.15780000
v 12.30500000 24.36770000 -34.84220000
v 12.30500000 24.44040000 -39.59420000
v 12.30500000 24.44040000 -36.40580000
v 12.30500000 24.70610000 -41.08340000
v 12.30500000 24.70610000 -34.91660000
v 12.30500000 24.74920000 -39.44270000
v 12.30500000 24.74920000 -36.55730000
v 12.30500000 25.02120000 -39.23210000
v 12.30500000 25.02120000 -36.76790000
v 12.30500000 25.03440000 -40.97270000
v 12.30500000 25.03440000 -35.02730000
v 12.30500000 25.24530000 -38.97120000
v 12.30500000 25.24530000 -37.02880000
v 12.30500000 25.34890000 -40.82720000
v 12.30500000 25.34890000 -35.17280000
v 12.30500000 25.41220000 -38.67040000
v 12.30500000 25.41220000 -37.32960000
v 12.30500000 25.51520000 -38.34220000
v 12.30500000 25.51520000 -37.65780000
v 12.30500000 25.55000000 -38.00000000
v 12.30500000 25.64580000 -40.64860000
v 12.30500000 25.64580000 -35.35140000
v 12.30500000 25.92160000 -40.43890000
v 12.30500000 25.92160000 -35.56110000
v 12.30500000 26.17320000 -40.20060000
v 12.30500000 26.17320000 -35.79940000
v 12.30500000 26.39750000 -39.93660000
v 12.30500000 26.39750000 -36.06340000
v 12.30500000 26.59190000 -39.64980000
v 12.30500000 26.59190000 -36.35020000
v 12.30500000 26.75420000 -39.34360000
v 12.30500000 26.75420000 -36.65640000
v 12.30500000 26.88250000 -39.02180000
v 12.30500000 26.88250000 -36.97820000
v 12.30500000 26.97520000 -38.68790000
v 12.30500000 26.97520000 -37.31210000
v 12.30500000 27.03120000 -38.34600000
v 12.30500000 27.03120000 -37.65400000
v 12.30500000 27.05000000 -38.00000000
v 12.30550000 14.99330000 -55.41000000
v 12.31670000 13.29440000 -55.41000000
v 12.31670000 15.05560000 -55.41000000
v 12.31990000 7.73820000 -57.00000000
v 12.31990000 7.73820000 -19.00000000
v 12.31990000 20.61180000 -57.00000000
v 12.31990000 20.61180000 -43.50000000
v 12.31990000 20.61180000 -32.50000000
v 12.31990000 20.61180000 -19.00000000
v 12.32700000 13.25190000 -55.41000000
v 12.33220000 13.22370000 -55.41150000
v 12.33220000 13.22370000 -19.00000000
v 12.34650000 13.17110000 -55.41000000
v 12.36870000 28.47300000 -43.50000000
v 12.36870000 28.47300000 -32.50000000
v 12.37110000 15.28090000 -55.41000000
v 12.37450000 15.29550000 -55.41020000
v 12.37450000 15.29550000 -19.00000000
v 12.37530000 15.29810000 -55.41000000
v 12.37620000 13.04820000 -55.41000000
v 12.37620000 15.30180000 -55.41000000
v 12.37670000 0.00000000 -40.43810000
v 12.37670000 5.00000000 -40.43810000
v 12.40950000 12.93920000 -55.41000000
v 12.41470000 9.96682000 -57.00000000
v 12.41470000 18.38320000 -57.00000000
v 12.41590000 9.96575000 -57.00000000
v 12.41590000 18.38420000 -57.00000000
v 12.42360000 12.88720000 -55.41170000
v 12.42360000 12.88720000 -19.00000000
v 12.42660000 0.00000000 -34.61920000
v 12.42660000 5.00000000 -34.61920000
v 12.43490000 12.85580000 -55.41000000
v 12.45020000 12.80580000 -55.41000000
v 12.45020000 15.54420000 -55.41000000
v 12.46910000 15.59520000 -55.41000000
v 12.47950000 15.62800000 -55.41170000
v 12.47950000 15.62800000 -19.00000000
v 12.49970000 15.67760000 -55.41000000
v 12.52240000 0.00000000 -38.98720000
v 12.52240000 5.00000000 -38.98720000
v 12.53840000 12.56830000 -55.41000000
v 12.53840000 15.78170000 -55.41000000
v 12.54070000 12.56310000 -55.41000000
v 12.54210000 12.55920000 -55.41030000
v 12.54210000 12.55920000 -19.00000000
v 12.54730000 0.00000000 -36.07230000
v 12.54730000 5.00000000 -36.07230000
v 12.55080000 12.54020000 -55.41000000
v 12.57930000 0.00000000 -37.53020000
v 12.57930000 5.00000000 -37.53020000
v 12.59070000 15.90040000 -55.41000000
v 12.61130000 15.95090000 -55.41150000
v 12.61130000 15.95090000 -19.00000000
v 12.62370000 15.97540000 -55.41000000
v 12.63440000 28.69740000 -43.50000000
v 12.63440000 28.69740000 -32.50000000
v 12.64050000 12.33650000 -55.41000000
v 12.64050000 16.01350000 -55.41000000
v 12.66250000 7.52826000 -57.00000000
v 12.66250000 7.52826000 -19.00000000
v 12.66250000 20.82170000 -57.00000000
v 12.66250000 20.82170000 -43.50000000
v 12.66250000 20.82170000 -32.50000000
v 12.66250000 20.82170000 -19.00000000
v 12.67040000 12.27820000 -55.41000000
v 12.67120000 9.73220000 -57.00000000
v 12.67120000 18.61780000 -57.00000000
v 12.67240000 9.73120000 -57.00000000
v 12.67240000 18.61880000 -57.00000000
v 12.68700000 12.24200000 -55.41180000
v 12.68700000 12.24200000 -19.00000000
v 12.71190000 12.19750000 -55.41000000
v 12.73020000 0.00000000 -24.61610000
v 12.73020000 5.00000000 -24.61610000
v 12.75620000 12.11110000 -55.41000000
v 12.75620000 16.23890000 -55.41000000
v 12.76410000 16.25220000 -55.41000000
v 12.76900000 16.26200000 -55.41070000
v 12.76900000 16.26200000 -19.00000000
v 12.79010000 16.29630000 -55.41000000
v 12.83160000 11.98350000 -55.41000000
v 12.85720000 11.93760000 -55.41120000
v 12.85720000 11.93760000 -19.00000000
v 12.86910000 11.91990000 -55.41000000
v 12.88510000 11.89290000 -55.41000000
v 12.88510000 16.45710000 -55.41000000
v 12.91220000 28.90650000 -43.50000000
v 12.91220000 28.90650000 -32.50000000
v 12.92810000 16.52100000 -55.41000000
v 12.94110000 9.51318000 -57.00000000
v 12.94110000 18.83680000 -57.00000000
v 12.94150000 0.00000000 -49.92240000
v 12.94150000 5.00000000 -49.92240000
v 12.95150000 16.55910000 -55.41190000
v 12.95150000 16.55910000 -19.00000000
v 12.97950000 16.59730000 -55.41000000
v 13.01560000 7.33653000 -57.00000000
v 13.01560000 7.33653000 -19.00000000
v 13.01560000 21.01350000 -57.00000000
v 13.01560000 21.01350000 -43.50000000
v 13.01560000 21.01350000 -32.50000000
v 13.01560000 21.01350000 -19.00000000
v 13.02660000 11.68280000 -55.41000000
v 13.02660000 16.66720000 -55.41000000
v 13.04200000 11.66260000 -55.41000000
v 13.05170000 11.64810000 -55.41110000
v 13.05170000 11.64810000 -19.00000000
v 13.08280000 11.60920000 -55.41000000
v 13.13000000 16.80260000 -55.41000000
v 13.15770000 16.84040000 -55.41090000
v 13.15770000 16.84040000 -19.00000000
v 13.16740000 16.85160000 -55.41000000
v 13.18040000 11.48140000 -55.41000000
v 13.18040000 16.86860000 -55.41000000
v 13.20140000 29.09970000 -43.50000000
v 13.20140000 29.09970000 -32.50000000
v 13.22220000 9.31146000 -57.00000000
v 13.22220000 19.03850000 -57.00000000
v 13.22350000 9.31054000 -57.00000000
v 13.22350000 19.03950000 -57.00000000
v 13.22490000 9.30969000 -57.00000000
v 13.22490000 19.04030000 -57.00000000
v 13.23870000 11.41370000 -55.41000000
v 13.26920000 11.37550000 -55.41190000
v 13.26920000 11.37550000 -19.00000000
v 13.29850000 11.34430000 -55.41000000
v 13.34580000 11.28940000 -55.41000000
v 13.34580000 17.06060000 -55.41000000
v 13.37050000 17.08600000 -55.41000000
v 13.37830000 7.16354000 -57.00000000
v 13.37830000 7.16354000 -19.00000000
v 13.37830000 21.18650000 -57.00000000
v 13.37830000 21.18650000 -43.50000000
v 13.37830000 21.18650000 -32.50000000
v 13.37830000 21.18650000 -19.00000000
v 13.38600000 17.10400000 -55.41130000
v 13.38600000 17.10400000 -19.00000000
v 13.42450000 17.14160000 -55.41000000
v 13.45010000 0.00000000 -25.99230000
v 13.45010000 5.00000000 -25.99230000
v 13.48470000 11.14630000 -55.41000000
v 13.50090000 29.27640000 -43.50000000
v 13.50090000 29.27640000 -32.50000000
v 13.50810000 11.12140000 -55.41050000
v 13.50810000 11.12140000 -19.00000000
v 13.51420000 11.11590000 -55.41000000
v 13.51750000 9.12498000 -57.00000000
v 13.51750000 19.22500000 -57.00000000
v 13.51890000 9.12421000 -57.00000000
v 13.51890000 19.22580000 -57.00000000
v 13.52220000 11.10770000 -55.41000000
v 13.52220000 17.24230000 -55.41000000
v 13.59790000 17.31160000 -55.41000000
v 13.63510000 17.34800000 -55.41180000
v 13.63510000 17.34800000 -19.00000000
v 13.63830000 0.00000000 -48.53430000
v 13.63830000 5.00000000 -48.53430000
v 13.66420000 17.37220000 -55.41000000
v 13.70920000 10.93660000 -55.41000000
v 13.70920000 17.41340000 -55.41000000
v 13.74480000 10.90770000 -55.41000000
v 13.74950000 7.00977000 -57.00000000
v 13.74950000 7.00977000 -19.00000000
v 13.74950000 21.34020000 -57.00000000
v 13.74950000 21.34020000 -43.50000000
v 13.74950000 21.34020000 -32.50000000
v 13.74950000 21.34020000 -19.00000000
v 13.76700000 10.88770000 -55.41160000
v 13.76700000 10.88770000 -19.00000000
v 13.80990000 29.43600000 -43.50000000
v 13.80990000 29.43600000 -32.50000000
v 13.81020000 10.85460000 -55.41000000
v 13.82190000 8.95716000 -57.00000000
v 13.82190000 19.39280000 -57.00000000
v 13.89710000 17.56590000 -55.41000000
v 13.90330000 17.57100000 -55.41010000
v 13.90330000 17.57100000 -19.00000000
v 13.90440000 17.57180000 -55.41000000
v 13.90590000 10.77700000 -55.41000000
v 13.90590000 17.57300000 -55.41000000
v 14.00100000 10.70880000 -55.41000000
v 14.04400000 10.67590000 -55.41160000
v 14.04400000 10.67590000 -19.00000000
v 14.07110000 10.65850000 -55.41000000
v 14.08740000 0.00000000 -27.40870000
v 14.08740000 5.00000000 -27.40870000
v 14.11180000 10.62930000 -55.41000000
v 14.11180000 17.72070000 -55.41000000
v 14.12740000 29.57810000 -43.50000000
v 14.12740000 29.57810000 -32.50000000
v 14.12830000 6.87564000 -57.00000000
v 14.12830000 6.87564000 -19.00000000
v 14.12830000 21.47440000 -57.00000000
v 14.12830000 21.47440000 -43.50000000
v 14.12830000 21.47440000 -32.50000000
v 14.12830000 21.47440000 -19.00000000
v 14.13430000 8.80835000 -57.00000000
v 14.13430000 19.54160000 -57.00000000
v 14.13570000 8.80767000 -57.00000000
v 14.13570000 19.54230000 -57.00000000
v 14.15960000 17.75090000 -55.41000000
v 14.18880000 17.77140000 -55.41170000
v 14.18880000 17.77140000 -19.00000000
v 14.23460000 17.79820000 -55.41000000
v 14.25000000 4.50000000 -57.00000000
v 14.25000000 4.50000000 -47.11170000
v 14.25000000 4.50000000 -27.83620000
v 14.25000000 4.50000000 -16.78560000
v 14.25000000 5.00000000 -47.11170000
v 14.25000000 5.00000000 -27.83620000
v 14.25000000 5.00000000 -16.78560000
v 14.25000000 5.00000000 -10.01000000
v 14.25000000 6.43500000 -10.01000000
v 14.25000000 6.83959000 -57.00000000
v 14.25000000 6.83959000 -19.00000000
v 14.25000000 8.37000000 -11.51000000
v 14.25000000 10.02860000 -12.79570000
v 14.25000000 10.54350000 -19.00000000
v 14.25000000 13.89860000 -15.79570000
v 14.25000000 14.16210000 -16.00000000
v 14.25000000 14.17500000 -19.00000000
v 14.25000000 14.17500000 -16.00000000
v 14.25180000 0.00000000 -47.10740000
v 14.25180000 4.50000000 -47.10740000
v 14.32600000 10.49400000 -55.41000000
v 14.32600000 17.85600000 -55.41000000
v 14.33280000 10.49030000 -55.41000000
v 14.33740000 10.48740000 -55.41040000
v 14.33740000 10.48740000 -19.00000000
v 14.36030000 10.47520000 -55.41000000
v 14.44270000 17.92030000 -55.41000000
v 14.45230000 29.70210000 -43.50000000
v 14.45230000 29.70210000 -32.50000000
v 14.45630000 8.67763000 -57.00000000
v 14.45630000 19.67240000 -57.00000000
v 14.45780000 8.67703000 -57.00000000
v 14.45780000 19.67300000 -57.00000000
v 14.45930000 8.67653000 -57.00000000
v 14.45930000 19.67350000 -57.00000000
v 14.48960000 17.94780000 -55.41140000
v 14.48960000 17.94780000 -19.00000000
v 14.51320000 17.95920000 -55.41000000
v 14.51360000 21.58850000 -57.00000000
v 14.51360000 21.58850000 -43.50000000
v 14.51360000 21.58850000 -32.50000000
v 14.51360000 21.58850000 -19.00000000
v 14.54790000 10.37170000 -55.41000000
v 14.54790000 17.97830000 -55.41000000
v 14.60910000 10.34260000 -55.41000000
v 14.63970000 0.00000000 -28.86040000
v 14.63970000 4.50000000 -28.86040000
v 14.64510000 10.32340000 -55.41180000
v 14.64510000 10.32340000 -19.00000000
v 14.69130000 10.30340000 -55.41000000
v 14.77660000 10.26280000 -55.41000000
v 14.77660000 18.08720000 -55.41000000
v 14.77980000 0.00000000 -45.64680000
v 14.77980000 4.50000000 -45.64680000
v 14.78360000 29.80770000 -43.50000000
v 14.78360000 29.80770000 -32.50000000
v 14.78710000 8.56571000 -57.00000000
v 14.78710000 19.78430000 -57.00000000
v 14.78860000 8.56529000 -57.00000000
v 14.78860000 19.78470000 -57.00000000
v 14.79280000 18.09380000 -55.41000000
v 14.80380000 18.09910000 -55.41080000
v 14.80380000 18.09910000 -19.00000000
v 14.84380000 18.11450000 -55.41000000
v 14.90430000 21.68230000 -57.00000000
v 14.90430000 21.68230000 -43.50000000
v 14.90430000 21.68230000 -32.50000000
v 14.90430000 21.68230000 -19.00000000
v 14.91760000 10.20560000 -55.41000000
v 14.96530000 10.18500000 -55.41120000
v 14.96530000 10.18500000 -19.00000000
v 14.98420000 10.17860000 -55.41000000
v 15.01140000 10.16750000 -55.41000000
v 15.01140000 18.18250000 -55.41000000
v 15.08670000 18.20790000 -55.41000000
v 15.10510000 0.00000000 -30.34220000
v 15.10510000 4.50000000 -30.34220000
v 15.12040000 29.89460000 -43.50000000
v 15.12040000 29.89460000 -32.50000000
v 15.12240000 8.47408000 -57.00000000
v 15.12240000 19.87590000 -57.00000000
v 15.12390000 8.47376000 -57.00000000
v 15.12390000 19.87620000 -57.00000000
v 15.12930000 18.22430000 -55.41190000
v 15.12930000 18.22430000 -19.00000000
v 15.17390000 18.23740000 -55.41000000
v 15.22050000 0.00000000 -44.15740000
v 15.22050000 4.50000000 -44.15740000
v 15.25150000 10.08640000 -55.41000000
v 15.25150000 18.26360000 -55.41000000
v 15.27780000 10.07920000 -55.41000000
v 15.29560000 10.07320000 -55.41110000
v 15.29560000 10.07320000 -19.00000000
v 15.29940000 21.75550000 -57.00000000
v 15.29940000 21.75550000 -43.50000000
v 15.29940000 21.75550000 -32.50000000
v 15.29940000 21.75550000 -19.00000000
v 15.30000000 18.27440000 -55.41000000
v 15.30000000 18.27440000 -19.00000000
v 15.30000000 18.27690000 -55.41000000
v 15.30000000 18.73320000 -55.85030000
v 15.30000000 19.14090000 -56.24390000
v 15.30000000 19.45200000 -56.54840000
v 15.30000000 19.91330000 -57.00000000
v 15.30000000 21.75560000 -57.00000000
v 15.30000000 21.75560000 -43.50000000
v 15.30000000 21.75560000 -32.50000000
v 15.30000000 21.75560000 -19.00000000
v 15.30000000 22.15870000 -38.17200000
v 15.30000000 22.15870000 -37.82800000
v 15.30000000 22.22800000 -38.50890000
v 15.30000000 22.22800000 -37.49110000
v 15.30000000 22.36360000 -38.82500000
v 15.30000000 22.36360000 -37.17500000
v 15.30000000 22.56010000 -39.10730000
v 15.30000000 22.56010000 -36.89270000
v 15.30000000 22.80940000 -39.34430000
v 15.30000000 22.80940000 -36.65570000
v 15.30000000 23.10130000 -39.52630000
v 15.30000000 23.10130000 -36.47370000
v 15.30000000 23.42390000 -39.64570000
v 15.30000000 23.42390000 -36.35430000
v 15.30000000 23.76390000 -39.69780000
v 15.30000000 23.76390000 -36.30220000
v 15.30000000 24.10740000 -39.68040000
v 15.30000000 24.10740000 -36.31960000
v 15.30000000 24.44040000 -39.59420000
v 15.30000000 24.44040000 -36.40580000
v 15.30000000 24.74920000 -39.44270000
v 15.30000000 24.74920000 -36.55730000
v 15.30000000 25.02120000 -39.23210000
v 15.30000000 25.02120000 -36.76790000
v 15.30000000 25.24530000 -38.97120000
v 15.30000000 25.24530000 -37.02880000
v 15.30000000 25.41220000 -38.67040000
v 15.30000000 25.41220000 -37.32960000
v 15.30000000 25.51520000 -38.34220000
v 15.30000000 25.51520000 -37.65780000
v 15.30000000 25.55000000 -38.00000000
v 15.30000000 29.93030000 -43.50000000
v 15.30000000 29.93030000 -32.50000000
v 15.34500000 10.06080000 -55.41000000
v 15.46250000 8.40249000 -57.00000000
v 15.46410000 8.40225000 -57.00000000
v 15.48210000 0.00000000 -31.84890000
v 15.48210000 4.50000000 -31.84890000
v 15.49590000 10.01960000 -55.41000000
v 15.57220000 0.00000000 -42.64460000
v 15.57220000 4.50000000 -42.64460000
v 15.58580000 10.00070000 -55.41000000
v 15.63390000 9.98865000 -55.41190000
v 15.63390000 9.98865000 -19.00000000
v 15.67520000 9.98185000 -55.41000000
v 15.74380000 9.96741000 -55.41000000
v 15.76920000 0.00000000 -33.37530000
v 15.76920000 4.50000000 -33.37530000
v 15.80630000 8.35117000 -57.00000000
v 15.83390000 0.00000000 -41.11360000
v 15.83390000 4.50000000 -41.11360000
v 15.94810000 9.93692000 -55.41000000
v 15.96560000 0.00000000 -34.91600000
v 15.96560000 4.50000000 -34.91600000
v 15.97800000 9.93198000 -55.41050000
v 15.97800000 9.93198000 -19.00000000
v 15.98490000 9.93143000 -55.41000000
v 15.99440000 9.93001000 -55.41000000
v 16.00440000 0.00000000 -39.56990000
v 16.00440000 4.50000000 -39.56990000
v 16.07040000 0.00000000 -36.46560000
v 16.07040000 4.50000000 -36.46560000
v 16.08060000 0.00000000 -12.30630000
v 16.08340000 0.00000000 -38.01870000
v 16.08340000 4.50000000 -38.01870000
v 16.15100000 8.32044000 -57.00000000
v 16.15260000 8.32030000 -57.00000000
v 16.24390000 0.00000000 -12.28050000
v 16.24670000 9.90751000 -55.41000000
v 16.29470000 9.90609000 -55.41000000
v 16.32560000 9.90356000 -55.41160000
v 16.32560000 9.90356000 -19.00000000
v 16.38000000 9.90356000 -55.41000000
v 16.40850000 0.00000000 -12.26500000
v 16.49840000 8.31005000 -57.00000000
v 16.50000000 8.31000000 -57.00000000
v 16.50000000 9.90000000 -55.41000000
v 16.50160000 8.31005000 -57.00000000
v 16.57380000 0.00000000 -12.25980000
v 16.57380000 0.00061000 -12.27540000
v 16.57380000 0.00244000 -12.29100000
v 16.57380000 0.00547000 -12.30630000
v 16.62000000 9.90356000 -55.41000000
v 16.67440000 9.90356000 -55.41160000
v 16.67440000 9.90356000 -19.00000000
v 16.70530000 9.90609000 -55.41000000
v 16.75330000 9.90751000 -55.41000000
v 16.84740000 8.32030000 -57.00000000
v 16.84900000 8.32044000 -57.00000000
v 17.00560000 9.93001000 -55.41000000
v 17.01510000 9.93143000 -55.41000000
v 17.02200000 9.93198000 -55.41050000
v 17.02200000 9.93198000 -19.00000000
v 17.05190000 9.93692000 -55.41000000
v 17.19370000 8.35117000 -57.00000000
v 17.25620000 9.96741000 -55.41000000
v 17.32480000 9.98185000 -55.41000000
v 17.36610000 9.98865000 -55.41190000
v 17.36610000 9.98865000 -19.00000000
v 17.41420000 10.00070000 -55.41000000
v 17.50410000 10.01960000 -55.41000000
v 17.53590000 8.40225000 -57.00000000
v 17.53750000 8.40249000 -57.00000000
v 17.65500000 10.06080000 -55.41000000
v 17.70000000 18.27440000 -55.41000000
v 17.70000000 18.27440000 -19.00000000
v 17.70000000 18.27690000 -55.41000000
v 17.70000000 18.73320000 -55.85030000
v 17.70000000 19.14090000 -56.24390000
v 17.70000000 19.45200000 -56.54840000
v 17.70000000 19.91330000 -57.00000000
v 17.70000000 21.75560000 -57.00000000
v 17.70000000 21.75560000 -43.50000000
v 17.70000000 21.75560000 -32.50000000
v 17.70000000 21.75560000 -19.00000000
v 17.70000000 22.15870000 -38.17200000
v 17.70000000 22.15870000 -37.82800000
v 17.70000000 22.22800000 -38.50890000
v 17.70000000 22.22800000 -37.49110000
v 17.70000000 22.36360000 -38.82500000
v 17.70000000 22.36360000 -37.17500000
v 17.70000000 22.56010000 -39.10730000
v 17.70000000 22.56010000 -36.89270000
v 17.70000000 22.80940000 -39.34430000
v 17.70000000 22.80940000 -36.65570000
v 17.70000000 23.10130000 -39.52630000
v 17.70000000 23.10130000 -36.47370000
v 17.70000000 23.42390000 -39.64570000
v 17.70000000 23.42390000 -36.35430000
v 17.70000000 23.76390000 -39.69780000
v 17.70000000 23.76390000 -36.30220000
v 17.70000000 24.10740000 -39.68040000
v 17.70000000 24.10740000 -36.31960000
v 17.70000000 24.44040000 -39.59420000
v 17.70000000 24.44040000 -36.40580000
v 17.70000000 24.74920000 -39.44270000
v 17.70000000 24.74920000 -36.55730000
v 17.70000000 25.02120000 -39.23210000
v 17.70000000 25.02120000 -36.76790000
v 17.70000000 25.24530000 -38.97120000
v 17.70000000 25.24530000 -37.02880000
v 17.70000000 25.41220000 -38.67040000
v 17.70000000 25.41220000 -37.32960000
v 17.70000000 25.51520000 -38.34220000
v 17.70000000 25.51520000 -37.65780000
v 17.70000000 25.55000000 -38.00000000
v 17.70000000 29.93030000 -43.50000000
v 17.70000000 29.93030000 -32.50000000
v 17.70060000 21.75550000 -57.00000000
v 17.70060000 21.75550000 -43.50000000
v 17.70060000 21.75550000 -32.50000000
v 17.70060000 21.75550000 -19.00000000
v 17.70440000 10.07320000 -55.41110000
v 17.70440000 10.07320000 -19.00000000
v 17.72220000 10.07920000 -55.41000000
v 17.74850000 10.08640000 -55.41000000
v 17.74850000 18.26360000 -55.41000000
v 17.82610000 18.23740000 -55.41000000
v 17.87070000 18.22430000 -55.41190000
v 17.87070000 18.22430000 -19.00000000
v 17.87610000 8.47376000 -57.00000000
v 17.87610000 19.87620000 -57.00000000
v 17.87760000 8.47408000 -57.00000000
v 17.87760000 19.87590000 -57.00000000
v 17.87960000 29.89460000 -43.50000000
v 17.87960000 29.89460000 -32.50000000
v 17.91330000 18.20790000 -55.41000000
v 17.98860000 10.16750000 -55.41000000
v 17.98860000 18.18250000 -55.41000000
v 18.01580000 10.17860000 -55.41000000
v 18.03470000 10.18500000 -55.41120000
v 18.03470000 10.18500000 -19.00000000
v 18.08240000 10.20560000 -55.41000000
v 18.09570000 21.68230000 -57.00000000
v 18.09570000 21.68230000 -43.50000000
v 18.09570000 21.68230000 -32.50000000
v 18.09570000 21.68230000 -19.00000000
v 18.15620000 18.11450000 -55.41000000
v 18.19620000 18.09910000 -55.41080000
v 18.19620000 18.09910000 -19.00000000
v 18.20720000 18.09380000 -55.41000000
v 18.21140000 8.56529000 -57.00000000
v 18.21140000 19.78470000 -57.00000000
v 18.21290000 8.56571000 -57.00000000
v 18.21290000 19.78430000 -57.00000000
v 18.21640000 29.80770000 -43.50000000
v 18.21640000 29.80770000 -32.50000000
v 18.22340000 10.26280000 -55.41000000
v 18.22340000 18.08720000 -55.41000000
v 18.30870000 10.30340000 -55.41000000
v 18.35490000 10.32340000 -55.41180000
v 18.35490000 10.32340000 -19.00000000
v 18.39090000 10.34260000 -55.41000000
v 18.45210000 10.37170000 -55.41000000
v 18.45210000 17.97830000 -55.41000000
v 18.48640000 21.58850000 -57.00000000
v 18.48640000 21.58850000 -43.50000000
v 18.48640000 21.58850000 -32.50000000
v 18.48640000 21.58850000 -19.00000000
v 18.48680000 17.95920000 -55.41000000
v 18.51040000 17.94780000 -55.41140000
v 18.51040000 17.94780000 -19.00000000
v 18.54070000 8.67653000 -57.00000000
v 18.54070000 19.67350000 -57.00000000
v 18.54220000 8.67703000 -57.00000000
v 18.54220000 19.67300000 -57.00000000
v 18.54370000 8.67763000 -57.00000000
v 18.54370000 19.67240000 -57.00000000
v 18.54770000 29.70210000 -43.50000000
v 18.54770000 29.70210000 -32.50000000
v 18.55730000 17.92030000 -55.41000000
v 18.63970000 10.47520000 -55.41000000
v 18.66260000 10.48740000 -55.41040000
v 18.66260000 10.48740000 -19.00000000
v 18.66720000 10.49030000 -55.41000000
v 18.67400000 10.49400000 -55.41000000
v 18.67400000 17.85600000 -55.41000000
v 18.75000000 4.50000000 -57.00000000
v 18.75000000 4.50000000 -15.55320000
v 18.75000000 4.99453000 -12.30630000
v 18.75000000 4.99756000 -12.29100000
v 18.75000000 4.99939000 -12.27540000
v 18.75000000 5.00000000 -15.55320000
v 18.75000000 5.00000000 -12.30630000
v 18.75000000 5.00000000 -12.25980000
v 18.75000000 5.00000000 -10.01000000
v 18.75000000 6.43500000 -10.01000000
v 18.75000000 6.83959000 -57.00000000
v 18.75000000 6.83959000 -19.00000000
v 18.75000000 8.37000000 -11.51000000
v 18.75000000 10.02860000 -12.79570000
v 18.75000000 10.54350000 -19.00000000
v 18.75000000 13.89860000 -15.79570000
v 18.75000000 14.16210000 -16.00000000
v 18.75000000 14.17500000 -19.00000000
v 18.75000000 14.17500000 -16.00000000
v 18.76540000 17.79820000 -55.41000000
v 18.81120000 17.77140000 -55.41170000
v 18.81120000 17.77140000 -19.00000000
v 18.84040000 17.75090000 -55.41000000
v 18.86430000 8.80767000 -57.00000000
v 18.86430000 19.54230000 -57.00000000
v 18.86570000 8.80835000 -57.00000000
v 18.86570000 19.54160000 -57.00000000
v 18.87170000 6.87564000 -57.00000000
v 18.87170000 6.87564000 -19.00000000
v 18.87170000 21.47440000 -57.00000000
v 18.87170000 21.47440000 -43.50000000
v 18.87170000 21.47440000 -32.50000000
v 18.87170000 21.47440000 -19.00000000
v 18.87260000 29.57810000 -43.50000000
v 18.87260000 29.57810000 -32.50000000
v 18.88820000 10.62930000 -55.41000000
v 18.88820000 17.72070000 -55.41000000
v 18.92890000 10.65850000 -55.41000000
v 18.95600000 10.67590000 -55.41160000
v 18.95600000 10.67590000 -19.00000000
v 18.99900000 10.70880000 -55.41000000
v 19.09410000 10.77700000 -55.41000000
v 19.09410000 17.57300000 -55.41000000
v 19.09560000 17.57180000 -55.41000000
v 19.09670000 17.57100000 -55.41010000
v 19.09670000 17.57100000 -19.00000000
v 19.10290000 17.56590000 -55.41000000
v 19.17810000 8.95716000 -57.00000000
v 19.17810000 19.39280000 -57.00000000
v 19.18980000 10.85460000 -55.41000000
v 19.19010000 29.43600000 -43.50000000
v 19.19010000 29.43600000 -32.50000000
v 19.23300000 10.88770000 -55.41160000
v 19.23300000 10.88770000 -19.00000000
v 19.25050000 7.00977000 -57.00000000
v 19.25050000 7.00977000 -19.00000000
v 19.25050000 21.34020000 -57.00000000
v 19.25050000 21.34020000 -43.50000000
v 19.25050000 21.34020000 -32.50000000
v 19.25050000 21.34020000 -19.00000000
v 19.25520000 10.90770000 -55.41000000
v 19.29080000 10.93660000 -55.41000000
v 19.29080000 17.41340000 -55.41000000
v 19.33580000 17.37220000 -55.41000000
v 19.36490000 17.34800000 -55.41180000
v 19.36490000 17.34800000 -19.00000000
v 19.40210000 17.31160000 -55.41000000
v 19.47780000 11.10770000 -55.41000000
v 19.47780000 17.24230000 -55.41000000
v 19.48110000 9.12421000 -57.00000000
v 19.48110000 19.22580000 -57.00000000
v 19.48250000 9.12498000 -57.00000000
v 19.48250000 19.22500000 -57.00000000
v 19.48580000 11.11590000 -55.41000000
v 19.49190000 11.12140000 -55.41050000
v 19.49190000 11.12140000 -19.00000000
v 19.49910000 29.27640000 -43.50000000
v 19.49910000 29.27640000 -32.50000000
v 19.51530000 11.14630000 -55.41000000
v 19.57550000 17.14160000 -55.41000000
v 19.61400000 17.10400000 -55.41130000
v 19.61400000 17.10400000 -19.00000000
v 19.62170000 7.16354000 -57.00000000
v 19.62170000 7.16354000 -19.00000000
v 19.62170000 21.18650000 -57.00000000
v 19.62170000 21.18650000 -43.50000000
v 19.62170000 21.18650000 -32.50000000
v 19.62170000 21.18650000 -19.00000000
v 19.62950000 17.08600000 -55.41000000
v 19.65420000 11.28940000 -55.41000000
v 19.65420000 17.06060000 -55.41000000
v 19.70150000 11.34430000 -55.41000000
v 19.73080000 11.37550000 -55.41190000
v 19.73080000 11.37550000 -19.00000000
v 19.76130000 11.41370000 -55.41000000
v 19.77510000 9.30969000 -57.00000000
v 19.77510000 19.04030000 -57.00000000
v 19.77650000 9.31054000 -57.00000000
v 19.77650000 19.03950000 -57.00000000
v 19.77780000 9.31146000 -57.00000000
v 19.77780000 19.03850000 -57.00000000
v 19.79500000 20.55910000 -38.00000000
v 19.79500000 22.15870000 -38.17200000
v 19.79500000 22.15870000 -37.82800000
v 19.79500000 22.20460000 -40.85000000
v 19.79500000 22.20460000 -35.15000000
v 19.79500000 22.22800000 -38.50890000
v 19.79500000 22.22800000 -37.49110000
v 19.79500000 22.36360000 -38.82500000
v 19.79500000 22.36360000 -37.17500000
v 19.79500000 22.56010000 -39.10730000
v 19.79500000 22.56010000 -36.89270000
v 19.79500000 22.80940000 -39.34430000
v 19.79500000 22.80940000 -36.65570000
v 19.79500000 23.10130000 -39.52630000
v 19.79500000 23.10130000 -36.47370000
v 19.79500000 23.42390000 -39.64570000
v 19.79500000 23.42390000 -36.35430000
v 19.79500000 23.76390000 -39.69780000
v 19.79500000 23.76390000 -36.30220000
v 19.79500000 24.10740000 -39.68040000
v 19.79500000 24.10740000 -36.31960000
v 19.79500000 24.44040000 -39.59420000
v 19.79500000 24.44040000 -36.40580000
v 19.79500000 24.74920000 -39.44270000
v 19.79500000 24.74920000 -36.55730000
v 19.79500000 25.02120000 -39.23210000
v 19.79500000 25.02120000 -36.76790000
v 19.79500000 25.24530000 -38.97120000
v 19.79500000 25.24530000 -37.02880000
v 19.79500000 25.41220000 -38.67040000
v 19.79500000 25.41220000 -37.32960000
v 19.79500000 25.49540000 -40.85000000
v 19.79500000 25.49540000 -35.15000000
v 19.79500000 25.51520000 -38.34220000
v 19.79500000 25.51520000 -37.65780000
v 19.79500000 25.55000000 -38.00000000
v 19.79500000 27.14090000 -38.00000000
v 19.79860000 29.09970000 -43.50000000
v 19.79860000 29.09970000 -32.50000000
v 19.81960000 11.48140000 -55.41000000
v 19.81960000 16.86860000 -55.41000000
v 19.83260000 16.85160000 -55.41000000
v 19.84230000 16.84040000 -55.41090000
v 19.84230000 16.84040000 -19.00000000
v 19.87000000 16.80260000 -55.41000000
v 19.91720000 11.60920000 -55.41000000
v 19.94830000 11.64810000 -55.41110000
v 19.94830000 11.64810000 -19.00000000
v 19.95800000 11.66260000 -55.41000000
v 19.97340000 11.68280000 -55.41000000
v 19.97340000 16.66720000 -55.41000000
v 19.98440000 7.33653000 -57.00000000
v 19.98440000 7.33653000 -19.00000000
v 19.98440000 21.01350000 -57.00000000
v 19.98440000 21.01350000 -43.50000000
v 19.98440000 21.01350000 -32.50000000
v 19.98440000 21.01350000 -19.00000000
v 20.02050000 16.59730000 -55.41000000
v 20.04850000 16.55910000 -55.41190000
v 20.04850000 16.55910000 -19.00000000
v 20.05890000 9.51318000 -57.00000000
v 20.05890000 18.83680000 -57.00000000
v 20.07190000 16.52100000 -55.41000000
v 20.08780000 28.90650000 -43.50000000
v 20.08780000 28.90650000 -32.50000000
v 20.11490000 11.89290000 -55.41000000
v 20.11490000 16.45710000 -55.41000000
v 20.13090000 11.91990000 -55.41000000
v 20.14280000 11.93760000 -55.41120000
v 20.14280000 11.93760000 -19.00000000
v 20.16840000 11.98350000 -55.41000000
v 20.20990000 16.29630000 -55.41000000
v 20.23100000 16.26200000 -55.41070000
v 20.23100000 16.26200000 -19.00000000
v 20.23590000 16.25220000 -55.41000000
v 20.24380000 12.11110000 -55.41000000
v 20.24380000 16.23890000 -55.41000000
v 20.28810000 12.19750000 -55.41000000
v 20.31300000 12.24200000 -55.41180000
v 20.31300000 12.24200000 -19.00000000
v 20.32760000 9.73120000 -57.00000000
v 20.32760000 18.61880000 -57.00000000
v 20.32880000 9.73220000 -57.00000000
v 20.32880000 18.61780000 -57.00000000
v 20.32960000 12.27820000 -55.41000000
v 20.33750000 7.52826000 -57.00000000
v 20.33750000 7.52826000 -19.00000000
v 20.33750000 20.82170000 -57.00000000
v 20.33750000 20.82170000 -43.50000000
v 20.33750000 20.82170000 -32.50000000
v 20.33750000 20.82170000 -19.00000000
v 20.35950000 12.33650000 -55.41000000
v 20.35950000 16.01350000 -55.41000000
v 20.36560000 28.69740000 -43.50000000
v 20.36560000 28.69740000 -32.50000000
v 20.37630000 15.97540000 -55.41000000
v 20.38870000 15.95090000 -55.41150000
v 20.38870000 15.95090000 -19.00000000
v 20.40930000 15.90040000 -55.41000000
v 20.44920000 12.54020000 -55.41000000
v 20.45790000 12.55920000 -55.41030000
v 20.45790000 12.55920000 -19.00000000
v 20.45930000 12.56310000 -55.41000000
v 20.46160000 12.56830000 -55.41000000
v 20.46160000 15.78170000 -55.41000000
v 20.50030000 15.67760000 -55.41000000
v 20.52050000 15.62800000 -55.41170000
v 20.52050000 15.62800000 -19.00000000
v 20.53090000 15.59520000 -55.41000000
v 20.54980000 12.80580000 -55.41000000
v 20.54980000 15.54420000 -55.41000000
v 20.56510000 12.85580000 -55.41000000
v 20.57640000 12.88720000 -55.41170000
v 20.57640000 12.88720000 -19.00000000
v 20.58410000 9.96575000 -57.00000000
v 20.58410000 18.38420000 -57.00000000
v 20.58530000 9.96682000 -57.00000000
v 20.58530000 18.38320000 -57.00000000
v 20.59050000 12.93920000 -55.41000000
v 20.62380000 13.04820000 -55.41000000
v 20.62380000 15.30180000 -55.41000000
v 20.62470000 15.29810000 -55.41000000
v 20.62550000 15.29550000 -55.41020000
v 20.62550000 15.29550000 -19.00000000
v 20.62890000 15.28090000 -55.41000000
v 20.63130000 28.47300000 -43.50000000
v 20.63130000 28.47300000 -32.50000000
v 20.65350000 13.17110000 -55.41000000
v 20.66780000 13.22370000 -55.41150000
v 20.66780000 13.22370000 -19.00000000
v 20.67300000 13.25190000 -55.41000000
v 20.68010000 7.73820000 -57.00000000
v 20.68010000 7.73820000 -19.00000000
v 20.68010000 20.61180000 -57.00000000
v 20.68010000 20.61180000 -43.50000000
v 20.68010000 20.61180000 -32.50000000
v 20.68010000 20.61180000 -19.00000000
v 20.68330000 13.29440000 -55.41000000
v 20.68330000 15.05560000 -55.41000000
v 20.69450000 14.99330000 -55.41000000
v 20.70310000 14.95550000 -55.41180000
v 20.70310000 14.95550000 -19.00000000
v 20.71050000 14.90440000 -55.41000000
v 20.72810000 13.54380000 -55.41000000
v 20.72810000 14.80620000 -55.41000000
v 20.72970000 13.55720000 -55.41000000
v 20.73150000 13.56660000 -55.41060000
v 20.73150000 13.56660000 -19.00000000
v 20.73530000 13.60390000 -55.41000000
v 20.74520000 14.66300000 -55.41000000
v 20.75280000 14.61030000 -55.41130000
v 20.75280000 14.61030000 -19.00000000
v 20.75420000 14.58780000 -55.41000000
v 20.75810000 13.79540000 -55.41000000
v 20.75810000 14.55460000 -55.41000000
v 20.76250000 13.87000000 -55.41000000
v 20.76700000 13.91350000 -55.41190000
v 20.76700000 13.91350000 -19.00000000
v 20.76800000 13.96160000 -55.41000000
v 20.77310000 14.04830000 -55.41000000
v 20.77310000 14.21380000 -55.41000000
v 20.77310000 14.27830000 -55.41000000
v 20.77310000 14.30170000 -55.41000000
v 20.77410000 14.26220000 -55.41100000
v 20.77410000 14.26220000 -19.00000000
v 20.82630000 10.21510000 -57.00000000
v 20.82630000 18.13490000 -57.00000000
v 20.82740000 10.21620000 -57.00000000
v 20.82740000 18.13380000 -57.00000000
v 20.82840000 10.21740000 -57.00000000
v 20.82840000 18.13260000 -57.00000000
v 20.88410000 28.23410000 -43.50000000
v 20.88410000 28.23410000 -32.50000000
v 21.01130000 7.96580000 -57.00000000
v 21.01130000 7.96580000 -19.00000000
v 21.01130000 20.38420000 -57.00000000
v 21.01130000 20.38420000 -43.50000000
v 21.01130000 20.38420000 -32.50000000
v 21.01130000 20.38420000 -19.00000000
v 21.05430000 10.47950000 -57.00000000
v 21.05430000 17.87050000 -57.00000000
v 21.05530000 10.48080000 -57.00000000
v 21.05530000 17.86920000 -57.00000000
v 21.12300000 27.98130000 -43.50000000
v 21.12300000 27.98130000 -32.50000000
v 21.26520000 10.75580000 -57.00000000
v 21.26520000 17.59420000 -57.00000000
v 21.33000000 8.21041000 -57.00000000
v 21.33000000 8.21041000 -19.00000000
v 21.33000000 20.13960000 -57.00000000
v 21.33000000 20.13960000 -43.50000000
v 21.33000000 20.13960000 -32.50000000
v 21.33000000 20.13960000 -19.00000000
v 21.34740000 27.71560000 -43.50000000
v 21.34740000 27.71560000 -32.50000000
v 21.45850000 11.04280000 -57.00000000
v 21.45850000 17.30720000 -57.00000000
v 21.45940000 11.04410000 -57.00000000
v 21.45940000 17.30590000 -57.00000000
v 21.46020000 11.04550000 -57.00000000
v 21.46020000 17.30450000 -57.00000000
v 21.55650000 27.43780000 -43.50000000
v 21.55650000 27.43780000 -32.50000000
v 21.63560000 8.47136000 -57.00000000
v 21.63560000 8.47136000 -19.00000000
v 21.63560000 19.87860000 -57.00000000
v 21.63560000 19.87860000 -43.50000000
v 21.63560000 19.87860000 -32.50000000
v 21.63560000 19.87860000 -19.00000000
v 21.63620000 11.34340000 -57.00000000
v 21.63620000 17.00660000 -57.00000000
v 21.74970000 27.14860000 -43.50000000
v 21.74970000 27.14860000 -32.50000000
v 21.75420000 27.14090000 -38.00000000
v 21.79420000 11.65130000 -57.00000000
v 21.79420000 16.69870000 -57.00000000
v 21.79490000 11.65270000 -57.00000000
v 21.79490000 16.69730000 -57.00000000
v 21.79550000 11.65410000 -57.00000000
v 21.79550000 16.69590000 -57.00000000
v 21.92640000 26.84910000 -43.50000000
v 21.92640000 26.84910000 -38.50550000
v 21.92640000 26.84910000 -37.49450000
v 21.92640000 26.84910000 -32.50000000
v 21.92700000 8.74796000 -57.00000000
v 21.92700000 8.74796000 -19.00000000
v 21.92700000 19.60200000 -57.00000000
v 21.92700000 19.60200000 -43.50000000
v 21.92700000 19.60200000 -32.50000000
v 21.92700000 19.60200000 -19.00000000
v 21.93500000 11.97080000 -57.00000000
v 21.93500000 16.37920000 -57.00000000
v 22.05550000 12.29510000 -57.00000000
v 22.05550000 16.05490000 -57.00000000
v 22.05610000 12.29660000 -57.00000000
v 22.05610000 16.05340000 -57.00000000
v 22.05650000 12.29810000 -57.00000000
v 22.05650000 16.05190000 -57.00000000
v 22.08600000 26.54010000 -43.50000000
v 22.08600000 26.54010000 -39.04060000
v 22.08600000 26.54010000 -36.95940000
v 22.08600000 26.54010000 -32.50000000
v 22.15760000 12.62910000 -57.00000000
v 22.15760000 15.72090000 -57.00000000
v 22.15800000 12.63060000 -57.00000000
v 22.15800000 15.71940000 -57.00000000
v 22.20360000 9.03942000 -57.00000000
v 22.20360000 9.03942000 -19.00000000
v 22.20360000 19.31060000 -57.00000000
v 22.20360000 19.31060000 -43.50000000
v 22.20360000 19.31060000 -32.50000000
v 22.20360000 19.31060000 -19.00000000
v 22.22810000 26.22260000 -43.50000000
v 22.22810000 26.22260000 -39.59050000
v 22.22810000 26.22260000 -36.40950000
v 22.22810000 26.22260000 -32.50000000
v 22.23920000 12.96690000 -57.00000000
v 22.23920000 15.38310000 -57.00000000
v 22.30040000 13.30750000 -57.00000000
v 22.30040000 15.04250000 -57.00000000
v 22.30070000 13.30910000 -57.00000000
v 22.30070000 15.04090000 -57.00000000
v 22.30090000 13.31060000 -57.00000000
v 22.30090000 15.03940000 -57.00000000
v 22.34180000 13.65420000 -57.00000000
v 22.34180000 14.69580000 -57.00000000
v 22.35210000 25.89770000 -43.50000000
v 22.35210000 25.89770000 -40.15320000
v 22.35210000 25.89770000 -35.84680000
v 22.35210000 25.89770000 -32.50000000
v 22.36230000 13.99960000 -57.00000000
v 22.36230000 14.35040000 -57.00000000
v 22.36240000 14.00120000 -57.00000000
v 22.36240000 14.34880000 -57.00000000
v 22.45770000 25.56640000 -43.50000000
v 22.45770000 25.56640000 -40.72710000
v 22.45770000 25.56640000 -35.27290000
v 22.45770000 25.56640000 -32.50000000
v 22.46460000 9.34497000 -57.00000000
v 22.46460000 9.34497000 -19.00000000
v 22.46460000 19.00500000 -57.00000000
v 22.46460000 19.00500000 -43.50000000
v 22.46460000 19.00500000 -32.50000000
v 22.46460000 19.00500000 -19.00000000
v 22.47600000 25.49540000 -40.85000000
v 22.47600000 25.49540000 -35.15000000
v 22.54460000 25.22960000 -43.50000000
v 22.54460000 25.22960000 -40.85000000
v 22.54460000 25.22960000 -35.15000000
v 22.54460000 25.22960000 -32.50000000
v 22.61240000 24.88850000 -43.50000000
v 22.61240000 24.88850000 -40.85000000
v 22.61240000 24.88850000 -35.15000000
v 22.61240000 24.88850000 -32.50000000
v 22.70500000 20.55910000 -38.00000000
v 22.70500000 22.15870000 -38.17200000
v 22.70500000 22.15870000 -37.82800000
v 22.70500000 22.20460000 -40.85000000
v 22.70500000 22.20460000 -35.15000000
v 22.70500000 22.22800000 -38.50890000
v 22.70500000 22.22800000 -37.49110000
v 22.70500000 22.36360000 -38.82500000
v 22.70500000 22.36360000 -37.17500000
v 22.70500000 22.56010000 -39.10730000
v 22.70500000 22.56010000 -36.89270000
v 22.70500000 22.80940000 -39.34430000
v 22.70500000 22.80940000 -36.65570000
v 22.70500000 23.10130000 -39.52630000
v 22.70500000 23.10130000 -36.47370000
v 22.70500000 23.42390000 -39.64570000
v 22.70500000 23.42390000 -36.35430000
v 22.70500000 23.76390000 -39.69780000
v 22.70500000 23.76390000 -36.30220000
v 22.70500000 24.10740000 -39.68040000
v 22.70500000 24.10740000 -36.31960000
v 22.70500000 24.28850000 -40.85000000
v 22.70500000 24.28850000 -39.63350000
v 22.70500000 24.28850000 -36.36650000
v 22.70500000 24.28850000 -35.15000000
v 22.70920000 9.66375000 -57.00000000
v 22.70920000 9.66375000 -19.00000000
v 22.70920000 18.68630000 -57.00000000
v 22.70920000 18.68630000 -43.50000000
v 22.70920000 18.68630000 -32.50000000
v 22.70920000 18.68630000 -19.00000000
v 22.73290000 24.10740000 -39.68040000
v 22.73290000 24.10740000 -36.31960000
v 22.78600000 23.76390000 -39.69780000
v 22.78600000 23.76390000 -36.30220000
v 22.83840000 23.42390000 -39.64570000
v 22.83840000 23.42390000 -36.35430000
v 22.88820000 23.10130000 -39.52630000
v 22.88820000 23.10130000 -36.47370000
v 22.93330000 22.80940000 -39.34430000
v 22.93330000 22.80940000 -36.65570000
v 22.93680000 9.99490000 -57.00000000
v 22.93680000 9.99490000 -19.00000000
v 22.93680000 18.35510000 -57.00000000
v 22.93680000 18.35510000 -43.50000000
v 22.93680000 18.35510000 -32.50000000
v 22.93680000 18.35510000 -19.00000000
v 22.97170000 22.56010000 -39.10730000
v 22.97170000 22.56010000 -36.89270000
v 23.00210000 22.36360000 -38.82500000
v 23.00210000 22.36360000 -37.17500000
v 23.02300000 22.22800000 -38.50890000
v 23.02300000 22.22800000 -37.49110000
v 23.03370000 22.15870000 -38.17200000
v 23.03370000 22.15870000 -37.82800000
v 23.14670000 10.33750000 -57.00000000
v 23.14670000 10.33750000 -19.00000000
v 23.14670000 18.01250000 -57.00000000
v 23.14670000 18.01250000 -43.50000000
v 23.14670000 18.01250000 -32.50000000
v 23.14670000 18.01250000 -19.00000000
v 23.33850000 10.69060000 -57.00000000
v 23.33850000 10.69060000 -19.00000000
v 23.33850000 17.65940000 -57.00000000
v 23.33850000 17.65940000 -43.50000000
v 23.33850000 17.65940000 -32.50000000
v 23.33850000 17.65940000 -19.00000000
v 23.51150000 11.05330000 -57.00000000
v 23.51150000 11.05330000 -19.00000000
v 23.51150000 17.29670000 -57.00000000
v 23.51150000 17.29670000 -43.50000000
v 23.51150000 17.29670000 -32.50000000
v 23.51150000 17.29670000 -19.00000000
v 23.66520000 11.42450000 -57.00000000
v 23.66520000 11.42450000 -19.00000000
v 23.66520000 16.92550000 -57.00000000
v 23.66520000 16.92550000 -43.50000000
v 23.66520000 16.92550000 -32.50000000
v 23.66520000 16.92550000 -19.00000000
v 23.79940000 11.80330000 -57.00000000
v 23.79940000 11.80330000 -19.00000000
v 23.79940000 16.54670000 -57.00000000
v 23.79940000 16.54670000 -43.50000000
v 23.79940000 16.54670000 -32.50000000
v 23.79940000 16.54670000 -19.00000000
v 23.91350000 12.18860000 -57.00000000
v 23.91350000 12.18860000 -19.00000000
v 23.91350000 16.16140000 -57.00000000
v 23.91350000 16.16140000 -43.50000000
v 23.91350000 16.16140000 -32.50000000
v 23.91350000 16.16140000 -19.00000000
v 24.00730000 12.57930000 -57.00000000
v 24.00730000 12.57930000 -19.00000000
v 24.00730000 15.77070000 -57.00000000
v 24.00730000 15.77070000 -43.50000000
v 24.00730000 15.77070000 -32.50000000
v 24.00730000 15.77070000 -19.00000000
v 24.08050000 12.97440000 -57.00000000
v 24.08050000 12.97440000 -19.00000000
v 24.08050000 15.37560000 -57.00000000
v 24.08050000 15.37560000 -43.50000000
v 24.08050000 15.37560000 -32.50000000
v 24.08050000 15.37560000 -19.00000000
v 24.13300000 13.37270000 -57.00000000
v 24.13300000 13.37270000 -19.00000000
v 24.13300000 14.97730000 -57.00000000
v 24.13300000 14.97730000 -19.00000000
v 24.16450000 13.77330000 -57.00000000
v 24.16450000 13.77330000 -19.00000000
v 24.16450000 14.57670000 -57.00000000
v 24.16450000 14.57670000 -19.00000000
v 24.17500000 14.17500000 -57.00000000
v 24.17500000 14.17500000 -19.00000000
v 25.85280000 0.00000000 -6.13369000
v 25.85280000 5.00000000 -6.13369000
v 25.87550000 0.00000000 -5.59989000
v 25.87550000 5.00000000 -5.59989000
v 25.89470000 -4.80000000 -6.13191000
v 25.89470000 9.80000000 -6.13191000
v 25.91710000 -4.80000000 -5.60521000
v 25.91710000 9.80000000 -5.60521000
v 25.92070000 0.00000000 -6.66364000
v 25.92070000 5.00000000 -6.66364000
v 25.96160000 -4.80000000 -6.65481000
v 25.96160000 9.80000000 -6.65481000
v 25.98810000 0.00000000 -5.07761000
v 25.98810000 5.00000000 -5.07761000
v 26.02810000 -4.80000000 -5.08987000
v 26.02810000 9.80000000 -5.08987000
v 26.07710000 0.00000000 -7.17450000
v 26.07710000 5.00000000 -7.17450000
v 26.11600000 -4.80000000 -7.15888000
v 26.11600000 9.80000000 -7.15888000
v 26.18730000 0.00000000 -4.58186000
v 26.18730000 5.00000000 -4.58186000
v 26.22470000 -4.80000000 -4.60072000
v 26.22470000 9.80000000 -4.60072000
v 26.31770000 0.00000000 -7.65157000
v 26.31770000 5.00000000 -7.65157000
v 26.35340000 -4.80000000 -7.62961000
v 26.35340000 9.80000000 -7.62961000
v 26.46740000 0.00000000 -4.12691000
v 26.46740000 5.00000000 -4.12691000
v 26.50110000 -4.80000000 -4.15181000
v 26.50110000 9.80000000 -4.15181000
v 26.63540000 0.00000000 -8.08113000
v 26.63540000 5.00000000 -8.08113000
v 26.66680000 -4.80000000 -8.05345000
v 26.66680000 9.80000000 -8.05345000
v 26.82040000 0.00000000 -3.72584000
v 26.82040000 5.00000000 -3.72584000
v 26.84940000 -4.80000000 -3.75608000
v 26.84940000 9.80000000 -3.75608000
v 27.02110000 0.00000000 -8.45081000
v 27.02110000 5.00000000 -8.45081000
v 27.03920000 -4.80000000 -5.89369000
v 27.03920000 9.80000000 -6.10631000
v 27.04740000 -4.80000000 -8.41822000
v 27.04740000 9.80000000 -8.41822000
v 27.06220000 -4.80000000 -6.31769000
v 27.06220000 9.80000000 -5.68231000
v 27.10790000 -4.80000000 -5.47465000
v 27.10790000 9.80000000 -6.52535000
v 27.17580000 -4.80000000 -6.72684000
v 27.17580000 9.80000000 -5.27316000
v 27.23610000 0.00000000 -3.39019000
v 27.23610000 5.00000000 -3.39019000
v 27.25950000 -4.80000000 -3.42490000
v 27.25950000 9.80000000 -3.42490000
v 27.26500000 -4.80000000 -5.08018000
v 27.26500000 9.80000000 -6.91982000
v 27.28580000 0.14487000 0.45208000
v 27.33890000 9.50001000 -6.00000000
v 27.35010000 -4.50001000 -6.19284000
v 27.35010000 -4.50001000 -5.80716000
v 27.37470000 -4.80000000 -7.10201000
v 27.37470000 9.80000000 -4.89799000
v 27.38370000 9.50001000 -6.38307000
v 27.38370000 9.50001000 -5.61693000
v 27.40000000 2.50000000 -6.00000000
v 27.43910000 -4.50001000 -6.56813000
v 27.43910000 -4.50001000 -5.43187000
v 27.44650000 2.50000000 -6.38291000
v 27.44650000 2.50000000 -5.61709000
v 27.46380000 0.00000000 -8.74999000
v 27.46380000 5.00000000 -8.74999000
v 27.48420000 -4.80000000 -8.71342000
v 27.48420000 9.80000000 -8.71342000
v 27.50330000 -4.80000000 -4.72872000
v 27.50330000 9.80000000 -7.27128000
v 27.51560000 9.50001000 -6.74549000
v 27.51560000 9.50001000 -5.25451000
v 27.58330000 2.50000000 -6.74356000
v 27.58330000 2.50000000 -5.25644000
v 27.61220000 -4.50001000 -6.91278000
v 27.61220000 -4.50001000 -5.08722000
v 27.64960000 -4.80000000 -7.42564000
v 27.64960000 9.80000000 -4.57436000
v 27.70250000 0.00000000 -3.12963000
v 27.70250000 5.00000000 -3.12963000
v 27.71980000 -4.80000000 -3.16780000
v 27.71980000 9.80000000 -3.16780000
v 27.72750000 9.50001000 -7.06773000
v 27.72750000 9.50001000 -4.93227000
v 27.80240000 2.50000000 -7.06100000
v 27.80240000 2.50000000 -4.93900000
v 27.81160000 -4.80000000 -4.43671000
v 27.81160000 9.80000000 -7.56329000
v 27.86010000 -4.50001000 -7.20823000
v 27.86010000 -4.50001000 -4.79177000
v 27.95060000 0.00000000 -8.97006000
v 27.95060000 5.00000000 -8.97006000
v 27.96460000 -4.80000000 -8.93057000
v 27.96460000 9.80000000 -8.93057000
v 27.98760000 -4.80000000 -7.68262000
v 27.98760000 9.80000000 -4.31738000
v 28.00810000 9.50001000 -7.33240000
v 28.00810000 9.50001000 -4.66760000
v 28.09110000 2.50000000 -7.31677000
v 28.09110000 2.50000000 -4.68323000
v 28.16950000 -4.50001000 -7.43854000
v 28.16950000 -4.50001000 -4.56146000
v 28.17550000 -4.80000000 -4.21779000
v 28.17550000 9.80000000 -7.78221000
v 28.20330000 4.85513000 0.45208000
v 28.20330000 4.90301000 0.43126000
v 28.20330000 4.94387000 0.39875000
v 28.20330000 4.97492000 0.35678000
v 28.20330000 4.99406000 0.30821000
v 28.20630000 0.00000000 -2.95164000
v 28.20630000 5.00000000 -2.95164000
v 28.21680000 -4.80000000 -2.99218000
v 28.21680000 9.80000000 -2.99218000
v 28.34210000 9.50001000 -7.52524000
v 28.34210000 9.50001000 -4.47476000
v 28.37300000 -4.80000000 -7.86091000
v 28.37300000 9.80000000 -4.13909000
v 28.39460000 0.00594000 0.30821000
v 28.39460000 0.02508000 0.35678000
v 28.39460000 0.05613000 0.39875000
v 28.39460000 0.09699000 0.43126000
v 28.39460000 0.14487000 0.45208000
v 28.43260000 2.50000000 -7.49603000
v 28.43260000 2.50000000 -4.50397000
v 28.46760000 0.00000000 -9.10469000
v 28.46760000 5.00000000 -9.10469000
v 28.47470000 -4.80000000 -9.06340000
v 28.47470000 9.80000000 -9.06340000
v 28.52360000 -4.50001000 -7.59130000
v 28.52360000 -4.50001000 -4.40869000
v 28.57790000 -4.80000000 -4.08220000
v 28.57790000 9.80000000 -7.91780000
v 28.71160000 9.50001000 -7.63585000
v 28.71160000 9.50001000 -4.36415000
v 28.73290000 0.00000000 -2.86135000
v 28.73290000 5.00000000 -2.86135000
v 28.73640000 -4.80000000 -2.90309000
v 28.73640000 9.80000000 -2.90309000
v 28.78770000 -4.80000000 -7.95219000
v 28.78770000 9.80000000 -4.04780000
v 28.80710000 2.50000000 -7.58833000
v 28.80710000 2.50000000 -4.41167000
v 28.90340000 -4.50001000 -7.65828000
v 28.90340000 -4.50001000 -4.34172000
v 29.00000000 -4.80000000 -9.10811000
v 29.00000000 -4.80000000 -4.03629000
v 29.00000000 0.00000000 -12.25980000
v 29.00000000 0.00000000 -9.15000000
v 29.00000000 0.00000000 0.25982000
v 29.00000000 0.00061000 -12.27540000
v 29.00000000 0.00244000 -12.29100000
v 29.00000000 0.00547000 -12.30630000
v 29.00000000 0.00666000 0.31102000
v 29.00000000 0.02622000 0.35881000
v 29.00000000 0.05735000 0.40000000
v 29.00000000 0.09799000 0.43185000
v 29.00000000 0.14543000 0.45223000
v 29.00000000 0.19651000 0.45979000
v 29.00000000 2.50000000 0.50000000
v 29.00000000 4.80349000 0.45979000
v 29.00000000 4.85457000 0.45223000
v 29.00000000 4.90201000 0.43185000
v 29.00000000 4.94265000 0.40000000
v 29.00000000 4.97378000 0.35881000
v 29.00000000 4.99333000 0.31102000
v 29.00000000 4.99453000 -12.30630000
v 29.00000000 4.99756000 -12.29100000
v 29.00000000 4.99939000 -12.27540000
v 29.00000000 5.00000000 -12.25980000
v 29.00000000 5.00000000 -9.15000000
v 29.00000000 5.00000000 0.25982000
v 29.00000000 9.80000000 -9.10811000
v 29.00000000 9.80000000 -7.96371000
v 29.09660000 9.50001000 -7.65828000
v 29.09660000 9.50001000 -4.34172000
v 29.19290000 2.50000000 -7.58833000
v 29.19290000 2.50000000 -4.41167000
v 29.21230000 -4.80000000 -7.95219000
v 29.21230000 9.80000000 -4.04780000
v 29.26360000 -4.80000000 -2.90309000
v 29.26360000 9.80000000 -2.90309000
v 29.26710000 0.00000000 -2.86135000
v 29.26710000 5.00000000 -2.86135000
v 29.28840000 -4.50001000 -7.63585000
v 29.28840000 -4.50001000 -4.36415000
v 29.29550000 0.00681000 0.30466000
v 29.29550000 4.99319000 0.30466000
v 29.29780000 0.02679000 0.35285000
v 29.29780000 4.97320000 0.35285000
v 29.29970000 0.05858000 0.39422000
v 29.29970000 4.94142000 0.39422000
v 29.30120000 0.10000000 0.42597000
v 29.30120000 4.90000000 0.42597000
v 29.30220000 0.14823000 0.44593000
v 29.30220000 4.85176000 0.44593000
v 29.42210000 -4.80000000 -4.08220000
v 29.42210000 9.80000000 -7.91780000
v 29.47640000 9.50001000 -7.59130000
v 29.47640000 9.50001000 -4.40869000
v 29.52530000 -4.80000000 -9.06340000
v 29.52530000 9.80000000 -9.06340000
v 29.53240000 0.00000000 -9.10469000
v 29.53240000 5.00000000 -9.10469000
v 29.56740000 2.50000000 -7.49603000
v 29.56740000 2.50000000 -4.50397000
v 29.62700000 -4.80000000 -7.86091000
v 29.62700000 9.80000000 -4.13909000
v 29.65790000 -4.50001000 -7.52524000
v 29.65790000 -4.50001000 -4.47476000
v 29.73230000 0.02081000 -12.30630000
v 29.73230000 4.97919000 -12.30630000
v 29.75150000 2.50000000 0.45641000
v 29.75360000 0.19651000 0.41568000
v 29.75360000 4.80349000 0.41568000
v 29.75450000 0.00000000 -12.21420000
v 29.75450000 0.00000000 0.21418000
v 29.75450000 5.00000000 -12.21420000
v 29.75450000 5.00000000 0.21418000
v 29.78320000 -4.80000000 -2.99218000
v 29.78320000 9.80000000 -2.99218000
v 29.79370000 0.00000000 -2.95164000
v 29.79370000 5.00000000 -2.95164000
v 29.82440000 0.00681000 -12.25750000
v 29.82440000 4.99319000 -12.25750000
v 29.82450000 -4.80000000 -4.21779000
v 29.82450000 9.80000000 -7.78221000
v 29.83050000 9.50001000 -7.43854000
v 29.83050000 9.50001000 -4.56146000
v 29.83070000 0.02679000 -12.30530000
v 29.83070000 4.97320000 -12.30530000
v 29.90890000 2.50000000 -7.31677000
v 29.90890000 2.50000000 -4.68323000
v 29.99190000 -4.50001000 -7.33240000
v 29.99190000 -4.50001000 -4.66760000
v 30.01240000 -4.80000000 -7.68262000
v 30.01240000 9.80000000 -4.31738000
v 30.03540000 -4.80000000 -8.93057000
v 30.03540000 9.80000000 -8.93057000
v 30.03910000 0.00681000 0.22546000
v 30.03910000 4.99319000 0.22546000
v 30.04710000 0.02679000 0.27303000
v 30.04710000 4.97320000 0.27303000
v 30.04940000 0.00000000 -8.97006000
v 30.04940000 5.00000000 -8.97006000
v 30.05390000 0.05858000 0.31389000
v 30.05390000 4.94142000 0.31389000
v 30.05910000 0.10000000 0.34524000
v 30.05910000 4.90000000 0.34524000
v 30.06240000 0.14823000 0.36495000
v 30.06240000 4.85176000 0.36495000
v 30.09200000 0.05748000 -12.30630000
v 30.09200000 4.94252000 -12.30630000
v 30.13990000 9.50001000 -7.20823000
v 30.13990000 9.50001000 -4.79177000
v 30.18840000 -4.80000000 -4.43671000
v 30.18840000 9.80000000 -7.56329000
v 30.19760000 2.50000000 -7.06100000
v 30.19760000 2.50000000 -4.93900000
v 30.26040000 0.09659000 -12.30630000
v 30.26040000 4.90341000 -12.30630000
v 30.27250000 -4.50001000 -7.06773000
v 30.27250000 -4.50001000 -4.93227000
v 30.28020000 -4.80000000 -3.16780000
v 30.28020000 9.80000000 -3.16780000
v 30.29750000 0.00000000 -3.12963000
v 30.29750000 5.00000000 -3.12963000
v 30.34090000 0.13027000 -12.30630000
v 30.34090000 4.86973000 -12.30630000
v 30.35040000 -4.80000000 -7.42564000
v 30.35040000 9.80000000 -4.57436000
v 30.36080000 0.14270000 -12.30630000
v 30.36080000 4.85730000 -12.30630000
v 30.37850000 0.15726000 -12.30630000
v 30.37850000 4.84274000 -12.30630000
v 30.38600000 0.16538000 -12.30630000
v 30.38600000 4.83462000 -12.30630000
v 30.38780000 9.50001000 -6.91278000
v 30.38780000 9.50001000 -5.08722000
v 30.39260000 0.17478000 -12.30630000
v 30.39260000 4.82522000 -12.30630000
v 30.39750000 0.18512000 -12.30630000
v 30.39750000 4.81487000 -12.30630000
v 30.39990000 0.19651000 -12.30630000
v 30.39990000 4.80349000 -12.30630000
v 30.41670000 2.50000000 -6.74356000
v 30.41670000 2.50000000 -5.25644000
v 30.48440000 -4.50001000 -6.74549000
v 30.48440000 -4.50001000 -5.25451000
v 30.48730000 1.31435000 -12.30630000
v 30.48730000 3.68565000 -12.30630000
v 30.49290000 2.50000000 0.32623000
v 30.49670000 -4.80000000 -4.72872000
v 30.49670000 9.80000000 -7.27128000
v 30.49690000 0.19651000 0.28396000
v 30.49690000 4.80349000 0.28396000
v 30.49810000 0.00000000 -12.07790000
v 30.49810000 0.00000000 0.07792000
v 30.49810000 5.00000000 -12.07790000
v 30.49810000 5.00000000 0.07792000
v 30.51580000 -4.80000000 -8.71342000
v 30.51580000 9.80000000 -8.71342000
v 30.53620000 0.00000000 -8.74999000
v 30.53620000 5.00000000 -8.74999000
v 30.55350000 2.50000000 -6.38291000
v 30.55350000 2.50000000 -5.61709000
v 30.55870000 0.00681000 -12.11610000
v 30.55870000 4.99319000 -12.11610000
v 30.56090000 9.50001000 -6.56813000
v 30.56090000 9.50001000 -5.43187000
v 30.57060000 0.02679000 -12.16280000
v 30.57060000 4.97320000 -12.16280000
v 30.57500000 2.50000000 -12.30630000
v 30.58080000 0.05858000 -12.20300000
v 30.58080000 4.94142000 -12.20300000
v 30.58870000 0.10000000 -12.23380000
v 30.58870000 4.90000000 -12.23380000
v 30.59360000 0.14823000 -12.25310000
v 30.59360000 4.85176000 -12.25310000
v 30.60000000 2.50000000 -6.00000000
v 30.60550000 0.00000000 -12.30630000
v 30.60550000 5.00000000 -12.30630000
v 30.61630000 -4.50001000 -6.38307000
v 30.61630000 -4.50001000 -5.61693000
v 30.62530000 -4.80000000 -7.10201000
v 30.62530000 9.80000000 -4.89799000
v 30.64990000 9.50001000 -6.19284000
v 30.64990000 9.50001000 -5.80716000
v 30.66110000 -4.50001000 -6.00000000
v 30.73500000 -4.80000000 -5.08018000
v 30.73500000 9.80000000 -6.91982000
v 30.74050000 -4.80000000 -3.42490000
v 30.74050000 9.80000000 -3.42490000
v 30.76390000 0.00000000 -3.39019000
v 30.76390000 5.00000000 -3.39019000
v 30.76820000 0.00681000 0.05886000
v 30.76820000 4.99319000 0.05886000
v 30.78170000 0.02679000 0.10516000
v 30.78170000 4.97320000 0.10516000
v 30.79330000 0.05858000 0.14493000
v 30.79330000 4.94142000 0.14493000
v 30.80220000 0.10000000 0.17544000
v 30.80220000 4.90000000 0.17544000
v 30.80780000 0.14823000 0.19462000
v 30.80780000 4.85176000 0.19462000
v 30.82420000 -4.80000000 -6.72684000
v 30.82420000 9.80000000 -5.27316000
v 30.89210000 -4.80000000 -5.47465000
v 30.89210000 9.80000000 -6.52535000
v 30.93780000 -4.80000000 -6.31769000
v 30.93780000 9.80000000 -5.68231000
v 30.95260000 -4.80000000 -8.41822000
v 30.95260000 9.80000000 -8.41822000
v 30.96080000 -4.80000000 -5.89369000
v 30.96080000 9.80000000 -6.10631000
v 30.97890000 0.00000000 -8.45081000
v 30.97890000 5.00000000 -8.45081000
v 31.12600000 0.19651000 -12.09990000
v 31.12600000 4.80349000 -12.09990000
v 31.15060000 -4.80000000 -3.75608000
v 31.15060000 9.80000000 -3.75608000
v 31.17960000 0.00000000 -3.72584000
v 31.17960000 5.00000000 -3.72584000
v 31.21430000 2.50000000 0.11121000
v 31.21980000 0.00000000 -11.85300000
v 31.21980000 0.00000000 -0.14696000
v 31.21980000 0.19651000 0.06643000
v 31.21980000 4.80349000 0.06643000
v 31.21980000 5.00000000 -11.85300000
v 31.21980000 5.00000000 -0.14696000
v 31.27110000 0.00681000 -11.88880000
v 31.27110000 4.99319000 -11.88880000
v 31.28850000 0.02679000 -11.93380000
v 31.28850000 4.97320000 -11.93380000
v 31.29360000 2.50000000 -12.08190000
v 31.30340000 0.05858000 -11.97250000
v 31.30340000 4.94142000 -11.97250000
v 31.31480000 0.10000000 -12.00210000
v 31.31480000 4.90000000 -12.00210000
v 31.32200000 0.14823000 -12.02080000
v 31.32200000 4.85176000 -12.02080000
v 31.33320000 -4.80000000 -8.05345000
v 31.33320000 9.80000000 -8.05345000
v 31.36460000 0.00000000 -8.08113000
v 31.36460000 5.00000000 -8.08113000
v 31.47230000 0.00681000 -0.19279000
v 31.47230000 4.99319000 -0.19279000
v 31.49120000 0.02679000 -0.14841000
v 31.49120000 4.97320000 -0.14841000
v 31.49890000 -4.80000000 -4.15181000
v 31.49890000 9.80000000 -4.15181000
v 31.50750000 0.05858000 -0.11030000
v 31.50750000 4.94142000 -0.11030000
v 31.51990000 0.10000000 -0.08106000
v 31.51990000 4.90000000 -0.08106000
v 31.52770000 0.14823000 -0.06267000
v 31.52770000 4.85176000 -0.06267000
v 31.53260000 0.00000000 -4.12691000
v 31.53260000 5.00000000 -4.12691000
v 31.64660000 -4.80000000 -7.62961000
v 31.64660000 9.80000000 -7.62961000
v 31.68230000 0.00000000 -7.65157000
v 31.68230000 5.00000000 -7.65157000
v 31.77530000 -4.80000000 -4.60072000
v 31.77530000 9.80000000 -4.60072000
v 31.81270000 0.00000000 -4.58186000
v 31.81270000 5.00000000 -4.58186000
v 31.82310000 0.19651000 -11.81020000
v 31.82310000 4.80349000 -11.81020000
v 31.88400000 -4.80000000 -7.15888000
v 31.88400000 9.80000000 -7.15888000
v 31.90600000 2.50000000 -0.18578000
v 31.90910000 0.00000000 -11.54280000
v 31.90910000 0.00000000 -0.45720000
v 31.90910000 5.00000000 -11.54280000
v 31.90910000 5.00000000 -0.45720000
v 31.91230000 0.19651000 -0.23395000
v 31.91230000 4.80349000 -0.23395000
v 31.92290000 0.00000000 -7.17450000
v 31.92290000 5.00000000 -7.17450000
v 31.95160000 0.00681000 -11.57890000
v 31.95160000 4.99319000 -11.57890000
v 31.97190000 -4.80000000 -5.08987000
v 31.97190000 9.80000000 -5.08987000
v 31.97420000 0.02679000 -11.62150000
v 31.97420000 4.97320000 -11.62150000
v 31.98130000 2.50000000 -11.77590000
v 31.99360000 0.05858000 -11.65810000
v 31.99360000 4.94142000 -11.65810000
v 32.00840000 0.10000000 -11.68620000
v 32.00840000 4.90000000 -11.68620000
v 32.01190000 0.00000000 -5.07761000
v 32.01190000 5.00000000 -5.07761000
v 32.01780000 0.14823000 -11.70390000
v 32.01780000 4.85176000 -11.70390000
v 32.03830000 -4.80000000 -6.65481000
v 32.03830000 9.80000000 -6.65481000
v 32.07930000 0.00000000 -6.66364000
v 32.07930000 5.00000000 -6.66364000
v 32.08290000 -4.80000000 -5.60521000
v 32.08290000 9.80000000 -5.60521000
v 32.10530000 -4.80000000 -6.13191000
v 32.10530000 9.80000000 -6.13191000
v 32.12450000 0.00000000 -5.59989000
v 32.12450000 5.00000000 -5.59989000
v 32.14180000 0.00681000 -0.52596000
v 32.14180000 4.99319000 -0.52596000
v 32.14720000 0.00000000 -6.13369000
v 32.14720000 5.00000000 -6.13369000
v 32.16580000 0.02679000 -0.48413000
v 32.16580000 4.97320000 -0.48413000
v 32.18650000 0.05858000 -0.44820000
v 32.18650000 4.94142000 -0.44820000
v 32.20230000 0.10000000 -0.42064000
v 32.20230000 4.90000000 -0.42064000
v 32.21220000 0.14823000 -0.40331000
v 32.21220000 4.85176000 -0.40331000
v 32.48170000 0.19651000 -11.44120000
v 32.48170000 4.80349000 -11.44120000
v 32.55600000 0.00000000 -11.15170000
v 32.55600000 0.00000000 -0.84827000
v 32.55600000 5.00000000 -11.15170000
v 32.55600000 5.00000000 -0.84827000
v 32.55870000 2.50000000 -0.56075000
v 32.56510000 0.19651000 -0.61308000
v 32.56510000 4.80349000 -0.61308000
v 32.58630000 0.00681000 -11.19370000
v 32.58630000 4.99319000 -11.19370000
v 32.61460000 0.02679000 -11.23280000
v 32.61460000 4.97320000 -11.23280000
v 32.62910000 2.50000000 -11.39250000
v 32.63910000 0.05858000 -11.26620000
v 32.63910000 4.94142000 -11.26620000
v 32.65810000 0.10000000 -11.29170000
v 32.65810000 4.90000000 -11.29170000
v 32.67040000 0.14823000 -11.30750000
v 32.67040000 4.85176000 -11.30750000
v 32.76720000 0.00681000 -0.93598000
v 32.76720000 4.99319000 -0.93598000
v 32.79600000 0.02679000 -0.89728000
v 32.79600000 4.97320000 -0.89728000
v 32.82070000 0.05858000 -0.86404000
v 32.82070000 4.94142000 -0.86404000
v 32.83970000 0.10000000 -0.83854000
v 32.83970000 4.90000000 -0.83854000
v 32.85160000 0.14823000 -0.82251000
v 32.85160000 4.85176000 -0.82251000
v 33.09270000 0.19651000 -10.99790000
v 33.09270000 4.80349000 -10.99790000
v 33.15100000 0.00000000 -10.68550000
v 33.15100000 0.00000000 -1.31446000
v 33.15100000 5.00000000 -10.68550000
v 33.15100000 5.00000000 -1.31446000
v 33.16370000 2.50000000 -1.00866000
v 33.16920000 0.19651000 -1.06576000
v 33.16920000 4.80349000 -1.06576000
v 33.17950000 0.00681000 -10.72950000
v 33.17950000 4.99319000 -10.72950000
v 33.21140000 0.02679000 -10.76560000
v 33.21140000 4.97320000 -10.76560000
v 33.22830000 2.50000000 -10.93680000
v 33.23880000 0.05858000 -10.79670000
v 33.23880000 4.94142000 -10.79670000
v 33.25990000 0.10000000 -10.82050000
v 33.25990000 4.90000000 -10.82050000
v 33.27310000 0.14823000 -10.83550000
v 33.27310000 4.85176000 -10.83550000
v 33.33970000 0.00681000 -1.41708000
v 33.33970000 4.99319000 -1.41708000
v 33.37290000 0.02679000 -1.38206000
v 33.37290000 4.97320000 -1.38206000
v 33.40130000 0.05858000 -1.35198000
v 33.40130000 4.94142000 -1.35198000
v 33.42320000 0.10000000 -1.32890000
v 33.42320000 4.90000000 -1.32890000
v 33.43690000 0.14823000 -1.31439000
v 33.43690000 4.85176000 -1.31439000
v 33.64780000 0.19651000 -10.48630000
v 33.64780000 4.80349000 -10.48630000
v 33.68550000 0.00000000 -10.15100000
v 33.68550000 0.00000000 -1.84897000
v 33.68550000 5.00000000 -10.15100000
v 33.68550000 5.00000000 -1.84897000
v 33.70950000 0.00681000 -10.20200000
v 33.70950000 4.99319000 -10.20200000
v 33.71290000 2.50000000 -1.52352000
v 33.71640000 0.19651000 -1.58583000
v 33.71640000 4.80349000 -1.58583000
v 33.74550000 0.02679000 -10.23410000
v 33.74550000 4.97320000 -10.23410000
v 33.77070000 2.50000000 -10.41480000
v 33.77640000 0.05858000 -10.26170000
v 33.77640000 4.94142000 -10.26170000
v 33.80010000 0.10000000 -10.28280000
v 33.80010000 4.90000000 -10.28280000
v 33.81500000 0.14823000 -10.29610000
v 33.81500000 4.85176000 -10.29610000
v 33.85130000 0.00681000 -1.96252000
v 33.85130000 4.99319000 -1.96252000
v 33.88840000 0.02679000 -1.93166000
v 33.88840000 4.97320000 -1.93166000
v 33.92020000 0.05858000 -1.90517000
v 33.92020000 4.94142000 -1.90517000
v 33.94460000 0.10000000 -1.88483000
v 33.94460000 4.90000000 -1.88483000
v 33.96000000 0.14823000 -1.87205000
v 33.96000000 4.85176000 -1.87205000
v 34.13940000 0.19651000 -9.91350000
v 34.13940000 4.80349000 -9.91350000
v 34.15170000 0.00000000 -9.55598000
v 34.15170000 0.00000000 -2.44401000
v 34.15170000 5.00000000 -9.55598000
v 34.15170000 5.00000000 -2.44401000
v 34.17340000 0.00681000 -9.61549000
v 34.17340000 4.99319000 -9.61549000
v 34.19880000 2.50000000 -2.09841000
v 34.19910000 0.19651000 -2.16618000
v 34.19910000 4.80349000 -2.16618000
v 34.21300000 0.02679000 -9.64312000
v 34.21300000 4.97320000 -9.64312000
v 34.24690000 0.05858000 -9.66684000
v 34.24690000 4.94142000 -9.66684000
v 34.24910000 2.50000000 -9.83367000
v 34.27300000 0.10000000 -9.68505000
v 34.27300000 4.90000000 -9.68505000
v 34.28940000 0.14823000 -9.69650000
v 34.28940000 4.85176000 -9.69650000
v 34.29480000 0.00681000 -2.56463000
v 34.29480000 4.99319000 -2.56463000
v 34.33520000 0.02679000 -2.53838000
v 34.33520000 4.97320000 -2.53838000
v 34.37000000 0.05858000 -2.51583000
v 34.37000000 4.94142000 -2.51583000
v 34.39660000 0.10000000 -2.49853000
v 34.39660000 4.90000000 -2.49853000
v 34.41340000 0.14823000 -2.48766000
v 34.41340000 4.85176000 -2.48766000
v 34.54280000 0.00000000 -8.90908000
v 34.54280000 0.00000000 -3.09091000
v 34.54280000 5.00000000 -8.90908000
v 34.54280000 5.00000000 -3.09091000
v 34.56090000 0.19651000 -9.28721000
v 34.56090000 4.80349000 -9.28721000
v 34.56470000 0.00681000 -8.97823000
v 34.56470000 4.99319000 -8.97823000
v 34.60730000 0.02679000 -9.00099000
v 34.60730000 4.97320000 -9.00099000
v 34.61090000 0.19651000 -2.79889000
v 34.61090000 4.80349000 -2.79889000
v 34.61500000 2.50000000 -2.72564000
v 34.64380000 0.05858000 -9.02054000
v 34.64380000 4.94142000 -9.02054000
v 34.65710000 2.50000000 -9.20109000
v 34.66390000 0.00681000 -3.21497000
v 34.66390000 4.99319000 -3.21497000
v 34.67180000 0.10000000 -9.03553000
v 34.67180000 4.90000000 -9.03553000
v 34.68940000 0.14823000 -9.04496000
v 34.68940000 4.85176000 -9.04496000
v 34.70720000 0.02679000 -3.19369000
v 34.70720000 4.97320000 -3.19369000
v 34.74440000 0.05858000 -3.17541000
v 34.74440000 4.94142000 -3.17541000
v 34.77290000 0.10000000 -3.16139000
v 34.77290000 4.90000000 -3.16139000
v 34.79080000 0.14823000 -3.15257000
v 34.79080000 4.85176000 -3.15257000
v 34.85300000 0.00000000 -8.21976000
v 34.85300000 0.00000000 -3.78024000
v 34.85300000 5.00000000 -8.21976000
v 34.85300000 5.00000000 -3.78024000
v 34.87790000 0.00681000 -8.29917000
v 34.87790000 4.99319000 -8.29917000
v 34.90640000 0.19651000 -8.61604000
v 34.90640000 4.80349000 -8.61604000
v 34.92280000 0.02679000 -8.31674000
v 34.92280000 4.97320000 -8.31674000
v 34.94600000 0.19651000 -3.47531000
v 34.94600000 4.80349000 -3.47531000
v 34.95350000 0.00681000 -3.90441000
v 34.95350000 4.99319000 -3.90441000
v 34.95590000 2.50000000 -3.39677000
v 34.96140000 0.05858000 -8.33183000
v 34.96140000 4.94142000 -8.33183000
v 34.98930000 2.50000000 -8.52558000
v 34.99100000 0.10000000 -8.34341000
v 34.99100000 4.90000000 -8.34341000
v 34.99900000 0.02679000 -3.88839000
v 34.99900000 4.97320000 -3.88839000
v 35.00960000 0.14823000 -8.35068000
v 35.00960000 4.85176000 -8.35068000
v 35.03810000 0.05858000 -3.87464000
v 35.03810000 4.94142000 -3.87464000
v 35.06810000 0.10000000 -3.86409000
v 35.06810000 4.90000000 -3.86409000
v 35.07790000 0.00000000 -7.49807000
v 35.07790000 0.00000000 -4.50193000
v 35.07790000 5.00000000 -7.49807000
v 35.07790000 5.00000000 -4.50193000
v 35.08690000 0.14823000 -3.85745000
v 35.08690000 4.85176000 -3.85745000
v 35.10860000 0.00681000 -7.58783000
v 35.10860000 4.99319000 -7.58783000
v 35.15530000 0.02679000 -7.59996000
v 35.15530000 4.97320000 -7.59996000
v 35.15960000 0.00681000 -4.62326000
v 35.15960000 4.99319000 -4.62326000
v 35.17120000 0.19651000 -7.90914000
v 35.17120000 4.80349000 -7.90914000
v 35.19540000 0.05858000 -7.61038000
v 35.19540000 4.94142000 -7.61038000
v 35.19990000 0.19651000 -4.18621000
v 35.19990000 4.80349000 -4.18621000
v 35.20670000 0.02679000 -4.61274000
v 35.20670000 4.97320000 -4.61274000
v 35.21420000 0.00000000 -6.75454000
v 35.21420000 0.00000000 -5.24546000
v 35.21420000 5.00000000 -6.75454000
v 35.21420000 5.00000000 -5.24546000
v 35.21700000 2.50000000 -4.10282000
v 35.22610000 0.10000000 -7.61838000
v 35.22610000 4.90000000 -7.61838000
v 35.24110000 2.50000000 -7.81619000
v 35.24550000 0.14823000 -7.62341000
v 35.24550000 4.85176000 -7.62341000
v 35.24710000 0.05858000 -4.60370000
v 35.24710000 4.94142000 -4.60370000
v 35.25350000 0.00681000 -6.85420000
v 35.25350000 4.99319000 -6.85420000
v 35.25980000 0.00000000 -6.00000000
v 35.25980000 5.00000000 -6.00000000
v 35.27810000 0.10000000 -4.59677000
v 35.27810000 4.90000000 -4.59677000
v 35.27920000 0.00681000 -5.36144000
v 35.27920000 4.99319000 -5.36144000
v 35.29760000 0.14823000 -4.59241000
v 35.29760000 4.85176000 -4.59241000
v 35.30130000 0.02679000 -6.86073000
v 35.30130000 4.97320000 -6.86073000
v 35.31070000 0.00681000 -6.10858000
v 35.31070000 4.99319000 -6.10858000
v 35.32720000 0.02679000 -5.35656000
v 35.32720000 4.97320000 -5.35656000
v 35.34240000 0.05858000 -6.86634000
v 35.34240000 4.94142000 -6.86634000
v 35.35180000 0.19651000 -7.17617000
v 35.35180000 4.80349000 -7.17617000
v 35.35890000 0.02679000 -6.10941000
v 35.35890000 4.97320000 -6.10941000
v 35.36840000 0.05858000 -5.35237000
v 35.36840000 4.94142000 -5.35237000
v 35.36920000 0.19651000 -4.92188000
v 35.36920000 4.80349000 -4.92188000
v 35.37380000 0.10000000 -6.87064000
v 35.37380000 4.90000000 -6.87064000
v 35.39360000 0.14823000 -6.87334000
v 35.39360000 4.85176000 -6.87334000
v 35.39460000 2.50000000 -4.83432000
v 35.40000000 0.10000000 -5.34915000
v 35.40000000 4.90000000 -5.34915000
v 35.40030000 0.05858000 -6.11013000
v 35.40030000 4.94142000 -6.11013000
v 35.40920000 2.50000000 -7.08245000
v 35.41990000 0.14823000 -5.34713000
v 35.41990000 4.85176000 -5.34713000
v 35.43210000 0.10000000 -6.11067000
v 35.43210000 4.90000000 -6.11067000
v 35.44570000 0.19651000 -6.42713000
v 35.44570000 4.80349000 -6.42713000
v 35.45150000 0.19651000 -5.67227000
v 35.45150000 4.80349000 -5.67227000
v 35.45210000 0.14823000 -6.11102000
v 35.45210000 4.85176000 -6.11102000
v 35.48650000 2.50000000 -5.58145000
v 35.49140000 2.50000000 -6.33419000
f 842 841 840
f 841 842 843
f 2329 2326 2327
f 2326 2329 2328
f 1057 1092 1091
f 1092 1057 1058
f 1059 1094 1093
f 1094 1059 1060
f 1089 1119 1090
f 1119 1089 1118
f 1458 1427 1459
f 1427 1458 1426
f 1456 1425 1457
f 1425 1456 1424
f 920 939 938
f 939 920 921
f 922 941 940
f 941 922 923
f 1351 1390 1352
f 1390 1351 1389
f 1089 1056 1055
f 1056 1089 1090
f 858 851 850
f 851 858 859
f 1590 1562 1591
f 1562 1590 1561
f 1592 1564 1593
f 1564 1592 1563
f 854 863 862
f 863 854 855
f 852 861 860
f 861 852 853
f 938 1020 1019
f 1020 938 939
f 940 1022 1021
f 1022 940 941
f 1422 1455 1423
f 1455 1422 1454
f 1454 1484 1455
f 1484 1454 1483
f 936 919 918
f 919 936 937
f 1055 1018 1017
f 1018 1055 1056
f 880 875 874
f 875 880 881
f 850 847 846
f 847 850 851
f 2151 2131 2152
f 2131 2151 2130
f 2149 2129 2150
f 2129 2149 2128
f 2301 2294 2295
f 2294 2301 2300
f 2299 2292 2293
f 2292 2299 2298
f 1603 1593 1604
f 1593 1603 1592
f 1601 1591 1602
f 1591 1601 1590
f 1563 1538 1564
f 1538 1563 1537
f 1561 1536 1562
f 1536 1561 1535
f 1537 1488 1538
f 1488 1537 1487
f 1535 1486 1536
f 1486 1535 1485
f 1142 1123 1143
f 1123 1142 1122
f 1140 1121 1141
f 1121 1140 1120
f 1122 1094 1123
f 1094 1122 1093
f 1120 1092 1121
f 1092 1120 1091
f 1297 1161 1298
f 1161 1297 1160
f 1299 1163 1300
f 1163 1299 1162
f 1391 1354 1392
f 1354 1391 1353
f 1393 1356 1394
f 1356 1393 1355
f 1424 1392 1425
f 1392 1424 1391
f 1426 1394 1427
f 1394 1426 1393
f 844 849 848
f 849 844 845
f 860 869 868
f 869 860 861
f 862 871 870
f 871 862 863
f 848 853 852
f 853 848 854
f 849 854 848
f 854 849 855
f 840 845 844
f 845 840 841
f 876 883 882
f 883 876 877
f 878 885 884
f 885 878 879
f 896 905 904
f 905 896 897
f 898 907 906
f 907 898 899
f 890 897 896
f 897 890 891
f 892 899 898
f 899 892 893
f 904 921 920
f 921 904 905
f 906 923 922
f 923 906 907
f 1019 1058 1057
f 1058 1019 1020
f 1021 1060 1059
f 1060 1021 1022
f 1118 1139 1119
f 1139 1118 1138
f 1389 1423 1390
f 1423 1389 1422
f 1483 1507 1484
f 1507 1483 1506
f 1593 1595 1604
f 1564 1595 1593
f 1538 1595 1564
f 1488 1595 1538
f 1595 1488 1581
f 1459 1581 1488
f 1581 1459 1559
f 1427 1559 1459
f 1394 1559 1427
f 1559 1394 1533
f 1356 1533 1394
f 1533 1356 1495
f 1300 1495 1356
f 1163 1495 1300
f 1495 1163 1469
f 1143 1469 1163
f 1469 1143 1447
f 1123 1447 1143
f 1094 1447 1123
f 1447 1094 1429
f 1060 1429 1094
f 1429 1060 1403
f 1022 1403 1060
f 941 1403 1022
f 1403 941 1387
f 923 1387 941
f 1510 1484 1507
f 1296 1510 1475
f 1159 1475 1461
f 1510 1455 1484
f 1119 1461 1437
f 1510 1423 1455
f 1056 1437 1417
f 1018 1417 1399
f 1510 1390 1423
f 919 1399 1375
f 903 1375 1363
f 1510 1352 1390
f 889 1363 1337
f 881 1337 1321
f 867 1321 1303
f 1510 1296 1352
f 859 1303 1196
f 847 1196 1186
f 841 1186 1179
f 1387 923 1371
f 1475 1159 1296
f 907 1371 923
f 1461 1139 1159
f 899 1371 907
f 1461 1119 1139
f 1371 899 1345
f 1437 1090 1119
f 893 1345 899
f 1437 1056 1090
f 885 1345 893
f 1417 1018 1056
f 1345 885 1329
f 1399 937 1018
f 879 1329 885
f 1399 919 937
f 1329 879 1309
f 1375 903 919
f 871 1309 879
f 1363 895 903
f 863 1309 871
f 1363 889 895
f 1309 863 1202
f 1337 881 889
f 855 1202 863
f 1321 875 881
f 1202 855 1192
f 1321 867 875
f 849 1192 855
f 1303 859 867
f 845 1192 849
f 1196 851 859
f 1192 845 1179
f 1196 847 851
f 841 1179 845
f 1186 843 847
f 1186 841 843
f 2087 2329 2327
f 2074 2327 2323
f 2080 2329 2087
f 2074 2323 2319
f 2329 2080 2325
f 2064 2319 2313
f 2325 2080 2321
f 2046 2313 2307
f 2070 2321 2080
f 2046 2307 2301
f 2321 2070 2315
f 2030 2301 2295
f 2315 2070 2309
f 2020 2295 2289
f 2052 2309 2070
f 2020 2289 2283
f 2309 2052 2303
f 1996 2283 2277
f 2036 2303 2052
f 1996 2277 2263
f 2303 2036 2297
f 1982 2263 2247
f 2297 2036 2291
f 1966 2247 2206
f 2024 2291 2036
f 1966 2206 2174
f 2291 2024 2285
f 1903 2174 2152
f 2002 2285 2024
f 1887 2152 2131
f 2285 2002 2279
f 1887 2131 2115
f 2279 2002 2273
f 1867 2115 2101
f 1992 2273 2002
f 2273 1992 2259
f 2327 2074 2087
f 2319 2064 2074
f 1843 2101 2059
f 2313 2046 2064
f 2301 2030 2046
f 2295 2020 2030
f 1843 2059 2013
f 2283 1996 2020
f 2263 1982 1996
f 1806 2013 1979
f 2247 1966 1982
f 1784 1979 1909
f 2174 1903 1966
f 2152 1887 1903
f 1784 1909 1881
f 2115 1867 1887
f 1764 1881 1854
f 2101 1843 1867
f 2013 1806 1843
f 1710 1854 1803
f 1979 1784 1806
f 1710 1803 1781
f 1881 1764 1784
f 1710 1781 1756
f 1710 1756 1719
f 1854 1710 1764
f 1970 2259 1992
f 2259 1970 2243
f 2243 1970 2202
f 1915 2202 1970
f 2202 1915 2170
f 1897 2170 1915
f 2170 1897 2148
f 2148 1897 2127
f 1875 2127 1897
f 2127 1875 2111
f 2111 1875 2097
f 1861 2097 1875
f 2097 1861 2055
f 1836 2055 1861
f 2055 1836 2009
f 2009 1836 1975
f 1975 1836 1905
f 1905 1836 1877
f 1877 1836 1850
f 1850 1836 1833
f 1818 1839 1836
f 1796 1839 1818
f 1776 1839 1796
f 1758 1839 1776
f 1703 1839 1758
f 1697 1839 1703
f 1689 1839 1697
f 1676 1839 1689
f 1513 1676 1660
f 1513 1660 1648
f 1513 1648 1589
f 1513 1589 1567
f 1513 1567 1545
f 1513 1545 1521
f 1513 1521 1510
f 1676 1513 1839
f 894 889 888
f 889 894 895
f 902 895 894
f 895 902 903
f 918 903 902
f 903 918 919
f 1017 937 936
f 937 1017 1018
f 888 881 880
f 881 888 889
f 866 859 858
f 859 866 867
f 874 867 866
f 867 874 875
f 846 843 842
f 843 846 847
f 1878 1852 1879
f 1852 1878 1851
f 1880 1854 1881
f 1854 1880 1853
f 1780 1756 1781
f 1756 1780 1755
f 1778 1754 1779
f 1754 1778 1753
f 2128 2113 2129
f 2113 2128 2112
f 2130 2115 2131
f 2115 2130 2114
f 1876 1905 1877
f 1905 1876 1904
f 1506 1832 1822
f 1832 1809 1811
f 1832 1807 1809
f 1832 1788 1807
f 1832 1786 1788
f 1832 1767 1786
f 1832 1765 1767
f 1832 1707 1765
f 1832 1706 1707
f 1832 1699 1706
f 1832 1693 1699
f 1832 1692 1693
f 1832 1682 1692
f 1832 1680 1682
f 1832 1506 1680
f 1680 1506 1679
f 1679 1506 1671
f 1671 1506 1670
f 1670 1506 1653
f 1653 1506 1640
f 1640 1506 1639
f 1639 1506 1578
f 1578 1506 1576
f 1576 1506 1555
f 1555 1506 1553
f 1483 1553 1506
f 1553 1483 1530
f 1506 1822 1497
f 1454 1530 1483
f 1530 1454 1528
f 1528 1454 1526
f 1526 1454 1491
f 1422 1491 1454
f 1491 1422 1489
f 1489 1422 1465
f 1389 1465 1422
f 1351 1465 1389
f 1465 1351 1441
f 1441 1351 1439
f 1295 1439 1351
f 1439 1295 1413
f 1413 1295 1411
f 1411 1295 1409
f 1158 1409 1295
f 1409 1158 1382
f 1138 1382 1158
f 1382 1138 1360
f 1360 1138 1358
f 1118 1358 1138
f 1358 1118 1318
f 1089 1318 1118
f 1318 1089 1316
f 1316 1089 1174
f 1055 1174 1089
f 1174 1055 1172
f 1172 1055 1170
f 1170 1055 1156
f 1017 1156 1055
f 1156 1017 1154
f 936 1154 1017
f 1154 936 1144
f 918 1144 936
f 1144 918 1134
f 1134 918 1132
f 1132 918 1130
f 902 1130 918
f 1130 902 1116
f 894 1116 902
f 1116 894 1110
f 1110 894 1108
f 888 1108 894
f 1108 888 1106
f 1106 888 1085
f 880 1085 888
f 1085 880 1079
f 874 1079 880
f 1079 874 1077
f 1077 874 1075
f 1075 874 1063
f 1063 866 1061
f 866 1063 874
f 2195 2328 2324
f 2187 2324 2320
f 2196 2328 2195
f 2185 2320 2314
f 2328 2196 2326
f 2179 2314 2308
f 2194 2326 2196
f 2179 2308 2302
f 2188 2326 2194
f 2165 2302 2296
f 2326 2188 2322
f 2155 2296 2290
f 2186 2322 2188
f 2153 2290 2284
f 2322 2186 2316
f 2139 2284 2278
f 2184 2316 2186
f 2132 2278 2272
f 2182 2316 2184
f 2122 2272 2258
f 2180 2316 2182
f 2108 2258 2242
f 2316 2180 2310
f 2104 2242 2201
f 2310 2180 2304
f 2168 2304 2180
f 2324 2193 2195
f 2324 2187 2193
f 2320 2185 2187
f 2314 2183 2185
f 2314 2181 2183
f 2314 2179 2181
f 2102 2201 2169
f 2302 2167 2179
f 2302 2165 2167
f 2296 2159 2165
f 2296 2157 2159
f 2296 2155 2157
f 2290 2153 2155
f 2088 2169 2147
f 2284 2141 2153
f 2284 2139 2141
f 2278 2137 2139
f 2278 2132 2137
f 2037 2147 2126
f 2272 2122 2132
f 2258 2120 2122
f 2258 2118 2120
f 2005 2126 2110
f 2258 2108 2118
f 2242 2104 2108
f 2201 2102 2104
f 1983 2110 2096
f 2169 2092 2102
f 2169 2090 2092
f 2169 2088 2090
f 1921 2096 2054
f 2147 2039 2088
f 2147 2037 2039
f 1893 2054 2008
f 2126 2005 2037
f 2110 2003 2005
f 2110 1983 2003
f 1869 2008 1974
f 2096 1921 1983
f 2054 1919 1921
f 2054 1917 1919
f 1869 1974 1904
f 2054 1893 1917
f 2008 1891 1893
f 1845 1904 1876
f 2008 1869 1891
f 1811 1876 1849
f 1904 1847 1869
f 1904 1845 1847
f 1811 1849 1832
f 1876 1811 1845
f 2166 2304 2168
f 2304 2166 2298
f 2160 2298 2166
f 2158 2298 2160
f 2156 2298 2158
f 2298 2156 2292
f 2154 2292 2156
f 2292 2154 2286
f 2142 2286 2154
f 2140 2286 2142
f 2286 2140 2280
f 2138 2280 2140
f 2133 2280 2138
f 2280 2133 2274
f 2123 2274 2133
f 2274 2123 2260
f 2121 2260 2123
f 2119 2260 2121
f 2109 2260 2119
f 2260 2109 2244
f 2105 2244 2109
f 2244 2105 2203
f 2103 2203 2105
f 2203 2103 2171
f 2093 2171 2103
f 2091 2171 2093
f 2089 2171 2091
f 2171 2089 2149
f 2040 2149 2089
f 2038 2149 2040
f 2149 2038 2128
f 2006 2128 2038
f 2128 2006 2112
f 2004 2112 2006
f 1984 2112 2004
f 2112 1984 2098
f 1922 2098 1984
f 2098 1922 2056
f 1920 2056 1922
f 1918 2056 1920
f 1894 2056 1918
f 2056 1894 2010
f 1892 2010 1894
f 1870 2010 1892
f 2010 1870 1976
f 1976 1870 1906
f 1848 1906 1870
f 1846 1906 1848
f 1906 1846 1878
f 1812 1878 1846
f 1810 1878 1812
f 1808 1878 1810
f 1878 1808 1851
f 1789 1851 1808
f 1787 1851 1789
f 1851 1787 1800
f 1768 1800 1787
f 1800 1768 1778
f 1766 1778 1768
f 1715 1778 1766
f 1778 1715 1753
f 1753 1715 1716
f 1600 1590 1601
f 1561 1600 1579
f 1561 1579 1577
f 1600 1561 1590
f 1535 1577 1556
f 1485 1556 1554
f 1577 1535 1561
f 1485 1554 1531
f 1456 1531 1529
f 1456 1529 1527
f 1456 1527 1492
f 1424 1492 1490
f 1556 1485 1535
f 1424 1490 1466
f 1531 1456 1485
f 1353 1466 1442
f 1353 1442 1440
f 1492 1424 1456
f 1297 1440 1414
f 1297 1414 1412
f 1297 1412 1410
f 1466 1391 1424
f 1160 1410 1383
f 1140 1383 1361
f 1140 1361 1359
f 1466 1353 1391
f 1120 1359 1319
f 1091 1319 1317
f 1440 1297 1353
f 1091 1317 1175
f 1057 1175 1173
f 1057 1173 1171
f 1410 1160 1297
f 1057 1171 1157
f 1019 1157 1155
f 938 1155 1145
f 1383 1140 1160
f 920 1145 1135
f 920 1135 1133
f 920 1133 1131
f 1359 1120 1140
f 904 1131 1117
f 896 1117 1111
f 896 1111 1109
f 890 1109 1107
f 1319 1091 1120
f 890 1107 1086
f 882 1086 1080
f 876 1080 1078
f 876 1078 1076
f 876 1076 1064
f 868 1064 1062
f 1175 1057 1091
f 868 1062 1050
f 852 1050 1046
f 852 1046 1044
f 852 1044 1042
f 848 1042 1040
f 844 1040 1032
f 844 1032 1030
f 1157 1019 1057
f 1061 866 1049
f 858 1049 866
f 1155 938 1019
f 850 1049 858
f 1145 920 938
f 1049 850 1045
f 1131 904 920
f 1045 850 1043
f 1117 896 904
f 1043 850 1041
f 1109 890 896
f 846 1041 850
f 1086 882 890
f 1041 846 1039
f 1080 876 882
f 842 1039 846
f 1064 868 876
f 1039 842 1031
f 1050 860 868
f 1031 842 1029
f 1050 852 860
f 840 1029 842
f 1042 848 852
f 1029 840 1030
f 1040 844 848
f 1030 840 844
f 2319 2312 2313
f 2312 2319 2318
f 2317 2310 2311
f 2310 2317 2316
f 1487 1459 1488
f 1459 1487 1458
f 1485 1457 1486
f 1457 1485 1456
f 1162 1143 1163
f 1143 1162 1142
f 1160 1141 1161
f 1141 1160 1140
f 1353 1298 1354
f 1298 1353 1297
f 1355 1300 1356
f 1300 1355 1299
f 868 877 876
f 877 868 869
f 870 879 878
f 879 870 871
f 882 891 890
f 891 882 883
f 884 893 892
f 893 884 885
f 1295 1352 1296
f 1352 1295 1351
f 1158 1296 1159
f 1296 1158 1295
f 1853 1803 1854
f 1803 1853 1802
f 1851 1801 1852
f 1801 1851 1800
f 1753 1717 1754
f 1717 1753 1716
f 1755 1719 1756
f 1719 1755 1718
f 2054 2097 2055
f 2097 2054 2096
f 1849 1877 1850
f 1877 1849 1876
f 2295 2288 2289
f 2288 2295 2294
f 2293 2286 2287
f 2286 2293 2292
f 2313 2306 2307
f 2306 2313 2312
f 2311 2304 2305
f 2304 2311 2310
f 2307 2300 2301
f 2300 2307 2306
f 2305 2298 2299
f 2298 2305 2304
f 1138 1159 1139
f 1159 1138 1158
f 1906 1879 1907
f 1879 1906 1878
f 1908 1881 1909
f 1881 1908 1880
f 2012 1979 2013
f 1979 2012 1978
f 2010 1977 2011
f 1977 2010 1976
f 1802 1781 1803
f 1781 1802 1780
f 1800 1779 1801
f 1779 1800 1778
f 2058 2013 2059
f 2013 2058 2012
f 2056 2011 2057
f 2011 2056 2010
f 2112 2099 2113
f 2099 2112 2098
f 2114 2101 2115
f 2101 2114 2100
f 2174 2151 2152
f 2151 2174 2173
f 2172 2149 2150
f 2149 2172 2171
f 2206 2173 2174
f 2173 2206 2205
f 2204 2171 2172
f 2171 2204 2203
f 2277 2262 2263
f 2262 2277 2276
f 2275 2260 2261
f 2260 2275 2274
f 2325 2328 2329
f 2328 2325 2324
f 2243 2258 2259
f 2258 2243 2242
f 2309 2314 2315
f 2314 2309 2308
f 2148 2169 2170
f 2169 2148 2147
f 1832 1850 1833
f 1850 1832 1849
f 2323 2318 2319
f 2318 2323 2317
f 2322 2317 2323
f 2317 2322 2316
f 2327 2322 2323
f 2322 2327 2326
f 1978 1909 1979
f 1909 1978 1908
f 1976 1907 1977
f 1907 1976 1906
f 2100 2059 2101
f 2059 2100 2058
f 2098 2057 2099
f 2057 2098 2056
f 2247 2205 2206
f 2205 2247 2246
f 2245 2203 2204
f 2203 2245 2244
f 2263 2246 2247
f 2246 2263 2262
f 2261 2244 2245
f 2244 2261 2260
f 2283 2276 2277
f 2276 2283 2282
f 2281 2274 2275
f 2274 2281 2280
f 2289 2282 2283
f 2282 2289 2288
f 2287 2280 2281
f 2280 2287 2286
f 2273 2278 2279
f 2278 2273 2272
f 2297 2302 2303
f 2302 2297 2296
f 2285 2290 2291
f 2290 2285 2284
f 2291 2296 2297
f 2296 2291 2290
f 2321 2324 2325
f 2324 2321 2320
f 2315 2320 2321
f 2320 2315 2314
f 2008 2055 2009
f 2055 2008 2054
f 1904 1975 1905
f 1975 1904 1974
f 2110 2127 2111
f 2127 2110 2126
f 2096 2111 2097
f 2111 2096 2110
f 2126 2148 2127
f 2148 2126 2147
f 2279 2284 2285
f 2284 2279 2278
f 2259 2272 2273
f 2272 2259 2258
f 2202 2242 2243
f 2242 2202 2201
f 2170 2201 2202
f 2201 2170 2169
f 2303 2308 2309
f 2308 2303 2302
f 1974 2009 1975
f 2009 1974 2008
f 1082 1098 1097
f 1074 1098 1082
f 1069 1098 1074
f 1098 1069 1070
f 1095 1081 1096
f 1095 1073 1081
f 1068 1095 1067
f 1095 1068 1073
f 2177 2164 2178
f 2164 2177 2163
f 2176 2161 2162
f 2161 2176 2175
f 1790 1770 1791
f 1770 1790 1769
f 2216 2312 2318
f 2216 2306 2312
f 2216 2300 2306
f 2216 2294 2300
f 2216 2288 2294
f 2216 2282 2288
f 2216 2276 2282
f 2216 2262 2276
f 2216 2246 2262
f 1853 2216 2212
f 2216 2205 2246
f 1802 2212 2200
f 1802 2200 2192
f 1802 2192 2178
f 2216 2173 2205
f 1780 2178 2164
f 2216 2151 2173
f 1780 2164 2146
f 1780 2146 2135
f 2216 2130 2151
f 1780 2135 2125
f 1755 2125 2117
f 2216 2114 2130
f 1755 2117 2107
f 2216 2100 2114
f 1755 2107 2095
f 2216 2058 2100
f 1718 2095 2049
f 1718 2049 2017
f 2216 2012 2058
f 1718 2017 1987
f 2216 1978 2012
f 1718 1987 1961
f 2216 1908 1978
f 1718 1961 1899
f 2216 1880 1908
f 1718 1899 1873
f 1718 1873 1856
f 2216 1853 1880
f 1718 1856 1814
f 2212 1802 1853
f 1718 1814 1791
f 2178 1780 1802
f 1718 1791 1770
f 2125 1755 1780
f 1718 1770 1752
f 2095 1718 1755
f 1575 1603 1637
f 1552 1603 1575
f 1525 1603 1552
f 1482 1603 1525
f 1463 1603 1482
f 1435 1603 1463
f 1408 1603 1435
f 1380 1603 1408
f 1348 1603 1380
f 1306 1603 1348
f 1165 1603 1306
f 1603 1165 1592
f 1149 1592 1165
f 1137 1592 1149
f 1127 1592 1137
f 1592 1127 1563
f 1113 1563 1127
f 1098 1563 1113
f 1070 1563 1098
f 1054 1563 1070
f 1563 1054 1537
f 1036 1537 1054
f 1026 1537 1036
f 1012 1537 1026
f 1537 1012 1487
f 1162 1006 1142
f 1006 1487 1012
f 1487 1006 1458
f 1142 1006 1122
f 1458 1006 1426
f 1122 1006 1093
f 1426 1006 1393
f 1393 1006 1355
f 1355 1006 1299
f 1093 1006 1059
f 1299 1006 1162
f 1059 1006 1021
f 1006 940 1021
f 1006 922 940
f 1006 906 922
f 1006 898 906
f 1006 892 898
f 1006 884 892
f 1006 878 884
f 1006 870 878
f 1006 862 870
f 862 1006 854
f 1434 1408 1435
f 1408 1434 1407
f 1008 1012 1011
f 1005 1012 1008
f 1012 1005 1006
f 1009 1007 1010
f 1004 1009 1003
f 1009 1004 1007
f 1003 999 1004
f 1003 995 999
f 1003 991 995
f 991 934 992
f 991 932 934
f 853 991 1003
f 991 930 932
f 991 928 930
f 991 924 928
f 991 853 924
f 924 853 916
f 910 853 911
f 912 853 910
f 914 853 912
f 916 853 914
f 993 935 994
f 1000 1006 1005
f 996 1006 1000
f 994 1006 996
f 933 994 935
f 931 994 933
f 929 994 931
f 925 994 929
f 854 994 925
f 854 925 917
f 854 917 915
f 854 911 853
f 911 854 913
f 913 854 915
f 994 854 1006
f 2216 2241 2215
f 2241 2249 2240
f 2241 2251 2249
f 2257 2241 2216
f 2241 2253 2251
f 2241 2255 2253
f 2241 2257 2255
f 2318 2257 2216
f 2257 2318 2265
f 2271 2318 2270
f 2269 2318 2271
f 2267 2318 2269
f 2265 2318 2267
f 2239 2248 2238
f 2238 2213 2214
f 2250 2238 2248
f 2252 2238 2250
f 2254 2238 2252
f 2256 2238 2254
f 2238 2256 2213
f 2317 2256 2264
f 2317 2264 2266
f 2317 2270 2318
f 2270 2317 2268
f 2268 2317 2266
f 2256 2317 2213
f 2191 2178 2192
f 2178 2191 2177
f 2190 2175 2176
f 2175 2190 2189
f 2107 2094 2095
f 2094 2107 2106
f 1986 1961 1987
f 1961 1986 1960
f 1148 1165 1164
f 1165 1148 1149
f 1551 1525 1552
f 1525 1551 1524
f 1574 1552 1575
f 1552 1574 1551
f 1028 1036 1035
f 1025 1036 1028
f 1036 1025 1026
f 1033 1027 1034
f 1024 1033 1023
f 1033 1024 1027
f 1048 1054 1053
f 1038 1054 1048
f 1035 1054 1038
f 1054 1035 1036
f 1051 1047 1052
f 1051 1037 1047
f 1034 1051 1033
f 1051 1034 1037
f 1066 1070 1069
f 1053 1070 1066
f 1070 1053 1054
f 1067 1065 1068
f 1052 1067 1051
f 1067 1052 1065
f 2311 2213 2317
f 2305 2213 2311
f 2299 2213 2305
f 2293 2213 2299
f 2287 2213 2293
f 2281 2213 2287
f 2275 2213 2281
f 2261 2213 2275
f 2245 2213 2261
f 2204 2213 2245
f 2172 2213 2204
f 2150 2213 2172
f 2129 2213 2150
f 2113 2213 2129
f 2099 2213 2113
f 2057 2213 2099
f 2011 2213 2057
f 1977 2213 2011
f 1907 2213 1977
f 1879 2213 1907
f 1852 2213 1879
f 2213 1852 2209
f 1801 2209 1852
f 2209 1801 2197
f 2197 1801 2189
f 2189 1801 2175
f 1779 2175 1801
f 2175 1779 2161
f 2161 1779 2143
f 2143 1779 2134
f 2134 1779 2124
f 1754 2124 1779
f 2124 1754 2116
f 2116 1754 2106
f 2106 1754 2094
f 1717 2094 1754
f 2094 1717 2048
f 2048 1717 2016
f 2016 1717 1986
f 1986 1717 1960
f 1960 1717 1898
f 1898 1717 1872
f 1872 1717 1855
f 1855 1717 1813
f 1813 1717 1790
f 1790 1717 1769
f 1769 1717 1751
f 1164 1602 1591
f 1602 1574 1636
f 1126 1591 1562
f 1602 1551 1574
f 1051 1562 1536
f 1602 1524 1551
f 1009 1536 1486
f 1602 1481 1524
f 1602 1462 1481
f 1003 1486 1457
f 1602 1434 1462
f 1003 1457 1425
f 1602 1407 1434
f 1003 1425 1392
f 1602 1379 1407
f 1003 1392 1354
f 1602 1347 1379
f 1602 1305 1347
f 1003 1354 1298
f 1602 1164 1305
f 1003 1298 1161
f 1591 1148 1164
f 1003 1161 1141
f 1591 1136 1148
f 1591 1126 1136
f 1003 1141 1121
f 1486 1003 1009
f 1562 1112 1126
f 1003 1121 1092
f 1562 1095 1112
f 1003 1092 1058
f 1562 1067 1095
f 1562 1051 1067
f 1536 1033 1051
f 1003 1058 1020
f 1536 1023 1033
f 1536 1009 1023
f 939 1003 1020
f 921 1003 939
f 905 1003 921
f 897 1003 905
f 891 1003 897
f 883 1003 891
f 877 1003 883
f 869 1003 877
f 861 1003 869
f 1003 861 853
f 2199 2192 2200
f 2192 2199 2191
f 2198 2189 2190
f 2189 2198 2197
f 2117 2106 2107
f 2106 2117 2116
f 1872 1856 1873
f 1856 1872 1855
f 1855 1814 1856
f 1814 1855 1813
f 1112 1105 1113
f 1112 1103 1105
f 1112 1101 1103
f 1112 1099 1101
f 1096 1112 1095
f 1112 1096 1099
f 1104 1113 1105
f 1102 1113 1104
f 1100 1113 1102
f 1097 1113 1100
f 1113 1097 1098
f 1136 1149 1148
f 1149 1136 1137
f 1407 1380 1408
f 1380 1407 1379
f 1347 1306 1348
f 1306 1347 1305
f 1379 1348 1380
f 1348 1379 1347
f 1305 1165 1306
f 1165 1305 1164
f 1462 1435 1463
f 1435 1462 1434
f 1481 1463 1482
f 1463 1481 1462
f 1524 1482 1525
f 1482 1524 1481
f 1636 1575 1637
f 1575 1636 1574
f 1014 1026 1025
f 1011 1026 1014
f 1026 1011 1012
f 1023 1013 1024
f 1010 1023 1009
f 1023 1010 1013
f 2200 2208 2199
f 2212 2208 2200
f 2208 2212 2211
f 2207 2197 2198
f 2209 2207 2210
f 2207 2209 2197
f 2216 2211 2212
f 2211 2216 2215
f 2214 2209 2210
f 2209 2214 2213
f 2048 2017 2049
f 2017 2048 2016
f 2016 1987 2017
f 1987 2016 1986
f 2094 2049 2095
f 2049 2094 2048
f 2135 2124 2125
f 2124 2135 2134
f 2125 2116 2117
f 2116 2125 2124
f 2135 2136 2134
f 2145 2135 2146
f 2135 2145 2136
f 2144 2134 2136
f 2134 2144 2143
f 2163 2146 2164
f 2146 2163 2145
f 2162 2143 2144
f 2143 2162 2161
f 1898 1873 1899
f 1873 1898 1872
f 1960 1899 1961
f 1899 1960 1898
f 1769 1752 1770
f 1752 1769 1751
f 1112 1127 1126
f 1127 1112 1113
f 1126 1137 1136
f 1137 1126 1127
f 1813 1791 1814
f 1791 1813 1790
f 1500 1507 1499
f 1507 1500 1503
f 1501 1507 1506
f 1507 1501 1502
f 1497 1501 1506
f 1501 1497 1498
f 1513 1512 1514
f 1513 1511 1512
f 1510 1511 1513
f 1510 1509 1511
f 1507 1509 1510
f 1509 1507 1508
f 1508 1507 1505
f 1499 1507 1502
f 1507 1503 1505
f 1505 1503 1504
f 1514 1838 1840
f 1838 1514 1512
f 1826 1828 1829
f 1825 1828 1826
f 1828 1825 1824
f 1838 1839 1840
f 1837 1839 1838
f 1837 1836 1839
f 1835 1836 1837
f 1827 1835 1834
f 1833 1835 1827
f 1829 1834 1831
f 1835 1833 1836
f 1829 1831 1830
f 1834 1829 1828
f 1834 1828 1827
f 1823 1833 1827
f 1833 1823 1822
f 1833 1822 1832
f 1499 1823 1500
f 1543 1823 1499
f 1573 1823 1543
f 1642 1823 1573
f 1652 1823 1642
f 1658 1823 1652
f 1666 1823 1658
f 1669 1823 1666
f 1822 1669 1664
f 1822 1664 1655
f 1822 1498 1497
f 1498 1822 1516
f 1516 1822 1550
f 1550 1822 1584
f 1584 1822 1645
f 1645 1822 1655
f 1669 1822 1823
f 1839 1514 1840
f 1514 1839 1513
f 1508 1831 1834
f 1831 1508 1505
f 1512 1837 1838
f 1837 1512 1511
f 1505 1830 1831
f 1830 1505 1504
f 1511 1835 1837
f 1835 1511 1509
f 1509 1834 1835
f 1834 1509 1508
f 2464 2506 2462
f 2464 2462 2430
f 2430 2462 2428
f 2430 2428 2404
f 2404 2428 2402
f 2375 2402 2371
f 2365 2371 2363
f 2357 2363 2355
f 2349 2355 2347
f 2341 2347 2339
f 2335 2339 2331
f 2333 2337 2331
f 2343 2345 2333
f 2351 2353 2343
f 2359 2361 2351
f 2367 2369 2359
f 2383 2385 2367
f 2416 2418 2383
f 2447 2449 2416
f 2472 2474 2447
f 2474 2519 2517
f 2519 2474 2472
f 2558 2556 2519
f 2602 2600 2558
f 2670 2668 2602
f 2698 2696 2670
f 2734 2726 2698
f 2742 2740 2734
f 2768 2759 2742
f 2780 2776 2768
f 2780 2784 2778
f 2784 2774 2772
f 2774 2755 2746
f 2755 2738 2736
f 2738 2720 2718
f 2720 2692 2688
f 2692 2639 2637
f 2639 2580 2574
f 2580 2539 2537
f 2508 2539 2506
f 2508 2506 2464
f 2404 2402 2375
f 2375 2371 2365
f 2365 2363 2357
f 2357 2355 2349
f 2349 2347 2341
f 2341 2339 2335
f 2337 2335 2331
f 2345 2337 2333
f 2353 2345 2343
f 2361 2353 2351
f 2369 2361 2359
f 2385 2369 2367
f 2418 2385 2383
f 2449 2418 2416
f 2474 2449 2447
f 2519 2556 2517
f 2558 2600 2556
f 2602 2668 2600
f 2670 2696 2668
f 2698 2726 2696
f 2734 2740 2726
f 2742 2759 2740
f 2768 2776 2759
f 2780 2778 2776
f 2778 2784 2772
f 2772 2774 2746
f 2746 2755 2736
f 2736 2738 2718
f 2718 2720 2688
f 2688 2692 2637
f 2637 2639 2574
f 2574 2580 2537
f 2537 2539 2508
f 2515 2517 2556
f 2517 2515 2474
f 2543 2556 2600
f 2476 2474 2515
f 2572 2600 2668
f 2474 2476 2449
f 2606 2668 2696
f 2453 2449 2476
f 2449 2453 2418
f 2556 2543 2515
f 2606 2696 2726
f 2600 2572 2543
f 2668 2606 2572
f 2661 2726 2740
f 2726 2661 2606
f 2682 2740 2759
f 2740 2682 2661
f 2686 2759 2776
f 2759 2686 2682
f 2776 2690 2686
f 2778 2690 2776
f 2772 2690 2778
f 2690 2772 2684
f 2746 2684 2772
f 2684 2746 2666
f 2736 2666 2746
f 2666 2736 2629
f 2718 2629 2736
f 2688 2629 2718
f 2629 2688 2592
f 2592 2637 2562
f 2637 2592 2688
f 2432 2418 2453
f 2418 2432 2385
f 2414 2385 2432
f 2385 2414 2369
f 2369 2414 2361
f 2393 2361 2414
f 2361 2393 2353
f 2381 2353 2393
f 2353 2381 2345
f 2377 2345 2381
f 2345 2377 2337
f 2373 2337 2377
f 2373 2335 2337
f 2341 2373 2379
f 2373 2341 2335
f 2349 2379 2387
f 2379 2349 2341
f 2357 2387 2406
f 2375 2406 2424
f 2387 2357 2349
f 2404 2424 2440
f 2430 2440 2468
f 2406 2365 2357
f 2464 2468 2509
f 2574 2562 2637
f 2562 2574 2533
f 2406 2375 2365
f 2537 2533 2574
f 2424 2404 2375
f 2533 2537 2509
f 2440 2430 2404
f 2508 2509 2537
f 2468 2464 2430
f 2509 2508 2464
f 2469 2509 2468
f 2469 2468 2450
f 2450 2468 2440
f 2450 2440 2433
f 2433 2440 2424
f 2419 2424 2406
f 2419 2406 2387
f 2407 2419 2387
f 2407 2387 2379
f 2394 2407 2379
f 2394 2379 2373
f 2377 2389 2373
f 2381 2395 2377
f 2393 2408 2381
f 2414 2420 2393
f 2432 2434 2414
f 2453 2451 2432
f 2476 2470 2453
f 2476 2515 2470
f 2515 2511 2470
f 2515 2543 2511
f 2543 2535 2511
f 2543 2564 2535
f 2572 2564 2543
f 2606 2590 2572
f 2606 2661 2590
f 2661 2614 2590
f 2661 2682 2614
f 2682 2645 2614
f 2682 2686 2645
f 2686 2690 2663
f 2690 2684 2662
f 2684 2666 2644
f 2666 2629 2613
f 2629 2592 2589
f 2563 2592 2562
f 2534 2562 2533
f 2510 2533 2509
f 2510 2509 2469
f 2433 2424 2419
f 2389 2394 2373
f 2395 2389 2377
f 2408 2395 2381
f 2420 2408 2393
f 2434 2420 2414
f 2451 2434 2432
f 2453 2470 2451
f 2572 2590 2564
f 2686 2663 2645
f 2663 2690 2662
f 2662 2684 2644
f 2644 2666 2613
f 2613 2629 2589
f 2589 2592 2563
f 2563 2562 2534
f 2534 2533 2510
f 2396 2399 2394
f 2399 2407 2394
f 2409 2407 2399
f 2409 2419 2407
f 2421 2419 2409
f 2435 2433 2421
f 2459 2450 2435
f 2477 2469 2459
f 2512 2510 2477
f 2540 2534 2512
f 2567 2563 2540
f 2593 2589 2567
f 2621 2613 2593
f 2640 2644 2621
f 2655 2662 2640
f 2663 2655 2641
f 2645 2641 2622
f 2614 2622 2594
f 2590 2594 2568
f 2564 2568 2541
f 2535 2541 2513
f 2511 2513 2478
f 2470 2478 2460
f 2451 2460 2436
f 2434 2436 2422
f 2420 2422 2410
f 2408 2410 2400
f 2400 2396 2395
f 2396 2394 2389
f 2395 2396 2389
f 2421 2433 2419
f 2435 2450 2433
f 2459 2469 2450
f 2477 2510 2469
f 2512 2534 2510
f 2540 2563 2534
f 2567 2589 2563
f 2593 2613 2589
f 2621 2644 2613
f 2662 2644 2640
f 2663 2662 2655
f 2645 2663 2641
f 2645 2622 2614
f 2614 2594 2590
f 2590 2568 2564
f 2564 2541 2535
f 2535 2513 2511
f 2511 2478 2470
f 2470 2460 2451
f 2451 2436 2434
f 2434 2422 2420
f 2420 2410 2408
f 2408 2400 2395
f 2396 2400 2391
f 2400 2398 2391
f 2400 2410 2398
f 2410 2412 2398
f 2422 2412 2410
f 2436 2426 2422
f 2460 2438 2436
f 2478 2466 2460
f 2513 2480 2478
f 2541 2521 2513
f 2568 2545 2541
f 2594 2570 2568
f 2622 2598 2594
f 2641 2624 2622
f 2655 2659 2641
f 2658 2664 2655
f 2664 2659 2655
f 2422 2426 2412
f 2436 2438 2426
f 2460 2466 2438
f 2478 2480 2466
f 2513 2521 2480
f 2541 2545 2521
f 2568 2570 2545
f 2594 2598 2570
f 2622 2624 2598
f 2641 2659 2624
f 2658 2655 2640
f 2658 2640 2623
f 2623 2640 2621
f 2597 2621 2593
f 2569 2593 2567
f 2544 2567 2540
f 2520 2540 2512
f 2479 2512 2477
f 2465 2477 2459
f 2437 2459 2435
f 2425 2435 2421
f 2411 2421 2409
f 2409 2399 2397
f 2399 2396 2390
f 2396 2391 2390
f 2623 2621 2597
f 2597 2593 2569
f 2569 2567 2544
f 2544 2540 2520
f 2520 2512 2479
f 2479 2477 2465
f 2465 2459 2437
f 2437 2435 2425
f 2425 2421 2411
f 2411 2409 2397
f 2397 2399 2390
f 2480 2482 2467
f 2480 2467 2466
f 2466 2467 2439
f 2466 2439 2438
f 2438 2439 2423
f 2426 2423 2405
f 2412 2405 2386
f 2398 2386 2378
f 2391 2378 2372
f 2376 2390 2372
f 2380 2397 2376
f 2392 2411 2380
f 2413 2425 2392
f 2431 2425 2413
f 2431 2437 2425
f 2452 2437 2431
f 2452 2465 2437
f 2475 2465 2452
f 2514 2479 2475
f 2542 2520 2514
f 2571 2544 2542
f 2571 2605 2569
f 2605 2660 2597
f 2660 2681 2623
f 2681 2685 2658
f 2685 2689 2664
f 2689 2683 2659
f 2683 2665 2624
f 2665 2628 2598
f 2598 2628 2591
f 2598 2591 2570
f 2570 2591 2561
f 2570 2561 2545
f 2545 2561 2532
f 2521 2532 2482
f 2521 2482 2480
f 2426 2438 2423
f 2412 2426 2405
f 2398 2412 2386
f 2391 2398 2378
f 2390 2391 2372
f 2397 2390 2376
f 2411 2397 2380
f 2425 2411 2392
f 2475 2479 2465
f 2514 2520 2479
f 2542 2544 2520
f 2571 2569 2544
f 2605 2597 2569
f 2660 2623 2597
f 2681 2658 2623
f 2685 2664 2658
f 2664 2689 2659
f 2659 2683 2624
f 2624 2665 2598
f 2545 2532 2521
f 2467 2473 2448
f 2473 2482 2516
f 2439 2448 2417
f 2532 2516 2482
f 2439 2417 2384
f 2516 2532 2555
f 2423 2384 2368
f 2561 2555 2532
f 2555 2561 2599
f 2473 2467 2482
f 2405 2368 2360
f 2448 2439 2467
f 2384 2423 2439
f 2386 2360 2352
f 2368 2405 2423
f 2360 2386 2405
f 2344 2386 2352
f 2344 2378 2386
f 2336 2378 2344
f 2336 2372 2378
f 2334 2372 2336
f 2334 2376 2372
f 2340 2376 2334
f 2340 2380 2376
f 2348 2380 2340
f 2356 2380 2348
f 2380 2356 2392
f 2364 2392 2356
f 2392 2364 2413
f 2374 2413 2364
f 2413 2374 2431
f 2431 2403 2452
f 2403 2431 2374
f 2599 2561 2667
f 2591 2667 2561
f 2667 2591 2695
f 2628 2695 2591
f 2695 2628 2725
f 2665 2725 2628
f 2725 2665 2739
f 2665 2758 2739
f 2683 2758 2665
f 2683 2775 2758
f 2689 2775 2683
f 2689 2777 2775
f 2685 2777 2689
f 2685 2771 2777
f 2681 2771 2685
f 2735 2681 2660
f 2681 2745 2771
f 2717 2660 2605
f 2681 2735 2745
f 2687 2605 2571
f 2636 2571 2542
f 2536 2542 2514
f 2660 2717 2735
f 2429 2452 2403
f 2463 2452 2429
f 2605 2687 2717
f 2452 2463 2475
f 2571 2636 2687
f 2481 2475 2463
f 2542 2573 2636
f 2475 2481 2514
f 2542 2536 2573
f 2514 2481 2536
f 2484 2538 2481
f 2538 2536 2481
f 2538 2579 2536
f 2579 2573 2536
f 2579 2638 2573
f 2638 2691 2636
f 2691 2719 2687
f 2719 2737 2717
f 2737 2754 2735
f 2754 2773 2745
f 2773 2783 2771
f 2783 2779 2777
f 2775 2779 2767
f 2758 2767 2741
f 2739 2741 2733
f 2725 2733 2697
f 2695 2697 2669
f 2667 2669 2601
f 2599 2601 2557
f 2555 2557 2518
f 2518 2473 2516
f 2473 2518 2471
f 2473 2471 2446
f 2448 2446 2415
f 2417 2415 2382
f 2384 2382 2366
f 2368 2366 2358
f 2360 2358 2350
f 2352 2350 2342
f 2344 2342 2332
f 2336 2332 2330
f 2338 2334 2330
f 2346 2340 2338
f 2354 2348 2346
f 2362 2356 2354
f 2370 2364 2362
f 2401 2374 2370
f 2427 2403 2401
f 2461 2429 2427
f 2484 2463 2461
f 2484 2481 2463
f 2638 2636 2573
f 2691 2687 2636
f 2719 2717 2687
f 2737 2735 2717
f 2754 2745 2735
f 2773 2771 2745
f 2783 2777 2771
f 2777 2779 2775
f 2775 2767 2758
f 2758 2741 2739
f 2739 2733 2725
f 2725 2697 2695
f 2695 2669 2667
f 2667 2601 2599
f 2599 2557 2555
f 2555 2518 2516
f 2448 2473 2446
f 2417 2448 2415
f 2384 2417 2382
f 2368 2384 2366
f 2360 2368 2358
f 2352 2360 2350
f 2344 2352 2342
f 2336 2344 2332
f 2334 2336 2330
f 2338 2340 2334
f 2346 2348 2340
f 2354 2356 2348
f 2362 2364 2356
f 2370 2374 2364
f 2401 2403 2374
f 2427 2429 2403
f 2461 2463 2429
f 611 655 609
f 611 609 566
f 566 609 564
f 566 564 537
f 537 564 535
f 495 535 491
f 472 491 466
f 460 466 458
f 451 458 447
f 431 447 427
f 423 427 419
f 421 425 419
f 437 445 421
f 454 456 437
f 462 464 454
f 485 487 462
f 505 507 485
f 552 554 505
f 590 592 552
f 619 621 590
f 621 670 668
f 670 621 619
f 694 692 670
f 730 728 694
f 766 764 730
f 784 782 766
f 795 793 784
f 805 803 795
f 813 811 805
f 823 819 813
f 823 825 821
f 825 817 815
f 817 809 807
f 809 801 799
f 801 791 789
f 791 780 774
f 780 746 744
f 746 708 706
f 708 680 678
f 657 680 655
f 657 655 611
f 537 535 495
f 495 491 472
f 472 466 460
f 460 458 451
f 451 447 431
f 431 427 423
f 425 423 419
f 445 425 421
f 456 445 437
f 464 456 454
f 487 464 462
f 507 487 485
f 554 507 505
f 592 554 552
f 621 592 590
f 670 692 668
f 694 728 692
f 730 764 728
f 766 782 764
f 784 793 782
f 795 803 793
f 805 811 803
f 813 819 811
f 823 821 819
f 821 825 815
f 815 817 807
f 807 809 799
f 799 801 789
f 789 791 774
f 774 780 744
f 744 746 706
f 706 708 678
f 678 680 657
f 664 668 692
f 668 664 621
f 686 692 728
f 623 621 664
f 704 728 764
f 621 623 592
f 734 764 782
f 601 592 623
f 592 601 554
f 692 686 664
f 734 782 793
f 728 704 686
f 764 734 704
f 757 793 803
f 793 757 734
f 768 803 811
f 803 768 757
f 772 811 819
f 811 772 768
f 819 776 772
f 821 776 819
f 815 776 821
f 776 815 770
f 807 770 815
f 770 807 762
f 799 762 807
f 762 799 742
f 789 742 799
f 774 742 789
f 742 774 722
f 722 744 696
f 744 722 774
f 568 554 601
f 554 568 507
f 550 507 568
f 507 550 487
f 487 550 464
f 514 464 550
f 464 514 456
f 503 456 514
f 456 503 445
f 499 445 503
f 445 499 425
f 493 425 499
f 493 423 425
f 431 493 501
f 493 431 423
f 451 501 509
f 501 451 431
f 460 509 539
f 495 539 560
f 509 460 451
f 537 560 588
f 566 588 615
f 539 472 460
f 611 615 658
f 706 696 744
f 696 706 674
f 539 495 472
f 678 674 706
f 560 537 495
f 674 678 658
f 588 566 537
f 657 658 678
f 615 611 566
f 658 657 611
f 616 658 615
f 616 615 598
f 598 615 588
f 598 588 569
f 569 588 560
f 555 560 539
f 555 539 509
f 542 555 509
f 542 509 501
f 517 542 501
f 517 501 493
f 499 510 493
f 503 518 499
f 514 543 503
f 550 556 514
f 568 570 550
f 601 599 568
f 623 617 601
f 623 664 617
f 664 660 617
f 664 686 660
f 686 676 660
f 686 698 676
f 704 698 686
f 734 720 704
f 734 757 720
f 757 736 720
f 757 768 736
f 768 750 736
f 768 772 750
f 772 776 759
f 776 770 758
f 770 762 749
f 762 742 735
f 742 722 719
f 697 722 696
f 675 696 674
f 659 674 658
f 659 658 616
f 569 560 555
f 510 517 493
f 518 510 499
f 543 518 503
f 556 543 514
f 570 556 550
f 599 570 568
f 601 617 599
f 704 720 698
f 772 759 750
f 759 776 758
f 758 770 749
f 749 762 735
f 735 742 719
f 719 722 697
f 697 696 675
f 675 674 659
f 523 530 517
f 530 542 517
f 545 542 530
f 545 555 542
f 557 555 545
f 573 569 557
f 606 598 573
f 624 616 606
f 661 659 624
f 683 675 661
f 699 697 683
f 723 719 699
f 737 735 723
f 747 749 737
f 753 758 747
f 759 753 748
f 750 748 738
f 736 738 724
f 720 724 700
f 698 700 684
f 676 684 662
f 660 662 625
f 617 625 607
f 599 607 574
f 570 574 558
f 556 558 546
f 543 546 531
f 531 523 518
f 523 517 510
f 518 523 510
f 557 569 555
f 573 598 569
f 606 616 598
f 624 659 616
f 661 675 659
f 683 697 675
f 699 719 697
f 723 735 719
f 737 749 735
f 758 749 747
f 759 758 753
f 750 759 748
f 750 738 736
f 736 724 720
f 720 700 698
f 698 684 676
f 676 662 660
f 660 625 617
f 617 607 599
f 599 574 570
f 570 558 556
f 556 546 543
f 543 531 518
f 523 531 512
f 531 529 512
f 531 546 529
f 546 548 529
f 558 548 546
f 574 562 558
f 607 586 574
f 625 613 607
f 662 637 625
f 684 672 662
f 700 688 684
f 724 702 700
f 738 726 724
f 748 740 738
f 753 755 748
f 754 760 753
f 760 755 753
f 558 562 548
f 574 586 562
f 607 613 586
f 625 637 613
f 662 672 637
f 684 688 672
f 700 702 688
f 724 726 702
f 738 740 726
f 748 755 740
f 754 753 747
f 754 747 739
f 739 747 737
f 725 737 723
f 701 723 699
f 687 699 683
f 671 683 661
f 636 661 624
f 612 624 606
f 585 606 573
f 561 573 557
f 547 557 545
f 545 530 528
f 530 523 511
f 523 512 511
f 739 737 725
f 725 723 701
f 701 699 687
f 687 683 671
f 671 661 636
f 636 624 612
f 612 606 585
f 585 573 561
f 561 557 547
f 547 545 528
f 528 530 511
f 637 638 614
f 637 614 613
f 613 614 587
f 613 587 586
f 586 587 559
f 562 559 538
f 548 538 508
f 529 508 500
f 512 500 492
f 498 511 492
f 502 528 498
f 513 547 502
f 549 561 513
f 567 561 549
f 567 585 561
f 600 585 567
f 600 612 585
f 622 612 600
f 663 636 622
f 685 671 663
f 703 687 685
f 703 733 701
f 733 756 725
f 756 767 739
f 767 771 754
f 771 775 760
f 775 769 755
f 769 761 740
f 761 741 726
f 726 741 721
f 726 721 702
f 702 721 695
f 702 695 688
f 688 695 673
f 672 673 638
f 672 638 637
f 562 586 559
f 548 562 538
f 529 548 508
f 512 529 500
f 511 512 492
f 528 511 498
f 547 528 502
f 561 547 513
f 622 636 612
f 663 671 636
f 685 687 671
f 703 701 687
f 733 725 701
f 756 739 725
f 767 754 739
f 771 760 754
f 760 775 755
f 755 769 740
f 740 761 726
f 688 673 672
f 638 639 610
f 614 610 565
f 639 638 677
f 587 565 536
f 673 677 638
f 559 536 494
f 677 673 705
f 538 494 471
f 695 705 673
f 705 695 743
f 610 614 638
f 565 587 614
f 538 471 459
f 536 559 587
f 494 538 559
f 508 459 450
f 459 508 538
f 500 450 430
f 450 500 508
f 492 430 422
f 430 492 500
f 424 492 422
f 492 424 498
f 444 498 424
f 498 444 502
f 455 502 444
f 502 455 513
f 463 513 455
f 513 463 549
f 486 549 463
f 506 549 486
f 549 506 567
f 567 553 600
f 553 567 506
f 721 743 695
f 743 721 773
f 741 773 721
f 773 741 788
f 788 741 798
f 761 798 741
f 798 761 806
f 769 806 761
f 806 769 814
f 775 814 769
f 814 775 820
f 818 775 771
f 775 818 820
f 810 771 767
f 771 810 818
f 802 767 756
f 767 802 810
f 792 756 733
f 763 733 703
f 756 792 802
f 727 703 685
f 691 685 663
f 591 600 553
f 733 781 792
f 600 591 622
f 733 763 781
f 620 622 591
f 703 727 763
f 622 620 663
f 685 691 727
f 667 663 620
f 663 667 691
f 610 640 608
f 610 608 565
f 565 608 563
f 565 563 536
f 536 563 534
f 494 534 490
f 471 490 465
f 459 465 457
f 450 457 446
f 430 446 426
f 422 426 418
f 420 424 418
f 436 444 420
f 453 455 436
f 461 463 453
f 484 486 461
f 504 506 484
f 551 553 504
f 589 591 551
f 618 620 589
f 620 669 667
f 669 620 618
f 693 691 669
f 729 727 693
f 765 763 729
f 783 781 765
f 794 792 783
f 804 802 794
f 812 810 804
f 822 818 812
f 822 824 820
f 824 816 814
f 816 808 806
f 808 800 798
f 800 790 788
f 790 779 773
f 779 745 743
f 745 707 705
f 707 679 677
f 679 640 639
f 639 640 610
f 536 534 494
f 494 490 471
f 471 465 459
f 459 457 450
f 450 446 430
f 430 426 422
f 424 422 418
f 444 424 420
f 455 444 436
f 463 455 453
f 486 463 461
f 506 486 484
f 553 506 504
f 591 553 551
f 620 591 589
f 669 691 667
f 693 727 691
f 729 763 727
f 765 781 763
f 783 792 781
f 794 802 792
f 804 810 802
f 812 818 810
f 822 820 818
f 820 824 814
f 814 816 806
f 806 808 798
f 798 800 788
f 788 790 773
f 773 779 743
f 743 745 705
f 705 707 677
f 677 679 639
f 2484 2483 2551
f 745 641 707
f 2485 2446 2471
f 779 641 745
f 2485 2415 2446
f 790 641 779
f 2485 2382 2415
f 641 790 2485
f 2485 2366 2382
f 2358 2485 790
f 2485 2358 2366
f 800 2358 790
f 800 2350 2358
f 808 2350 800
f 808 2342 2350
f 816 2342 808
f 1683 2342 816
f 1667 816 824
f 2342 1683 2332
f 1667 824 822
f 2332 1683 2330
f 1667 822 812
f 2330 1683 2338
f 1667 812 804
f 2338 1683 2346
f 1667 804 794
f 2346 1683 2354
f 1667 794 783
f 2354 1683 2362
f 832 783 765
f 2362 1683 2370
f 832 765 729
f 2483 2370 1683
f 832 729 693
f 2483 2401 2370
f 604 693 669
f 2483 2427 2401
f 640 641 595
f 679 641 640
f 608 595 540
f 707 641 679
f 563 540 481
f 2518 2485 2471
f 563 481 448
f 2485 2518 2552
f 534 448 391
f 2557 2552 2518
f 490 391 276
f 2552 2557 2633
f 465 276 194
f 2633 2557 2701
f 465 194 165
f 2601 2701 2557
f 2701 2601 2749
f 595 608 640
f 540 563 608
f 457 165 135
f 448 534 563
f 391 490 534
f 446 135 105
f 276 465 490
f 165 457 465
f 446 105 77
f 135 446 457
f 426 77 60
f 77 426 446
f 60 418 426
f 48 418 60
f 48 420 418
f 58 420 48
f 73 420 58
f 420 73 436
f 103 436 73
f 436 103 453
f 133 453 103
f 162 453 133
f 453 162 461
f 192 461 162
f 461 192 484
f 260 484 192
f 484 260 504
f 414 669 618
f 348 504 315
f 315 504 260
f 2669 2749 2601
f 2749 2669 2796
f 2796 2669 2826
f 2697 2826 2669
f 2826 2697 2856
f 2733 2856 2697
f 2856 2733 2886
f 2741 2886 2733
f 2886 2741 2914
f 2914 2741 2944
f 2767 2944 2741
f 2944 2767 2972
f 2779 2972 2767
f 2972 2779 2992
f 2779 3005 2992
f 2783 3005 2779
f 2991 2783 2773
f 2783 2991 3005
f 2971 2773 2754
f 2773 2971 2991
f 2913 2754 2737
f 2885 2737 2719
f 2754 2943 2971
f 2825 2719 2691
f 2795 2691 2638
f 2754 2913 2943
f 2748 2638 2579
f 2632 2579 2538
f 2551 2538 2484
f 2737 2885 2913
f 816 1678 1683
f 504 348 551
f 2483 2484 2461
f 384 551 348
f 2538 2551 2632
f 551 384 589
f 2719 2855 2885
f 400 589 384
f 2719 2825 2855
f 406 589 400
f 414 589 406
f 2691 2795 2825
f 589 414 618
f 2638 2748 2795
f 2579 2700 2748
f 2579 2632 2700
f 2483 2461 2427
f 816 1672 1678
f 669 414 604
f 816 1667 1672
f 783 832 1667
f 693 604 832
f 1667 832 2656
f 681 832 604
f 751 832 681
f 796 832 751
f 832 796 864
f 830 864 796
f 864 830 926
f 838 926 830
f 926 838 1083
f 872 1083 838
f 1083 872 1152
f 1152 872 1365
f 908 1365 872
f 1365 908 1431
f 1015 1431 908
f 1431 1015 1477
f 1087 1477 1015
f 1477 1087 1542
f 1128 1542 1087
f 1128 1572 1542
f 1150 1572 1128
f 1150 1641 1572
f 1176 1641 1150
f 1176 1651 1641
f 1322 1651 1176
f 1322 1657 1651
f 1338 1657 1322
f 1338 1665 1657
f 1341 1665 1338
f 1341 1668 1665
f 1331 1668 1341
f 1331 1663 1668
f 1313 1663 1331
f 1313 1654 1663
f 1166 1654 1313
f 1166 1644 1654
f 1146 1644 1166
f 1146 1583 1644
f 1549 1146 1124
f 1146 1549 1583
f 1515 1124 1071
f 1124 1515 1549
f 1448 1071 997
f 1071 1448 1515
f 1384 997 900
f 997 1384 1448
f 1168 900 856
f 1114 856 834
f 900 1168 1384
f 1001 834 828
f 856 1114 1168
f 886 828 786
f 834 1001 1114
f 836 786 731
f 828 886 1001
f 826 731 665
f 786 836 886
f 777 665 571
f 731 826 836
f 689 571 488
f 602 488 413
f 665 777 826
f 571 689 777
f 488 602 689
f 413 496 602
f 496 413 412
f 1686 1685 1667
f 1685 1672 1667
f 1685 1678 1672
f 1685 1684 1678
f 1684 1683 1678
f 1686 2487 1685
f 2487 1686 2488
f 1685 2486 1684
f 2486 1685 2487
f 1684 2483 1683
f 2483 1684 2486
f 2493 2494 647
f 2388 2493 647
f 2491 2492 2457
f 2492 2458 2457
f 2492 2493 2458
f 2458 2493 2388
f 718 647 646
f 718 646 645
f 717 718 645
f 2485 2489 2454
f 2489 2490 2455
f 2490 2491 2456
f 2491 2457 2456
f 717 645 644
f 716 717 644
f 716 644 643
f 715 716 643
f 715 643 642
f 714 715 642
f 714 2455 715
f 2455 714 2454
f 714 642 641
f 2485 714 641
f 714 2485 2454
f 2489 2455 2454
f 2490 2456 2455
f 718 2388 647
f 2388 2457 2458
f 717 2388 718
f 2388 717 2457
f 717 2456 2457
f 2456 717 716
f 715 2456 716
f 2456 715 2455
f 646 647 626
f 628 626 577
f 579 577 521
f 524 521 475
f 477 475 442
f 448 442 391
f 448 477 442
f 481 477 448
f 481 526 477
f 526 581 524
f 581 630 579
f 630 645 628
f 645 646 628
f 628 646 626
f 575 593 532
f 575 532 515
f 515 532 479
f 515 479 467
f 469 467 432
f 434 432 368
f 376 368 243
f 257 243 190
f 194 190 165
f 194 257 190
f 276 257 194
f 276 380 257
f 380 438 376
f 438 473 434
f 473 519 469
f 519 575 515
f 519 515 469
f 469 515 467
f 467 479 440
f 467 440 428
f 432 428 363
f 368 363 233
f 243 233 188
f 190 188 160
f 165 160 135
f 165 190 160
f 428 440 370
f 428 370 357
f 363 357 222
f 233 222 186
f 188 186 158
f 160 158 128
f 131 128 98
f 101 98 71
f 77 105 71
f 105 101 71
f 105 135 101
f 135 131 101
f 101 131 98
f 357 370 226
f 357 226 216
f 222 216 184
f 186 184 156
f 158 156 124
f 128 124 94
f 98 94 67
f 71 67 50
f 60 77 50
f 77 71 50
f 216 226 182
f 216 182 180
f 184 180 152
f 156 152 122
f 124 122 90
f 94 90 62
f 67 62 35
f 50 35 33
f 48 60 33
f 60 50 33
f 180 182 150
f 180 150 148
f 152 148 118
f 122 118 88
f 90 88 56
f 62 56 29
f 35 29 27
f 42 33 27
f 58 48 42
f 42 48 33
f 148 150 116
f 118 148 116
f 118 116 88
f 88 116 86
f 52 86 46
f 20 46 14
f 5 14 3
f 10 12 3
f 39 37 10
f 81 75 39
f 111 107 81
f 143 137 111
f 174 167 143
f 206 197 174
f 206 208 197
f 208 199 197
f 208 212 199
f 212 201 199
f 201 171 169
f 171 141 139
f 141 113 109
f 113 84 79
f 84 54 44
f 54 25 18
f 25 16 7
f 29 22 16
f 29 56 22
f 56 52 22
f 56 88 52
f 88 86 52
f 52 46 20
f 22 20 7
f 16 22 7
f 20 14 5
f 18 7 5
f 18 25 7
f 12 5 3
f 44 18 12
f 44 54 18
f 37 12 10
f 79 44 37
f 79 84 44
f 39 75 37
f 109 79 75
f 109 113 79
f 81 107 75
f 139 109 107
f 139 141 109
f 111 137 107
f 169 139 137
f 169 171 139
f 143 167 137
f 199 169 167
f 199 201 169
f 174 197 167
f 197 199 167
f 212 218 201
f 218 204 201
f 204 176 171
f 176 146 141
f 146 120 113
f 120 92 84
f 92 64 54
f 64 31 25
f 31 27 16
f 27 29 16
f 218 230 204
f 230 210 204
f 210 178 176
f 178 154 146
f 154 126 120
f 126 96 92
f 96 69 64
f 69 42 31
f 31 42 27
f 230 246 210
f 246 260 210
f 210 260 192
f 210 192 178
f 178 192 162
f 178 162 154
f 154 162 133
f 126 133 103
f 96 103 73
f 69 73 58
f 69 58 42
f 154 133 126
f 126 103 96
f 96 73 69
f 135 160 131
f 131 160 128
f 391 380 276
f 391 442 380
f 442 475 438
f 475 521 473
f 521 577 519
f 577 626 575
f 626 647 593
f 626 593 575
f 540 526 481
f 540 583 526
f 583 632 581
f 632 644 630
f 644 645 630
f 595 583 540
f 595 634 583
f 634 643 632
f 643 644 632
f 641 634 595
f 641 642 634
f 642 643 634
f 630 628 579
f 579 628 577
f 632 630 581
f 634 632 583
f 577 575 519
f 581 579 524
f 524 579 521
f 583 581 526
f 521 519 473
f 526 524 477
f 477 524 475
f 473 469 434
f 434 469 432
f 432 467 428
f 475 473 438
f 363 428 357
f 438 434 376
f 376 434 368
f 368 432 363
f 442 438 380
f 222 357 216
f 233 363 222
f 380 376 257
f 257 376 243
f 243 368 233
f 184 216 180
f 186 222 184
f 188 233 186
f 190 243 188
f 152 180 148
f 156 184 152
f 158 186 156
f 160 188 158
f 122 152 118
f 124 156 122
f 128 158 124
f 90 122 88
f 94 124 90
f 62 90 56
f 98 128 94
f 67 94 62
f 71 98 67
f 22 52 20
f 35 62 29
f 50 67 35
f 7 20 5
f 33 35 27
f 12 18 5
f 25 31 16
f 37 44 12
f 54 64 25
f 64 69 31
f 75 79 37
f 84 92 54
f 92 96 64
f 107 109 75
f 113 120 84
f 120 126 92
f 137 139 107
f 141 146 113
f 146 154 120
f 167 169 137
f 171 176 141
f 176 178 146
f 201 204 171
f 204 210 176
f 285 251 206
f 285 269 251
f 285 283 269
f 285 291 283
f 320 291 285
f 320 319 291
f 346 323 319
f 346 352 323
f 352 325 323
f 352 361 325
f 361 328 325
f 328 301 297
f 301 292 289
f 292 282 275
f 282 268 262
f 268 259 250
f 259 249 239
f 249 237 225
f 237 242 218
f 242 253 230
f 253 264 246
f 264 272 260
f 280 272 266
f 273 266 256
f 267 256 249
f 259 267 249
f 274 267 259
f 268 274 259
f 287 274 268
f 302 293 287
f 314 305 302
f 348 315 314
f 314 315 305
f 305 315 260
f 299 305 260
f 293 299 281
f 274 281 267
f 293 281 274
f 287 293 274
f 340 343 320
f 320 343 319
f 343 346 319
f 361 332 328
f 332 304 301
f 304 298 292
f 298 287 282
f 282 287 268
f 374 384 342
f 384 348 342
f 342 348 314
f 309 314 302
f 298 302 287
f 309 302 298
f 304 309 298
f 337 309 304
f 374 342 337
f 337 342 309
f 342 314 309
f 264 260 246
f 253 246 230
f 242 230 218
f 225 237 218
f 225 218 212
f 221 212 208
f 215 208 206
f 240 229 206
f 254 245 240
f 275 262 254
f 275 282 262
f 221 225 212
f 236 239 221
f 245 250 236
f 254 262 245
f 262 250 245
f 262 268 250
f 215 221 208
f 229 236 215
f 240 245 229
f 245 236 229
f 299 288 281
f 288 280 273
f 273 280 266
f 288 299 260
f 272 280 260
f 280 288 260
f 251 254 240
f 269 270 251
f 283 284 269
f 291 295 283
f 319 323 291
f 323 295 291
f 323 325 295
f 325 297 295
f 297 289 284
f 289 275 270
f 270 275 254
f 270 254 251
f 236 221 215
f 239 249 225
f 239 225 221
f 249 256 237
f 256 242 237
f 256 266 242
f 266 272 253
f 272 264 253
f 266 253 242
f 295 284 283
f 295 297 284
f 297 301 289
f 325 328 297
f 301 304 292
f 328 332 301
f 332 337 304
f 361 374 332
f 374 337 332
f 302 305 293
f 305 299 293
f 292 298 282
f 289 292 275
f 284 270 269
f 284 289 270
f 251 240 206
f 281 273 267
f 267 273 256
f 229 215 206
f 281 288 273
f 250 239 236
f 250 259 239
f 389 393 378
f 378 393 354
f 393 359 354
f 359 343 340
f 354 359 340
f 393 395 359
f 359 395 343
f 395 365 343
f 365 372 346
f 372 382 352
f 382 387 361
f 387 400 374
f 400 384 374
f 395 398 365
f 398 372 365
f 398 402 372
f 402 404 372
f 404 382 372
f 404 408 382
f 408 387 382
f 408 410 387
f 410 406 400
f 410 400 387
f 410 414 406
f 387 374 361
f 382 361 352
f 372 352 346
f 365 346 343
f 648 2494 2495
f 2494 648 647
f 649 2495 2496
f 2495 649 648
f 2496 650 649
f 2496 785 650
f 2442 785 2441
f 710 785 2442
f 785 710 709
f 710 652 651
f 709 710 651
f 709 651 650
f 785 709 650
f 2496 2497 2441
f 2497 2498 2441
f 2498 2442 2441
f 713 656 654
f 712 654 653
f 711 653 652
f 710 711 652
f 711 2442 2443
f 2442 711 710
f 2498 2499 2442
f 2499 2443 2442
f 2499 2500 2443
f 2500 2444 2443
f 2500 2501 2444
f 2501 2445 2444
f 2501 2507 2445
f 2507 713 2445
f 713 2507 656
f 2445 712 2444
f 712 2445 713
f 2444 711 2443
f 711 2444 712
f 712 713 654
f 711 712 653
f 2496 2441 785
f 209 207 198
f 200 198 170
f 172 170 142
f 147 142 121
f 127 121 97
f 104 97 74
f 104 127 97
f 134 127 104
f 134 155 127
f 155 177 147
f 177 202 172
f 202 213 200
f 213 209 200
f 200 209 198
f 168 175 144
f 168 144 138
f 138 144 112
f 138 112 108
f 110 108 80
f 85 80 55
f 65 55 32
f 34 43 32
f 61 49 34
f 49 43 34
f 49 59 43
f 59 70 43
f 70 93 65
f 93 114 85
f 114 140 110
f 140 168 138
f 140 138 110
f 110 138 108
f 108 112 82
f 108 82 76
f 80 76 45
f 55 45 26
f 28 32 26
f 51 34 28
f 78 61 51
f 51 61 34
f 76 82 40
f 76 40 38
f 45 38 19
f 26 19 17
f 36 28 17
f 72 51 36
f 106 78 72
f 72 78 51
f 38 40 11
f 13 38 11
f 19 13 8
f 30 17 8
f 68 36 30
f 102 72 68
f 136 106 102
f 102 106 72
f 13 11 4
f 6 13 4
f 23 8 6
f 63 30 23
f 99 68 63
f 132 102 99
f 161 136 132
f 191 166 161
f 258 196 191
f 381 277 258
f 443 392 381
f 478 449 443
f 527 482 478
f 584 541 527
f 635 596 584
f 654 656 635
f 635 656 596
f 15 6 4
f 15 21 6
f 57 23 21
f 95 63 57
f 129 99 95
f 161 132 129
f 129 132 99
f 47 21 15
f 47 53 21
f 91 57 53
f 125 95 91
f 159 129 125
f 191 161 159
f 159 161 129
f 87 53 47
f 87 89 53
f 123 91 89
f 157 125 123
f 189 159 157
f 258 191 189
f 189 191 159
f 117 89 87
f 117 119 89
f 153 123 119
f 187 157 153
f 244 189 187
f 381 258 244
f 244 258 189
f 149 119 117
f 185 153 149
f 234 187 185
f 377 244 234
f 443 381 377
f 377 381 244
f 183 181 151
f 183 217 181
f 227 217 183
f 227 358 217
f 433 364 358
f 474 435 433
f 525 476 474
f 584 527 525
f 525 527 476
f 527 478 476
f 476 478 439
f 435 439 369
f 364 369 223
f 217 223 181
f 364 223 217
f 358 364 217
f 371 358 227
f 371 429 358
f 470 433 429
f 522 474 470
f 582 525 522
f 635 584 582
f 582 584 525
f 441 429 371
f 441 468 429
f 520 470 468
f 580 522 520
f 633 582 580
f 653 635 633
f 653 654 635
f 480 468 441
f 480 516 468
f 578 520 516
f 631 580 578
f 652 633 631
f 652 653 633
f 533 516 480
f 533 576 516
f 629 578 576
f 651 631 629
f 651 652 631
f 594 576 533
f 594 627 576
f 650 629 627
f 650 651 629
f 649 627 594
f 649 650 627
f 584 596 541
f 527 541 482
f 478 482 449
f 443 449 392
f 381 392 277
f 258 277 196
f 191 196 166
f 161 166 136
f 132 136 102
f 74 70 59
f 74 97 70
f 97 121 93
f 121 142 114
f 142 170 140
f 170 198 168
f 198 207 175
f 198 175 168
f 163 155 134
f 163 179 155
f 179 205 177
f 205 219 202
f 219 213 202
f 193 179 163
f 193 211 179
f 211 231 205
f 231 219 205
f 261 211 193
f 261 247 211
f 247 231 211
f 119 123 89
f 202 200 172
f 172 200 170
f 205 202 177
f 211 205 179
f 170 168 140
f 177 172 147
f 147 172 142
f 179 177 155
f 142 140 114
f 155 147 127
f 127 147 121
f 114 110 85
f 85 110 80
f 80 108 76
f 121 114 93
f 45 76 38
f 93 85 65
f 65 85 55
f 55 80 45
f 97 93 70
f 19 38 13
f 26 45 19
f 70 65 43
f 43 65 32
f 32 55 26
f 8 13 6
f 17 19 8
f 28 26 17
f 34 32 28
f 21 23 6
f 23 30 8
f 30 36 17
f 36 51 28
f 53 57 21
f 57 63 23
f 63 68 30
f 68 72 36
f 89 91 53
f 91 95 57
f 95 99 63
f 99 102 68
f 123 125 91
f 125 129 95
f 149 153 119
f 153 157 123
f 157 159 125
f 185 187 153
f 187 189 157
f 151 181 149
f 151 149 117
f 223 234 185
f 369 234 223
f 369 377 234
f 439 377 369
f 439 443 377
f 478 443 439
f 234 244 187
f 181 185 149
f 223 185 181
f 435 369 364
f 433 435 364
f 429 433 358
f 468 470 429
f 476 439 435
f 474 476 435
f 470 474 433
f 516 520 468
f 520 522 470
f 522 525 474
f 576 578 516
f 578 580 520
f 580 582 522
f 627 629 576
f 629 631 578
f 631 633 580
f 633 635 582
f 207 203 173
f 175 207 173
f 175 173 145
f 144 145 115
f 112 115 83
f 82 83 41
f 40 41 9
f 11 9 1
f 2 4 1
f 24 15 2
f 66 47 24
f 100 87 66
f 130 117 100
f 164 151 130
f 195 183 164
f 279 227 195
f 397 371 279
f 452 441 397
f 483 480 452
f 544 533 483
f 597 594 544
f 648 649 597
f 597 649 594
f 175 145 144
f 144 115 112
f 112 83 82
f 82 41 40
f 11 40 9
f 4 11 1
f 15 4 2
f 24 47 15
f 66 87 47
f 100 117 87
f 130 151 117
f 164 183 151
f 195 227 183
f 279 371 227
f 397 441 371
f 452 480 441
f 483 533 480
f 544 594 533
f 647 648 597
f 647 597 593
f 593 597 544
f 532 544 483
f 479 483 452
f 440 452 397
f 370 397 279
f 226 279 195
f 182 195 164
f 150 164 130
f 116 130 100
f 86 100 66
f 46 66 24
f 14 24 2
f 3 2 1
f 9 10 1
f 41 39 9
f 83 81 41
f 115 111 83
f 145 143 115
f 173 174 145
f 203 206 173
f 206 174 173
f 593 544 532
f 532 483 479
f 479 452 440
f 440 397 370
f 370 279 226
f 226 195 182
f 182 164 150
f 150 130 116
f 116 100 86
f 86 66 46
f 46 24 14
f 3 14 2
f 10 3 1
f 39 10 9
f 41 81 39
f 83 111 81
f 115 143 111
f 145 174 143
f 285 206 203
f 278 285 203
f 311 320 278
f 335 340 311
f 340 320 311
f 320 285 278
f 341 335 311
f 321 341 311
f 321 311 278
f 286 278 203
f 207 286 203
f 286 321 278
f 331 341 321
f 331 321 318
f 318 321 306
f 306 321 286
f 290 306 286
f 294 290 235
f 238 235 224
f 232 224 219
f 231 241 219
f 247 252 231
f 271 265 247
f 313 308 271
f 329 326 313
f 339 336 329
f 356 351 339
f 385 375 356
f 356 375 351
f 375 362 351
f 351 362 345
f 336 345 330
f 326 330 317
f 308 317 303
f 265 303 255
f 252 255 241
f 252 241 231
f 290 286 228
f 235 228 220
f 224 220 213
f 219 224 213
f 209 214 207
f 220 214 209
f 213 220 209
f 241 232 219
f 255 248 241
f 303 300 255
f 317 312 303
f 330 327 317
f 345 338 330
f 362 353 345
f 345 353 338
f 353 347 338
f 338 347 334
f 327 334 324
f 312 324 310
f 300 310 296
f 248 296 238
f 232 238 224
f 248 238 232
f 241 248 232
f 263 271 247
f 261 263 247
f 271 263 261
f 316 271 261
f 316 313 271
f 316 329 313
f 349 329 316
f 349 356 339
f 349 339 329
f 385 356 349
f 347 344 334
f 334 344 333
f 324 333 322
f 310 322 307
f 296 307 294
f 238 294 235
f 296 294 238
f 344 341 333
f 333 341 331
f 322 331 318
f 307 318 306
f 294 306 290
f 307 306 294
f 220 228 214
f 214 228 207
f 228 286 207
f 333 331 322
f 334 333 324
f 330 338 327
f 338 334 327
f 339 351 336
f 351 345 336
f 322 318 307
f 324 322 310
f 317 327 312
f 327 324 312
f 329 336 326
f 336 330 326
f 235 290 228
f 224 235 220
f 300 296 248
f 255 300 248
f 308 303 265
f 271 308 265
f 265 252 247
f 265 255 252
f 326 317 308
f 313 326 308
f 312 310 300
f 303 312 300
f 310 307 296
f 417 411 407
f 407 411 401
f 401 411 388
f 375 388 362
f 401 388 375
f 385 401 375
f 411 409 388
f 388 409 383
f 362 383 353
f 388 383 362
f 409 405 383
f 383 405 373
f 353 373 347
f 383 373 353
f 405 403 373
f 403 399 373
f 399 396 366
f 396 360 344
f 360 355 341
f 344 360 341
f 373 399 366
f 347 366 344
f 373 366 347
f 396 394 360
f 360 394 355
f 394 379 355
f 394 390 379
f 366 396 344
f 390 386 379
f 379 386 367
f 355 367 350
f 355 350 335
f 341 355 335
f 379 367 355
f 386 389 378
f 386 378 367
f 367 378 354
f 350 354 335
f 367 354 350
f 354 340 335
f 2704 2580 2750
f 2634 2580 2704
f 2580 2634 2539
f 2553 2539 2634
f 2539 2553 2506
f 2505 2506 2553
f 2506 2505 2462
f 1829 2462 2505
f 2462 1829 1830
f 2383 2507 2416
f 656 694 670
f 2367 2507 2383
f 656 730 694
f 2359 2507 2367
f 656 766 730
f 2507 2359 656
f 656 784 766
f 795 656 2359
f 656 795 784
f 2351 795 2359
f 2351 805 795
f 1830 2351 2343
f 2351 1830 805
f 1830 2343 2333
f 1504 805 1830
f 1830 2333 2331
f 805 1504 813
f 1830 2331 2339
f 813 1504 823
f 1830 2339 2347
f 823 1504 825
f 1830 2347 2355
f 825 1504 817
f 1830 2355 2363
f 817 1504 809
f 1830 2363 2371
f 809 1504 801
f 1830 2371 2402
f 801 1504 791
f 1830 2402 2428
f 791 1504 780
f 1830 2428 2462
f 833 780 1504
f 2639 2750 2580
f 746 833 708
f 2554 2558 2519
f 2742 2888 2916
f 2858 2602 2558
f 2858 2670 2602
f 2858 2698 2670
f 2742 2916 2946
f 2858 2734 2698
f 2768 2946 2974
f 2888 2742 2734
f 2946 2768 2742
f 2780 2974 2994
f 2974 2780 2768
f 3006 2780 2994
f 3006 2784 2780
f 2993 2784 3006
f 2784 2993 2774
f 2973 2774 2993
f 2774 2973 2755
f 2945 2755 2973
f 2915 2755 2945
f 2755 2915 2738
f 2887 2738 2915
f 2738 2887 2720
f 2857 2720 2887
f 2827 2720 2857
f 2720 2827 2692
f 2797 2692 2827
f 708 833 680
f 2692 2797 2639
f 2750 2639 2797
f 780 833 746
f 605 680 833
f 193 655 261
f 655 193 163
f 655 316 261
f 655 349 316
f 655 385 349
f 655 401 385
f 655 407 401
f 655 417 407
f 833 1504 1503
f 417 680 605
f 680 417 655
f 833 682 605
f 797 833 865
f 833 752 682
f 831 865 927
f 833 797 752
f 839 927 1084
f 865 831 797
f 873 1084 1153
f 927 839 831
f 873 1153 1366
f 1084 873 839
f 909 1366 1432
f 1366 909 873
f 1016 1432 1478
f 1432 1016 909
f 1088 1478 1502
f 1478 1088 1016
f 1502 1129 1088
f 1502 1151 1129
f 1502 1177 1151
f 1502 1323 1177
f 1502 1339 1323
f 1502 1342 1339
f 1501 1342 1502
f 1342 1501 1332
f 1332 1501 1314
f 1501 1167 1314
f 1501 1147 1167
f 1501 1125 1147
f 1501 1072 1125
f 1449 1072 1501
f 1072 1449 998
f 1385 998 1449
f 998 1385 901
f 1169 901 1385
f 901 1169 857
f 1115 857 1169
f 857 1115 835
f 1002 835 1115
f 835 1002 829
f 887 829 1002
f 829 887 787
f 837 787 887
f 787 837 732
f 827 732 837
f 732 827 666
f 778 666 827
f 666 778 572
f 690 572 778
f 572 690 489
f 603 489 690
f 489 603 416
f 497 416 603
f 416 497 415
f 2416 2507 2447
f 2519 2507 2554
f 619 656 670
f 2558 2554 2635
f 656 619 596
f 2558 2635 2705
f 590 596 619
f 2558 2705 2751
f 596 590 541
f 2558 2751 2798
f 541 590 482
f 2558 2798 2828
f 552 482 590
f 2558 2828 2858
f 482 552 449
f 2734 2858 2888
f 2507 2519 2472
f 2447 2507 2472
f 505 449 552
f 449 505 392
f 392 505 277
f 485 277 505
f 277 485 196
f 462 196 485
f 196 462 166
f 454 166 462
f 166 454 136
f 136 454 106
f 437 106 454
f 106 437 78
f 421 78 437
f 78 421 61
f 421 49 61
f 419 49 421
f 59 419 427
f 419 59 49
f 74 427 447
f 427 74 59
f 134 447 458
f 163 458 466
f 447 104 74
f 163 466 491
f 163 491 535
f 447 134 104
f 163 535 564
f 163 564 609
f 163 609 655
f 458 163 134
f 1828 2657 1827
f 2502 1825 2503
f 1825 2502 1824
f 2503 1826 2504
f 1826 2503 1825
f 2504 1829 2505
f 1829 2504 1826
f 2694 2620 2618
f 2694 2618 2616
f 2654 2616 2612
f 2654 2612 2610
f 2654 2610 2608
f 2654 2608 2604
f 2652 2604 2596
f 2650 2596 2588
f 2647 2588 2566
f 2560 2566 2547
f 2560 2547 2502
f 2503 2560 2502
f 2553 2560 2503
f 2634 2560 2553
f 2634 2643 2560
f 2704 2643 2634
f 2704 2707 2643
f 2761 2709 2707
f 2805 2764 2761
f 2835 2808 2805
f 2868 2838 2835
f 2900 2870 2868
f 2934 2902 2900
f 2934 2950 2918
f 2934 2918 2902
f 2902 2918 2884
f 2902 2884 2872
f 2870 2872 2840
f 2838 2840 2810
f 2808 2810 2766
f 2764 2766 2712
f 2709 2712 2647
f 2643 2647 2560
f 2709 2647 2643
f 2707 2709 2643
f 2654 2694 2616
f 2716 2654 2652
f 2714 2652 2650
f 2712 2650 2647
f 2712 2714 2650
f 2766 2714 2712
f 2766 2770 2714
f 2770 2744 2716
f 2716 2744 2694
f 2716 2694 2654
f 2652 2654 2604
f 2650 2652 2596
f 2566 2588 2547
f 2504 2553 2503
f 2505 2553 2504
f 2750 2707 2704
f 2750 2757 2707
f 2803 2761 2757
f 2833 2805 2803
f 2865 2835 2833
f 2897 2868 2865
f 2932 2900 2897
f 2966 2934 2932
f 2966 2984 2950
f 2966 2950 2934
f 2797 2757 2750
f 2797 2803 2757
f 2833 2803 2797
f 2827 2833 2797
f 2857 2860 2827
f 2887 2890 2857
f 2915 2920 2887
f 2945 2948 2915
f 2973 2978 2945
f 2993 3004 2973
f 3006 3016 2993
f 3010 3006 2994
f 2982 2994 2974
f 2956 2974 2946
f 2930 2946 2916
f 2904 2916 2888
f 2874 2888 2858
f 2844 2858 2828
f 2814 2828 2798
f 2782 2798 2751
f 2722 2751 2705
f 2672 2705 2635
f 2576 2635 2554
f 2523 2554 2507
f 2523 2507 2501
f 2523 2501 2500
f 2523 2500 2499
f 2525 2499 2498
f 2527 2498 2497
f 2529 2497 2496
f 2550 2531 2496
f 2631 2586 2550
f 2703 2680 2631
f 2753 2732 2703
f 2801 2792 2753
f 2831 2822 2801
f 2863 2852 2831
f 2893 2882 2863
f 2924 2912 2893
f 2954 2942 2924
f 2988 2976 2954
f 3028 3012 2988
f 3046 3040 3028
f 3048 3046 3044
f 3032 3044 3022
f 3000 3022 2984
f 3000 2984 2966
f 3000 2966 2962
f 2962 2966 2932
f 2962 2932 2927
f 2959 2927 2922
f 2952 2922 2920
f 2948 2920 2915
f 2948 2952 2920
f 2980 2952 2948
f 2978 2980 2948
f 2978 2948 2945
f 2860 2833 2827
f 2895 2865 2860
f 2927 2897 2895
f 2927 2932 2897
f 2890 2860 2857
f 2922 2895 2890
f 2922 2927 2895
f 2920 2890 2887
f 2920 2922 2890
f 3004 2978 2973
f 3024 3014 3004
f 3026 3037 3024
f 3035 3026 3008
f 3012 3008 2976
f 2988 3012 2976
f 3016 3004 2993
f 3018 3024 3016
f 3026 3018 3002
f 3008 3002 2970
f 2976 2970 2942
f 2954 2976 2942
f 3010 3016 3006
f 3018 3010 2990
f 3002 2990 2968
f 2970 2968 2940
f 2942 2940 2912
f 2924 2942 2912
f 3010 2994 2982
f 2990 2982 2964
f 2968 2964 2938
f 2940 2938 2910
f 2912 2910 2882
f 2893 2912 2882
f 2982 2974 2956
f 2964 2956 2936
f 2938 2936 2908
f 2910 2908 2880
f 2882 2880 2852
f 2863 2882 2852
f 2956 2946 2930
f 2936 2930 2906
f 2908 2906 2878
f 2880 2878 2850
f 2852 2850 2822
f 2831 2852 2822
f 2930 2916 2904
f 2906 2904 2876
f 2878 2876 2848
f 2850 2848 2820
f 2822 2820 2792
f 2801 2822 2792
f 2904 2888 2874
f 2876 2874 2846
f 2848 2846 2818
f 2820 2818 2790
f 2792 2790 2732
f 2753 2792 2732
f 2874 2858 2844
f 2846 2844 2816
f 2818 2816 2788
f 2790 2788 2730
f 2732 2730 2680
f 2703 2732 2680
f 2844 2828 2814
f 2816 2814 2786
f 2788 2786 2728
f 2730 2728 2678
f 2680 2678 2586
f 2631 2680 2586
f 2814 2798 2782
f 2786 2782 2724
f 2728 2724 2676
f 2678 2676 2584
f 2586 2584 2531
f 2550 2586 2531
f 2782 2751 2722
f 2724 2722 2674
f 2676 2674 2582
f 2584 2582 2529
f 2531 2529 2496
f 2531 2584 2529
f 2722 2705 2672
f 2674 2672 2578
f 2582 2578 2527
f 2529 2527 2497
f 2529 2582 2527
f 2672 2635 2576
f 2578 2576 2525
f 2527 2525 2498
f 2527 2578 2525
f 2576 2554 2523
f 2525 2523 2499
f 2525 2576 2523
f 3028 3040 3012
f 3040 3042 3035
f 3037 3042 3020
f 3014 3020 2980
f 3014 2980 2978
f 3004 3014 2978
f 3046 3048 3040
f 3042 3048 3030
f 3020 3030 2986
f 2980 2986 2952
f 3020 2986 2980
f 3048 3044 3032
f 3030 3032 2997
f 2986 2997 2959
f 2952 2959 2922
f 2986 2959 2952
f 3032 3022 3000
f 2997 3000 2962
f 2959 2962 2927
f 2997 2962 2959
f 2872 2884 2854
f 2872 2854 2842
f 2840 2842 2812
f 2810 2812 2770
f 2810 2770 2766
f 2842 2854 2824
f 2842 2824 2812
f 2812 2824 2794
f 2770 2794 2744
f 2812 2794 2770
f 2647 2566 2560
f 2647 2650 2588
f 2714 2716 2652
f 2770 2716 2714
f 2764 2712 2709
f 2761 2764 2709
f 2757 2761 2707
f 2803 2805 2761
f 2808 2766 2764
f 2805 2808 2764
f 2833 2835 2805
f 2838 2810 2808
f 2835 2838 2808
f 2860 2865 2833
f 2840 2812 2810
f 2865 2868 2835
f 2872 2842 2840
f 2868 2870 2838
f 2870 2840 2838
f 2890 2895 2860
f 2895 2897 2865
f 2902 2872 2870
f 2900 2902 2870
f 2897 2900 2868
f 2932 2934 2900
f 3030 2997 2986
f 3032 3000 2997
f 3037 3020 3014
f 3024 3037 3014
f 3016 3024 3004
f 3042 3030 3020
f 3048 3032 3030
f 3018 3016 3010
f 3042 3037 3035
f 3035 3037 3026
f 3026 3024 3018
f 3048 3042 3040
f 2990 3010 2982
f 3002 3018 2990
f 3040 3035 3012
f 3012 3035 3008
f 3008 3026 3002
f 2964 2982 2956
f 2968 2990 2964
f 2970 3002 2968
f 2976 3008 2970
f 2936 2956 2930
f 2938 2964 2936
f 2940 2968 2938
f 2942 2970 2940
f 2906 2930 2904
f 2908 2936 2906
f 2910 2938 2908
f 2912 2940 2910
f 2876 2904 2874
f 2878 2906 2876
f 2880 2908 2878
f 2882 2910 2880
f 2846 2874 2844
f 2848 2876 2846
f 2850 2878 2848
f 2852 2880 2850
f 2816 2844 2814
f 2818 2846 2816
f 2820 2848 2818
f 2822 2850 2820
f 2786 2814 2782
f 2788 2816 2786
f 2790 2818 2788
f 2792 2820 2790
f 2724 2782 2722
f 2728 2786 2724
f 2730 2788 2728
f 2732 2790 2730
f 2674 2722 2672
f 2676 2724 2674
f 2678 2728 2676
f 2680 2730 2678
f 2578 2672 2576
f 2582 2674 2578
f 2584 2676 2582
f 2586 2678 2584
f 2694 2710 2648
f 2744 2710 2694
f 2744 2762 2710
f 2794 2762 2744
f 2794 2806 2762
f 2824 2806 2794
f 2854 2836 2824
f 2884 2866 2854
f 2918 2898 2884
f 2950 2928 2918
f 2984 2960 2950
f 3022 2998 2984
f 3044 3038 3022
f 3046 3050 3044
f 3049 3046 3028
f 3033 3028 2988
f 2995 2988 2954
f 2957 2954 2924
f 2925 2924 2893
f 2891 2893 2863
f 2861 2863 2831
f 2829 2831 2801
f 2799 2801 2753
f 2747 2753 2703
f 2699 2703 2631
f 2627 2631 2550
f 2548 2550 2496
f 2548 2496 2495
f 2694 2626 2620
f 2694 2648 2626
f 2824 2836 2806
f 2854 2866 2836
f 2884 2898 2866
f 2918 2928 2898
f 2950 2960 2928
f 2984 2998 2960
f 3022 3038 2998
f 3044 3050 3038
f 3049 3050 3046
f 3033 3049 3028
f 2995 3033 2988
f 2957 2995 2954
f 2925 2957 2924
f 2925 2893 2891
f 2891 2863 2861
f 2861 2831 2829
f 2829 2801 2799
f 2799 2753 2747
f 2747 2703 2699
f 2699 2631 2627
f 2627 2550 2548
f 2625 2693 2619
f 2648 2693 2625
f 2710 2693 2648
f 2710 2743 2693
f 2762 2743 2710
f 2762 2793 2743
f 2806 2793 2762
f 2836 2823 2806
f 2866 2853 2836
f 2898 2883 2866
f 2928 2917 2898
f 2960 2949 2928
f 2998 2983 2960
f 3038 3021 2998
f 3050 3043 3038
f 3050 3049 3045
f 3049 3033 3027
f 3033 2995 2987
f 2995 2957 2953
f 2957 2925 2923
f 2892 2925 2891
f 2862 2891 2861
f 2830 2861 2829
f 2800 2829 2799
f 2752 2799 2747
f 2702 2747 2699
f 2630 2699 2627
f 2549 2627 2548
f 2548 2495 2494
f 2549 2548 2494
f 2806 2823 2793
f 2836 2853 2823
f 2866 2883 2853
f 2898 2917 2883
f 2928 2949 2917
f 2960 2983 2949
f 2998 3021 2983
f 3038 3043 3021
f 3050 3045 3043
f 3045 3049 3027
f 3027 3033 2987
f 2987 2995 2953
f 2953 2957 2923
f 2923 2925 2892
f 2892 2891 2862
f 2862 2861 2830
f 2830 2829 2800
f 2800 2799 2752
f 2752 2747 2702
f 2702 2699 2630
f 2630 2627 2549
f 2488 2559 2487
f 2559 2632 2551
f 2559 2551 2487
f 2487 2551 2486
f 2486 2551 2483
f 2587 2565 2546
f 2587 2646 2565
f 2649 2646 2587
f 2595 2649 2587
f 2651 2649 2595
f 2713 2711 2651
f 2765 2763 2713
f 2809 2807 2765
f 2839 2837 2809
f 2869 2867 2839
f 2899 2896 2869
f 2931 2926 2899
f 2961 2958 2931
f 2996 2985 2961
f 3029 3019 2996
f 3041 3036 3029
f 3041 3034 3025
f 3034 3007 3001
f 3007 2969 2967
f 2969 2939 2937
f 2939 2909 2907
f 2909 2879 2877
f 2879 2849 2847
f 2849 2819 2817
f 2819 2789 2787
f 2789 2729 2727
f 2729 2677 2675
f 2677 2583 2581
f 2583 2528 2526
f 2528 2492 2491
f 2526 2528 2491
f 2526 2491 2490
f 2524 2526 2490
f 2577 2581 2524
f 2673 2675 2577
f 2723 2727 2673
f 2785 2787 2723
f 2815 2817 2785
f 2845 2847 2815
f 2875 2877 2845
f 2905 2907 2875
f 2935 2937 2905
f 2963 2967 2935
f 2989 3001 2963
f 3017 3025 2989
f 3023 3036 3017
f 3019 3023 3013
f 2985 3013 2979
f 2958 2979 2951
f 2926 2951 2921
f 2896 2921 2894
f 2867 2894 2864
f 2837 2864 2834
f 2807 2834 2804
f 2763 2804 2760
f 2711 2760 2708
f 2649 2708 2646
f 2711 2708 2649
f 2651 2711 2649
f 2603 2651 2595
f 2653 2651 2603
f 2715 2713 2653
f 2769 2765 2715
f 2811 2809 2769
f 2841 2839 2811
f 2871 2869 2841
f 2901 2899 2871
f 2933 2931 2901
f 2965 2961 2933
f 2999 2996 2965
f 3031 3029 2999
f 3047 3041 3031
f 3047 3039 3034
f 3039 3011 3007
f 3011 2975 2969
f 2975 2941 2939
f 2941 2911 2909
f 2911 2881 2879
f 2881 2851 2849
f 2851 2821 2819
f 2821 2791 2789
f 2791 2731 2729
f 2731 2679 2677
f 2679 2585 2583
f 2585 2530 2528
f 2530 2493 2492
f 2528 2530 2492
f 2607 2653 2603
f 2609 2653 2607
f 2611 2653 2609
f 2615 2653 2611
f 2617 2653 2615
f 2619 2653 2617
f 2693 2653 2619
f 2693 2715 2653
f 2743 2715 2693
f 2793 2769 2743
f 2823 2811 2793
f 2853 2841 2823
f 2883 2871 2853
f 2917 2901 2883
f 2949 2933 2917
f 2983 2965 2949
f 3021 2999 2983
f 3043 3031 3021
f 3045 3047 3043
f 3039 3045 3027
f 3011 3027 2987
f 2975 2987 2953
f 2941 2953 2923
f 2911 2923 2892
f 2881 2892 2862
f 2851 2862 2830
f 2821 2830 2800
f 2791 2800 2752
f 2731 2752 2702
f 2679 2702 2630
f 2585 2630 2549
f 2530 2549 2494
f 2530 2494 2493
f 2743 2769 2715
f 2793 2811 2769
f 2823 2841 2811
f 2853 2871 2841
f 2883 2901 2871
f 2917 2933 2901
f 2949 2965 2933
f 2983 2999 2965
f 3021 3031 2999
f 3043 3047 3031
f 3047 3045 3039
f 3039 3027 3011
f 3011 2987 2975
f 2975 2953 2941
f 2941 2923 2911
f 2911 2892 2881
f 2881 2862 2851
f 2851 2830 2821
f 2821 2800 2791
f 2791 2752 2731
f 2731 2702 2679
f 2679 2630 2585
f 2585 2549 2530
f 2524 2490 2489
f 2522 2524 2489
f 2575 2577 2522
f 2671 2673 2575
f 2721 2723 2671
f 2781 2785 2721
f 2813 2815 2781
f 2843 2845 2813
f 2873 2875 2843
f 2903 2905 2873
f 2929 2935 2903
f 2955 2963 2929
f 2981 2989 2955
f 3009 3017 2981
f 3015 3023 3009
f 3013 3015 3003
f 2979 3003 2977
f 2951 2977 2947
f 2921 2947 2919
f 2894 2919 2889
f 2864 2889 2859
f 2834 2859 2832
f 2804 2832 2802
f 2760 2802 2756
f 2708 2756 2706
f 2646 2706 2642
f 2565 2642 2559
f 2546 2559 2488
f 2565 2559 2546
f 2522 2489 2485
f 2552 2522 2485
f 2633 2575 2552
f 2701 2671 2633
f 2749 2721 2701
f 2796 2781 2749
f 2826 2813 2796
f 2856 2843 2826
f 2886 2873 2856
f 2914 2903 2886
f 2944 2929 2914
f 2972 2955 2944
f 2992 2981 2972
f 3005 3009 2992
f 3015 3005 2991
f 3003 2991 2971
f 2977 2971 2943
f 2947 2943 2913
f 2919 2913 2885
f 2889 2885 2855
f 2859 2855 2825
f 2832 2825 2795
f 2802 2795 2756
f 2802 2832 2795
f 2552 2575 2522
f 2633 2671 2575
f 2701 2721 2671
f 2749 2781 2721
f 2796 2813 2781
f 2826 2843 2813
f 2856 2873 2843
f 2886 2903 2873
f 2914 2929 2903
f 2944 2955 2929
f 2972 2981 2955
f 2992 3009 2981
f 3015 3009 3005
f 3003 3015 2991
f 2977 3003 2971
f 2947 2977 2943
f 2919 2947 2913
f 2889 2919 2885
f 2859 2889 2855
f 2832 2859 2825
f 2756 2795 2748
f 2756 2748 2706
f 2706 2748 2700
f 2642 2700 2632
f 2642 2632 2559
f 2706 2700 2642
f 2583 2585 2528
f 2581 2583 2526
f 2581 2526 2524
f 2577 2524 2522
f 2646 2642 2565
f 2653 2713 2651
f 2708 2706 2646
f 2715 2765 2713
f 2763 2760 2711
f 2713 2763 2711
f 2760 2756 2708
f 2769 2809 2765
f 2807 2804 2763
f 2765 2807 2763
f 2804 2802 2760
f 2811 2839 2809
f 2837 2834 2807
f 2809 2837 2807
f 2834 2832 2804
f 2841 2869 2839
f 2867 2864 2837
f 2839 2867 2837
f 2864 2859 2834
f 2871 2899 2869
f 2896 2894 2867
f 2869 2896 2867
f 2894 2889 2864
f 2901 2931 2899
f 2926 2921 2896
f 2899 2926 2896
f 2921 2919 2894
f 2933 2961 2931
f 2958 2951 2926
f 2931 2958 2926
f 2951 2947 2921
f 2965 2996 2961
f 2985 2979 2958
f 2961 2985 2958
f 2979 2977 2951
f 2999 3029 2996
f 3019 3013 2985
f 2996 3019 2985
f 3013 3003 2979
f 3031 3041 3029
f 3036 3023 3019
f 3029 3036 3019
f 3023 3015 3013
f 3041 3047 3034
f 3036 3025 3017
f 3036 3041 3025
f 3023 3017 3009
f 3034 3039 3007
f 3025 3001 2989
f 3025 3034 3001
f 3017 2989 2981
f 3007 3011 2969
f 3001 2967 2963
f 3001 3007 2967
f 2989 2963 2955
f 2969 2975 2939
f 2967 2937 2935
f 2967 2969 2937
f 2963 2935 2929
f 2939 2941 2909
f 2937 2907 2905
f 2937 2939 2907
f 2935 2905 2903
f 2909 2911 2879
f 2907 2877 2875
f 2907 2909 2877
f 2905 2875 2873
f 2879 2881 2849
f 2877 2847 2845
f 2877 2879 2847
f 2875 2845 2843
f 2849 2851 2819
f 2847 2817 2815
f 2847 2849 2817
f 2845 2815 2813
f 2819 2821 2789
f 2817 2787 2785
f 2817 2819 2787
f 2815 2785 2781
f 2789 2791 2729
f 2787 2727 2723
f 2787 2789 2727
f 2785 2723 2721
f 2729 2731 2677
f 2727 2675 2673
f 2727 2729 2675
f 2723 2673 2671
f 2677 2679 2583
f 2675 2581 2577
f 2675 2677 2581
f 2673 2577 2575
f 389 414 410
f 414 386 417
f 389 410 408
f 390 417 386
f 389 408 404
f 417 390 411
f 389 404 402
f 411 390 409
f 389 402 398
f 409 390 405
f 389 398 395
f 405 390 403
f 389 395 393
f 403 390 399
f 414 389 386
f 399 390 396
f 396 390 394
f 604 417 605
f 417 604 414
f 604 682 681
f 682 604 605
f 681 752 751
f 752 681 682
f 796 752 797
f 752 796 751
f 830 797 831
f 797 830 796
f 838 831 839
f 831 838 830
f 872 839 873
f 839 872 838
f 908 873 909
f 873 908 872
f 1015 909 1016
f 909 1015 908
f 1087 1016 1088
f 1016 1087 1015
f 1128 1088 1129
f 1088 1128 1087
f 1150 1129 1151
f 1129 1150 1128
f 1176 1151 1177
f 1151 1176 1150
f 1322 1177 1323
f 1177 1322 1176
f 1338 1323 1339
f 1323 1338 1322
f 1341 1339 1342
f 1339 1341 1338
f 416 488 489
f 488 416 413
f 1331 1342 1332
f 1342 1331 1341
f 1313 1332 1314
f 1332 1313 1331
f 1166 1314 1167
f 1314 1166 1313
f 1146 1167 1147
f 1167 1146 1166
f 1124 1147 1125
f 1147 1124 1146
f 1071 1125 1072
f 1125 1071 1124
f 997 1072 998
f 1072 997 1071
f 900 998 901
f 998 900 997
f 856 901 857
f 901 856 900
f 834 857 835
f 857 834 856
f 828 835 829
f 835 828 834
f 786 829 787
f 829 786 828
f 731 787 732
f 787 731 786
f 666 731 732
f 731 666 665
f 572 665 666
f 665 572 571
f 489 571 572
f 571 489 488
f 412 416 415
f 416 412 413
f 412 497 496
f 497 412 415
f 496 603 602
f 603 496 497
f 602 690 689
f 690 602 603
f 689 778 777
f 778 689 690
f 777 827 826
f 827 777 778
f 826 837 836
f 837 826 827
f 886 837 887
f 837 886 836
f 1001 887 1002
f 887 1001 886
f 1114 1002 1115
f 1002 1114 1001
f 1168 1115 1169
f 1115 1168 1114
f 1384 1169 1385
f 1169 1384 1168
f 1448 1385 1449
f 1385 1448 1384
f 1516 1515 1498
f 1498 1449 1501
f 1448 1498 1515
f 1498 1448 1449
f 1549 1516 1550
f 1516 1549 1515
f 1583 1550 1584
f 1550 1583 1549
f 1644 1584 1645
f 1584 1644 1583
f 1654 1645 1655
f 1645 1654 1644
f 1663 1655 1664
f 1655 1663 1654
f 1668 1664 1669
f 1664 1668 1663
f 832 865 833
f 865 832 864
f 1665 1669 1666
f 1669 1665 1668
f 1657 1666 1658
f 1666 1657 1665
f 1651 1658 1652
f 1658 1651 1657
f 1641 1652 1642
f 1652 1641 1651
f 1572 1642 1573
f 1642 1572 1641
f 1542 1573 1543
f 1573 1542 1572
f 1478 1499 1502
f 1477 1499 1478
f 1542 1499 1477
f 1499 1542 1543
f 1431 1478 1432
f 1478 1431 1477
f 1365 1432 1366
f 1432 1365 1431
f 1152 1366 1153
f 1366 1152 1365
f 1083 1153 1084
f 1153 1083 1152
f 926 1084 927
f 1084 926 1083
f 864 927 865
f 927 864 926
f 2656 1823 2657
f 832 1823 2656
f 1823 832 1500
f 833 1500 832
f 1500 833 1503
f 2657 1823 1827
f 2657 2648 2656
f 2657 2626 2648
f 2657 2620 2626
f 2657 2618 2620
f 2657 2616 2618
f 2657 2612 2616
f 2657 2610 2612
f 2657 2608 2610
f 2657 2604 2608
f 2657 2596 2604
f 2657 2588 2596
f 2657 2547 2588
f 2657 2502 2547
f 1828 2502 2657
f 2502 1828 1824
f 2625 2656 2648
f 2619 2656 2625
f 2617 2656 2619
f 2615 2656 2617
f 2611 2656 2615
f 2609 2656 2611
f 2607 2656 2609
f 2603 2656 2607
f 2595 2656 2603
f 2587 2656 2595
f 2546 2656 2587
f 2488 2656 2546
f 1686 2656 2488
f 2656 1686 1667
f 1387 1381 1386
f 1387 1372 1381
f 1371 1372 1387
f 1372 1371 1370
f 1589 1587 1567
f 1587 1589 1588
f 1568 1567 1587
f 1567 1568 1566
f 1818 1816 1796
f 1816 1818 1817
f 1797 1796 1816
f 1796 1797 1795
f 1581 1582 1595
f 1582 1581 1580
f 1595 1582 1594
f 1447 1450 1469
f 1450 1447 1446
f 1467 1469 1450
f 1469 1467 1468
f 1371 1369 1370
f 1371 1346 1369
f 1345 1346 1371
f 1346 1345 1344
f 1321 1324 1320
f 1321 1335 1324
f 1337 1335 1321
f 1335 1337 1336
f 1417 1418 1416
f 1417 1433 1418
f 1437 1433 1417
f 1433 1437 1436
f 1867 1868 1887
f 1868 1867 1866
f 1885 1887 1868
f 1887 1885 1886
f 2031 2030 2029
f 2044 2030 2031
f 2046 2044 2045
f 2044 2046 2030
f 1887 1888 1903
f 1888 1887 1886
f 1901 1903 1888
f 1903 1901 1902
f 2083 2087 2086
f 2081 2087 2083
f 2080 2081 2079
f 2081 2080 2087
f 2000 2002 2001
f 1993 2002 2000
f 1992 1993 1991
f 1993 1992 2002
f 1990 1992 1991
f 1971 1992 1990
f 1970 1971 1969
f 1971 1970 1992
f 1758 1708 1703
f 1708 1758 1757
f 1704 1703 1708
f 1703 1704 1702
f 1559 1560 1581
f 1560 1559 1558
f 1571 1581 1560
f 1581 1571 1580
f 1533 1534 1559
f 1534 1533 1532
f 1557 1559 1534
f 1559 1557 1558
f 1429 1430 1447
f 1430 1429 1428
f 1445 1447 1430
f 1447 1445 1446
f 1179 1181 1178
f 1179 1184 1181
f 1186 1184 1179
f 1184 1186 1185
f 1202 1200 1201
f 1202 1193 1200
f 1192 1193 1202
f 1193 1192 1191
f 1345 1343 1344
f 1345 1330 1343
f 1329 1330 1345
f 1330 1329 1328
f 1329 1327 1328
f 1329 1310 1327
f 1309 1310 1329
f 1310 1309 1308
f 1689 1687 1676
f 1687 1689 1688
f 1677 1676 1687
f 1676 1677 1675
f 1660 1656 1648
f 1656 1660 1659
f 1649 1648 1656
f 1648 1649 1647
f 1475 1473 1461
f 1473 1475 1474
f 1464 1461 1473
f 1461 1464 1460
f 1186 1187 1185
f 1186 1194 1187
f 1196 1194 1186
f 1194 1196 1195
f 1196 1197 1195
f 1196 1301 1197
f 1303 1301 1196
f 1301 1303 1302
f 1375 1376 1374
f 1375 1397 1376
f 1399 1397 1375
f 1397 1399 1398
f 1399 1400 1398
f 1399 1415 1400
f 1417 1415 1399
f 1415 1417 1416
f 1461 1453 1437
f 1453 1461 1460
f 1438 1437 1453
f 1437 1438 1436
f 2075 2074 2073
f 2084 2074 2075
f 2087 2084 2086
f 2084 2087 2074
f 1997 1996 1995
f 2018 1996 1997
f 2020 2018 2019
f 2018 2020 1996
f 1910 1903 1902
f 1964 1903 1910
f 1966 1964 1965
f 1964 1966 1903
f 2068 2070 2069
f 2053 2070 2068
f 2052 2053 2051
f 2053 2052 2070
f 2034 2036 2035
f 2025 2036 2034
f 2024 2025 2023
f 2025 2024 2036
f 2078 2080 2079
f 2071 2080 2078
f 2070 2071 2069
f 2071 2070 2080
f 2022 2024 2023
f 2007 2024 2022
f 2002 2007 2001
f 2007 2002 2024
f 1968 1970 1969
f 1916 1970 1968
f 1915 1916 1914
f 1916 1915 1970
f 1776 1774 1758
f 1774 1776 1775
f 1759 1758 1774
f 1758 1759 1757
f 1697 1695 1689
f 1695 1697 1696
f 1690 1689 1695
f 1689 1690 1688
f 1913 1915 1914
f 1900 1915 1913
f 1897 1900 1896
f 1900 1897 1915
f 1897 1895 1875
f 1895 1897 1896
f 1882 1875 1895
f 1875 1882 1874
f 1495 1496 1533
f 1496 1495 1494
f 1523 1533 1496
f 1533 1523 1532
f 1469 1470 1495
f 1470 1469 1468
f 1493 1495 1470
f 1495 1493 1494
f 1429 1421 1428
f 1429 1404 1421
f 1403 1404 1429
f 1404 1403 1402
f 1403 1401 1402
f 1403 1388 1401
f 1387 1388 1403
f 1388 1387 1386
f 1192 1190 1191
f 1192 1182 1190
f 1179 1182 1192
f 1182 1179 1178
f 1309 1307 1308
f 1309 1292 1307
f 1202 1292 1309
f 1292 1202 1201
f 1676 1674 1660
f 1674 1676 1675
f 1661 1660 1674
f 1660 1661 1659
f 1648 1646 1589
f 1646 1648 1647
f 1638 1589 1646
f 1589 1638 1588
f 1567 1565 1545
f 1565 1567 1566
f 1546 1545 1565
f 1545 1546 1544
f 1521 1475 1510
f 1521 1519 1475
f 1519 1521 1520
f 1476 1475 1519
f 1475 1476 1474
f 1545 1541 1521
f 1541 1545 1544
f 1522 1521 1541
f 1521 1522 1520
f 1337 1340 1336
f 1337 1357 1340
f 1363 1357 1337
f 1357 1363 1362
f 1303 1304 1302
f 1303 1315 1304
f 1321 1315 1303
f 1315 1321 1320
f 1363 1364 1362
f 1363 1373 1364
f 1375 1373 1363
f 1373 1375 1374
f 1709 1764 1710
f 1762 1764 1709
f 1764 1762 1763
f 1764 1771 1784
f 1771 1764 1763
f 1782 1784 1771
f 1784 1782 1783
f 1843 1844 1867
f 1844 1843 1842
f 1865 1867 1844
f 1867 1865 1866
f 2065 2064 2063
f 2072 2064 2065
f 2074 2072 2073
f 2072 2074 2064
f 2021 2020 2019
f 2028 2020 2021
f 2030 2028 2029
f 2028 2030 2020
f 1985 1982 1981
f 1994 1982 1985
f 1996 1994 1995
f 1994 1996 1982
f 1967 1966 1965
f 1980 1966 1967
f 1982 1980 1981
f 1980 1982 1966
f 2050 2052 2051
f 2041 2052 2050
f 2036 2041 2035
f 2041 2036 2052
f 1703 1701 1697
f 1701 1703 1702
f 1698 1697 1701
f 1697 1698 1696
f 1796 1794 1776
f 1794 1796 1795
f 1777 1776 1794
f 1776 1777 1775
f 1875 1871 1861
f 1871 1875 1874
f 1862 1861 1871
f 1861 1862 1860
f 1784 1785 1806
f 1785 1784 1783
f 1804 1806 1785
f 1806 1804 1805
f 2047 2046 2045
f 2062 2046 2047
f 2064 2062 2063
f 2062 2064 2046
f 1861 1818 1836
f 1861 1859 1818
f 1859 1861 1860
f 1819 1818 1859
f 1818 1819 1817
f 1806 1815 1843
f 1815 1806 1805
f 1841 1843 1815
f 1843 1841 1842
f 2088 1911 2090
f 2088 1900 1911
f 2088 1896 1900
f 1889 1896 2088
f 1896 1889 1895
f 2006 2038 1884
f 1171 1406 1157
f 2040 2089 1890
f 2033 2160 2043
f 2160 2033 2158
f 1673 1679 1671
f 1333 1106 1085
f 2137 2132 1998
f 2186 2188 2077
f 1984 2004 1864
f 1556 1598 1597
f 1598 1556 1577
f 1650 1639 1578
f 1293 1061 1049
f 1410 1472 1383
f 1145 1396 1135
f 1031 1187 1188
f 1031 1184 1185
f 1187 1031 1185
f 1184 1031 1180
f 1180 1031 1029
f 1765 1707 1700
f 1691 1692 1682
f 1917 1857 1919
f 1857 1917 1820
f 2037 2005 1883
f 1786 1767 1705
f 1807 1788 1760
f 2108 2104 1972
f 2109 2119 1973
f 1848 1870 1799
f 1812 1846 1793
f 1789 1808 1761
f 1713 1787 1712
f 1787 1713 1768
f 1586 1597 1596
f 1554 1597 1586
f 1597 1554 1556
f 1527 1548 1492
f 1691 1688 1690
f 1682 1688 1691
f 1682 1687 1688
f 1681 1682 1680
f 1682 1681 1687
f 1517 1439 1413
f 1539 1489 1465
f 1360 1464 1471
f 1460 1451 1453
f 1464 1360 1460
f 1360 1451 1460
f 1451 1360 1358
f 1395 1144 1134
f 1367 1130 1116
f 1443 1436 1438
f 1174 1433 1436
f 1174 1436 1443
f 1433 1174 1419
f 1419 1174 1172
f 1405 1170 1156
f 1198 1195 1197
f 1041 1194 1195
f 1041 1198 1043
f 1198 1041 1195
f 1194 1041 1188
f 1061 1304 1311
f 1302 1293 1301
f 1061 1311 1063
f 1304 1061 1302
f 1302 1061 1293
f 1317 1444 1175
f 1319 1450 1446
f 1319 1445 1444
f 1450 1319 1452
f 1445 1319 1446
f 1319 1444 1317
f 1175 1430 1428
f 1420 1428 1421
f 1430 1175 1444
f 1420 1175 1428
f 1175 1420 1173
f 1171 1420 1406
f 1420 1171 1173
f 1076 1326 1312
f 1326 1076 1078
f 1040 1189 1032
f 1691 1693 1692
f 1693 1691 1694
f 1792 1847 1845
f 1847 1797 1798
f 1847 1795 1797
f 1847 1794 1795
f 1847 1792 1794
f 1891 1820 1893
f 1817 1820 1891
f 1820 1817 1819
f 1891 1816 1817
f 1816 1891 1798
f 2003 1883 2005
f 2003 1882 1883
f 2003 1874 1882
f 2003 1871 1874
f 1871 2003 1863
f 2037 1889 2039
f 1889 2037 1883
f 2088 2039 1889
f 1772 1811 1809
f 1811 1777 1792
f 1811 1775 1777
f 1811 1772 1775
f 1775 1772 1774
f 1706 1700 1707
f 1706 1698 1700
f 1706 1696 1698
f 1694 1696 1706
f 1696 1694 1695
f 1786 1760 1788
f 1757 1760 1786
f 1760 1757 1759
f 1786 1708 1757
f 1708 1786 1705
f 2102 2092 1962
f 2193 2082 2195
f 2193 2081 2082
f 2193 2079 2081
f 2193 2078 2079
f 2078 2193 2076
f 2042 2167 2165
f 2167 2053 2060
f 2167 2051 2053
f 2167 2050 2051
f 2167 2042 2050
f 2187 2185 2076
f 2188 2194 2077
f 2160 2166 2043
f 2073 2186 2077
f 2073 2077 2075
f 2072 2186 2073
f 2067 2186 2072
f 2186 2067 2184
f 2142 2154 2027
f 2093 2103 1963
f 1967 2105 1973
f 1965 2105 1967
f 1963 2105 1965
f 1963 1965 1964
f 2105 1963 2103
f 1912 2093 1963
f 2093 1912 2091
f 1912 2089 2091
f 1902 1912 1910
f 1912 1902 2089
f 1901 2089 1902
f 2089 1901 1890
f 1884 2004 2006
f 1868 2004 1884
f 1866 2004 1868
f 1864 1866 1865
f 1866 1864 2004
f 1858 1922 1864
f 1922 1858 1920
f 1793 1848 1799
f 1848 1793 1846
f 1714 1768 1713
f 1768 1714 1766
f 1712 1789 1761
f 1712 1761 1711
f 1789 1712 1787
f 1578 1649 1650
f 1578 1646 1647
f 1649 1578 1647
f 1646 1578 1643
f 1643 1578 1576
f 1913 1911 1900
f 1884 1885 1868
f 1421 1406 1420
f 1406 1421 1404
f 1443 1453 1451
f 1453 1443 1438
f 1444 1445 1430
f 1890 1901 1888
f 2044 2033 2043
f 2033 2044 2031
f 1701 1700 1698
f 1760 1774 1772
f 1774 1760 1759
f 2084 2077 2085
f 2077 2084 2075
f 1865 1858 1864
f 1858 1865 1844
f 1656 1650 1649
f 1198 1301 1293
f 1301 1198 1197
f 1396 1401 1388
f 1181 1184 1180
f 1194 1188 1187
f 1182 1189 1190
f 1189 1182 1183
f 1691 1695 1694
f 1695 1691 1690
f 1816 1798 1797
f 1883 1895 1889
f 1895 1883 1882
f 1794 1792 1777
f 1820 1859 1857
f 1859 1820 1819
f 1708 1705 1704
f 1968 1962 1916
f 2083 2082 2081
f 2078 2076 2071
f 2067 2072 2065
f 1964 1912 1963
f 1912 1964 1910
f 1470 1480 1493
f 1480 1470 1472
f 1518 1523 1496
f 1662 1674 1673
f 1674 1662 1661
f 1687 1681 1677
f 1415 1405 1400
f 1377 1397 1395
f 1397 1377 1376
f 1357 1349 1340
f 1452 1467 1450
f 1378 1381 1372
f 2061 2062 2047
f 1989 1994 1985
f 1973 1980 1967
f 1594 1586 1596
f 1586 1594 1582
f 1479 1519 1517
f 1519 1479 1476
f 1473 1471 1464
f 1433 1419 1418
f 1325 1335 1333
f 1335 1325 1324
f 1315 1311 1304
f 1369 1350 1368
f 1350 1369 1346
f 1334 1343 1330
f 1294 1307 1292
f 1199 1200 1193
f 1871 1863 1862
f 1972 1990 1988
f 1990 1972 1971
f 2050 2042 2041
f 2022 2014 2007
f 2026 2034 2032
f 2034 2026 2025
f 2060 2068 2066
f 2068 2060 2053
f 2018 1999 2015
f 1999 2018 1997
f 2027 2028 2021
f 1821 1841 1815
f 1773 1782 1771
f 1709 1761 1762
f 1761 1709 1711
f 1804 1793 1799
f 1793 1804 1785
f 1557 1540 1548
f 1540 1557 1534
f 1570 1571 1560
f 1569 1587 1585
f 1587 1569 1568
f 1565 1547 1546
f 1541 1539 1522
f 1373 1367 1364
f 1327 1312 1326
f 1312 1327 1310
f 2000 1998 1993
f 1646 1643 1638
f 1679 1681 1680
f 1679 1677 1681
f 1679 1675 1677
f 1679 1674 1675
f 1674 1679 1673
f 1413 1479 1517
f 1479 1413 1411
f 1471 1409 1382
f 1318 1443 1451
f 1443 1318 1316
f 1451 1358 1318
f 1154 1400 1405
f 1398 1395 1397
f 1154 1405 1156
f 1400 1154 1398
f 1398 1154 1395
f 1443 1316 1174
f 1106 1340 1349
f 1336 1333 1335
f 1106 1349 1108
f 1340 1106 1336
f 1336 1106 1333
f 1311 1075 1063
f 1293 1049 1045
f 1045 1198 1293
f 1198 1045 1043
f 1188 1041 1039
f 1188 1039 1031
f 1383 1472 1361
f 1468 1472 1470
f 1361 1467 1452
f 1468 1361 1472
f 1467 1361 1468
f 1361 1452 1359
f 1359 1452 1319
f 1131 1372 1370
f 1368 1370 1369
f 1372 1131 1378
f 1131 1370 1368
f 1378 1131 1133
f 1135 1388 1386
f 1135 1381 1378
f 1388 1135 1396
f 1381 1135 1386
f 1135 1378 1133
f 1117 1368 1111
f 1107 1334 1086
f 1076 1312 1064
f 1183 1032 1189
f 1032 1183 1030
f 1917 1893 1820
f 1857 1921 1919
f 1921 1862 1863
f 1921 1860 1862
f 1921 1859 1860
f 1921 1857 1859
f 2003 1983 1863
f 1845 1811 1792
f 1869 1847 1798
f 1891 1869 1798
f 1807 1772 1809
f 1772 1807 1760
f 1765 1705 1767
f 1765 1704 1705
f 1765 1702 1704
f 1765 1701 1702
f 1701 1765 1700
f 1694 1699 1693
f 1706 1699 1694
f 1962 2104 2102
f 2104 1969 1972
f 1972 1969 1971
f 2104 1968 1969
f 2104 1962 1968
f 1911 2092 2090
f 2092 1916 1962
f 2092 1914 1916
f 2092 1913 1914
f 2092 1911 1913
f 2132 2122 1998
f 2165 2159 2042
f 2086 2085 2196
f 2085 2086 2084
f 2196 2083 2086
f 2195 2083 2196
f 2083 2195 2082
f 2015 2138 2140
f 2138 2015 1999
f 2067 2182 2184
f 2065 2182 2067
f 2063 2182 2065
f 2062 2182 2063
f 2182 2062 2061
f 2123 2133 1999
f 2133 2138 1999
f 1995 2123 1999
f 1995 1999 1997
f 1994 2123 1995
f 1989 2123 1994
f 2123 1989 2121
f 1989 2119 2121
f 1985 2119 1989
f 1981 2119 1985
f 1980 2119 1981
f 2119 1980 1973
f 2105 2109 1973
f 1890 2038 2040
f 1888 2038 1890
f 1886 2038 1888
f 1885 2038 1886
f 2038 1885 1884
f 1922 1984 1864
f 1870 1892 1799
f 1894 1918 1821
f 1773 1808 1810
f 1771 1808 1773
f 1763 1808 1771
f 1762 1808 1763
f 1808 1762 1761
f 1715 1766 1714
f 1466 1540 1442
f 1554 1586 1531
f 1527 1560 1558
f 1548 1558 1557
f 1560 1527 1570
f 1527 1558 1548
f 1570 1527 1529
f 1643 1576 1555
f 1585 1553 1530
f 1662 1659 1661
f 1640 1656 1659
f 1640 1659 1662
f 1656 1640 1650
f 1650 1640 1639
f 1662 1653 1640
f 1670 1673 1671
f 1673 1670 1662
f 1662 1670 1653
f 1547 1526 1491
f 1569 1566 1568
f 1526 1565 1566
f 1526 1569 1528
f 1569 1526 1566
f 1565 1526 1547
f 1479 1474 1476
f 1409 1473 1474
f 1409 1479 1411
f 1479 1409 1474
f 1473 1409 1471
f 1471 1382 1360
f 1110 1364 1367
f 1110 1357 1362
f 1364 1110 1362
f 1357 1110 1349
f 1349 1110 1108
f 1367 1116 1110
f 1395 1154 1144
f 1170 1418 1419
f 1170 1415 1416
f 1170 1419 1172
f 1418 1170 1416
f 1415 1170 1405
f 1325 1320 1324
f 1075 1315 1320
f 1075 1325 1077
f 1325 1075 1320
f 1315 1075 1311
f 1333 1085 1079
f 1402 1406 1404
f 1155 1401 1396
f 1155 1406 1402
f 1401 1155 1402
f 1406 1155 1157
f 1155 1396 1145
f 1350 1111 1368
f 1111 1350 1109
f 1086 1334 1080
f 1080 1330 1328
f 1326 1328 1327
f 1330 1080 1334
f 1326 1080 1328
f 1080 1326 1078
f 1062 1294 1050
f 1050 1294 1046
f 1046 1292 1201
f 1046 1200 1199
f 1292 1046 1294
f 1200 1046 1201
f 1046 1199 1044
f 1178 1183 1182
f 1183 1178 1030
f 1181 1030 1178
f 1029 1181 1180
f 1181 1029 1030
f 1042 1193 1191
f 1189 1191 1190
f 1193 1042 1199
f 1042 1191 1189
f 1199 1042 1044
f 1042 1189 1040
f 1983 1921 1863
f 2118 1988 2120
f 1988 2118 1972
f 2118 2108 1972
f 2032 2159 2157
f 2159 2041 2042
f 2159 2035 2041
f 2159 2034 2035
f 2159 2032 2034
f 2014 2141 2139
f 2141 2023 2026
f 2026 2023 2025
f 2141 2022 2023
f 2141 2014 2022
f 2155 2032 2157
f 2032 2155 2026
f 2193 2187 2076
f 2181 2066 2183
f 2066 2181 2060
f 2066 2185 2183
f 2185 2071 2076
f 2185 2069 2071
f 2185 2066 2069
f 2069 2066 2068
f 2181 2179 2060
f 2179 2167 2060
f 2033 2156 2158
f 2031 2156 2033
f 2029 2156 2031
f 2028 2156 2029
f 2156 2028 2027
f 2154 2156 2027
f 2021 2142 2027
f 2019 2142 2021
f 2015 2142 2019
f 2015 2019 2018
f 2142 2015 2140
f 2085 2194 2196
f 2194 2085 2077
f 2180 2182 2061
f 1821 1892 1894
f 1815 1892 1821
f 1805 1892 1815
f 1799 1805 1804
f 1805 1799 1892
f 1783 1812 1793
f 1783 1793 1785
f 1782 1812 1783
f 1773 1812 1782
f 1812 1773 1810
f 1440 1518 1414
f 1532 1540 1534
f 1442 1523 1518
f 1532 1442 1540
f 1523 1442 1532
f 1442 1518 1440
f 1414 1496 1494
f 1480 1494 1493
f 1496 1414 1518
f 1480 1414 1494
f 1414 1480 1412
f 1410 1480 1472
f 1480 1410 1412
f 1490 1548 1540
f 1548 1490 1492
f 1490 1540 1466
f 1531 1582 1580
f 1531 1571 1570
f 1582 1531 1586
f 1571 1531 1580
f 1531 1570 1529
f 1600 1599 1579
f 1577 1599 1598
f 1599 1577 1579
f 1555 1638 1643
f 1588 1585 1587
f 1638 1555 1588
f 1555 1585 1588
f 1585 1555 1553
f 1489 1546 1547
f 1489 1541 1544
f 1489 1547 1491
f 1546 1489 1544
f 1541 1489 1539
f 1377 1374 1376
f 1130 1373 1374
f 1130 1377 1132
f 1377 1130 1374
f 1373 1130 1367
f 1134 1377 1395
f 1377 1134 1132
f 1079 1325 1333
f 1325 1079 1077
f 1131 1368 1117
f 1344 1350 1346
f 1107 1343 1334
f 1107 1350 1344
f 1343 1107 1344
f 1350 1107 1109
f 1308 1312 1310
f 1062 1307 1294
f 1062 1312 1308
f 1307 1062 1308
f 1312 1062 1064
f 1988 2122 2120
f 2122 1993 1998
f 2122 1991 1993
f 2122 1988 1991
f 1991 1988 1990
f 2137 2014 2139
f 2137 2007 2014
f 2137 2001 2007
f 2137 2000 2001
f 2000 2137 1998
f 2155 2153 2026
f 2153 2141 2026
f 2168 2180 2061
f 2047 2168 2061
f 2045 2168 2047
f 2043 2168 2045
f 2043 2045 2044
f 2168 2043 2166
f 1858 1918 1920
f 1844 1918 1858
f 1842 1918 1844
f 1841 1918 1842
f 1918 1841 1821
f 1530 1569 1585
f 1569 1530 1528
f 1441 1522 1539
f 1520 1517 1519
f 1522 1441 1520
f 1441 1517 1520
f 1517 1441 1439
f 1539 1465 1441
f 1595 1603 1604
f 1594 1603 1595
f 1602 1596 1601
f 1601 1599 1600
f 1601 1598 1599
f 1601 1597 1598
f 1601 1596 1597
f 1603 1594 1602
f 1602 1594 1596
f 1637 1635 1636
f 1637 1634 1635
f 1637 1632 1634
f 1637 1630 1632
f 1637 1628 1630
f 1637 1626 1628
f 1637 1624 1626
f 1603 1624 1637
f 1624 1603 1622
f 1622 1603 1620
f 1620 1603 1618
f 1606 1603 1605
f 1608 1603 1606
f 1610 1603 1608
f 1612 1603 1610
f 1614 1603 1612
f 1616 1603 1614
f 1618 1603 1616
f 1633 1636 1635
f 1631 1636 1633
f 1629 1636 1631
f 1627 1636 1629
f 1625 1636 1627
f 1623 1636 1625
f 1602 1623 1621
f 1602 1621 1619
f 1602 1619 1617
f 1602 1617 1615
f 1623 1602 1636
f 1613 1602 1615
f 1611 1602 1613
f 1609 1602 1611
f 1607 1602 1609
f 1605 1602 1607
f 1602 1605 1603
f 1711 1717 1716
f 1709 1717 1711
f 1714 1716 1715
f 1713 1716 1714
f 1712 1716 1713
f 1711 1716 1712
f 1717 1709 1718
f 1718 1709 1710
f 1718 1710 1719
f 1751 1750 1752
f 1751 1748 1750
f 1751 1746 1748
f 1751 1744 1746
f 1751 1742 1744
f 1751 1740 1742
f 1751 1738 1740
f 1717 1738 1751
f 1738 1717 1736
f 1736 1717 1734
f 1734 1717 1732
f 1720 1717 1721
f 1722 1717 1720
f 1724 1717 1722
f 1726 1717 1724
f 1728 1717 1726
f 1730 1717 1728
f 1732 1717 1730
f 1749 1752 1750
f 1747 1752 1749
f 1745 1752 1747
f 1743 1752 1745
f 1741 1752 1743
f 1739 1752 1741
f 1718 1739 1737
f 1718 1737 1735
f 1718 1735 1733
f 1718 1733 1731
f 1739 1718 1752
f 1729 1718 1731
f 1727 1718 1729
f 1725 1718 1727
f 1723 1718 1725
f 1721 1718 1723
f 1718 1721 1717
f 1272 1634 1271
f 1634 1272 1635
f 1750 1957 1749
f 1957 1750 1958
f 961 911 962
f 911 961 910
f 2270 2219 2271
f 2219 2270 2218
f 1605 1223 1606
f 1223 1605 1222
f 1924 1721 1925
f 1721 1924 1720
f 1270 1635 1272
f 1635 1270 1633
f 1748 1958 1750
f 1958 1748 1956
f 932 981 985
f 981 932 930
f 2232 2250 2234
f 2250 2232 2252
f 1246 1617 1619
f 1617 1246 1242
f 1734 1938 1940
f 1938 1734 1732
f 1255 1626 1624
f 1626 1255 1259
f 1739 1947 1945
f 1947 1739 1741
f 974 929 978
f 929 974 925
f 2229 2255 2257
f 2255 2229 2231
f 1235 1616 1614
f 1616 1235 1239
f 1729 1937 1935
f 1937 1729 1731
f 962 913 964
f 913 962 911
f 2219 2269 2271
f 2269 2219 2223
f 1606 1225 1608
f 1225 1606 1223
f 1925 1723 1929
f 1723 1925 1721
f 1269 1630 1265
f 1630 1269 1632
f 1747 1951 1745
f 1951 1747 1953
f 1259 1628 1626
f 1628 1259 1261
f 1741 1949 1947
f 1949 1741 1743
f 993 990 935
f 2240 2249 2237
f 1251 1624 1622
f 1624 1251 1255
f 1737 1945 1943
f 1945 1737 1739
f 982 933 986
f 933 982 931
f 2233 2251 2253
f 2251 2233 2235
f 1243 1620 1618
f 1620 1243 1247
f 1733 1941 1939
f 1941 1733 1735
f 2223 2267 2269
f 2267 2223 2225
f 964 915 968
f 915 964 913
f 1608 1229 1610
f 1229 1608 1225
f 1929 1725 1931
f 1725 1929 1723
f 1264 1631 1268
f 1631 1264 1629
f 1744 1952 1746
f 1952 1744 1950
f 1258 1623 1625
f 1623 1258 1254
f 1740 1944 1946
f 1944 1740 1738
f 934 985 989
f 985 934 932
f 2234 2248 2236
f 2248 2234 2250
f 1250 1619 1621
f 1619 1250 1246
f 1736 1940 1942
f 1940 1736 1734
f 930 977 981
f 977 930 928
f 2230 2252 2232
f 2252 2230 2254
f 1242 1615 1617
f 1615 1242 1238
f 1732 1936 1938
f 1936 1732 1730
f 916 967 969
f 967 916 914
f 2264 2224 2266
f 2224 2264 2226
f 1611 1228 1609
f 1228 1611 1230
f 1932 1724 1930
f 1724 1932 1726
f 1271 1632 1269
f 1632 1271 1634
f 1749 1953 1747
f 1953 1749 1957
f 1265 1628 1261
f 1628 1265 1630
f 1745 1949 1743
f 1949 1745 1951
f 986 935 990
f 935 986 933
f 2235 2249 2251
f 2249 2235 2237
f 1247 1622 1620
f 1622 1247 1251
f 1735 1943 1941
f 1943 1735 1737
f 978 931 982
f 931 978 929
f 2231 2253 2255
f 2253 2231 2233
f 1239 1618 1616
f 1618 1239 1243
f 1731 1939 1937
f 1939 1731 1733
f 970 925 974
f 925 970 917
f 2227 2257 2265
f 2257 2227 2229
f 1231 1614 1612
f 1614 1231 1235
f 1727 1935 1933
f 1935 1727 1729
f 2225 2265 2267
f 2265 2225 2227
f 968 917 970
f 917 968 915
f 1610 1231 1612
f 1231 1610 1229
f 1931 1727 1933
f 1727 1931 1725
f 989 992 934
f 2248 2239 2236
f 1254 1621 1623
f 1621 1254 1250
f 1738 1942 1944
f 1942 1738 1736
f 1260 1625 1627
f 1625 1260 1258
f 1742 1946 1948
f 1946 1742 1740
f 1260 1629 1264
f 1629 1260 1627
f 1742 1950 1744
f 1950 1742 1948
f 1268 1633 1270
f 1633 1268 1631
f 1746 1956 1748
f 1956 1746 1952
f 2228 2254 2230
f 2254 2228 2256
f 928 973 977
f 973 928 924
f 1238 1613 1615
f 1613 1238 1234
f 1730 1934 1936
f 1934 1730 1728
f 2268 2218 2270
f 2218 2268 2222
f 912 961 963
f 961 912 910
f 1607 1222 1605
f 1222 1607 1224
f 1928 1720 1924
f 1720 1928 1722
f 2266 2222 2268
f 2222 2266 2224
f 914 963 967
f 963 914 912
f 1609 1224 1607
f 1224 1609 1228
f 1930 1722 1928
f 1722 1930 1724
f 2226 2256 2228
f 2256 2226 2264
f 924 969 973
f 969 924 916
f 1234 1611 1613
f 1611 1234 1230
f 1728 1932 1934
f 1932 1728 1726
f 1105 1290 1104
f 1290 1105 1291
f 994 990 993
f 988 990 994
f 988 986 990
f 984 986 988
f 980 986 984
f 986 980 982
f 976 982 980
f 972 982 976
f 982 972 978
f 966 978 972
f 960 978 966
f 978 960 974
f 958 974 960
f 974 958 970
f 956 970 958
f 970 954 968
f 954 970 956
f 989 991 992
f 989 987 991
f 985 987 989
f 985 983 987
f 979 985 981
f 985 979 983
f 971 981 977
f 981 975 979
f 959 977 973
f 981 971 975
f 957 973 969
f 953 969 967
f 977 965 971
f 949 967 963
f 945 963 961
f 977 959 965
f 952 968 954
f 950 968 952
f 973 957 959
f 968 950 964
f 969 955 957
f 948 964 950
f 969 953 955
f 946 964 948
f 967 951 953
f 964 946 962
f 967 949 951
f 944 962 946
f 963 947 949
f 942 962 944
f 963 945 947
f 962 942 961
f 961 943 945
f 961 942 943
f 1274 1038 1276
f 1274 1035 1038
f 1035 1274 1028
f 966 1233 1227
f 1233 966 972
f 1207 948 1209
f 948 1207 946
f 1097 1284 1082
f 1100 1284 1097
f 1284 1100 1286
f 1257 1008 1263
f 1257 1005 1008
f 1005 1257 1000
f 984 1249 1245
f 1249 984 988
f 1204 942 1203
f 942 1204 943
f 976 1241 1237
f 1241 976 980
f 1289 1105 1103
f 1105 1289 1291
f 1007 1256 1262
f 1004 1256 1007
f 1256 1004 999
f 987 1244 1248
f 1244 987 983
f 1206 943 1204
f 943 1206 945
f 1104 1288 1102
f 1288 1104 1290
f 1102 1286 1100
f 1286 1102 1288
f 1069 1280 1066
f 1074 1280 1069
f 1280 1074 1282
f 1082 1282 1074
f 1282 1082 1284
f 1276 1048 1278
f 1048 1276 1038
f 1267 1028 1274
f 1267 1025 1028
f 1025 1267 1014
f 1253 1000 1257
f 1000 1253 996
f 1249 996 1253
f 994 1249 988
f 1249 994 996
f 1205 946 1207
f 946 1205 944
f 1203 944 1205
f 944 1203 942
f 1211 952 1213
f 952 1211 950
f 1213 954 1215
f 954 1213 952
f 980 1245 1241
f 1245 980 984
f 958 1221 1219
f 1221 958 960
f 960 1227 1221
f 1227 960 966
f 1215 956 1217
f 956 1215 954
f 1285 1101 1099
f 1101 1285 1287
f 995 1248 1252
f 991 1248 995
f 1248 991 987
f 1013 1262 1266
f 1010 1262 1013
f 1262 1010 1007
f 1277 1065 1052
f 1277 1052 1047
f 1065 1277 1279
f 979 1236 1240
f 1236 979 975
f 959 1218 1220
f 1218 959 957
f 1212 949 1210
f 949 1212 951
f 1053 1278 1048
f 1066 1278 1053
f 1278 1066 1280
f 1263 1014 1267
f 1263 1011 1014
f 1011 1263 1008
f 1272 1291 1289
f 1270 1289 1287
f 1291 1272 1290
f 1270 1287 1285
f 1271 1290 1272
f 1268 1285 1283
f 1290 1271 1288
f 1268 1283 1281
f 1288 1271 1286
f 1264 1281 1279
f 1269 1286 1271
f 1264 1279 1277
f 1286 1269 1284
f 1260 1277 1275
f 1284 1269 1282
f 1258 1275 1273
f 1265 1282 1269
f 1282 1265 1280
f 1289 1270 1272
f 1285 1268 1270
f 1258 1273 1266
f 1281 1264 1268
f 1254 1266 1262
f 1277 1260 1264
f 1275 1258 1260
f 1254 1262 1256
f 1266 1254 1258
f 1250 1256 1252
f 1256 1250 1254
f 1248 1250 1252
f 1248 1246 1250
f 1244 1246 1248
f 1240 1246 1244
f 1246 1240 1242
f 1236 1242 1240
f 1232 1242 1236
f 1242 1232 1238
f 1226 1238 1232
f 1220 1238 1226
f 1238 1220 1234
f 1218 1234 1220
f 1234 1218 1230
f 1216 1230 1218
f 1230 1214 1228
f 1214 1230 1216
f 1280 1265 1278
f 1261 1278 1265
f 1278 1261 1276
f 1259 1276 1261
f 1276 1259 1274
f 1274 1259 1267
f 1255 1267 1259
f 1267 1255 1263
f 1263 1255 1257
f 1251 1257 1255
f 1257 1251 1253
f 1251 1249 1253
f 1247 1249 1251
f 1247 1245 1249
f 1241 1247 1243
f 1247 1241 1245
f 1233 1243 1239
f 1243 1237 1241
f 1221 1239 1235
f 1243 1233 1237
f 1219 1235 1231
f 1215 1231 1229
f 1239 1227 1233
f 1211 1229 1225
f 1207 1225 1223
f 1239 1221 1227
f 1212 1228 1214
f 1210 1228 1212
f 1235 1219 1221
f 1228 1210 1224
f 1231 1217 1219
f 1208 1224 1210
f 1231 1215 1217
f 1206 1224 1208
f 1229 1213 1215
f 1224 1206 1222
f 1229 1211 1213
f 1204 1222 1206
f 1225 1209 1211
f 1203 1222 1204
f 1225 1207 1209
f 1222 1203 1223
f 1223 1205 1207
f 1223 1203 1205
f 1209 950 1211
f 950 1209 948
f 972 1237 1233
f 1237 972 976
f 956 1219 1217
f 1219 956 958
f 1287 1103 1101
f 1103 1287 1289
f 999 1252 1256
f 1252 999 995
f 1037 1273 1275
f 1034 1273 1037
f 1273 1034 1027
f 1047 1275 1277
f 1275 1047 1037
f 1027 1266 1273
f 1024 1266 1027
f 1266 1024 1013
f 1281 1081 1073
f 1081 1281 1283
f 1283 1099 1096
f 1283 1096 1081
f 1099 1283 1285
f 1279 1073 1068
f 1279 1068 1065
f 1073 1279 1281
f 983 1240 1244
f 1240 983 979
f 971 1226 1232
f 1226 971 965
f 975 1232 1236
f 1232 975 971
f 965 1220 1226
f 1220 965 959
f 1208 945 1206
f 945 1208 947
f 1210 947 1208
f 947 1210 949
f 1214 951 1212
f 951 1214 953
f 1216 953 1214
f 953 1216 955
f 957 1216 1218
f 1216 957 955
f 1955 2199 2208
f 1955 2191 2199
f 1955 2177 2191
f 1955 2163 2177
f 1959 2163 1955
f 2163 1959 2145
f 2145 1959 2136
f 1927 2241 2221
f 1955 2241 1927
f 2241 1955 2215
f 2215 1955 2211
f 2211 1955 2208
f 2217 1927 2221
f 1927 2217 1923
f 2238 2236 2239
f 2238 2234 2236
f 2238 2232 2234
f 2220 2232 2238
f 2232 2220 2230
f 2230 2220 2228
f 2228 2220 2226
f 2220 2224 2226
f 2217 2224 2220
f 2224 2217 2222
f 2218 2217 2219
f 2222 2217 2218
f 2237 2241 2240
f 2235 2241 2237
f 2233 2241 2235
f 2221 2233 2231
f 2221 2231 2229
f 2221 2229 2227
f 2233 2221 2241
f 2225 2221 2227
f 2217 2225 2223
f 2217 2223 2219
f 2225 2217 2221
f 2220 1923 2217
f 1923 2220 1926
f 1959 1957 1958
f 1951 1959 1955
f 1959 1953 1957
f 1959 1951 1953
f 1955 1949 1951
f 1955 1947 1949
f 1955 1945 1947
f 1955 1943 1945
f 1955 1941 1943
f 1927 1941 1955
f 1941 1927 1939
f 1939 1927 1937
f 1927 1935 1937
f 1927 1933 1935
f 1927 1931 1933
f 1923 1931 1927
f 1931 1923 1929
f 1925 1923 1924
f 1929 1923 1925
f 1956 1959 1958
f 1952 1959 1956
f 1950 1959 1952
f 1959 1950 1954
f 1948 1954 1950
f 1946 1954 1948
f 1944 1954 1946
f 1942 1954 1944
f 1940 1954 1942
f 1926 1940 1938
f 1926 1938 1936
f 1940 1926 1954
f 1934 1926 1936
f 1932 1926 1934
f 1930 1926 1932
f 1923 1930 1928
f 1923 1928 1924
f 1930 1923 1926
f 1954 2238 2214
f 1954 2214 2210
f 1954 2210 2207
f 2238 1954 1926
f 2238 1926 2220
f 1959 2144 2136
f 1959 2162 2144
f 1954 2162 1959
f 2162 1954 2176
f 2176 1954 2190
f 2190 1954 2198
f 2198 1954 2207
