solid OpenSCAD_Model
  facet normal 0.471397 -0.881921 0
    outer loop
      vertex 6.32687 -2.69062 0
      vertex 6.5 -2.59808 30
      vertex 6.32687 -2.69062 30
    endloop
  endfacet
  facet normal 0.471397 -0.881921 0
    outer loop
      vertex 6.5 -2.59808 30
      vertex 6.32687 -2.69062 0
      vertex 6.5 -2.59808 0
    endloop
  endfacet
  facet normal -0.849195 -0.528079 0
    outer loop
      vertex -7.49441 -1.66671 0
      vertex -7.59808 -1.5 30
      vertex -7.59808 -1.5 0
    endloop
  endfacet
  facet normal -0.849195 -0.528079 0
    outer loop
      vertex -7.59808 -1.5 30
      vertex -7.49441 -1.66671 0
      vertex -7.49441 -1.66671 30
    endloop
  endfacet
  facet normal 0.352245 -0.935908 0
    outer loop
      vertex 5.96432 -2.84079 0
      vertex 6.14805 -2.77164 30
      vertex 5.96432 -2.84079 30
    endloop
  endfacet
  facet normal 0.352245 -0.935908 0
    outer loop
      vertex 6.14805 -2.77164 30
      vertex 5.96432 -2.84079 0
      vertex 6.14805 -2.77164 0
    endloop
  endfacet
  facet normal -0.95691 0.290385 0
    outer loop
      vertex -7.89778 16.7765 0
      vertex -7.84079 16.9643 13.4
      vertex -7.84079 16.9643 0
    endloop
  endfacet
  facet normal -0.95691 0.290385 0
    outer loop
      vertex -7.84079 16.9643 13.4
      vertex -7.89778 16.7765 0
      vertex -7.89778 16.7765 13.4
    endloop
  endfacet
  facet normal -0.95691 0.290385 0
    outer loop
      vertex -7.89778 16.7765 16.6
      vertex -7.84079 16.9643 30
      vertex -7.84079 16.9643 16.6
    endloop
  endfacet
  facet normal -0.95691 0.290385 0
    outer loop
      vertex -7.84079 16.9643 30
      vertex -7.89778 16.7765 16.6
      vertex -7.89778 16.7765 30
    endloop
  endfacet
  facet normal 0.910868 -0.412697 0
    outer loop
      vertex 7.69062 -1.32687 30
      vertex 7.77164 -1.14805 0
      vertex 7.77164 -1.14805 30
    endloop
  endfacet
  facet normal 0.910868 -0.412697 0
    outer loop
      vertex 7.77164 -1.14805 0
      vertex 7.69062 -1.32687 30
      vertex 7.69062 -1.32687 0
    endloop
  endfacet
  facet normal -0.995181 -0.0980567 0
    outer loop
      vertex -7.97433 -0.391578 0
      vertex -7.99358 -0.196209 30
      vertex -7.99358 -0.196209 0
    endloop
  endfacet
  facet normal -0.995181 -0.0980567 0
    outer loop
      vertex -7.99358 -0.196209 30
      vertex -7.97433 -0.391578 0
      vertex -7.97433 -0.391578 30
    endloop
  endfacet
  facet normal -0.412697 -0.910868 0
    outer loop
      vertex -6.32687 -2.69062 0
      vertex -6.14805 -2.77164 30
      vertex -6.32687 -2.69062 30
    endloop
  endfacet
  facet normal -0.412697 -0.910868 -0
    outer loop
      vertex -6.14805 -2.77164 30
      vertex -6.32687 -2.69062 0
      vertex -6.14805 -2.77164 0
    endloop
  endfacet
  facet normal 0.986652 0.162846 0
    outer loop
      vertex 7.97433 16.3916 13.4
      vertex 7.94236 16.5853 0
      vertex 7.94236 16.5853 13.4
    endloop
  endfacet
  facet normal 0.986652 0.162846 0
    outer loop
      vertex 7.94236 16.5853 0
      vertex 7.97433 16.3916 13.4
      vertex 7.97433 16.3916 0
    endloop
  endfacet
  facet normal 0.986652 0.162846 0
    outer loop
      vertex 7.97433 16.3916 30
      vertex 7.94236 16.5853 16.6
      vertex 7.94236 16.5853 30
    endloop
  endfacet
  facet normal 0.986652 0.162846 0
    outer loop
      vertex 7.94236 16.5853 16.6
      vertex 7.97433 16.3916 30
      vertex 7.97433 16.3916 16.6
    endloop
  endfacet
  facet normal -0.634374 -0.773026 0
    outer loop
      vertex -6.97804 -2.25552 0
      vertex -6.82628 -2.38006 30
      vertex -6.97804 -2.25552 30
    endloop
  endfacet
  facet normal -0.634374 -0.773026 -0
    outer loop
      vertex -6.82628 -2.38006 30
      vertex -6.97804 -2.25552 0
      vertex -6.82628 -2.38006 0
    endloop
  endfacet
  facet normal -0.986652 0.162846 0
    outer loop
      vertex -7.97433 16.3916 0
      vertex -7.94236 16.5853 13.4
      vertex -7.94236 16.5853 0
    endloop
  endfacet
  facet normal -0.986652 0.162846 0
    outer loop
      vertex -7.94236 16.5853 13.4
      vertex -7.97433 16.3916 0
      vertex -7.97433 16.3916 13.4
    endloop
  endfacet
  facet normal -0.986652 0.162846 0
    outer loop
      vertex -7.97433 16.3916 16.6
      vertex -7.94236 16.5853 30
      vertex -7.94236 16.5853 16.6
    endloop
  endfacet
  facet normal -0.986652 0.162846 0
    outer loop
      vertex -7.94236 16.5853 30
      vertex -7.97433 16.3916 16.6
      vertex -7.97433 16.3916 30
    endloop
  endfacet
  facet normal 0.162854 -0.98665 0
    outer loop
      vertex 5.39158 -2.97433 0
      vertex 5.58527 -2.94236 30
      vertex 5.39158 -2.97433 30
    endloop
  endfacet
  facet normal 0.162854 -0.98665 0
    outer loop
      vertex 5.58527 -2.94236 30
      vertex 5.39158 -2.97433 0
      vertex 5.58527 -2.94236 0
    endloop
  endfacet
  facet normal -0.683602 -0.729855 0
    outer loop
      vertex -7.12132 -2.12132 0
      vertex -6.97804 -2.25552 30
      vertex -7.12132 -2.12132 30
    endloop
  endfacet
  facet normal -0.683602 -0.729855 -0
    outer loop
      vertex -6.97804 -2.25552 30
      vertex -7.12132 -2.12132 0
      vertex -6.97804 -2.25552 0
    endloop
  endfacet
  facet normal 0.162507 0.986707 -0
    outer loop
      vertex 5.58527 18.9424 0
      vertex 5.39158 18.9743 13.4
      vertex 5.58527 18.9424 13.4
    endloop
  endfacet
  facet normal 0.162507 0.986707 0
    outer loop
      vertex 5.39158 18.9743 13.4
      vertex 5.58527 18.9424 0
      vertex 5.39158 18.9743 0
    endloop
  endfacet
  facet normal 0.162507 0.986707 -0
    outer loop
      vertex 5.58527 18.9424 16.6
      vertex 5.39158 18.9743 30
      vertex 5.58527 18.9424 30
    endloop
  endfacet
  facet normal 0.162507 0.986707 0
    outer loop
      vertex 5.39158 18.9743 30
      vertex 5.58527 18.9424 16.6
      vertex 5.39158 18.9743 16.6
    endloop
  endfacet
  facet normal 0.0327025 -0.999465 0
    outer loop
      vertex 5 -3 0
      vertex 5.19621 -2.99358 30
      vertex 5 -3 30
    endloop
  endfacet
  facet normal 0.0327025 -0.999465 0
    outer loop
      vertex 5.19621 -2.99358 30
      vertex 5 -3 0
      vertex 5.19621 -2.99358 0
    endloop
  endfacet
  facet normal -0.999465 0.0327042 0
    outer loop
      vertex -8 16 0
      vertex -7.99358 16.1962 13.4
      vertex -7.99358 16.1962 0
    endloop
  endfacet
  facet normal -0.999465 0.0327042 0
    outer loop
      vertex -7.99358 16.1962 13.4
      vertex -8 16 0
      vertex -8 16 13.4
    endloop
  endfacet
  facet normal -0.999465 0.0327042 0
    outer loop
      vertex -8 16 16.6
      vertex -7.99358 16.1962 30
      vertex -7.99358 16.1962 16.6
    endloop
  endfacet
  facet normal -0.999465 0.0327042 0
    outer loop
      vertex -7.99358 16.1962 30
      vertex -8 16 16.6
      vertex -8 16 30
    endloop
  endfacet
  facet normal 0.528189 0.849127 -0
    outer loop
      vertex 6.66671 18.4944 0
      vertex 6.5 18.5981 13.4
      vertex 6.66671 18.4944 13.4
    endloop
  endfacet
  facet normal 0.528189 0.849127 0
    outer loop
      vertex 6.5 18.5981 13.4
      vertex 6.66671 18.4944 0
      vertex 6.5 18.5981 0
    endloop
  endfacet
  facet normal 0.528189 0.849127 -0
    outer loop
      vertex 6.66671 18.4944 16.6
      vertex 6.5 18.5981 30
      vertex 6.66671 18.4944 30
    endloop
  endfacet
  facet normal 0.528189 0.849127 0
    outer loop
      vertex 6.5 18.5981 30
      vertex 6.66671 18.4944 16.6
      vertex 6.5 18.5981 16.6
    endloop
  endfacet
  facet normal -0.0327025 -0.999465 0
    outer loop
      vertex -5.19621 -2.99358 0
      vertex -5 -3 30
      vertex -5.19621 -2.99358 30
    endloop
  endfacet
  facet normal -0.0327025 -0.999465 -0
    outer loop
      vertex -5 -3 30
      vertex -5.19621 -2.99358 0
      vertex -5 -3 0
    endloop
  endfacet
  facet normal 0 -1 0
    outer loop
      vertex -5 -3 0
      vertex 5 -3 30
      vertex -5 -3 30
    endloop
  endfacet
  facet normal 0 -1 -0
    outer loop
      vertex 5 -3 30
      vertex -5 -3 0
      vertex 5 -3 0
    endloop
  endfacet
  facet normal 0.986651 -0.162852 0
    outer loop
      vertex 7.94236 -0.585271 30
      vertex 7.97433 -0.391578 0
      vertex 7.97433 -0.391578 30
    endloop
  endfacet
  facet normal 0.986651 -0.162852 0
    outer loop
      vertex 7.97433 -0.391578 0
      vertex 7.94236 -0.585271 30
      vertex 7.94236 -0.585271 0
    endloop
  endfacet
  facet normal -0.0983084 0.995156 0
    outer loop
      vertex -5.19621 18.9936 0
      vertex -5.39158 18.9743 13.4
      vertex -5.19621 18.9936 13.4
    endloop
  endfacet
  facet normal -0.0983084 0.995156 0
    outer loop
      vertex -5.39158 18.9743 13.4
      vertex -5.19621 18.9936 0
      vertex -5.39158 18.9743 0
    endloop
  endfacet
  facet normal -0.0983084 0.995156 0
    outer loop
      vertex -5.19621 18.9936 16.6
      vertex -5.39158 18.9743 30
      vertex -5.19621 18.9936 30
    endloop
  endfacet
  facet normal -0.0983084 0.995156 0
    outer loop
      vertex -5.39158 18.9743 30
      vertex -5.19621 18.9936 16.6
      vertex -5.39158 18.9743 16.6
    endloop
  endfacet
  facet normal 0.995181 -0.0980567 0
    outer loop
      vertex 7.97433 -0.391578 30
      vertex 7.99358 -0.196209 0
      vertex 7.99358 -0.196209 30
    endloop
  endfacet
  facet normal 0.995181 -0.0980567 0
    outer loop
      vertex 7.99358 -0.196209 0
      vertex 7.97433 -0.391578 30
      vertex 7.97433 -0.391578 0
    endloop
  endfacet
  facet normal 0.956936 -0.290299 0
    outer loop
      vertex 7.84079 -0.964318 30
      vertex 7.89778 -0.776457 0
      vertex 7.89778 -0.776457 30
    endloop
  endfacet
  facet normal 0.956936 -0.290299 0
    outer loop
      vertex 7.89778 -0.776457 0
      vertex 7.84079 -0.964318 30
      vertex 7.84079 -0.964318 0
    endloop
  endfacet
  facet normal 0.352468 0.935824 -0
    outer loop
      vertex 6.14805 18.7716 0
      vertex 5.96432 18.8408 13.4
      vertex 6.14805 18.7716 13.4
    endloop
  endfacet
  facet normal 0.352468 0.935824 0
    outer loop
      vertex 5.96432 18.8408 13.4
      vertex 6.14805 18.7716 0
      vertex 5.96432 18.8408 0
    endloop
  endfacet
  facet normal 0.352468 0.935824 -0
    outer loop
      vertex 6.14805 18.7716 16.6
      vertex 5.96432 18.8408 30
      vertex 6.14805 18.7716 30
    endloop
  endfacet
  facet normal 0.352468 0.935824 0
    outer loop
      vertex 5.96432 18.8408 30
      vertex 6.14805 18.7716 16.6
      vertex 5.96432 18.8408 16.6
    endloop
  endfacet
  facet normal 0.812889 0.582418 0
    outer loop
      vertex 7.49441 17.6667 13.4
      vertex 7.38006 17.8263 0
      vertex 7.38006 17.8263 13.4
    endloop
  endfacet
  facet normal 0.812889 0.582418 0
    outer loop
      vertex 7.38006 17.8263 0
      vertex 7.49441 17.6667 13.4
      vertex 7.49441 17.6667 0
    endloop
  endfacet
  facet normal 0.812889 0.582418 0
    outer loop
      vertex 7.49441 17.6667 30
      vertex 7.38006 17.8263 16.6
      vertex 7.38006 17.8263 30
    endloop
  endfacet
  facet normal 0.812889 0.582418 0
    outer loop
      vertex 7.38006 17.8263 16.6
      vertex 7.49441 17.6667 30
      vertex 7.49441 17.6667 16.6
    endloop
  endfacet
  facet normal -0.973875 -0.227084 0
    outer loop
      vertex -7.89778 -0.776457 0
      vertex -7.94236 -0.585271 30
      vertex -7.94236 -0.585271 0
    endloop
  endfacet
  facet normal -0.973875 -0.227084 0
    outer loop
      vertex -7.94236 -0.585271 30
      vertex -7.89778 -0.776457 0
      vertex -7.89778 -0.776457 30
    endloop
  endfacet
  facet normal 0.471239 0.882006 -0
    outer loop
      vertex 6.5 18.5981 0
      vertex 6.32687 18.6906 13.4
      vertex 6.5 18.5981 13.4
    endloop
  endfacet
  facet normal 0.471239 0.882006 0
    outer loop
      vertex 6.32687 18.6906 13.4
      vertex 6.5 18.5981 0
      vertex 6.32687 18.6906 0
    endloop
  endfacet
  facet normal 0.471239 0.882006 -0
    outer loop
      vertex 6.5 18.5981 16.6
      vertex 6.32687 18.6906 30
      vertex 6.5 18.5981 30
    endloop
  endfacet
  facet normal 0.471239 0.882006 0
    outer loop
      vertex 6.32687 18.6906 30
      vertex 6.5 18.5981 16.6
      vertex 6.32687 18.6906 16.6
    endloop
  endfacet
  facet normal -0.471239 0.882006 0
    outer loop
      vertex -6.32687 18.6906 16.6
      vertex -6.5 18.5981 30
      vertex -6.32687 18.6906 30
    endloop
  endfacet
  facet normal -0.471239 0.882006 0
    outer loop
      vertex -6.5 18.5981 30
      vertex -6.32687 18.6906 16.6
      vertex -6.5 18.5981 16.6
    endloop
  endfacet
  facet normal -0.471239 0.882006 0
    outer loop
      vertex -6.32687 18.6906 0
      vertex -6.5 18.5981 13.4
      vertex -6.32687 18.6906 13.4
    endloop
  endfacet
  facet normal -0.471239 0.882006 0
    outer loop
      vertex -6.5 18.5981 13.4
      vertex -6.32687 18.6906 0
      vertex -6.5 18.5981 0
    endloop
  endfacet
  facet normal 0.2903 -0.956936 0
    outer loop
      vertex 5.77646 -2.89778 0
      vertex 5.96432 -2.84079 30
      vertex 5.77646 -2.89778 30
    endloop
  endfacet
  facet normal 0.2903 -0.956936 0
    outer loop
      vertex 5.96432 -2.84079 30
      vertex 5.77646 -2.89778 0
      vertex 5.96432 -2.84079 0
    endloop
  endfacet
  facet normal -0.986651 -0.162852 0
    outer loop
      vertex -7.94236 -0.585271 0
      vertex -7.97433 -0.391578 30
      vertex -7.97433 -0.391578 0
    endloop
  endfacet
  facet normal -0.986651 -0.162852 0
    outer loop
      vertex -7.97433 -0.391578 30
      vertex -7.94236 -0.585271 0
      vertex -7.94236 -0.585271 30
    endloop
  endfacet
  facet normal 0.999465 0.0327042 0
    outer loop
      vertex 8 16 13.4
      vertex 7.99358 16.1962 0
      vertex 7.99358 16.1962 13.4
    endloop
  endfacet
  facet normal 0.999465 0.0327042 0
    outer loop
      vertex 7.99358 16.1962 0
      vertex 8 16 13.4
      vertex 8 16 0
    endloop
  endfacet
  facet normal 0.999465 0.0327042 0
    outer loop
      vertex 8 16 30
      vertex 7.99358 16.1962 16.6
      vertex 7.99358 16.1962 30
    endloop
  endfacet
  facet normal 0.999465 0.0327042 0
    outer loop
      vertex 7.99358 16.1962 16.6
      vertex 8 16 30
      vertex 8 16 16.6
    endloop
  endfacet
  facet normal 0.935909 -0.352242 0
    outer loop
      vertex 7.77164 -1.14805 30
      vertex 7.84079 -0.964318 0
      vertex 7.84079 -0.964318 30
    endloop
  endfacet
  facet normal 0.935909 -0.352242 0
    outer loop
      vertex 7.84079 -0.964318 0
      vertex 7.77164 -1.14805 30
      vertex 7.77164 -1.14805 0
    endloop
  endfacet
  facet normal -0.352245 -0.935908 0
    outer loop
      vertex -6.14805 -2.77164 0
      vertex -5.96432 -2.84079 30
      vertex -6.14805 -2.77164 30
    endloop
  endfacet
  facet normal -0.352245 -0.935908 -0
    outer loop
      vertex -5.96432 -2.84079 30
      vertex -6.14805 -2.77164 0
      vertex -5.96432 -2.84079 0
    endloop
  endfacet
  facet normal -0.0980562 -0.995181 0
    outer loop
      vertex -5.39158 -2.97433 0
      vertex -5.19621 -2.99358 30
      vertex -5.39158 -2.97433 30
    endloop
  endfacet
  facet normal -0.0980562 -0.995181 -0
    outer loop
      vertex -5.19621 -2.99358 30
      vertex -5.39158 -2.97433 0
      vertex -5.19621 -2.99358 0
    endloop
  endfacet
  facet normal 0.683602 -0.729855 0
    outer loop
      vertex 6.97804 -2.25552 0
      vertex 7.12132 -2.12132 30
      vertex 6.97804 -2.25552 30
    endloop
  endfacet
  facet normal 0.683602 -0.729855 0
    outer loop
      vertex 7.12132 -2.12132 30
      vertex 6.97804 -2.25552 0
      vertex 7.12132 -2.12132 0
    endloop
  endfacet
  facet normal 0.729855 -0.683602 0
    outer loop
      vertex 7.12132 -2.12132 30
      vertex 7.25552 -1.97804 0
      vertex 7.25552 -1.97804 30
    endloop
  endfacet
  facet normal 0.729855 -0.683602 0
    outer loop
      vertex 7.25552 -1.97804 0
      vertex 7.12132 -2.12132 30
      vertex 7.12132 -2.12132 0
    endloop
  endfacet
  facet normal -0.910938 0.412544 0
    outer loop
      vertex -7.77164 17.148 16.6
      vertex -7.69062 17.3269 30
      vertex -7.69062 17.3269 16.6
    endloop
  endfacet
  facet normal -0.910938 0.412544 0
    outer loop
      vertex -7.69062 17.3269 30
      vertex -7.77164 17.148 16.6
      vertex -7.77164 17.148 30
    endloop
  endfacet
  facet normal -0.910938 0.412544 0
    outer loop
      vertex -7.77164 17.148 0
      vertex -7.69062 17.3269 13.4
      vertex -7.69062 17.3269 0
    endloop
  endfacet
  facet normal -0.910938 0.412544 0
    outer loop
      vertex -7.69062 17.3269 13.4
      vertex -7.77164 17.148 0
      vertex -7.77164 17.148 13.4
    endloop
  endfacet
  facet normal 1 0 0
    outer loop
      vertex 8 16 30
      vertex 8 8 16.6
      vertex 8 16 16.6
    endloop
  endfacet
  facet normal 1 0 0
    outer loop
      vertex 8 0 0
      vertex 8 8 13.4
      vertex 8 8 16.6
    endloop
  endfacet
  facet normal 1 -0 0
    outer loop
      vertex 8 0 30
      vertex 8 8 16.6
      vertex 8 16 30
    endloop
  endfacet
  facet normal 1 0 0
    outer loop
      vertex 8 0 0
      vertex 8 8 16.6
      vertex 8 0 30
    endloop
  endfacet
  facet normal 1 0 0
    outer loop
      vertex 8 8 13.4
      vertex 8 0 0
      vertex 8 3.88497 0
    endloop
  endfacet
  facet normal 1 0 0
    outer loop
      vertex 8 16 13.4
      vertex 8 12.115 0
      vertex 8 16 0
    endloop
  endfacet
  facet normal 1 -0 0
    outer loop
      vertex 8 8 13.4
      vertex 8 12.115 0
      vertex 8 16 13.4
    endloop
  endfacet
  facet normal 1 0 0
    outer loop
      vertex 8 12.115 0
      vertex 8 8 13.4
      vertex 8 3.88497 0
    endloop
  endfacet
  facet normal -0.582322 0.812958 0
    outer loop
      vertex -6.66671 18.4944 0
      vertex -6.82628 18.3801 13.4
      vertex -6.66671 18.4944 13.4
    endloop
  endfacet
  facet normal -0.582322 0.812958 0
    outer loop
      vertex -6.82628 18.3801 13.4
      vertex -6.66671 18.4944 0
      vertex -6.82628 18.3801 0
    endloop
  endfacet
  facet normal -0.582322 0.812958 0
    outer loop
      vertex -6.66671 18.4944 16.6
      vertex -6.82628 18.3801 30
      vertex -6.66671 18.4944 30
    endloop
  endfacet
  facet normal -0.582322 0.812958 0
    outer loop
      vertex -6.82628 18.3801 30
      vertex -6.66671 18.4944 16.6
      vertex -6.82628 18.3801 16.6
    endloop
  endfacet
  facet normal -0.471397 -0.881921 0
    outer loop
      vertex -6.5 -2.59808 0
      vertex -6.32687 -2.69062 30
      vertex -6.5 -2.59808 30
    endloop
  endfacet
  facet normal -0.471397 -0.881921 -0
    outer loop
      vertex -6.32687 -2.69062 30
      vertex -6.5 -2.59808 0
      vertex -6.32687 -2.69062 0
    endloop
  endfacet
  facet normal -0.812838 -0.58249 0
    outer loop
      vertex -7.38006 -1.82628 0
      vertex -7.49441 -1.66671 30
      vertex -7.49441 -1.66671 0
    endloop
  endfacet
  facet normal -0.812838 -0.58249 0
    outer loop
      vertex -7.49441 -1.66671 30
      vertex -7.38006 -1.82628 0
      vertex -7.38006 -1.82628 30
    endloop
  endfacet
  facet normal -0.0326008 0.999468 0
    outer loop
      vertex -5 19 16.6
      vertex -5.19621 18.9936 30
      vertex -5 19 30
    endloop
  endfacet
  facet normal -0.0326008 0.999468 0
    outer loop
      vertex -5.19621 18.9936 30
      vertex -5 19 16.6
      vertex -5.19621 18.9936 16.6
    endloop
  endfacet
  facet normal -0.0326008 0.999468 0
    outer loop
      vertex -5 19 0
      vertex -5.19621 18.9936 13.4
      vertex -5 19 13.4
    endloop
  endfacet
  facet normal -0.0326008 0.999468 0
    outer loop
      vertex -5.19621 18.9936 13.4
      vertex -5 19 0
      vertex -5.19621 18.9936 0
    endloop
  endfacet
  facet normal 0.729902 0.683551 0
    outer loop
      vertex 7.25552 17.978 30
      vertex 7.12132 18.1213 16.6
      vertex 7.12132 18.1213 30
    endloop
  endfacet
  facet normal 0.729902 0.683551 0
    outer loop
      vertex 7.12132 18.1213 16.6
      vertex 7.25552 17.978 30
      vertex 7.25552 17.978 16.6
    endloop
  endfacet
  facet normal 0.729902 0.683551 0
    outer loop
      vertex 7.25552 17.978 13.4
      vertex 7.12132 18.1213 0
      vertex 7.12132 18.1213 13.4
    endloop
  endfacet
  facet normal 0.729902 0.683551 0
    outer loop
      vertex 7.12132 18.1213 0
      vertex 7.25552 17.978 13.4
      vertex 7.25552 17.978 0
    endloop
  endfacet
  facet normal 0.290347 0.956922 -0
    outer loop
      vertex 5.96432 18.8408 0
      vertex 5.77646 18.8978 13.4
      vertex 5.96432 18.8408 13.4
    endloop
  endfacet
  facet normal 0.290347 0.956922 0
    outer loop
      vertex 5.77646 18.8978 13.4
      vertex 5.96432 18.8408 0
      vertex 5.77646 18.8978 0
    endloop
  endfacet
  facet normal 0.290347 0.956922 -0
    outer loop
      vertex 5.96432 18.8408 16.6
      vertex 5.77646 18.8978 30
      vertex 5.96432 18.8408 30
    endloop
  endfacet
  facet normal 0.290347 0.956922 0
    outer loop
      vertex 5.77646 18.8978 30
      vertex 5.96432 18.8408 16.6
      vertex 5.77646 18.8978 16.6
    endloop
  endfacet
  facet normal 0.22708 -0.973876 0
    outer loop
      vertex 5.58527 -2.94236 0
      vertex 5.77646 -2.89778 30
      vertex 5.58527 -2.94236 30
    endloop
  endfacet
  facet normal 0.22708 -0.973876 0
    outer loop
      vertex 5.77646 -2.89778 30
      vertex 5.58527 -2.94236 0
      vertex 5.77646 -2.89778 0
    endloop
  endfacet
  facet normal 0.849195 -0.528079 0
    outer loop
      vertex 7.49441 -1.66671 30
      vertex 7.59808 -1.5 0
      vertex 7.59808 -1.5 30
    endloop
  endfacet
  facet normal 0.849195 -0.528079 0
    outer loop
      vertex 7.59808 -1.5 0
      vertex 7.49441 -1.66671 30
      vertex 7.49441 -1.66671 0
    endloop
  endfacet
  facet normal -1 0 0
    outer loop
      vertex -8 12.115 0
      vertex -8 16 13.4
      vertex -8 16 0
    endloop
  endfacet
  facet normal -1 0 0
    outer loop
      vertex -8 12.115 0
      vertex -8 8 13.4
      vertex -8 16 13.4
    endloop
  endfacet
  facet normal -1 0 0
    outer loop
      vertex -8 0 0
      vertex -8 8 13.4
      vertex -8 3.88497 0
    endloop
  endfacet
  facet normal -1 0 0
    outer loop
      vertex -8 3.88497 0
      vertex -8 8 13.4
      vertex -8 12.115 0
    endloop
  endfacet
  facet normal -1 0 0
    outer loop
      vertex -8 8 16.6
      vertex -8 16 30
      vertex -8 16 16.6
    endloop
  endfacet
  facet normal -1 -0 0
    outer loop
      vertex -8 8 13.4
      vertex -8 0 0
      vertex -8 8 16.6
    endloop
  endfacet
  facet normal -1 0 0
    outer loop
      vertex -8 8 16.6
      vertex -8 0 30
      vertex -8 16 30
    endloop
  endfacet
  facet normal -1 0 0
    outer loop
      vertex -8 0 30
      vertex -8 8 16.6
      vertex -8 0 0
    endloop
  endfacet
  facet normal -0.812889 0.582418 0
    outer loop
      vertex -7.49441 17.6667 16.6
      vertex -7.38006 17.8263 30
      vertex -7.38006 17.8263 16.6
    endloop
  endfacet
  facet normal -0.812889 0.582418 0
    outer loop
      vertex -7.38006 17.8263 30
      vertex -7.49441 17.6667 16.6
      vertex -7.49441 17.6667 30
    endloop
  endfacet
  facet normal -0.812889 0.582418 0
    outer loop
      vertex -7.49441 17.6667 0
      vertex -7.38006 17.8263 13.4
      vertex -7.38006 17.8263 0
    endloop
  endfacet
  facet normal -0.812889 0.582418 0
    outer loop
      vertex -7.38006 17.8263 13.4
      vertex -7.49441 17.6667 0
      vertex -7.49441 17.6667 13.4
    endloop
  endfacet
  facet normal 0.999465 -0.0327027 0
    outer loop
      vertex 7.99358 -0.196209 30
      vertex 8 0 0
      vertex 8 0 30
    endloop
  endfacet
  facet normal 0.999465 -0.0327027 0
    outer loop
      vertex 8 0 0
      vertex 7.99358 -0.196209 30
      vertex 7.99358 -0.196209 0
    endloop
  endfacet
  facet normal -0.634557 0.772876 0
    outer loop
      vertex -6.82628 18.3801 16.6
      vertex -6.97804 18.2555 30
      vertex -6.82628 18.3801 30
    endloop
  endfacet
  facet normal -0.634557 0.772876 0
    outer loop
      vertex -6.97804 18.2555 30
      vertex -6.82628 18.3801 16.6
      vertex -6.97804 18.2555 16.6
    endloop
  endfacet
  facet normal -0.634557 0.772876 0
    outer loop
      vertex -6.82628 18.3801 0
      vertex -6.97804 18.2555 13.4
      vertex -6.82628 18.3801 13.4
    endloop
  endfacet
  facet normal -0.634557 0.772876 0
    outer loop
      vertex -6.97804 18.2555 13.4
      vertex -6.82628 18.3801 0
      vertex -6.97804 18.2555 0
    endloop
  endfacet
  facet normal -0.881887 0.471461 0
    outer loop
      vertex -7.69062 17.3269 16.6
      vertex -7.59808 17.5 30
      vertex -7.59808 17.5 16.6
    endloop
  endfacet
  facet normal -0.881887 0.471461 0
    outer loop
      vertex -7.59808 17.5 30
      vertex -7.69062 17.3269 16.6
      vertex -7.69062 17.3269 30
    endloop
  endfacet
  facet normal -0.881887 0.471461 0
    outer loop
      vertex -7.69062 17.3269 0
      vertex -7.59808 17.5 13.4
      vertex -7.59808 17.5 0
    endloop
  endfacet
  facet normal -0.881887 0.471461 0
    outer loop
      vertex -7.59808 17.5 13.4
      vertex -7.69062 17.3269 0
      vertex -7.69062 17.3269 13.4
    endloop
  endfacet
  facet normal 0.227176 0.973854 -0
    outer loop
      vertex 5.77646 18.8978 0
      vertex 5.58527 18.9424 13.4
      vertex 5.77646 18.8978 13.4
    endloop
  endfacet
  facet normal 0.227176 0.973854 0
    outer loop
      vertex 5.58527 18.9424 13.4
      vertex 5.77646 18.8978 0
      vertex 5.58527 18.9424 0
    endloop
  endfacet
  facet normal 0.227176 0.973854 -0
    outer loop
      vertex 5.77646 18.8978 16.6
      vertex 5.58527 18.9424 30
      vertex 5.77646 18.8978 30
    endloop
  endfacet
  facet normal 0.227176 0.973854 0
    outer loop
      vertex 5.58527 18.9424 30
      vertex 5.77646 18.8978 16.6
      vertex 5.58527 18.9424 16.6
    endloop
  endfacet
  facet normal -0.162507 0.986707 0
    outer loop
      vertex -5.39158 18.9743 0
      vertex -5.58527 18.9424 13.4
      vertex -5.39158 18.9743 13.4
    endloop
  endfacet
  facet normal -0.162507 0.986707 0
    outer loop
      vertex -5.58527 18.9424 13.4
      vertex -5.39158 18.9743 0
      vertex -5.58527 18.9424 0
    endloop
  endfacet
  facet normal -0.162507 0.986707 0
    outer loop
      vertex -5.39158 18.9743 16.6
      vertex -5.58527 18.9424 30
      vertex -5.39158 18.9743 30
    endloop
  endfacet
  facet normal -0.162507 0.986707 0
    outer loop
      vertex -5.58527 18.9424 30
      vertex -5.39158 18.9743 16.6
      vertex -5.58527 18.9424 16.6
    endloop
  endfacet
  facet normal 0.881921 -0.471397 0
    outer loop
      vertex 7.59808 -1.5 30
      vertex 7.69062 -1.32687 0
      vertex 7.69062 -1.32687 30
    endloop
  endfacet
  facet normal 0.881921 -0.471397 0
    outer loop
      vertex 7.69062 -1.32687 0
      vertex 7.59808 -1.5 30
      vertex 7.59808 -1.5 0
    endloop
  endfacet
  facet normal -0.772903 0.634524 0
    outer loop
      vertex -7.38006 17.8263 0
      vertex -7.25552 17.978 13.4
      vertex -7.25552 17.978 0
    endloop
  endfacet
  facet normal -0.772903 0.634524 0
    outer loop
      vertex -7.25552 17.978 13.4
      vertex -7.38006 17.8263 0
      vertex -7.38006 17.8263 13.4
    endloop
  endfacet
  facet normal -0.772903 0.634524 0
    outer loop
      vertex -7.38006 17.8263 16.6
      vertex -7.25552 17.978 30
      vertex -7.25552 17.978 16.6
    endloop
  endfacet
  facet normal -0.772903 0.634524 0
    outer loop
      vertex -7.25552 17.978 30
      vertex -7.38006 17.8263 16.6
      vertex -7.38006 17.8263 30
    endloop
  endfacet
  facet normal -0.956936 -0.290299 0
    outer loop
      vertex -7.84079 -0.964318 0
      vertex -7.89778 -0.776457 30
      vertex -7.89778 -0.776457 0
    endloop
  endfacet
  facet normal -0.956936 -0.290299 0
    outer loop
      vertex -7.89778 -0.776457 30
      vertex -7.84079 -0.964318 0
      vertex -7.84079 -0.964318 30
    endloop
  endfacet
  facet normal -0.729855 -0.683602 0
    outer loop
      vertex -7.12132 -2.12132 0
      vertex -7.25552 -1.97804 30
      vertex -7.25552 -1.97804 0
    endloop
  endfacet
  facet normal -0.729855 -0.683602 0
    outer loop
      vertex -7.25552 -1.97804 30
      vertex -7.12132 -2.12132 0
      vertex -7.12132 -2.12132 30
    endloop
  endfacet
  facet normal 0 1 -0
    outer loop
      vertex 5 19 16.6
      vertex -5 19 30
      vertex 5 19 30
    endloop
  endfacet
  facet normal 0 1 0
    outer loop
      vertex 5 19 16.6
      vertex -5 19 16.6
      vertex -5 19 30
    endloop
  endfacet
  facet normal 0 1 -0
    outer loop
      vertex 5 19 13.4
      vertex -5 19 16.6
      vertex 5 19 16.6
    endloop
  endfacet
  facet normal 0 1 0
    outer loop
      vertex 5 19 13.4
      vertex -5 19 13.4
      vertex -5 19 16.6
    endloop
  endfacet
  facet normal 0 1 -0
    outer loop
      vertex 5 19 0
      vertex -5 19 13.4
      vertex 5 19 13.4
    endloop
  endfacet
  facet normal 0 1 0
    outer loop
      vertex -5 19 13.4
      vertex 5 19 0
      vertex -5 19 0
    endloop
  endfacet
  facet normal 0.634374 -0.773026 0
    outer loop
      vertex 6.82628 -2.38006 0
      vertex 6.97804 -2.25552 30
      vertex 6.82628 -2.38006 30
    endloop
  endfacet
  facet normal 0.634374 -0.773026 0
    outer loop
      vertex 6.97804 -2.25552 30
      vertex 6.82628 -2.38006 0
      vertex 6.97804 -2.25552 0
    endloop
  endfacet
  facet normal -0.162854 -0.98665 0
    outer loop
      vertex -5.58527 -2.94236 0
      vertex -5.39158 -2.97433 30
      vertex -5.58527 -2.94236 30
    endloop
  endfacet
  facet normal -0.162854 -0.98665 -0
    outer loop
      vertex -5.39158 -2.97433 30
      vertex -5.58527 -2.94236 0
      vertex -5.39158 -2.97433 0
    endloop
  endfacet
  facet normal -0.773026 -0.634374 0
    outer loop
      vertex -7.25552 -1.97804 0
      vertex -7.38006 -1.82628 30
      vertex -7.38006 -1.82628 0
    endloop
  endfacet
  facet normal -0.773026 -0.634374 0
    outer loop
      vertex -7.38006 -1.82628 30
      vertex -7.25552 -1.97804 0
      vertex -7.25552 -1.97804 30
    endloop
  endfacet
  facet normal -0.849181 0.528102 0
    outer loop
      vertex -7.59808 17.5 16.6
      vertex -7.49441 17.6667 30
      vertex -7.49441 17.6667 16.6
    endloop
  endfacet
  facet normal -0.849181 0.528102 0
    outer loop
      vertex -7.49441 17.6667 30
      vertex -7.59808 17.5 16.6
      vertex -7.59808 17.5 30
    endloop
  endfacet
  facet normal -0.849181 0.528102 0
    outer loop
      vertex -7.59808 17.5 0
      vertex -7.49441 17.6667 13.4
      vertex -7.49441 17.6667 0
    endloop
  endfacet
  facet normal -0.849181 0.528102 0
    outer loop
      vertex -7.49441 17.6667 13.4
      vertex -7.59808 17.5 0
      vertex -7.59808 17.5 13.4
    endloop
  endfacet
  facet normal -0.412613 0.910906 0
    outer loop
      vertex -6.14805 18.7716 16.6
      vertex -6.32687 18.6906 30
      vertex -6.14805 18.7716 30
    endloop
  endfacet
  facet normal -0.412613 0.910906 0
    outer loop
      vertex -6.32687 18.6906 30
      vertex -6.14805 18.7716 16.6
      vertex -6.32687 18.6906 16.6
    endloop
  endfacet
  facet normal -0.412613 0.910906 0
    outer loop
      vertex -6.14805 18.7716 0
      vertex -6.32687 18.6906 13.4
      vertex -6.14805 18.7716 13.4
    endloop
  endfacet
  facet normal -0.412613 0.910906 0
    outer loop
      vertex -6.32687 18.6906 13.4
      vertex -6.14805 18.7716 0
      vertex -6.32687 18.6906 0
    endloop
  endfacet
  facet normal -0.935889 0.352296 0
    outer loop
      vertex -7.84079 16.9643 16.6
      vertex -7.77164 17.148 30
      vertex -7.77164 17.148 16.6
    endloop
  endfacet
  facet normal -0.935889 0.352296 0
    outer loop
      vertex -7.77164 17.148 30
      vertex -7.84079 16.9643 16.6
      vertex -7.84079 16.9643 30
    endloop
  endfacet
  facet normal -0.935889 0.352296 0
    outer loop
      vertex -7.84079 16.9643 0
      vertex -7.77164 17.148 13.4
      vertex -7.77164 17.148 0
    endloop
  endfacet
  facet normal -0.935889 0.352296 0
    outer loop
      vertex -7.77164 17.148 13.4
      vertex -7.84079 16.9643 0
      vertex -7.84079 16.9643 13.4
    endloop
  endfacet
  facet normal -0.528079 -0.849195 0
    outer loop
      vertex -6.66671 -2.49441 0
      vertex -6.5 -2.59808 30
      vertex -6.66671 -2.49441 30
    endloop
  endfacet
  facet normal -0.528079 -0.849195 -0
    outer loop
      vertex -6.5 -2.59808 30
      vertex -6.66671 -2.49441 0
      vertex -6.5 -2.59808 0
    endloop
  endfacet
  facet normal 0.772903 0.634524 0
    outer loop
      vertex 7.38006 17.8263 30
      vertex 7.25552 17.978 16.6
      vertex 7.25552 17.978 30
    endloop
  endfacet
  facet normal 0.772903 0.634524 0
    outer loop
      vertex 7.25552 17.978 16.6
      vertex 7.38006 17.8263 30
      vertex 7.38006 17.8263 16.6
    endloop
  endfacet
  facet normal 0.772903 0.634524 0
    outer loop
      vertex 7.38006 17.8263 13.4
      vertex 7.25552 17.978 0
      vertex 7.25552 17.978 13.4
    endloop
  endfacet
  facet normal 0.772903 0.634524 0
    outer loop
      vertex 7.25552 17.978 0
      vertex 7.38006 17.8263 13.4
      vertex 7.38006 17.8263 0
    endloop
  endfacet
  facet normal 0.582322 0.812958 -0
    outer loop
      vertex 6.82628 18.3801 0
      vertex 6.66671 18.4944 13.4
      vertex 6.82628 18.3801 13.4
    endloop
  endfacet
  facet normal 0.582322 0.812958 0
    outer loop
      vertex 6.66671 18.4944 13.4
      vertex 6.82628 18.3801 0
      vertex 6.66671 18.4944 0
    endloop
  endfacet
  facet normal 0.582322 0.812958 -0
    outer loop
      vertex 6.82628 18.3801 16.6
      vertex 6.66671 18.4944 30
      vertex 6.82628 18.3801 30
    endloop
  endfacet
  facet normal 0.582322 0.812958 0
    outer loop
      vertex 6.66671 18.4944 30
      vertex 6.82628 18.3801 16.6
      vertex 6.66671 18.4944 16.6
    endloop
  endfacet
  facet normal 0.0980562 -0.995181 0
    outer loop
      vertex 5.19621 -2.99358 0
      vertex 5.39158 -2.97433 30
      vertex 5.19621 -2.99358 30
    endloop
  endfacet
  facet normal 0.0980562 -0.995181 0
    outer loop
      vertex 5.39158 -2.97433 30
      vertex 5.19621 -2.99358 0
      vertex 5.39158 -2.97433 0
    endloop
  endfacet
  facet normal 0.935889 0.352296 0
    outer loop
      vertex 7.84079 16.9643 30
      vertex 7.77164 17.148 16.6
      vertex 7.77164 17.148 30
    endloop
  endfacet
  facet normal 0.935889 0.352296 0
    outer loop
      vertex 7.77164 17.148 16.6
      vertex 7.84079 16.9643 30
      vertex 7.84079 16.9643 16.6
    endloop
  endfacet
  facet normal 0.935889 0.352296 0
    outer loop
      vertex 7.84079 16.9643 13.4
      vertex 7.77164 17.148 0
      vertex 7.77164 17.148 13.4
    endloop
  endfacet
  facet normal 0.935889 0.352296 0
    outer loop
      vertex 7.77164 17.148 0
      vertex 7.84079 16.9643 13.4
      vertex 7.84079 16.9643 0
    endloop
  endfacet
  facet normal -0.881921 -0.471397 0
    outer loop
      vertex -7.59808 -1.5 0
      vertex -7.69062 -1.32687 30
      vertex -7.69062 -1.32687 0
    endloop
  endfacet
  facet normal -0.881921 -0.471397 0
    outer loop
      vertex -7.69062 -1.32687 30
      vertex -7.59808 -1.5 0
      vertex -7.59808 -1.5 30
    endloop
  endfacet
  facet normal -0.58249 -0.812838 0
    outer loop
      vertex -6.82628 -2.38006 0
      vertex -6.66671 -2.49441 30
      vertex -6.82628 -2.38006 30
    endloop
  endfacet
  facet normal -0.58249 -0.812838 -0
    outer loop
      vertex -6.66671 -2.49441 30
      vertex -6.82628 -2.38006 0
      vertex -6.66671 -2.49441 0
    endloop
  endfacet
  facet normal 0.634557 0.772876 -0
    outer loop
      vertex 6.97804 18.2555 16.6
      vertex 6.82628 18.3801 30
      vertex 6.97804 18.2555 30
    endloop
  endfacet
  facet normal 0.634557 0.772876 0
    outer loop
      vertex 6.82628 18.3801 30
      vertex 6.97804 18.2555 16.6
      vertex 6.82628 18.3801 16.6
    endloop
  endfacet
  facet normal 0.634557 0.772876 -0
    outer loop
      vertex 6.97804 18.2555 0
      vertex 6.82628 18.3801 13.4
      vertex 6.97804 18.2555 13.4
    endloop
  endfacet
  facet normal 0.634557 0.772876 0
    outer loop
      vertex 6.82628 18.3801 13.4
      vertex 6.97804 18.2555 0
      vertex 6.82628 18.3801 0
    endloop
  endfacet
  facet normal -0.935909 -0.352242 0
    outer loop
      vertex -7.77164 -1.14805 0
      vertex -7.84079 -0.964318 30
      vertex -7.84079 -0.964318 0
    endloop
  endfacet
  facet normal -0.935909 -0.352242 0
    outer loop
      vertex -7.84079 -0.964318 30
      vertex -7.77164 -1.14805 0
      vertex -7.77164 -1.14805 30
    endloop
  endfacet
  facet normal -0.352468 0.935824 0
    outer loop
      vertex -5.96432 18.8408 0
      vertex -6.14805 18.7716 13.4
      vertex -5.96432 18.8408 13.4
    endloop
  endfacet
  facet normal -0.352468 0.935824 0
    outer loop
      vertex -6.14805 18.7716 13.4
      vertex -5.96432 18.8408 0
      vertex -6.14805 18.7716 0
    endloop
  endfacet
  facet normal -0.352468 0.935824 0
    outer loop
      vertex -5.96432 18.8408 16.6
      vertex -6.14805 18.7716 30
      vertex -5.96432 18.8408 30
    endloop
  endfacet
  facet normal -0.352468 0.935824 0
    outer loop
      vertex -6.14805 18.7716 30
      vertex -5.96432 18.8408 16.6
      vertex -6.14805 18.7716 16.6
    endloop
  endfacet
  facet normal 0.773026 -0.634374 0
    outer loop
      vertex 7.25552 -1.97804 30
      vertex 7.38006 -1.82628 0
      vertex 7.38006 -1.82628 30
    endloop
  endfacet
  facet normal 0.773026 -0.634374 0
    outer loop
      vertex 7.38006 -1.82628 0
      vertex 7.25552 -1.97804 30
      vertex 7.25552 -1.97804 0
    endloop
  endfacet
  facet normal -0.999465 -0.0327027 0
    outer loop
      vertex -7.99358 -0.196209 0
      vertex -8 0 30
      vertex -8 0 0
    endloop
  endfacet
  facet normal -0.999465 -0.0327027 0
    outer loop
      vertex -8 0 30
      vertex -7.99358 -0.196209 0
      vertex -7.99358 -0.196209 30
    endloop
  endfacet
  facet normal -0.22708 -0.973876 0
    outer loop
      vertex -5.77646 -2.89778 0
      vertex -5.58527 -2.94236 30
      vertex -5.77646 -2.89778 30
    endloop
  endfacet
  facet normal -0.22708 -0.973876 -0
    outer loop
      vertex -5.58527 -2.94236 30
      vertex -5.77646 -2.89778 0
      vertex -5.58527 -2.94236 0
    endloop
  endfacet
  facet normal -0.973879 0.227069 0
    outer loop
      vertex -7.94236 16.5853 0
      vertex -7.89778 16.7765 13.4
      vertex -7.89778 16.7765 0
    endloop
  endfacet
  facet normal -0.973879 0.227069 0
    outer loop
      vertex -7.89778 16.7765 13.4
      vertex -7.94236 16.5853 0
      vertex -7.94236 16.5853 13.4
    endloop
  endfacet
  facet normal -0.973879 0.227069 0
    outer loop
      vertex -7.94236 16.5853 16.6
      vertex -7.89778 16.7765 30
      vertex -7.89778 16.7765 16.6
    endloop
  endfacet
  facet normal -0.973879 0.227069 0
    outer loop
      vertex -7.89778 16.7765 30
      vertex -7.94236 16.5853 16.6
      vertex -7.94236 16.5853 30
    endloop
  endfacet
  facet normal 0.973879 0.227069 0
    outer loop
      vertex 7.94236 16.5853 13.4
      vertex 7.89778 16.7765 0
      vertex 7.89778 16.7765 13.4
    endloop
  endfacet
  facet normal 0.973879 0.227069 0
    outer loop
      vertex 7.89778 16.7765 0
      vertex 7.94236 16.5853 13.4
      vertex 7.94236 16.5853 0
    endloop
  endfacet
  facet normal 0.973879 0.227069 0
    outer loop
      vertex 7.94236 16.5853 30
      vertex 7.89778 16.7765 16.6
      vertex 7.89778 16.7765 30
    endloop
  endfacet
  facet normal 0.973879 0.227069 0
    outer loop
      vertex 7.89778 16.7765 16.6
      vertex 7.94236 16.5853 30
      vertex 7.94236 16.5853 16.6
    endloop
  endfacet
  facet normal -0.2903 -0.956936 0
    outer loop
      vertex -5.96432 -2.84079 0
      vertex -5.77646 -2.89778 30
      vertex -5.96432 -2.84079 30
    endloop
  endfacet
  facet normal -0.2903 -0.956936 -0
    outer loop
      vertex -5.77646 -2.89778 30
      vertex -5.96432 -2.84079 0
      vertex -5.77646 -2.89778 0
    endloop
  endfacet
  facet normal 0.995182 0.0980413 0
    outer loop
      vertex 7.99358 16.1962 13.4
      vertex 7.97433 16.3916 0
      vertex 7.97433 16.3916 13.4
    endloop
  endfacet
  facet normal 0.995182 0.0980413 0
    outer loop
      vertex 7.97433 16.3916 0
      vertex 7.99358 16.1962 13.4
      vertex 7.99358 16.1962 0
    endloop
  endfacet
  facet normal 0.995182 0.0980413 0
    outer loop
      vertex 7.99358 16.1962 30
      vertex 7.97433 16.3916 16.6
      vertex 7.97433 16.3916 30
    endloop
  endfacet
  facet normal 0.995182 0.0980413 0
    outer loop
      vertex 7.97433 16.3916 16.6
      vertex 7.99358 16.1962 30
      vertex 7.99358 16.1962 16.6
    endloop
  endfacet
  facet normal 0.881887 0.471461 0
    outer loop
      vertex 7.69062 17.3269 30
      vertex 7.59808 17.5 16.6
      vertex 7.59808 17.5 30
    endloop
  endfacet
  facet normal 0.881887 0.471461 0
    outer loop
      vertex 7.59808 17.5 16.6
      vertex 7.69062 17.3269 30
      vertex 7.69062 17.3269 16.6
    endloop
  endfacet
  facet normal 0.881887 0.471461 0
    outer loop
      vertex 7.69062 17.3269 13.4
      vertex 7.59808 17.5 0
      vertex 7.59808 17.5 13.4
    endloop
  endfacet
  facet normal 0.881887 0.471461 0
    outer loop
      vertex 7.59808 17.5 0
      vertex 7.69062 17.3269 13.4
      vertex 7.69062 17.3269 0
    endloop
  endfacet
  facet normal -0.995182 0.0980413 0
    outer loop
      vertex -7.99358 16.1962 0
      vertex -7.97433 16.3916 13.4
      vertex -7.97433 16.3916 0
    endloop
  endfacet
  facet normal -0.995182 0.0980413 0
    outer loop
      vertex -7.97433 16.3916 13.4
      vertex -7.99358 16.1962 0
      vertex -7.99358 16.1962 13.4
    endloop
  endfacet
  facet normal -0.995182 0.0980413 0
    outer loop
      vertex -7.99358 16.1962 16.6
      vertex -7.97433 16.3916 30
      vertex -7.97433 16.3916 16.6
    endloop
  endfacet
  facet normal -0.995182 0.0980413 0
    outer loop
      vertex -7.97433 16.3916 30
      vertex -7.99358 16.1962 16.6
      vertex -7.99358 16.1962 30
    endloop
  endfacet
  facet normal -0.910868 -0.412697 0
    outer loop
      vertex -7.69062 -1.32687 0
      vertex -7.77164 -1.14805 30
      vertex -7.77164 -1.14805 0
    endloop
  endfacet
  facet normal -0.910868 -0.412697 0
    outer loop
      vertex -7.77164 -1.14805 30
      vertex -7.69062 -1.32687 0
      vertex -7.69062 -1.32687 30
    endloop
  endfacet
  facet normal 0.528079 -0.849195 0
    outer loop
      vertex 6.5 -2.59808 0
      vertex 6.66671 -2.49441 30
      vertex 6.5 -2.59808 30
    endloop
  endfacet
  facet normal 0.528079 -0.849195 0
    outer loop
      vertex 6.66671 -2.49441 30
      vertex 6.5 -2.59808 0
      vertex 6.66671 -2.49441 0
    endloop
  endfacet
  facet normal 0.95691 0.290385 0
    outer loop
      vertex 7.89778 16.7765 30
      vertex 7.84079 16.9643 16.6
      vertex 7.84079 16.9643 30
    endloop
  endfacet
  facet normal 0.95691 0.290385 0
    outer loop
      vertex 7.84079 16.9643 16.6
      vertex 7.89778 16.7765 30
      vertex 7.89778 16.7765 16.6
    endloop
  endfacet
  facet normal 0.95691 0.290385 0
    outer loop
      vertex 7.89778 16.7765 13.4
      vertex 7.84079 16.9643 0
      vertex 7.84079 16.9643 13.4
    endloop
  endfacet
  facet normal 0.95691 0.290385 0
    outer loop
      vertex 7.84079 16.9643 0
      vertex 7.89778 16.7765 13.4
      vertex 7.89778 16.7765 0
    endloop
  endfacet
  facet normal 0.973875 -0.227084 0
    outer loop
      vertex 7.89778 -0.776457 30
      vertex 7.94236 -0.585271 0
      vertex 7.94236 -0.585271 30
    endloop
  endfacet
  facet normal 0.973875 -0.227084 0
    outer loop
      vertex 7.94236 -0.585271 0
      vertex 7.89778 -0.776457 30
      vertex 7.89778 -0.776457 0
    endloop
  endfacet
  facet normal 0.412697 -0.910868 0
    outer loop
      vertex 6.14805 -2.77164 0
      vertex 6.32687 -2.69062 30
      vertex 6.14805 -2.77164 30
    endloop
  endfacet
  facet normal 0.412697 -0.910868 0
    outer loop
      vertex 6.32687 -2.69062 30
      vertex 6.14805 -2.77164 0
      vertex 6.32687 -2.69062 0
    endloop
  endfacet
  facet normal 0.812838 -0.58249 0
    outer loop
      vertex 7.38006 -1.82628 30
      vertex 7.49441 -1.66671 0
      vertex 7.49441 -1.66671 30
    endloop
  endfacet
  facet normal 0.812838 -0.58249 0
    outer loop
      vertex 7.49441 -1.66671 0
      vertex 7.38006 -1.82628 30
      vertex 7.38006 -1.82628 0
    endloop
  endfacet
  facet normal 0.849181 0.528102 0
    outer loop
      vertex 7.59808 17.5 13.4
      vertex 7.49441 17.6667 0
      vertex 7.49441 17.6667 13.4
    endloop
  endfacet
  facet normal 0.849181 0.528102 0
    outer loop
      vertex 7.49441 17.6667 0
      vertex 7.59808 17.5 13.4
      vertex 7.59808 17.5 0
    endloop
  endfacet
  facet normal 0.849181 0.528102 0
    outer loop
      vertex 7.59808 17.5 30
      vertex 7.49441 17.6667 16.6
      vertex 7.49441 17.6667 30
    endloop
  endfacet
  facet normal 0.849181 0.528102 0
    outer loop
      vertex 7.49441 17.6667 16.6
      vertex 7.59808 17.5 30
      vertex 7.59808 17.5 16.6
    endloop
  endfacet
  facet normal -0.227176 0.973854 0
    outer loop
      vertex -5.58527 18.9424 16.6
      vertex -5.77646 18.8978 30
      vertex -5.58527 18.9424 30
    endloop
  endfacet
  facet normal -0.227176 0.973854 0
    outer loop
      vertex -5.77646 18.8978 30
      vertex -5.58527 18.9424 16.6
      vertex -5.77646 18.8978 16.6
    endloop
  endfacet
  facet normal -0.227176 0.973854 0
    outer loop
      vertex -5.58527 18.9424 0
      vertex -5.77646 18.8978 13.4
      vertex -5.58527 18.9424 13.4
    endloop
  endfacet
  facet normal -0.227176 0.973854 0
    outer loop
      vertex -5.77646 18.8978 13.4
      vertex -5.58527 18.9424 0
      vertex -5.77646 18.8978 0
    endloop
  endfacet
  facet normal 0.412613 0.910906 -0
    outer loop
      vertex 6.32687 18.6906 0
      vertex 6.14805 18.7716 13.4
      vertex 6.32687 18.6906 13.4
    endloop
  endfacet
  facet normal 0.412613 0.910906 0
    outer loop
      vertex 6.14805 18.7716 13.4
      vertex 6.32687 18.6906 0
      vertex 6.14805 18.7716 0
    endloop
  endfacet
  facet normal 0.412613 0.910906 -0
    outer loop
      vertex 6.32687 18.6906 16.6
      vertex 6.14805 18.7716 30
      vertex 6.32687 18.6906 30
    endloop
  endfacet
  facet normal 0.412613 0.910906 0
    outer loop
      vertex 6.14805 18.7716 30
      vertex 6.32687 18.6906 16.6
      vertex 6.14805 18.7716 16.6
    endloop
  endfacet
  facet normal 0.58249 -0.812838 0
    outer loop
      vertex 6.66671 -2.49441 0
      vertex 6.82628 -2.38006 30
      vertex 6.66671 -2.49441 30
    endloop
  endfacet
  facet normal 0.58249 -0.812838 0
    outer loop
      vertex 6.82628 -2.38006 30
      vertex 6.66671 -2.49441 0
      vertex 6.82628 -2.38006 0
    endloop
  endfacet
  facet normal 0.0983084 0.995156 -0
    outer loop
      vertex 5.39158 18.9743 0
      vertex 5.19621 18.9936 13.4
      vertex 5.39158 18.9743 13.4
    endloop
  endfacet
  facet normal 0.0983084 0.995156 0
    outer loop
      vertex 5.19621 18.9936 13.4
      vertex 5.39158 18.9743 0
      vertex 5.19621 18.9936 0
    endloop
  endfacet
  facet normal 0.0983084 0.995156 -0
    outer loop
      vertex 5.39158 18.9743 16.6
      vertex 5.19621 18.9936 30
      vertex 5.39158 18.9743 30
    endloop
  endfacet
  facet normal 0.0983084 0.995156 0
    outer loop
      vertex 5.19621 18.9936 30
      vertex 5.39158 18.9743 16.6
      vertex 5.19621 18.9936 16.6
    endloop
  endfacet
  facet normal -0.528189 0.849127 0
    outer loop
      vertex -6.5 18.5981 16.6
      vertex -6.66671 18.4944 30
      vertex -6.5 18.5981 30
    endloop
  endfacet
  facet normal -0.528189 0.849127 0
    outer loop
      vertex -6.66671 18.4944 30
      vertex -6.5 18.5981 16.6
      vertex -6.66671 18.4944 16.6
    endloop
  endfacet
  facet normal -0.528189 0.849127 0
    outer loop
      vertex -6.5 18.5981 0
      vertex -6.66671 18.4944 13.4
      vertex -6.5 18.5981 13.4
    endloop
  endfacet
  facet normal -0.528189 0.849127 0
    outer loop
      vertex -6.66671 18.4944 13.4
      vertex -6.5 18.5981 0
      vertex -6.66671 18.4944 0
    endloop
  endfacet
  facet normal -0.729902 0.683551 0
    outer loop
      vertex -7.25552 17.978 0
      vertex -7.12132 18.1213 13.4
      vertex -7.12132 18.1213 0
    endloop
  endfacet
  facet normal -0.729902 0.683551 0
    outer loop
      vertex -7.12132 18.1213 13.4
      vertex -7.25552 17.978 0
      vertex -7.25552 17.978 13.4
    endloop
  endfacet
  facet normal -0.729902 0.683551 0
    outer loop
      vertex -7.25552 17.978 16.6
      vertex -7.12132 18.1213 30
      vertex -7.12132 18.1213 16.6
    endloop
  endfacet
  facet normal -0.729902 0.683551 0
    outer loop
      vertex -7.12132 18.1213 30
      vertex -7.25552 17.978 16.6
      vertex -7.25552 17.978 30
    endloop
  endfacet
  facet normal 0.683602 0.729855 -0
    outer loop
      vertex 7.12132 18.1213 16.6
      vertex 6.97804 18.2555 30
      vertex 7.12132 18.1213 30
    endloop
  endfacet
  facet normal 0.683602 0.729855 0
    outer loop
      vertex 6.97804 18.2555 30
      vertex 7.12132 18.1213 16.6
      vertex 6.97804 18.2555 16.6
    endloop
  endfacet
  facet normal 0.683602 0.729855 -0
    outer loop
      vertex 7.12132 18.1213 0
      vertex 6.97804 18.2555 13.4
      vertex 7.12132 18.1213 13.4
    endloop
  endfacet
  facet normal 0.683602 0.729855 0
    outer loop
      vertex 6.97804 18.2555 13.4
      vertex 7.12132 18.1213 0
      vertex 6.97804 18.2555 0
    endloop
  endfacet
  facet normal 0.910938 0.412544 0
    outer loop
      vertex 7.77164 17.148 30
      vertex 7.69062 17.3269 16.6
      vertex 7.69062 17.3269 30
    endloop
  endfacet
  facet normal 0.910938 0.412544 0
    outer loop
      vertex 7.69062 17.3269 16.6
      vertex 7.77164 17.148 30
      vertex 7.77164 17.148 16.6
    endloop
  endfacet
  facet normal 0.910938 0.412544 0
    outer loop
      vertex 7.77164 17.148 13.4
      vertex 7.69062 17.3269 0
      vertex 7.69062 17.3269 13.4
    endloop
  endfacet
  facet normal 0.910938 0.412544 0
    outer loop
      vertex 7.69062 17.3269 0
      vertex 7.77164 17.148 13.4
      vertex 7.77164 17.148 0
    endloop
  endfacet
  facet normal 0.0326008 0.999468 -0
    outer loop
      vertex 5.19621 18.9936 16.6
      vertex 5 19 30
      vertex 5.19621 18.9936 30
    endloop
  endfacet
  facet normal 0.0326008 0.999468 0
    outer loop
      vertex 5 19 30
      vertex 5.19621 18.9936 16.6
      vertex 5 19 16.6
    endloop
  endfacet
  facet normal 0.0326008 0.999468 -0
    outer loop
      vertex 5.19621 18.9936 0
      vertex 5 19 13.4
      vertex 5.19621 18.9936 13.4
    endloop
  endfacet
  facet normal 0.0326008 0.999468 0
    outer loop
      vertex 5 19 13.4
      vertex 5.19621 18.9936 0
      vertex 5 19 0
    endloop
  endfacet
  facet normal -0.290347 0.956922 0
    outer loop
      vertex -5.77646 18.8978 16.6
      vertex -5.96432 18.8408 30
      vertex -5.77646 18.8978 30
    endloop
  endfacet
  facet normal -0.290347 0.956922 0
    outer loop
      vertex -5.96432 18.8408 30
      vertex -5.77646 18.8978 16.6
      vertex -5.96432 18.8408 16.6
    endloop
  endfacet
  facet normal -0.290347 0.956922 0
    outer loop
      vertex -5.77646 18.8978 0
      vertex -5.96432 18.8408 13.4
      vertex -5.77646 18.8978 13.4
    endloop
  endfacet
  facet normal -0.290347 0.956922 0
    outer loop
      vertex -5.96432 18.8408 13.4
      vertex -5.77646 18.8978 0
      vertex -5.96432 18.8408 0
    endloop
  endfacet
  facet normal -0.683602 0.729855 0
    outer loop
      vertex -6.97804 18.2555 16.6
      vertex -7.12132 18.1213 30
      vertex -6.97804 18.2555 30
    endloop
  endfacet
  facet normal -0.683602 0.729855 0
    outer loop
      vertex -7.12132 18.1213 30
      vertex -6.97804 18.2555 16.6
      vertex -7.12132 18.1213 16.6
    endloop
  endfacet
  facet normal -0.683602 0.729855 0
    outer loop
      vertex -6.97804 18.2555 0
      vertex -7.12132 18.1213 13.4
      vertex -6.97804 18.2555 13.4
    endloop
  endfacet
  facet normal -0.683602 0.729855 0
    outer loop
      vertex -7.12132 18.1213 13.4
      vertex -6.97804 18.2555 0
      vertex -7.12132 18.1213 0
    endloop
  endfacet
  facet normal 0 0 1
    outer loop
      vertex 3.33342 12.9888 30
      vertex 8 16 30
      vertex 7.99358 16.1962 30
    endloop
  endfacet
  facet normal 0 0 1
    outer loop
      vertex 8 16 30
      vertex 6 8 30
      vertex 8 0 30
    endloop
  endfacet
  facet normal 0 0 1
    outer loop
      vertex 3.33342 12.9888 30
      vertex 7.99358 16.1962 30
      vertex 7.97433 16.3916 30
    endloop
  endfacet
  facet normal -0 0 1
    outer loop
      vertex 5.98715 7.60758 30
      vertex 8 0 30
      vertex 6 8 30
    endloop
  endfacet
  facet normal 0 0 1
    outer loop
      vertex 3.33342 12.9888 30
      vertex 7.97433 16.3916 30
      vertex 7.94236 16.5853 30
    endloop
  endfacet
  facet normal -0 0 1
    outer loop
      vertex 5.94867 7.21684 30
      vertex 8 0 30
      vertex 5.98715 7.60758 30
    endloop
  endfacet
  facet normal 0 0 1
    outer loop
      vertex 3.33342 12.9888 30
      vertex 7.94236 16.5853 30
      vertex 7.89778 16.7765 30
    endloop
  endfacet
  facet normal -0 0 1
    outer loop
      vertex 5.88471 6.82946 30
      vertex 8 0 30
      vertex 5.94867 7.21684 30
    endloop
  endfacet
  facet normal 0 0 1
    outer loop
      vertex 3.33342 12.9888 30
      vertex 7.89778 16.7765 30
      vertex 7.84079 16.9643 30
    endloop
  endfacet
  facet normal -0 0 1
    outer loop
      vertex 5.79555 6.44709 30
      vertex 8 0 30
      vertex 5.88471 6.82946 30
    endloop
  endfacet
  facet normal 0 0 1
    outer loop
      vertex 3.33342 12.9888 30
      vertex 7.84079 16.9643 30
      vertex 7.77164 17.148 30
    endloop
  endfacet
  facet normal -0 0 1
    outer loop
      vertex 5.68158 6.07136 30
      vertex 8 0 30
      vertex 5.79555 6.44709 30
    endloop
  endfacet
  facet normal 0 0 1
    outer loop
      vertex 3.33342 12.9888 30
      vertex 7.77164 17.148 30
      vertex 7.69062 17.3269 30
    endloop
  endfacet
  facet normal -0 0 1
    outer loop
      vertex 5.54328 5.7039 30
      vertex 8 0 30
      vertex 5.68158 6.07136 30
    endloop
  endfacet
  facet normal 0 0 1
    outer loop
      vertex 3.33342 12.9888 30
      vertex 7.69062 17.3269 30
      vertex 7.59808 17.5 30
    endloop
  endfacet
  facet normal -0 0 1
    outer loop
      vertex 5.38124 5.34627 30
      vertex 8 0 30
      vertex 5.54328 5.7039 30
    endloop
  endfacet
  facet normal 0 0 1
    outer loop
      vertex 3.33342 12.9888 30
      vertex 7.59808 17.5 30
      vertex 7.49441 17.6667 30
    endloop
  endfacet
  facet normal -0 0 1
    outer loop
      vertex 5.19615 5 30
      vertex 8 0 30
      vertex 5.38124 5.34627 30
    endloop
  endfacet
  facet normal 0 0 1
    outer loop
      vertex 3.33342 12.9888 30
      vertex 7.49441 17.6667 30
      vertex 7.38006 17.8263 30
    endloop
  endfacet
  facet normal -0 0 1
    outer loop
      vertex 4.98882 4.66658 30
      vertex 8 0 30
      vertex 5.19615 5 30
    endloop
  endfacet
  facet normal 0 0 1
    outer loop
      vertex 3.33342 12.9888 30
      vertex 7.38006 17.8263 30
      vertex 7.25552 17.978 30
    endloop
  endfacet
  facet normal -0 0 1
    outer loop
      vertex 4.76012 4.34743 30
      vertex 8 0 30
      vertex 4.98882 4.66658 30
    endloop
  endfacet
  facet normal 0 0 1
    outer loop
      vertex 3.33342 12.9888 30
      vertex 7.25552 17.978 30
      vertex 7.12132 18.1213 30
    endloop
  endfacet
  facet normal -0 0 1
    outer loop
      vertex 4.51104 4.04392 30
      vertex 8 0 30
      vertex 4.76012 4.34743 30
    endloop
  endfacet
  facet normal 0 0 1
    outer loop
      vertex 3.33342 12.9888 30
      vertex 7.12132 18.1213 30
      vertex 6.97804 18.2555 30
    endloop
  endfacet
  facet normal -0 0 1
    outer loop
      vertex 4.24264 3.75736 30
      vertex 8 0 30
      vertex 4.51104 4.04392 30
    endloop
  endfacet
  facet normal 0 0 1
    outer loop
      vertex 3.33342 12.9888 30
      vertex 6.97804 18.2555 30
      vertex 6.82628 18.3801 30
    endloop
  endfacet
  facet normal -0 0 1
    outer loop
      vertex 3.95607 3.48896 30
      vertex 8 0 30
      vertex 4.24264 3.75736 30
    endloop
  endfacet
  facet normal 0 0 1
    outer loop
      vertex 3.33342 12.9888 30
      vertex 6.82628 18.3801 30
      vertex 6.66671 18.4944 30
    endloop
  endfacet
  facet normal -0 0 1
    outer loop
      vertex 3.65257 3.23988 30
      vertex 8 0 30
      vertex 3.95607 3.48896 30
    endloop
  endfacet
  facet normal 0 0 1
    outer loop
      vertex 3.33342 12.9888 30
      vertex 6.66671 18.4944 30
      vertex 6.5 18.5981 30
    endloop
  endfacet
  facet normal -0 0 1
    outer loop
      vertex 3.33342 3.01118 30
      vertex 8 0 30
      vertex 3.65257 3.23988 30
    endloop
  endfacet
  facet normal 0 0 1
    outer loop
      vertex 3.33342 12.9888 30
      vertex 6.5 18.5981 30
      vertex 6.32687 18.6906 30
    endloop
  endfacet
  facet normal 0 0 1
    outer loop
      vertex 8 0 30
      vertex 3.33342 3.01118 30
      vertex 7.99358 -0.196209 30
    endloop
  endfacet
  facet normal 0 0 1
    outer loop
      vertex 3.33342 12.9888 30
      vertex 6.32687 18.6906 30
      vertex 6.14805 18.7716 30
    endloop
  endfacet
  facet normal 0 0 1
    outer loop
      vertex 7.99358 -0.196209 30
      vertex 3.33342 3.01118 30
      vertex 7.97433 -0.391578 30
    endloop
  endfacet
  facet normal 0 0 1
    outer loop
      vertex 7.97433 -0.391578 30
      vertex 3.33342 3.01118 30
      vertex 7.94236 -0.585271 30
    endloop
  endfacet
  facet normal 0 0 1
    outer loop
      vertex 8 16 30
      vertex 5.98715 8.39242 30
      vertex 6 8 30
    endloop
  endfacet
  facet normal 0 0 1
    outer loop
      vertex 3.33342 12.9888 30
      vertex 6.14805 18.7716 30
      vertex 5.96432 18.8408 30
    endloop
  endfacet
  facet normal 0 0 1
    outer loop
      vertex 8 16 30
      vertex 5.94867 8.78316 30
      vertex 5.98715 8.39242 30
    endloop
  endfacet
  facet normal 0 0 1
    outer loop
      vertex 8 16 30
      vertex 5.88471 9.17054 30
      vertex 5.94867 8.78316 30
    endloop
  endfacet
  facet normal 0 0 1
    outer loop
      vertex 8 16 30
      vertex 5.79555 9.55291 30
      vertex 5.88471 9.17054 30
    endloop
  endfacet
  facet normal 0 0 1
    outer loop
      vertex 3.33342 12.9888 30
      vertex 5.96432 18.8408 30
      vertex 5.77646 18.8978 30
    endloop
  endfacet
  facet normal 0 0 1
    outer loop
      vertex 8 16 30
      vertex 5.68158 9.92864 30
      vertex 5.79555 9.55291 30
    endloop
  endfacet
  facet normal 0 0 1
    outer loop
      vertex 3.33342 12.9888 30
      vertex 5.77646 18.8978 30
      vertex 5.58527 18.9424 30
    endloop
  endfacet
  facet normal 0 0 1
    outer loop
      vertex 8 16 30
      vertex 5.54328 10.2961 30
      vertex 5.68158 9.92864 30
    endloop
  endfacet
  facet normal 0 0 1
    outer loop
      vertex 3.33342 12.9888 30
      vertex 5.58527 18.9424 30
      vertex 5.39158 18.9743 30
    endloop
  endfacet
  facet normal 0 0 1
    outer loop
      vertex 8 16 30
      vertex 5.38124 10.6537 30
      vertex 5.54328 10.2961 30
    endloop
  endfacet
  facet normal 0 0 1
    outer loop
      vertex 3.33342 12.9888 30
      vertex 5.39158 18.9743 30
      vertex 5.19621 18.9936 30
    endloop
  endfacet
  facet normal 0 0 1
    outer loop
      vertex 8 16 30
      vertex 5.19615 11 30
      vertex 5.38124 10.6537 30
    endloop
  endfacet
  facet normal 0 0 1
    outer loop
      vertex 3.33342 12.9888 30
      vertex 5.19621 18.9936 30
      vertex 5 19 30
    endloop
  endfacet
  facet normal 0 0 1
    outer loop
      vertex 8 16 30
      vertex 4.98882 11.3334 30
      vertex 5.19615 11 30
    endloop
  endfacet
  facet normal 0 0 1
    outer loop
      vertex 8 16 30
      vertex 4.76012 11.6526 30
      vertex 4.98882 11.3334 30
    endloop
  endfacet
  facet normal 0 0 1
    outer loop
      vertex 8 16 30
      vertex 4.51104 11.9561 30
      vertex 4.76012 11.6526 30
    endloop
  endfacet
  facet normal 0 0 1
    outer loop
      vertex 8 16 30
      vertex 4.24264 12.2426 30
      vertex 4.51104 11.9561 30
    endloop
  endfacet
  facet normal 0 0 1
    outer loop
      vertex 8 16 30
      vertex 3.95607 12.511 30
      vertex 4.24264 12.2426 30
    endloop
  endfacet
  facet normal 0 0 1
    outer loop
      vertex 8 16 30
      vertex 3.65257 12.7601 30
      vertex 3.95607 12.511 30
    endloop
  endfacet
  facet normal 0 0 1
    outer loop
      vertex 8 16 30
      vertex 3.33342 12.9888 30
      vertex 3.65257 12.7601 30
    endloop
  endfacet
  facet normal 0 0 1
    outer loop
      vertex 5 19 30
      vertex 3 13.1962 30
      vertex 3.33342 12.9888 30
    endloop
  endfacet
  facet normal 0 0 1
    outer loop
      vertex 5 19 30
      vertex 2.65373 13.3812 30
      vertex 3 13.1962 30
    endloop
  endfacet
  facet normal 0 0 1
    outer loop
      vertex 5 19 30
      vertex 2.2961 13.5433 30
      vertex 2.65373 13.3812 30
    endloop
  endfacet
  facet normal 0 0 1
    outer loop
      vertex 5 19 30
      vertex 1.92864 13.6816 30
      vertex 2.2961 13.5433 30
    endloop
  endfacet
  facet normal 0 0 1
    outer loop
      vertex 5 19 30
      vertex 1.55291 13.7956 30
      vertex 1.92864 13.6816 30
    endloop
  endfacet
  facet normal 0 0 1
    outer loop
      vertex 5 19 30
      vertex 1.17054 13.8847 30
      vertex 1.55291 13.7956 30
    endloop
  endfacet
  facet normal 0 0 1
    outer loop
      vertex 5 19 30
      vertex 0.783156 13.9487 30
      vertex 1.17054 13.8847 30
    endloop
  endfacet
  facet normal 0 0 1
    outer loop
      vertex 5 19 30
      vertex 0.392418 13.9872 30
      vertex 0.783156 13.9487 30
    endloop
  endfacet
  facet normal 0 0 1
    outer loop
      vertex 5 19 30
      vertex 0 14 30
      vertex 0.392418 13.9872 30
    endloop
  endfacet
  facet normal -0 0 1
    outer loop
      vertex -5 19 30
      vertex 0 14 30
      vertex 5 19 30
    endloop
  endfacet
  facet normal 0 0 1
    outer loop
      vertex 0 14 30
      vertex -5 19 30
      vertex -0.392418 13.9872 30
    endloop
  endfacet
  facet normal 0 0 1
    outer loop
      vertex -0.392418 13.9872 30
      vertex -5 19 30
      vertex -0.783156 13.9487 30
    endloop
  endfacet
  facet normal 0 0 1
    outer loop
      vertex -0.783156 13.9487 30
      vertex -5 19 30
      vertex -1.17054 13.8847 30
    endloop
  endfacet
  facet normal 0 0 1
    outer loop
      vertex -1.17054 13.8847 30
      vertex -5 19 30
      vertex -1.55291 13.7956 30
    endloop
  endfacet
  facet normal 0 0 1
    outer loop
      vertex -1.55291 13.7956 30
      vertex -5 19 30
      vertex -1.92864 13.6816 30
    endloop
  endfacet
  facet normal 0 0 1
    outer loop
      vertex -1.92864 13.6816 30
      vertex -5 19 30
      vertex -2.2961 13.5433 30
    endloop
  endfacet
  facet normal 0 0 1
    outer loop
      vertex -2.2961 13.5433 30
      vertex -5 19 30
      vertex -2.65373 13.3812 30
    endloop
  endfacet
  facet normal 0 0 1
    outer loop
      vertex -2.65373 13.3812 30
      vertex -5 19 30
      vertex -3 13.1962 30
    endloop
  endfacet
  facet normal -0 0 1
    outer loop
      vertex -8 16 30
      vertex -3 13.1962 30
      vertex -5 19 30
    endloop
  endfacet
  facet normal 0 0 1
    outer loop
      vertex -3 13.1962 30
      vertex -8 16 30
      vertex -3.33342 12.9888 30
    endloop
  endfacet
  facet normal 0 0 1
    outer loop
      vertex -3.33342 12.9888 30
      vertex -8 16 30
      vertex -3.65257 12.7601 30
    endloop
  endfacet
  facet normal 0 0 1
    outer loop
      vertex -3.65257 12.7601 30
      vertex -8 16 30
      vertex -3.95607 12.511 30
    endloop
  endfacet
  facet normal 0 0 1
    outer loop
      vertex -3.95607 12.511 30
      vertex -8 16 30
      vertex -4.24264 12.2426 30
    endloop
  endfacet
  facet normal 0 0 1
    outer loop
      vertex -4.24264 12.2426 30
      vertex -8 16 30
      vertex -4.51104 11.9561 30
    endloop
  endfacet
  facet normal 0 0 1
    outer loop
      vertex -4.51104 11.9561 30
      vertex -8 16 30
      vertex -4.76012 11.6526 30
    endloop
  endfacet
  facet normal 0 0 1
    outer loop
      vertex -4.76012 11.6526 30
      vertex -8 16 30
      vertex -4.98882 11.3334 30
    endloop
  endfacet
  facet normal 0 0 1
    outer loop
      vertex -8 16 30
      vertex -5 19 30
      vertex -5.19621 18.9936 30
    endloop
  endfacet
  facet normal 0 0 1
    outer loop
      vertex -4.98882 11.3334 30
      vertex -8 16 30
      vertex -5.19615 11 30
    endloop
  endfacet
  facet normal 0 0 1
    outer loop
      vertex -8 16 30
      vertex -5.19621 18.9936 30
      vertex -5.39158 18.9743 30
    endloop
  endfacet
  facet normal 0 0 1
    outer loop
      vertex -5.19615 11 30
      vertex -8 16 30
      vertex -5.38124 10.6537 30
    endloop
  endfacet
  facet normal 0 0 1
    outer loop
      vertex -8 16 30
      vertex -5.39158 18.9743 30
      vertex -5.58527 18.9424 30
    endloop
  endfacet
  facet normal 0 0 1
    outer loop
      vertex -5.38124 10.6537 30
      vertex -8 16 30
      vertex -5.54328 10.2961 30
    endloop
  endfacet
  facet normal 0 0 1
    outer loop
      vertex -8 16 30
      vertex -5.58527 18.9424 30
      vertex -5.77646 18.8978 30
    endloop
  endfacet
  facet normal 0 0 1
    outer loop
      vertex -5.54328 10.2961 30
      vertex -8 16 30
      vertex -5.68158 9.92864 30
    endloop
  endfacet
  facet normal 0 0 1
    outer loop
      vertex -5.68158 9.92864 30
      vertex -8 16 30
      vertex -5.79555 9.55291 30
    endloop
  endfacet
  facet normal 0 0 1
    outer loop
      vertex -5.79555 9.55291 30
      vertex -8 16 30
      vertex -5.88471 9.17054 30
    endloop
  endfacet
  facet normal 0 0 1
    outer loop
      vertex -8 16 30
      vertex -5.77646 18.8978 30
      vertex -5.96432 18.8408 30
    endloop
  endfacet
  facet normal 0 0 1
    outer loop
      vertex -5.88471 9.17054 30
      vertex -8 16 30
      vertex -5.94867 8.78316 30
    endloop
  endfacet
  facet normal 0 0 1
    outer loop
      vertex -5.94867 8.78316 30
      vertex -8 16 30
      vertex -5.98715 8.39242 30
    endloop
  endfacet
  facet normal 0 0 1
    outer loop
      vertex -8 16 30
      vertex -5.96432 18.8408 30
      vertex -6.14805 18.7716 30
    endloop
  endfacet
  facet normal 0 0 1
    outer loop
      vertex 7.94236 -0.585271 30
      vertex 3.33342 3.01118 30
      vertex 7.89778 -0.776457 30
    endloop
  endfacet
  facet normal 0 0 1
    outer loop
      vertex 7.89778 -0.776457 30
      vertex 3.33342 3.01118 30
      vertex 7.84079 -0.964318 30
    endloop
  endfacet
  facet normal 0 0 1
    outer loop
      vertex 7.84079 -0.964318 30
      vertex 3.33342 3.01118 30
      vertex 7.77164 -1.14805 30
    endloop
  endfacet
  facet normal 0 0 1
    outer loop
      vertex 7.77164 -1.14805 30
      vertex 3.33342 3.01118 30
      vertex 7.69062 -1.32687 30
    endloop
  endfacet
  facet normal 0 0 1
    outer loop
      vertex 7.69062 -1.32687 30
      vertex 3.33342 3.01118 30
      vertex 7.59808 -1.5 30
    endloop
  endfacet
  facet normal 0 0 1
    outer loop
      vertex 7.59808 -1.5 30
      vertex 3.33342 3.01118 30
      vertex 7.49441 -1.66671 30
    endloop
  endfacet
  facet normal 0 0 1
    outer loop
      vertex 7.49441 -1.66671 30
      vertex 3.33342 3.01118 30
      vertex 7.38006 -1.82628 30
    endloop
  endfacet
  facet normal 0 0 1
    outer loop
      vertex 7.38006 -1.82628 30
      vertex 3.33342 3.01118 30
      vertex 7.25552 -1.97804 30
    endloop
  endfacet
  facet normal 0 0 1
    outer loop
      vertex 7.25552 -1.97804 30
      vertex 3.33342 3.01118 30
      vertex 7.12132 -2.12132 30
    endloop
  endfacet
  facet normal 0 0 1
    outer loop
      vertex 7.12132 -2.12132 30
      vertex 3.33342 3.01118 30
      vertex 6.97804 -2.25552 30
    endloop
  endfacet
  facet normal 0 0 1
    outer loop
      vertex 6.97804 -2.25552 30
      vertex 3.33342 3.01118 30
      vertex 6.82628 -2.38006 30
    endloop
  endfacet
  facet normal 0 0 1
    outer loop
      vertex 6.82628 -2.38006 30
      vertex 3.33342 3.01118 30
      vertex 6.66671 -2.49441 30
    endloop
  endfacet
  facet normal 0 0 1
    outer loop
      vertex 6.66671 -2.49441 30
      vertex 3.33342 3.01118 30
      vertex 6.5 -2.59808 30
    endloop
  endfacet
  facet normal 0 0 1
    outer loop
      vertex 6.5 -2.59808 30
      vertex 3.33342 3.01118 30
      vertex 6.32687 -2.69062 30
    endloop
  endfacet
  facet normal 0 0 1
    outer loop
      vertex 6.32687 -2.69062 30
      vertex 3.33342 3.01118 30
      vertex 6.14805 -2.77164 30
    endloop
  endfacet
  facet normal 0 0 1
    outer loop
      vertex 6.14805 -2.77164 30
      vertex 3.33342 3.01118 30
      vertex 5.96432 -2.84079 30
    endloop
  endfacet
  facet normal 0 0 1
    outer loop
      vertex 5.96432 -2.84079 30
      vertex 3.33342 3.01118 30
      vertex 5.77646 -2.89778 30
    endloop
  endfacet
  facet normal 0 0 1
    outer loop
      vertex 5.77646 -2.89778 30
      vertex 3.33342 3.01118 30
      vertex 5.58527 -2.94236 30
    endloop
  endfacet
  facet normal 0 0 1
    outer loop
      vertex 5.58527 -2.94236 30
      vertex 3.33342 3.01118 30
      vertex 5.39158 -2.97433 30
    endloop
  endfacet
  facet normal 0 0 1
    outer loop
      vertex 5.39158 -2.97433 30
      vertex 3.33342 3.01118 30
      vertex 5.19621 -2.99358 30
    endloop
  endfacet
  facet normal 0 0 1
    outer loop
      vertex 5.19621 -2.99358 30
      vertex 3.33342 3.01118 30
      vertex 5 -3 30
    endloop
  endfacet
  facet normal -0 0 1
    outer loop
      vertex 3 2.80385 30
      vertex 5 -3 30
      vertex 3.33342 3.01118 30
    endloop
  endfacet
  facet normal -0 0 1
    outer loop
      vertex 2.65373 2.61876 30
      vertex 5 -3 30
      vertex 3 2.80385 30
    endloop
  endfacet
  facet normal -0 0 1
    outer loop
      vertex 2.2961 2.45672 30
      vertex 5 -3 30
      vertex 2.65373 2.61876 30
    endloop
  endfacet
  facet normal -0 0 1
    outer loop
      vertex 1.92864 2.31842 30
      vertex 5 -3 30
      vertex 2.2961 2.45672 30
    endloop
  endfacet
  facet normal -0 0 1
    outer loop
      vertex 1.55291 2.20444 30
      vertex 5 -3 30
      vertex 1.92864 2.31842 30
    endloop
  endfacet
  facet normal -0 0 1
    outer loop
      vertex 1.17054 2.11529 30
      vertex 5 -3 30
      vertex 1.55291 2.20444 30
    endloop
  endfacet
  facet normal -0 0 1
    outer loop
      vertex 0.783156 2.05133 30
      vertex 5 -3 30
      vertex 1.17054 2.11529 30
    endloop
  endfacet
  facet normal -0 0 1
    outer loop
      vertex 0.392418 2.01285 30
      vertex 5 -3 30
      vertex 0.783156 2.05133 30
    endloop
  endfacet
  facet normal -0 0 1
    outer loop
      vertex 0 2 30
      vertex 5 -3 30
      vertex 0.392418 2.01285 30
    endloop
  endfacet
  facet normal 0 0 1
    outer loop
      vertex -5 -3 30
      vertex 0 2 30
      vertex -0.392418 2.01285 30
    endloop
  endfacet
  facet normal 0 0 1
    outer loop
      vertex -5 -3 30
      vertex -0.392418 2.01285 30
      vertex -0.783156 2.05133 30
    endloop
  endfacet
  facet normal 0 0 1
    outer loop
      vertex -5 -3 30
      vertex -0.783156 2.05133 30
      vertex -1.17054 2.11529 30
    endloop
  endfacet
  facet normal 0 0 1
    outer loop
      vertex -5 -3 30
      vertex -1.17054 2.11529 30
      vertex -1.55291 2.20444 30
    endloop
  endfacet
  facet normal 0 0 1
    outer loop
      vertex -5 -3 30
      vertex -1.55291 2.20444 30
      vertex -1.92864 2.31842 30
    endloop
  endfacet
  facet normal 0 0 1
    outer loop
      vertex -5 -3 30
      vertex -1.92864 2.31842 30
      vertex -2.2961 2.45672 30
    endloop
  endfacet
  facet normal 0 0 1
    outer loop
      vertex -5 -3 30
      vertex -2.2961 2.45672 30
      vertex -2.65373 2.61876 30
    endloop
  endfacet
  facet normal 0 0 1
    outer loop
      vertex -5 -3 30
      vertex -2.65373 2.61876 30
      vertex -3 2.80385 30
    endloop
  endfacet
  facet normal 0 0 1
    outer loop
      vertex -8 0 30
      vertex -3 2.80385 30
      vertex -3.33342 3.01118 30
    endloop
  endfacet
  facet normal 0 0 1
    outer loop
      vertex -8 0 30
      vertex -3.33342 3.01118 30
      vertex -3.65257 3.23988 30
    endloop
  endfacet
  facet normal 0 0 1
    outer loop
      vertex 0 2 30
      vertex -5 -3 30
      vertex 5 -3 30
    endloop
  endfacet
  facet normal 0 0 1
    outer loop
      vertex -8 0 30
      vertex -3.65257 3.23988 30
      vertex -3.95607 3.48896 30
    endloop
  endfacet
  facet normal 0 0 1
    outer loop
      vertex -8 0 30
      vertex -3.95607 3.48896 30
      vertex -4.24264 3.75736 30
    endloop
  endfacet
  facet normal 0 0 1
    outer loop
      vertex -8 0 30
      vertex -4.24264 3.75736 30
      vertex -4.51104 4.04392 30
    endloop
  endfacet
  facet normal 0 0 1
    outer loop
      vertex -8 0 30
      vertex -4.51104 4.04392 30
      vertex -4.76012 4.34743 30
    endloop
  endfacet
  facet normal 0 0 1
    outer loop
      vertex -8 0 30
      vertex -4.76012 4.34743 30
      vertex -4.98882 4.66658 30
    endloop
  endfacet
  facet normal 0 0 1
    outer loop
      vertex -8 0 30
      vertex -4.98882 4.66658 30
      vertex -5.19615 5 30
    endloop
  endfacet
  facet normal 0 0 1
    outer loop
      vertex -3 2.80385 30
      vertex -8 0 30
      vertex -5 -3 30
    endloop
  endfacet
  facet normal 0 0 1
    outer loop
      vertex -8 0 30
      vertex -5.19615 5 30
      vertex -5.38124 5.34627 30
    endloop
  endfacet
  facet normal 0 0 1
    outer loop
      vertex -5 -3 30
      vertex -8 0 30
      vertex -5.19621 -2.99358 30
    endloop
  endfacet
  facet normal 0 0 1
    outer loop
      vertex -8 0 30
      vertex -5.38124 5.34627 30
      vertex -5.54328 5.7039 30
    endloop
  endfacet
  facet normal 0 0 1
    outer loop
      vertex -5.19621 -2.99358 30
      vertex -8 0 30
      vertex -5.39158 -2.97433 30
    endloop
  endfacet
  facet normal 0 0 1
    outer loop
      vertex -8 0 30
      vertex -5.54328 5.7039 30
      vertex -5.68158 6.07136 30
    endloop
  endfacet
  facet normal 0 0 1
    outer loop
      vertex -5.39158 -2.97433 30
      vertex -8 0 30
      vertex -5.58527 -2.94236 30
    endloop
  endfacet
  facet normal 0 0 1
    outer loop
      vertex -8 0 30
      vertex -5.68158 6.07136 30
      vertex -5.79555 6.44709 30
    endloop
  endfacet
  facet normal 0 0 1
    outer loop
      vertex -8 0 30
      vertex -5.79555 6.44709 30
      vertex -5.88471 6.82946 30
    endloop
  endfacet
  facet normal 0 0 1
    outer loop
      vertex -8 0 30
      vertex -5.88471 6.82946 30
      vertex -5.94867 7.21684 30
    endloop
  endfacet
  facet normal 0 0 1
    outer loop
      vertex -5.58527 -2.94236 30
      vertex -8 0 30
      vertex -5.77646 -2.89778 30
    endloop
  endfacet
  facet normal 0 0 1
    outer loop
      vertex -8 0 30
      vertex -5.94867 7.21684 30
      vertex -5.98715 7.60758 30
    endloop
  endfacet
  facet normal 0 0 1
    outer loop
      vertex -8 0 30
      vertex -5.98715 7.60758 30
      vertex -6 8 30
    endloop
  endfacet
  facet normal 0 0 1
    outer loop
      vertex -5.98715 8.39242 30
      vertex -8 16 30
      vertex -6 8 30
    endloop
  endfacet
  facet normal 0 0 1
    outer loop
      vertex -8 0 30
      vertex -6 8 30
      vertex -8 16 30
    endloop
  endfacet
  facet normal 0 0 1
    outer loop
      vertex -8 16 30
      vertex -6.14805 18.7716 30
      vertex -6.32687 18.6906 30
    endloop
  endfacet
  facet normal 0 0 1
    outer loop
      vertex -5.77646 -2.89778 30
      vertex -8 0 30
      vertex -5.96432 -2.84079 30
    endloop
  endfacet
  facet normal 0 0 1
    outer loop
      vertex -8 16 30
      vertex -6.32687 18.6906 30
      vertex -6.5 18.5981 30
    endloop
  endfacet
  facet normal 0 0 1
    outer loop
      vertex -5.96432 -2.84079 30
      vertex -8 0 30
      vertex -6.14805 -2.77164 30
    endloop
  endfacet
  facet normal 0 0 1
    outer loop
      vertex -8 16 30
      vertex -6.5 18.5981 30
      vertex -6.66671 18.4944 30
    endloop
  endfacet
  facet normal 0 0 1
    outer loop
      vertex -6.14805 -2.77164 30
      vertex -8 0 30
      vertex -6.32687 -2.69062 30
    endloop
  endfacet
  facet normal 0 0 1
    outer loop
      vertex -8 16 30
      vertex -6.66671 18.4944 30
      vertex -6.82628 18.3801 30
    endloop
  endfacet
  facet normal 0 0 1
    outer loop
      vertex -6.32687 -2.69062 30
      vertex -8 0 30
      vertex -6.5 -2.59808 30
    endloop
  endfacet
  facet normal 0 0 1
    outer loop
      vertex -8 16 30
      vertex -6.82628 18.3801 30
      vertex -6.97804 18.2555 30
    endloop
  endfacet
  facet normal 0 0 1
    outer loop
      vertex -6.5 -2.59808 30
      vertex -8 0 30
      vertex -6.66671 -2.49441 30
    endloop
  endfacet
  facet normal 0 0 1
    outer loop
      vertex -8 16 30
      vertex -6.97804 18.2555 30
      vertex -7.12132 18.1213 30
    endloop
  endfacet
  facet normal 0 0 1
    outer loop
      vertex -6.66671 -2.49441 30
      vertex -8 0 30
      vertex -6.82628 -2.38006 30
    endloop
  endfacet
  facet normal 0 0 1
    outer loop
      vertex -8 16 30
      vertex -7.12132 18.1213 30
      vertex -7.25552 17.978 30
    endloop
  endfacet
  facet normal 0 0 1
    outer loop
      vertex -6.82628 -2.38006 30
      vertex -8 0 30
      vertex -6.97804 -2.25552 30
    endloop
  endfacet
  facet normal 0 0 1
    outer loop
      vertex -8 16 30
      vertex -7.25552 17.978 30
      vertex -7.38006 17.8263 30
    endloop
  endfacet
  facet normal 0 0 1
    outer loop
      vertex -6.97804 -2.25552 30
      vertex -8 0 30
      vertex -7.12132 -2.12132 30
    endloop
  endfacet
  facet normal 0 0 1
    outer loop
      vertex -8 16 30
      vertex -7.38006 17.8263 30
      vertex -7.49441 17.6667 30
    endloop
  endfacet
  facet normal 0 0 1
    outer loop
      vertex -7.12132 -2.12132 30
      vertex -8 0 30
      vertex -7.25552 -1.97804 30
    endloop
  endfacet
  facet normal 0 0 1
    outer loop
      vertex -8 16 30
      vertex -7.49441 17.6667 30
      vertex -7.59808 17.5 30
    endloop
  endfacet
  facet normal 0 0 1
    outer loop
      vertex -7.25552 -1.97804 30
      vertex -8 0 30
      vertex -7.38006 -1.82628 30
    endloop
  endfacet
  facet normal 0 0 1
    outer loop
      vertex -8 16 30
      vertex -7.59808 17.5 30
      vertex -7.69062 17.3269 30
    endloop
  endfacet
  facet normal 0 0 1
    outer loop
      vertex -7.38006 -1.82628 30
      vertex -8 0 30
      vertex -7.49441 -1.66671 30
    endloop
  endfacet
  facet normal 0 0 1
    outer loop
      vertex -8 16 30
      vertex -7.69062 17.3269 30
      vertex -7.77164 17.148 30
    endloop
  endfacet
  facet normal 0 0 1
    outer loop
      vertex -7.49441 -1.66671 30
      vertex -8 0 30
      vertex -7.59808 -1.5 30
    endloop
  endfacet
  facet normal 0 0 1
    outer loop
      vertex -8 16 30
      vertex -7.77164 17.148 30
      vertex -7.84079 16.9643 30
    endloop
  endfacet
  facet normal 0 0 1
    outer loop
      vertex -7.59808 -1.5 30
      vertex -8 0 30
      vertex -7.69062 -1.32687 30
    endloop
  endfacet
  facet normal 0 0 1
    outer loop
      vertex -8 16 30
      vertex -7.84079 16.9643 30
      vertex -7.89778 16.7765 30
    endloop
  endfacet
  facet normal 0 0 1
    outer loop
      vertex -7.69062 -1.32687 30
      vertex -8 0 30
      vertex -7.77164 -1.14805 30
    endloop
  endfacet
  facet normal 0 0 1
    outer loop
      vertex -8 16 30
      vertex -7.89778 16.7765 30
      vertex -7.94236 16.5853 30
    endloop
  endfacet
  facet normal 0 0 1
    outer loop
      vertex -7.77164 -1.14805 30
      vertex -8 0 30
      vertex -7.84079 -0.964318 30
    endloop
  endfacet
  facet normal 0 0 1
    outer loop
      vertex -8 16 30
      vertex -7.94236 16.5853 30
      vertex -7.97433 16.3916 30
    endloop
  endfacet
  facet normal 0 0 1
    outer loop
      vertex -7.84079 -0.964318 30
      vertex -8 0 30
      vertex -7.89778 -0.776457 30
    endloop
  endfacet
  facet normal 0 0 1
    outer loop
      vertex -8 16 30
      vertex -7.97433 16.3916 30
      vertex -7.99358 16.1962 30
    endloop
  endfacet
  facet normal 0 0 1
    outer loop
      vertex -7.89778 -0.776457 30
      vertex -8 0 30
      vertex -7.94236 -0.585271 30
    endloop
  endfacet
  facet normal 0 0 1
    outer loop
      vertex -7.94236 -0.585271 30
      vertex -8 0 30
      vertex -7.97433 -0.391578 30
    endloop
  endfacet
  facet normal 0 0 1
    outer loop
      vertex -7.97433 -0.391578 30
      vertex -8 0 30
      vertex -7.99358 -0.196209 30
    endloop
  endfacet
  facet normal 0 0 -1
    outer loop
      vertex 5.47885 0.859819 0
      vertex 8 0 0
      vertex 7.99358 -0.196209 0
    endloop
  endfacet
  facet normal 0 0 -1
    outer loop
      vertex 5.47885 0.859819 0
      vertex 7.99358 -0.196209 0
      vertex 7.97433 -0.391578 0
    endloop
  endfacet
  facet normal 0 0 -1
    outer loop
      vertex 5.47885 0.859819 0
      vertex 7.97433 -0.391578 0
      vertex 7.94236 -0.585271 0
    endloop
  endfacet
  facet normal 0 0 -1
    outer loop
      vertex 5.47885 0.859819 0
      vertex 7.94236 -0.585271 0
      vertex 7.89778 -0.776457 0
    endloop
  endfacet
  facet normal 0 0 -1
    outer loop
      vertex 5.47885 0.859819 0
      vertex 7.89778 -0.776457 0
      vertex 7.84079 -0.964318 0
    endloop
  endfacet
  facet normal 0 0 -1
    outer loop
      vertex 8 0 0
      vertex 7.79423 3.5 0
      vertex 8 3.88497 0
    endloop
  endfacet
  facet normal 0 0 -1
    outer loop
      vertex 5.47885 0.859819 0
      vertex 7.84079 -0.964318 0
      vertex 7.77164 -1.14805 0
    endloop
  endfacet
  facet normal 0 0 -1
    outer loop
      vertex 5.47885 0.859819 0
      vertex 7.77164 -1.14805 0
      vertex 7.69062 -1.32687 0
    endloop
  endfacet
  facet normal 0 0 -1
    outer loop
      vertex 5.47885 0.859819 0
      vertex 7.69062 -1.32687 0
      vertex 7.59808 -1.5 0
    endloop
  endfacet
  facet normal 0 0 -1
    outer loop
      vertex 5.00013 0.516773 0
      vertex 7.59808 -1.5 0
      vertex 7.49441 -1.66671 0
    endloop
  endfacet
  facet normal 0 0 -1
    outer loop
      vertex 8 0 0
      vertex 7.48323 2.99987 0
      vertex 7.79423 3.5 0
    endloop
  endfacet
  facet normal 0 0 -1
    outer loop
      vertex 5.00013 0.516773 0
      vertex 7.49441 -1.66671 0
      vertex 7.38006 -1.82628 0
    endloop
  endfacet
  facet normal 0 0 -1
    outer loop
      vertex 5.00013 0.516773 0
      vertex 7.38006 -1.82628 0
      vertex 7.25552 -1.97804 0
    endloop
  endfacet
  facet normal 0 0 -1
    outer loop
      vertex 8 0 0
      vertex 7.14018 2.52115 0
      vertex 7.48323 2.99987 0
    endloop
  endfacet
  facet normal 0 0 -1
    outer loop
      vertex 5.00013 0.516773 0
      vertex 7.25552 -1.97804 0
      vertex 7.12132 -2.12132 0
    endloop
  endfacet
  facet normal 0 0 -1
    outer loop
      vertex 5.00013 0.516773 0
      vertex 7.12132 -2.12132 0
      vertex 6.97804 -2.25552 0
    endloop
  endfacet
  facet normal 0 0 -1
    outer loop
      vertex 5.00013 0.516773 0
      vertex 6.97804 -2.25552 0
      vertex 6.82628 -2.38006 0
    endloop
  endfacet
  facet normal 0 0 -1
    outer loop
      vertex 8 0 0
      vertex 6.76656 2.06589 0
      vertex 7.14018 2.52115 0
    endloop
  endfacet
  facet normal 0 0 -1
    outer loop
      vertex 5.00013 0.516773 0
      vertex 6.82628 -2.38006 0
      vertex 6.66671 -2.49441 0
    endloop
  endfacet
  facet normal 0 0 -1
    outer loop
      vertex 5.00013 0.516773 0
      vertex 6.66671 -2.49441 0
      vertex 6.5 -2.59808 0
    endloop
  endfacet
  facet normal 0 0 -1
    outer loop
      vertex 8 0 0
      vertex 6.36396 1.63604 0
      vertex 6.76656 2.06589 0
    endloop
  endfacet
  facet normal 0 0 -1
    outer loop
      vertex 4.5 0.20577 0
      vertex 6.5 -2.59808 0
      vertex 6.32687 -2.69062 0
    endloop
  endfacet
  facet normal 0 0 -1
    outer loop
      vertex 4.5 0.20577 0
      vertex 6.32687 -2.69062 0
      vertex 6.14805 -2.77164 0
    endloop
  endfacet
  facet normal 0 0 -1
    outer loop
      vertex 4.5 0.20577 0
      vertex 6.14805 -2.77164 0
      vertex 5.96432 -2.84079 0
    endloop
  endfacet
  facet normal 0 0 -1
    outer loop
      vertex 8 0 0
      vertex 5.93411 1.23344 0
      vertex 6.36396 1.63604 0
    endloop
  endfacet
  facet normal 0 0 -1
    outer loop
      vertex 4.5 0.20577 0
      vertex 5.96432 -2.84079 0
      vertex 5.77646 -2.89778 0
    endloop
  endfacet
  facet normal 0 0 -1
    outer loop
      vertex 4.5 0.20577 0
      vertex 5.77646 -2.89778 0
      vertex 5.58527 -2.94236 0
    endloop
  endfacet
  facet normal 0 0 -1
    outer loop
      vertex 8 0 0
      vertex 5.47885 0.859819 0
      vertex 5.93411 1.23344 0
    endloop
  endfacet
  facet normal 0 0 -1
    outer loop
      vertex 4.5 0.20577 0
      vertex 5.58527 -2.94236 0
      vertex 5.39158 -2.97433 0
    endloop
  endfacet
  facet normal 0 0 -1
    outer loop
      vertex 4.5 0.20577 0
      vertex 5.39158 -2.97433 0
      vertex 5.19621 -2.99358 0
    endloop
  endfacet
  facet normal 0 0 -1
    outer loop
      vertex 7.59808 -1.5 0
      vertex 5.00013 0.516773 0
      vertex 5.47885 0.859819 0
    endloop
  endfacet
  facet normal 0 0 -1
    outer loop
      vertex 4.5 0.20577 0
      vertex 5.19621 -2.99358 0
      vertex 5 -3 0
    endloop
  endfacet
  facet normal 0 0 -1
    outer loop
      vertex 6.5 -2.59808 0
      vertex 4.5 0.20577 0
      vertex 5.00013 0.516773 0
    endloop
  endfacet
  facet normal 0 0 -1
    outer loop
      vertex 5 -3 0
      vertex 3.9806 -0.0718546 0
      vertex 4.5 0.20577 0
    endloop
  endfacet
  facet normal 0 0 -1
    outer loop
      vertex 5 -3 0
      vertex 3.44415 -0.314916 0
      vertex 3.9806 -0.0718546 0
    endloop
  endfacet
  facet normal 0 0 -1
    outer loop
      vertex 5 -3 0
      vertex 2.89295 -0.52237 0
      vertex 3.44415 -0.314916 0
    endloop
  endfacet
  facet normal 0 0 -1
    outer loop
      vertex 5 -3 0
      vertex 2.32937 -0.693332 0
      vertex 2.89295 -0.52237 0
    endloop
  endfacet
  facet normal 0 0 -1
    outer loop
      vertex 5 -3 0
      vertex 1.75581 -0.827067 0
      vertex 2.32937 -0.693332 0
    endloop
  endfacet
  facet normal 0 0 -1
    outer loop
      vertex 5 -3 0
      vertex 1.17474 -0.923003 0
      vertex 1.75581 -0.827067 0
    endloop
  endfacet
  facet normal 0 0 -1
    outer loop
      vertex 5 -3 0
      vertex 0.588628 -0.98073 0
      vertex 1.17474 -0.923003 0
    endloop
  endfacet
  facet normal 0 0 -1
    outer loop
      vertex 5 -3 0
      vertex 0 -1 0
      vertex 0.588628 -0.98073 0
    endloop
  endfacet
  facet normal 0 0 -1
    outer loop
      vertex -5 -3 0
      vertex 0 -1 0
      vertex 5 -3 0
    endloop
  endfacet
  facet normal -0 0 -1
    outer loop
      vertex 0 -1 0
      vertex -5 -3 0
      vertex -0.588628 -0.98073 0
    endloop
  endfacet
  facet normal -0 0 -1
    outer loop
      vertex -0.588628 -0.98073 0
      vertex -5 -3 0
      vertex -1.17474 -0.923003 0
    endloop
  endfacet
  facet normal -0 0 -1
    outer loop
      vertex -1.17474 -0.923003 0
      vertex -5 -3 0
      vertex -1.75581 -0.827067 0
    endloop
  endfacet
  facet normal -0 0 -1
    outer loop
      vertex -1.75581 -0.827067 0
      vertex -5 -3 0
      vertex -2.32937 -0.693332 0
    endloop
  endfacet
  facet normal -0 0 -1
    outer loop
      vertex -2.32937 -0.693332 0
      vertex -5 -3 0
      vertex -2.89295 -0.52237 0
    endloop
  endfacet
  facet normal 0 0 -1
    outer loop
      vertex -5 -3 0
      vertex -3.44415 -0.314916 0
      vertex -2.89295 -0.52237 0
    endloop
  endfacet
  facet normal 0 0 -1
    outer loop
      vertex -5 -3 0
      vertex -3.9806 -0.0718546 0
      vertex -3.44415 -0.314916 0
    endloop
  endfacet
  facet normal 0 0 -1
    outer loop
      vertex -5 -3 0
      vertex -4.5 0.20577 0
      vertex -3.9806 -0.0718546 0
    endloop
  endfacet
  facet normal 0 0 -1
    outer loop
      vertex -5.19621 -2.99358 0
      vertex -4.5 0.20577 0
      vertex -5 -3 0
    endloop
  endfacet
  facet normal 0 0 -1
    outer loop
      vertex -5.39158 -2.97433 0
      vertex -4.5 0.20577 0
      vertex -5.19621 -2.99358 0
    endloop
  endfacet
  facet normal 0 0 -1
    outer loop
      vertex -5.58527 -2.94236 0
      vertex -4.5 0.20577 0
      vertex -5.39158 -2.97433 0
    endloop
  endfacet
  facet normal 0 0 -1
    outer loop
      vertex -5.77646 -2.89778 0
      vertex -4.5 0.20577 0
      vertex -5.58527 -2.94236 0
    endloop
  endfacet
  facet normal 0 0 -1
    outer loop
      vertex -5.96432 -2.84079 0
      vertex -4.5 0.20577 0
      vertex -5.77646 -2.89778 0
    endloop
  endfacet
  facet normal 0 0 -1
    outer loop
      vertex -6.14805 -2.77164 0
      vertex -4.5 0.20577 0
      vertex -5.96432 -2.84079 0
    endloop
  endfacet
  facet normal 0 0 -1
    outer loop
      vertex -6.32687 -2.69062 0
      vertex -4.5 0.20577 0
      vertex -6.14805 -2.77164 0
    endloop
  endfacet
  facet normal 0 0 -1
    outer loop
      vertex -6.5 -2.59808 0
      vertex -4.5 0.20577 0
      vertex -6.32687 -2.69062 0
    endloop
  endfacet
  facet normal -0 0 -1
    outer loop
      vertex -4.5 0.20577 0
      vertex -6.5 -2.59808 0
      vertex -5.00013 0.516773 0
    endloop
  endfacet
  facet normal 0 0 -1
    outer loop
      vertex -6.66671 -2.49441 0
      vertex -5.00013 0.516773 0
      vertex -6.5 -2.59808 0
    endloop
  endfacet
  facet normal 0 0 -1
    outer loop
      vertex -6.82628 -2.38006 0
      vertex -5.00013 0.516773 0
      vertex -6.66671 -2.49441 0
    endloop
  endfacet
  facet normal 0 0 -1
    outer loop
      vertex -6.97804 -2.25552 0
      vertex -5.00013 0.516773 0
      vertex -6.82628 -2.38006 0
    endloop
  endfacet
  facet normal 0 0 -1
    outer loop
      vertex -7.12132 -2.12132 0
      vertex -5.00013 0.516773 0
      vertex -6.97804 -2.25552 0
    endloop
  endfacet
  facet normal 0 0 -1
    outer loop
      vertex -7.25552 -1.97804 0
      vertex -5.00013 0.516773 0
      vertex -7.12132 -2.12132 0
    endloop
  endfacet
  facet normal 0 0 -1
    outer loop
      vertex -7.38006 -1.82628 0
      vertex -5.00013 0.516773 0
      vertex -7.25552 -1.97804 0
    endloop
  endfacet
  facet normal 0 0 -1
    outer loop
      vertex -7.49441 -1.66671 0
      vertex -5.00013 0.516773 0
      vertex -7.38006 -1.82628 0
    endloop
  endfacet
  facet normal 0 0 -1
    outer loop
      vertex -7.59808 -1.5 0
      vertex -5.00013 0.516773 0
      vertex -7.49441 -1.66671 0
    endloop
  endfacet
  facet normal -0 0 -1
    outer loop
      vertex -5.00013 0.516773 0
      vertex -7.59808 -1.5 0
      vertex -5.47885 0.859819 0
    endloop
  endfacet
  facet normal 0 0 -1
    outer loop
      vertex -7.69062 -1.32687 0
      vertex -5.47885 0.859819 0
      vertex -7.59808 -1.5 0
    endloop
  endfacet
  facet normal 0 0 -1
    outer loop
      vertex -7.77164 -1.14805 0
      vertex -5.47885 0.859819 0
      vertex -7.69062 -1.32687 0
    endloop
  endfacet
  facet normal -0 0 -1
    outer loop
      vertex -6.76656 2.06589 0
      vertex -8 0 0
      vertex -7.14018 2.52115 0
    endloop
  endfacet
  facet normal 0 0 -1
    outer loop
      vertex -7.84079 -0.964318 0
      vertex -5.47885 0.859819 0
      vertex -7.77164 -1.14805 0
    endloop
  endfacet
  facet normal 0 0 -1
    outer loop
      vertex -7.89778 -0.776457 0
      vertex -5.47885 0.859819 0
      vertex -7.84079 -0.964318 0
    endloop
  endfacet
  facet normal 0 0 -1
    outer loop
      vertex -7.94236 -0.585271 0
      vertex -5.47885 0.859819 0
      vertex -7.89778 -0.776457 0
    endloop
  endfacet
  facet normal 0 0 -1
    outer loop
      vertex -7.97433 -0.391578 0
      vertex -5.47885 0.859819 0
      vertex -7.94236 -0.585271 0
    endloop
  endfacet
  facet normal -0 0 -1
    outer loop
      vertex -7.14018 2.52115 0
      vertex -8 0 0
      vertex -7.48323 2.99987 0
    endloop
  endfacet
  facet normal 0 0 -1
    outer loop
      vertex -7.99358 -0.196209 0
      vertex -5.47885 0.859819 0
      vertex -7.97433 -0.391578 0
    endloop
  endfacet
  facet normal 0 0 -1
    outer loop
      vertex -8 0 0
      vertex -5.47885 0.859819 0
      vertex -7.99358 -0.196209 0
    endloop
  endfacet
  facet normal -0 0 -1
    outer loop
      vertex -5.47885 0.859819 0
      vertex -8 0 0
      vertex -5.93411 1.23344 0
    endloop
  endfacet
  facet normal -0 0 -1
    outer loop
      vertex -5.93411 1.23344 0
      vertex -8 0 0
      vertex -6.36396 1.63604 0
    endloop
  endfacet
  facet normal -0 0 -1
    outer loop
      vertex -6.36396 1.63604 0
      vertex -8 0 0
      vertex -6.76656 2.06589 0
    endloop
  endfacet
  facet normal -0 0 -1
    outer loop
      vertex -7.48323 2.99987 0
      vertex -8 0 0
      vertex -7.79423 3.5 0
    endloop
  endfacet
  facet normal -0 0 -1
    outer loop
      vertex -7.79423 3.5 0
      vertex -8 0 0
      vertex -8 3.88497 0
    endloop
  endfacet
  facet normal 0 0 1
    outer loop
      vertex 8.98073 8.58863 0
      vertex 8.98073 7.41137 0
      vertex 9 8 0
    endloop
  endfacet
  facet normal 0 0 1
    outer loop
      vertex 8.923 9.17474 0
      vertex 8.98073 7.41137 0
      vertex 8.98073 8.58863 0
    endloop
  endfacet
  facet normal 0 0 1
    outer loop
      vertex 8.923 9.17474 0
      vertex 8.923 6.82526 0
      vertex 8.98073 7.41137 0
    endloop
  endfacet
  facet normal 0 0 1
    outer loop
      vertex 8.82707 9.75581 0
      vertex 8.923 6.82526 0
      vertex 8.923 9.17474 0
    endloop
  endfacet
  facet normal 0 0 1
    outer loop
      vertex 8.82707 9.75581 0
      vertex 8.82707 6.24419 0
      vertex 8.923 6.82526 0
    endloop
  endfacet
  facet normal 0 0 1
    outer loop
      vertex 8.69333 10.3294 0
      vertex 8.82707 6.24419 0
      vertex 8.82707 9.75581 0
    endloop
  endfacet
  facet normal 0 0 1
    outer loop
      vertex 8.69333 10.3294 0
      vertex 8.69333 5.67063 0
      vertex 8.82707 6.24419 0
    endloop
  endfacet
  facet normal 0 0 1
    outer loop
      vertex 8.52237 10.893 0
      vertex 8.69333 5.67063 0
      vertex 8.69333 10.3294 0
    endloop
  endfacet
  facet normal 0 0 1
    outer loop
      vertex 8.52237 10.893 0
      vertex 8.52237 5.10704 0
      vertex 8.69333 5.67063 0
    endloop
  endfacet
  facet normal 0 0 1
    outer loop
      vertex 8.31492 11.4441 0
      vertex 8.52237 5.10704 0
      vertex 8.52237 10.893 0
    endloop
  endfacet
  facet normal 0 0 1
    outer loop
      vertex 8.31492 11.4441 0
      vertex 8.31492 4.55585 0
      vertex 8.52237 5.10704 0
    endloop
  endfacet
  facet normal 0 0 1
    outer loop
      vertex 8 12.115 0
      vertex 8.31492 11.4441 0
      vertex 8.07185 11.9806 0
    endloop
  endfacet
  facet normal 0 0 1
    outer loop
      vertex 8.31492 11.4441 0
      vertex 8 12.115 0
      vertex 8.31492 4.55585 0
    endloop
  endfacet
  facet normal 0 0 1
    outer loop
      vertex 8 3.88497 0
      vertex 8.31492 4.55585 0
      vertex 8 12.115 0
    endloop
  endfacet
  facet normal 0 0 1
    outer loop
      vertex 8.31492 4.55585 0
      vertex 8 3.88497 0
      vertex 8.07185 4.0194 0
    endloop
  endfacet
  facet normal 0 0 -1
    outer loop
      vertex 7.79423 12.5 0
      vertex 8 16 0
      vertex 8 12.115 0
    endloop
  endfacet
  facet normal 0 0 -1
    outer loop
      vertex 7.48323 13.0001 0
      vertex 8 16 0
      vertex 7.79423 12.5 0
    endloop
  endfacet
  facet normal 0 0 -1
    outer loop
      vertex 7.14018 13.4789 0
      vertex 8 16 0
      vertex 7.48323 13.0001 0
    endloop
  endfacet
  facet normal 0 0 -1
    outer loop
      vertex 6.76656 13.9341 0
      vertex 8 16 0
      vertex 7.14018 13.4789 0
    endloop
  endfacet
  facet normal 0 0 -1
    outer loop
      vertex 6.36396 14.364 0
      vertex 8 16 0
      vertex 6.76656 13.9341 0
    endloop
  endfacet
  facet normal 0 0 -1
    outer loop
      vertex 5.93411 14.7666 0
      vertex 8 16 0
      vertex 6.36396 14.364 0
    endloop
  endfacet
  facet normal 0 0 -1
    outer loop
      vertex 5.47885 15.1402 0
      vertex 8 16 0
      vertex 5.93411 14.7666 0
    endloop
  endfacet
  facet normal -0 0 -1
    outer loop
      vertex 8 16 0
      vertex 5.47885 15.1402 0
      vertex 7.99358 16.1962 0
    endloop
  endfacet
  facet normal -0 0 -1
    outer loop
      vertex 7.99358 16.1962 0
      vertex 5.47885 15.1402 0
      vertex 7.97433 16.3916 0
    endloop
  endfacet
  facet normal -0 0 -1
    outer loop
      vertex 7.97433 16.3916 0
      vertex 5.47885 15.1402 0
      vertex 7.94236 16.5853 0
    endloop
  endfacet
  facet normal -0 0 -1
    outer loop
      vertex 7.94236 16.5853 0
      vertex 5.47885 15.1402 0
      vertex 7.89778 16.7765 0
    endloop
  endfacet
  facet normal -0 0 -1
    outer loop
      vertex 7.89778 16.7765 0
      vertex 5.47885 15.1402 0
      vertex 7.84079 16.9643 0
    endloop
  endfacet
  facet normal -0 0 -1
    outer loop
      vertex 7.84079 16.9643 0
      vertex 5.47885 15.1402 0
      vertex 7.77164 17.148 0
    endloop
  endfacet
  facet normal -0 0 -1
    outer loop
      vertex 7.77164 17.148 0
      vertex 5.47885 15.1402 0
      vertex 7.69062 17.3269 0
    endloop
  endfacet
  facet normal -0 0 -1
    outer loop
      vertex 7.69062 17.3269 0
      vertex 5.47885 15.1402 0
      vertex 7.59808 17.5 0
    endloop
  endfacet
  facet normal 0 0 -1
    outer loop
      vertex 5.00013 15.4832 0
      vertex 7.59808 17.5 0
      vertex 5.47885 15.1402 0
    endloop
  endfacet
  facet normal -0 0 -1
    outer loop
      vertex 7.59808 17.5 0
      vertex 5.00013 15.4832 0
      vertex 7.49441 17.6667 0
    endloop
  endfacet
  facet normal -0 0 -1
    outer loop
      vertex 7.49441 17.6667 0
      vertex 5.00013 15.4832 0
      vertex 7.38006 17.8263 0
    endloop
  endfacet
  facet normal -0 0 -1
    outer loop
      vertex 7.38006 17.8263 0
      vertex 5.00013 15.4832 0
      vertex 7.25552 17.978 0
    endloop
  endfacet
  facet normal -0 0 -1
    outer loop
      vertex 7.25552 17.978 0
      vertex 5.00013 15.4832 0
      vertex 7.12132 18.1213 0
    endloop
  endfacet
  facet normal -0 0 -1
    outer loop
      vertex 7.12132 18.1213 0
      vertex 5.00013 15.4832 0
      vertex 6.97804 18.2555 0
    endloop
  endfacet
  facet normal -0 0 -1
    outer loop
      vertex 6.97804 18.2555 0
      vertex 5.00013 15.4832 0
      vertex 6.82628 18.3801 0
    endloop
  endfacet
  facet normal -0 0 -1
    outer loop
      vertex 6.82628 18.3801 0
      vertex 5.00013 15.4832 0
      vertex 6.66671 18.4944 0
    endloop
  endfacet
  facet normal -0 0 -1
    outer loop
      vertex 6.66671 18.4944 0
      vertex 5.00013 15.4832 0
      vertex 6.5 18.5981 0
    endloop
  endfacet
  facet normal 0 0 -1
    outer loop
      vertex 4.5 15.7942 0
      vertex 6.5 18.5981 0
      vertex 5.00013 15.4832 0
    endloop
  endfacet
  facet normal -0 0 -1
    outer loop
      vertex 6.5 18.5981 0
      vertex 4.5 15.7942 0
      vertex 6.32687 18.6906 0
    endloop
  endfacet
  facet normal -0 0 -1
    outer loop
      vertex 6.32687 18.6906 0
      vertex 4.5 15.7942 0
      vertex 6.14805 18.7716 0
    endloop
  endfacet
  facet normal -0 0 -1
    outer loop
      vertex 6.14805 18.7716 0
      vertex 4.5 15.7942 0
      vertex 5.96432 18.8408 0
    endloop
  endfacet
  facet normal -0 0 -1
    outer loop
      vertex 5.96432 18.8408 0
      vertex 4.5 15.7942 0
      vertex 5.77646 18.8978 0
    endloop
  endfacet
  facet normal -0 0 -1
    outer loop
      vertex 5.77646 18.8978 0
      vertex 4.5 15.7942 0
      vertex 5.58527 18.9424 0
    endloop
  endfacet
  facet normal -0 0 -1
    outer loop
      vertex 5.58527 18.9424 0
      vertex 4.5 15.7942 0
      vertex 5.39158 18.9743 0
    endloop
  endfacet
  facet normal -0 0 -1
    outer loop
      vertex 5.39158 18.9743 0
      vertex 4.5 15.7942 0
      vertex 5.19621 18.9936 0
    endloop
  endfacet
  facet normal -0 0 -1
    outer loop
      vertex 5.19621 18.9936 0
      vertex 4.5 15.7942 0
      vertex 5 19 0
    endloop
  endfacet
  facet normal 0 0 -1
    outer loop
      vertex 3.9806 16.0719 0
      vertex 5 19 0
      vertex 4.5 15.7942 0
    endloop
  endfacet
  facet normal 0 0 -1
    outer loop
      vertex 3.44415 16.3149 0
      vertex 5 19 0
      vertex 3.9806 16.0719 0
    endloop
  endfacet
  facet normal 0 0 -1
    outer loop
      vertex 2.89295 16.5224 0
      vertex 5 19 0
      vertex 3.44415 16.3149 0
    endloop
  endfacet
  facet normal 0 0 -1
    outer loop
      vertex 2.32937 16.6933 0
      vertex 5 19 0
      vertex 2.89295 16.5224 0
    endloop
  endfacet
  facet normal 0 0 -1
    outer loop
      vertex 1.75581 16.8271 0
      vertex 5 19 0
      vertex 2.32937 16.6933 0
    endloop
  endfacet
  facet normal 0 0 -1
    outer loop
      vertex 1.17474 16.923 0
      vertex 5 19 0
      vertex 1.75581 16.8271 0
    endloop
  endfacet
  facet normal 0 0 -1
    outer loop
      vertex 0.588628 16.9807 0
      vertex 5 19 0
      vertex 1.17474 16.923 0
    endloop
  endfacet
  facet normal 0 0 -1
    outer loop
      vertex 0 17 0
      vertex 5 19 0
      vertex 0.588628 16.9807 0
    endloop
  endfacet
  facet normal 0 0 -1
    outer loop
      vertex -5 19 0
      vertex 0 17 0
      vertex -0.588628 16.9807 0
    endloop
  endfacet
  facet normal 0 0 -1
    outer loop
      vertex -5 19 0
      vertex -0.588628 16.9807 0
      vertex -1.17474 16.923 0
    endloop
  endfacet
  facet normal 0 0 -1
    outer loop
      vertex -5 19 0
      vertex -1.17474 16.923 0
      vertex -1.75581 16.8271 0
    endloop
  endfacet
  facet normal 0 0 -1
    outer loop
      vertex -5 19 0
      vertex -1.75581 16.8271 0
      vertex -2.32937 16.6933 0
    endloop
  endfacet
  facet normal 0 0 -1
    outer loop
      vertex -5 19 0
      vertex -2.32937 16.6933 0
      vertex -2.89295 16.5224 0
    endloop
  endfacet
  facet normal 0 0 -1
    outer loop
      vertex 0 17 0
      vertex -5 19 0
      vertex 5 19 0
    endloop
  endfacet
  facet normal 0 0 -1
    outer loop
      vertex -3.44415 16.3149 0
      vertex -5 19 0
      vertex -2.89295 16.5224 0
    endloop
  endfacet
  facet normal 0 0 -1
    outer loop
      vertex -3.9806 16.0719 0
      vertex -5 19 0
      vertex -3.44415 16.3149 0
    endloop
  endfacet
  facet normal 0 0 -1
    outer loop
      vertex -4.5 15.7942 0
      vertex -5 19 0
      vertex -3.9806 16.0719 0
    endloop
  endfacet
  facet normal 0 0 -1
    outer loop
      vertex -6.5 18.5981 0
      vertex -4.5 15.7942 0
      vertex -5.00013 15.4832 0
    endloop
  endfacet
  facet normal 0 0 -1
    outer loop
      vertex -4.5 15.7942 0
      vertex -5.19621 18.9936 0
      vertex -5 19 0
    endloop
  endfacet
  facet normal 0 0 -1
    outer loop
      vertex -4.5 15.7942 0
      vertex -5.39158 18.9743 0
      vertex -5.19621 18.9936 0
    endloop
  endfacet
  facet normal 0 0 -1
    outer loop
      vertex -7.59808 17.5 0
      vertex -5.00013 15.4832 0
      vertex -5.47885 15.1402 0
    endloop
  endfacet
  facet normal 0 0 -1
    outer loop
      vertex -4.5 15.7942 0
      vertex -5.58527 18.9424 0
      vertex -5.39158 18.9743 0
    endloop
  endfacet
  facet normal 0 0 -1
    outer loop
      vertex -4.5 15.7942 0
      vertex -5.77646 18.8978 0
      vertex -5.58527 18.9424 0
    endloop
  endfacet
  facet normal 0 0 -1
    outer loop
      vertex -8 16 0
      vertex -5.47885 15.1402 0
      vertex -5.93411 14.7666 0
    endloop
  endfacet
  facet normal 0 0 -1
    outer loop
      vertex -4.5 15.7942 0
      vertex -5.96432 18.8408 0
      vertex -5.77646 18.8978 0
    endloop
  endfacet
  facet normal 0 0 -1
    outer loop
      vertex -4.5 15.7942 0
      vertex -6.14805 18.7716 0
      vertex -5.96432 18.8408 0
    endloop
  endfacet
  facet normal 0 0 -1
    outer loop
      vertex -4.5 15.7942 0
      vertex -6.32687 18.6906 0
      vertex -6.14805 18.7716 0
    endloop
  endfacet
  facet normal 0 0 -1
    outer loop
      vertex -8 16 0
      vertex -5.93411 14.7666 0
      vertex -6.36396 14.364 0
    endloop
  endfacet
  facet normal 0 0 -1
    outer loop
      vertex -4.5 15.7942 0
      vertex -6.5 18.5981 0
      vertex -6.32687 18.6906 0
    endloop
  endfacet
  facet normal 0 0 -1
    outer loop
      vertex -5.00013 15.4832 0
      vertex -6.66671 18.4944 0
      vertex -6.5 18.5981 0
    endloop
  endfacet
  facet normal 0 0 -1
    outer loop
      vertex -8 16 0
      vertex -6.36396 14.364 0
      vertex -6.76656 13.9341 0
    endloop
  endfacet
  facet normal 0 0 -1
    outer loop
      vertex -5.00013 15.4832 0
      vertex -6.82628 18.3801 0
      vertex -6.66671 18.4944 0
    endloop
  endfacet
  facet normal 0 0 -1
    outer loop
      vertex -5.00013 15.4832 0
      vertex -6.97804 18.2555 0
      vertex -6.82628 18.3801 0
    endloop
  endfacet
  facet normal 0 0 -1
    outer loop
      vertex -5.00013 15.4832 0
      vertex -7.12132 18.1213 0
      vertex -6.97804 18.2555 0
    endloop
  endfacet
  facet normal 0 0 -1
    outer loop
      vertex -8 16 0
      vertex -6.76656 13.9341 0
      vertex -7.14018 13.4789 0
    endloop
  endfacet
  facet normal 0 0 -1
    outer loop
      vertex -5.47885 15.1402 0
      vertex -8 16 0
      vertex -7.99358 16.1962 0
    endloop
  endfacet
  facet normal 0 0 -1
    outer loop
      vertex -5.00013 15.4832 0
      vertex -7.25552 17.978 0
      vertex -7.12132 18.1213 0
    endloop
  endfacet
  facet normal 0 0 -1
    outer loop
      vertex -8 16 0
      vertex -7.14018 13.4789 0
      vertex -7.48323 13.0001 0
    endloop
  endfacet
  facet normal 0 0 -1
    outer loop
      vertex -5.00013 15.4832 0
      vertex -7.38006 17.8263 0
      vertex -7.25552 17.978 0
    endloop
  endfacet
  facet normal 0 0 -1
    outer loop
      vertex -5.00013 15.4832 0
      vertex -7.49441 17.6667 0
      vertex -7.38006 17.8263 0
    endloop
  endfacet
  facet normal 0 0 -1
    outer loop
      vertex -5.00013 15.4832 0
      vertex -7.59808 17.5 0
      vertex -7.49441 17.6667 0
    endloop
  endfacet
  facet normal 0 0 -1
    outer loop
      vertex -5.47885 15.1402 0
      vertex -7.69062 17.3269 0
      vertex -7.59808 17.5 0
    endloop
  endfacet
  facet normal 0 0 -1
    outer loop
      vertex -8 16 0
      vertex -7.48323 13.0001 0
      vertex -7.79423 12.5 0
    endloop
  endfacet
  facet normal 0 0 -1
    outer loop
      vertex -5.47885 15.1402 0
      vertex -7.77164 17.148 0
      vertex -7.69062 17.3269 0
    endloop
  endfacet
  facet normal 0 0 -1
    outer loop
      vertex -5.47885 15.1402 0
      vertex -7.84079 16.9643 0
      vertex -7.77164 17.148 0
    endloop
  endfacet
  facet normal 0 0 -1
    outer loop
      vertex -5.47885 15.1402 0
      vertex -7.89778 16.7765 0
      vertex -7.84079 16.9643 0
    endloop
  endfacet
  facet normal 0 0 -1
    outer loop
      vertex -5.47885 15.1402 0
      vertex -7.94236 16.5853 0
      vertex -7.89778 16.7765 0
    endloop
  endfacet
  facet normal 0 0 -1
    outer loop
      vertex -5.47885 15.1402 0
      vertex -7.97433 16.3916 0
      vertex -7.94236 16.5853 0
    endloop
  endfacet
  facet normal 0 0 -1
    outer loop
      vertex -8 16 0
      vertex -7.79423 12.5 0
      vertex -8 12.115 0
    endloop
  endfacet
  facet normal 0 0 -1
    outer loop
      vertex -5.47885 15.1402 0
      vertex -7.99358 16.1962 0
      vertex -7.97433 16.3916 0
    endloop
  endfacet
  facet normal 0 0 1
    outer loop
      vertex -8.31492 11.4441 0
      vertex -8 12.115 0
      vertex -8.07185 11.9806 0
    endloop
  endfacet
  facet normal 0 0 1
    outer loop
      vertex -8 12.115 0
      vertex -8.31492 11.4441 0
      vertex -8 3.88497 0
    endloop
  endfacet
  facet normal -0 0 1
    outer loop
      vertex -8.31492 4.55585 0
      vertex -8 3.88497 0
      vertex -8.31492 11.4441 0
    endloop
  endfacet
  facet normal 0 0 1
    outer loop
      vertex -8 3.88497 0
      vertex -8.31492 4.55585 0
      vertex -8.07185 4.0194 0
    endloop
  endfacet
  facet normal -0 0 1
    outer loop
      vertex -8.52237 10.893 0
      vertex -8.31492 4.55585 0
      vertex -8.31492 11.4441 0
    endloop
  endfacet
  facet normal 0 0 1
    outer loop
      vertex -8.52237 10.893 0
      vertex -8.52237 5.10704 0
      vertex -8.31492 4.55585 0
    endloop
  endfacet
  facet normal -0 0 1
    outer loop
      vertex -8.69333 10.3294 0
      vertex -8.52237 5.10704 0
      vertex -8.52237 10.893 0
    endloop
  endfacet
  facet normal 0 0 1
    outer loop
      vertex -8.69333 10.3294 0
      vertex -8.69333 5.67063 0
      vertex -8.52237 5.10704 0
    endloop
  endfacet
  facet normal -0 0 1
    outer loop
      vertex -8.82707 9.75581 0
      vertex -8.69333 5.67063 0
      vertex -8.69333 10.3294 0
    endloop
  endfacet
  facet normal 0 0 1
    outer loop
      vertex -8.82707 9.75581 0
      vertex -8.82707 6.24419 0
      vertex -8.69333 5.67063 0
    endloop
  endfacet
  facet normal -0 0 1
    outer loop
      vertex -8.923 9.17474 0
      vertex -8.82707 6.24419 0
      vertex -8.82707 9.75581 0
    endloop
  endfacet
  facet normal 0 0 1
    outer loop
      vertex -8.923 9.17474 0
      vertex -8.923 6.82526 0
      vertex -8.82707 6.24419 0
    endloop
  endfacet
  facet normal -0 0 1
    outer loop
      vertex -8.98073 8.58863 0
      vertex -8.923 6.82526 0
      vertex -8.923 9.17474 0
    endloop
  endfacet
  facet normal 0 0 1
    outer loop
      vertex -8.98073 8.58863 0
      vertex -8.98073 7.41137 0
      vertex -8.923 6.82526 0
    endloop
  endfacet
  facet normal 0 -0 1
    outer loop
      vertex -8.98073 7.41137 0
      vertex -8.98073 8.58863 0
      vertex -9 8 0
    endloop
  endfacet
  facet normal 0.995184 0.0980206 0
    outer loop
      vertex 8.923 9.17474 0
      vertex 8.95991 8.8 -0.0999994
      vertex 8.923 9.17474 -34
    endloop
  endfacet
  facet normal 0.995184 0.0980225 -7.13312e-06
    outer loop
      vertex 8.98073 8.58863 0
      vertex 8.95991 8.8 -0.0999994
      vertex 8.923 9.17474 0
    endloop
  endfacet
  facet normal 0.995184 0.0980259 0
    outer loop
      vertex 8.95991 8.8 -0.0999994
      vertex 8.98073 8.58863 0
      vertex 8.98073 8.58863 -0.0999994
    endloop
  endfacet
  facet normal 0.995184 0.0980206 0
    outer loop
      vertex 8.923 9.17474 -34
      vertex 8.95991 8.8 -0.0999994
      vertex 8.95991 8.8 -34
    endloop
  endfacet
  facet normal 0.999465 0.0327195 0
    outer loop
      vertex 9 8 0
      vertex 8.98073 8.58863 -0.0999994
      vertex 8.98073 8.58863 0
    endloop
  endfacet
  facet normal 0.999465 0.0327195 0
    outer loop
      vertex 8.98073 8.58863 -0.0999994
      vertex 9 8 0
      vertex 9 8 -0.0999994
    endloop
  endfacet
  facet normal 0.986645 0.162887 0
    outer loop
      vertex 8.923 9.17474 0
      vertex 8.82707 9.75581 -34
      vertex 8.82707 9.75581 0
    endloop
  endfacet
  facet normal 0.986645 0.162887 0
    outer loop
      vertex 8.82707 9.75581 -34
      vertex 8.923 9.17474 0
      vertex 8.923 9.17474 -34
    endloop
  endfacet
  facet normal 0.973878 0.227072 0
    outer loop
      vertex 8.82707 9.75581 0
      vertex 8.69333 10.3294 -34
      vertex 8.69333 10.3294 0
    endloop
  endfacet
  facet normal 0.973878 0.227072 0
    outer loop
      vertex 8.69333 10.3294 -34
      vertex 8.82707 9.75581 0
      vertex 8.82707 9.75581 -34
    endloop
  endfacet
  facet normal -0.986645 -0.162887 0
    outer loop
      vertex -8.82707 6.24419 -34
      vertex -8.923 6.82526 0
      vertex -8.923 6.82526 -34
    endloop
  endfacet
  facet normal -0.986645 -0.162887 0
    outer loop
      vertex -8.923 6.82526 0
      vertex -8.82707 6.24419 -34
      vertex -8.82707 6.24419 0
    endloop
  endfacet
  facet normal 0.22718 0.973853 -0
    outer loop
      vertex 2.32937 16.6933 -34
      vertex 1.75581 16.8271 0
      vertex 2.32937 16.6933 0
    endloop
  endfacet
  facet normal 0.22718 0.973853 0
    outer loop
      vertex 1.75581 16.8271 0
      vertex 2.32937 16.6933 -34
      vertex 1.75581 16.8271 -34
    endloop
  endfacet
  facet normal -0.471396 -0.881922 0
    outer loop
      vertex -4.5 0.20577 -34
      vertex -3.9806 -0.0718546 0
      vertex -4.5 0.20577 0
    endloop
  endfacet
  facet normal -0.471396 -0.881922 -0
    outer loop
      vertex -3.9806 -0.0718546 0
      vertex -4.5 0.20577 -34
      vertex -3.9806 -0.0718546 -34
    endloop
  endfacet
  facet normal 0.812889 0.582418 0
    outer loop
      vertex 7.48323 13.0001 0
      vertex 7.14018 13.4789 -34
      vertex 7.14018 13.4789 0
    endloop
  endfacet
  facet normal 0.812889 0.582418 0
    outer loop
      vertex 7.14018 13.4789 -34
      vertex 7.48323 13.0001 0
      vertex 7.48323 13.0001 -34
    endloop
  endfacet
  facet normal -0.528071 -0.849201 0
    outer loop
      vertex -5.00013 0.516773 -34
      vertex -4.5 0.20577 0
      vertex -5.00013 0.516773 0
    endloop
  endfacet
  facet normal -0.528071 -0.849201 -0
    outer loop
      vertex -4.5 0.20577 0
      vertex -5.00013 0.516773 -34
      vertex -4.5 0.20577 -34
    endloop
  endfacet
  facet normal -0.0323615 0.999476 0
    outer loop
      vertex 0 17 -34
      vertex -0.111185 16.9964 -18.6964
      vertex 0 17 -18.7
    endloop
  endfacet
  facet normal -0.0327705 0.999463 -2.97457e-06
    outer loop
      vertex -0.588628 16.9807 -34
      vertex -0.111185 16.9964 -18.6964
      vertex 0 17 -34
    endloop
  endfacet
  facet normal -0.0334007 0.999442 1.67065e-05
    outer loop
      vertex -0.111185 16.9964 -18.6964
      vertex -0.588628 16.9807 -34
      vertex -0.221894 16.9927 -18.6855
    endloop
  endfacet
  facet normal -0.0327812 0.999463 1.85634e-06
    outer loop
      vertex -0.221894 16.9927 -18.6855
      vertex -0.588628 16.9807 -34
      vertex -0.331653 16.9891 -18.6673
    endloop
  endfacet
  facet normal -0.0322906 0.999479 -6.37414e-06
    outer loop
      vertex -0.331653 16.9891 -18.6673
      vertex -0.588628 16.9807 -34
      vertex -0.439992 16.9856 -18.6421
    endloop
  endfacet
  facet normal -0.0328602 0.99946 -8.55473e-07
    outer loop
      vertex -0.439992 16.9856 -18.6421
      vertex -0.588628 16.9807 -34
      vertex -0.546447 16.9821 -18.6098
    endloop
  endfacet
  facet normal -0.033172 0.99945 0
    outer loop
      vertex -0.546447 16.9821 -18.6098
      vertex -0.588628 16.9807 -34
      vertex -0.588628 16.9807 -18.5939
    endloop
  endfacet
  facet normal -0.0327705 0.999463 0
    outer loop
      vertex 0 17 -15.3
      vertex -0.588628 16.9807 0
      vertex 0 17 0
    endloop
  endfacet
  facet normal -0.032362 0.999476 1.57321e-05
    outer loop
      vertex -0.111185 16.9964 -15.3036
      vertex -0.588628 16.9807 0
      vertex 0 17 -15.3
    endloop
  endfacet
  facet normal -0.0334007 0.999442 -1.67065e-05
    outer loop
      vertex -0.221894 16.9927 -15.3145
      vertex -0.588628 16.9807 0
      vertex -0.111185 16.9964 -15.3036
    endloop
  endfacet
  facet normal -0.0327812 0.999463 -1.85634e-06
    outer loop
      vertex -0.331653 16.9891 -15.3327
      vertex -0.588628 16.9807 0
      vertex -0.221894 16.9927 -15.3145
    endloop
  endfacet
  facet normal -0.0322906 0.999479 6.37414e-06
    outer loop
      vertex -0.439992 16.9856 -15.3579
      vertex -0.588628 16.9807 0
      vertex -0.331653 16.9891 -15.3327
    endloop
  endfacet
  facet normal -0.0328602 0.99946 8.55473e-07
    outer loop
      vertex -0.546447 16.9821 -15.3902
      vertex -0.588628 16.9807 0
      vertex -0.439992 16.9856 -15.3579
    endloop
  endfacet
  facet normal -0.033172 0.99945 0
    outer loop
      vertex -0.588628 16.9807 0
      vertex -0.546447 16.9821 -15.3902
      vertex -0.588628 16.9807 -15.4061
    endloop
  endfacet
  facet normal 0.773012 -0.634391 0
    outer loop
      vertex 6.76656 2.06589 0
      vertex 7.14018 2.52115 -34
      vertex 7.14018 2.52115 0
    endloop
  endfacet
  facet normal 0.773012 -0.634391 0
    outer loop
      vertex 7.14018 2.52115 -34
      vertex 6.76656 2.06589 0
      vertex 6.76656 2.06589 -34
    endloop
  endfacet
  facet normal -0.986645 0.162887 0
    outer loop
      vertex -8.923 9.17474 -34
      vertex -8.82707 9.75581 0
      vertex -8.82707 9.75581 -34
    endloop
  endfacet
  facet normal -0.986645 0.162887 0
    outer loop
      vertex -8.82707 9.75581 0
      vertex -8.923 9.17474 -34
      vertex -8.923 9.17474 0
    endloop
  endfacet
  facet normal -0.634392 -0.773011 0
    outer loop
      vertex -5.93411 1.23344 -34
      vertex -5.47885 0.859819 0
      vertex -5.93411 1.23344 0
    endloop
  endfacet
  facet normal -0.634392 -0.773011 -0
    outer loop
      vertex -5.47885 0.859819 0
      vertex -5.93411 1.23344 -34
      vertex -5.47885 0.859819 -34
    endloop
  endfacet
  facet normal 0.729902 0.683551 0
    outer loop
      vertex 6.76656 13.9341 0
      vertex 6.36396 14.364 -34
      vertex 6.36396 14.364 0
    endloop
  endfacet
  facet normal 0.729902 0.683551 0
    outer loop
      vertex 6.36396 14.364 -34
      vertex 6.76656 13.9341 0
      vertex 6.76656 13.9341 -34
    endloop
  endfacet
  facet normal -0.849203 -0.528067 0
    outer loop
      vertex -7.48323 2.99987 -34
      vertex -7.79423 3.5 0
      vertex -7.79423 3.5 -34
    endloop
  endfacet
  facet normal -0.849203 -0.528067 0
    outer loop
      vertex -7.79423 3.5 0
      vertex -7.48323 2.99987 -34
      vertex -7.48323 2.99987 0
    endloop
  endfacet
  facet normal -0.412706 -0.910864 0
    outer loop
      vertex -3.9806 -0.0718546 -34
      vertex -3.44415 -0.314916 0
      vertex -3.9806 -0.0718546 0
    endloop
  endfacet
  facet normal -0.412706 -0.910864 -0
    outer loop
      vertex -3.44415 -0.314916 0
      vertex -3.9806 -0.0718546 -34
      vertex -3.44415 -0.314916 -34
    endloop
  endfacet
  facet normal -0.0980172 -0.995185 0
    outer loop
      vertex -1.17474 -0.923003 0
      vertex -0.588628 -0.98073 -15.4061
      vertex -0.588628 -0.98073 0
    endloop
  endfacet
  facet normal -0.0980192 -0.995185 -7.9085e-08
    outer loop
      vertex -1.17474 -0.923003 0
      vertex -0.650561 -0.97463 -15.4294
      vertex -0.588628 -0.98073 -15.4061
    endloop
  endfacet
  facet normal -0.0980168 -0.995185 3.67543e-09
    outer loop
      vertex -1.17474 -0.923003 0
      vertex -0.75189 -0.96465 -15.4753
      vertex -0.650561 -0.97463 -15.4294
    endloop
  endfacet
  facet normal -0.0980182 -0.995185 -3.4903e-08
    outer loop
      vertex -1.17474 -0.923003 0
      vertex -0.849999 -0.954987 -15.5278
      vertex -0.75189 -0.96465 -15.4753
    endloop
  endfacet
  facet normal -0.0980132 -0.995185 7.11464e-08
    outer loop
      vertex -1.17474 -0.923003 0
      vertex -0.944468 -0.945683 -15.5865
      vertex -0.849999 -0.954987 -15.5278
    endloop
  endfacet
  facet normal -0.0980302 -0.995183 -1.82887e-07
    outer loop
      vertex -1.17474 -0.923003 0
      vertex -1.03489 -0.936776 -15.6513
      vertex -0.944468 -0.945683 -15.5865
    endloop
  endfacet
  facet normal -0.0980027 -0.995186 6.48467e-08
    outer loop
      vertex -1.17474 -0.923003 0
      vertex -1.12089 -0.928307 -15.7219
      vertex -1.03489 -0.936776 -15.6513
    endloop
  endfacet
  facet normal -0.0980215 -0.995184 0
    outer loop
      vertex -1.12089 -0.928307 -15.7219
      vertex -1.17474 -0.923003 0
      vertex -1.17474 -0.923003 -15.7723
    endloop
  endfacet
  facet normal -0.0980215 -0.995184 0
    outer loop
      vertex -1.17474 -0.923003 -34
      vertex -1.12089 -0.928307 -18.2781
      vertex -1.17474 -0.923003 -18.2277
    endloop
  endfacet
  facet normal -0.0980027 -0.995186 -6.48467e-08
    outer loop
      vertex -1.17474 -0.923003 -34
      vertex -1.03489 -0.936776 -18.3487
      vertex -1.12089 -0.928307 -18.2781
    endloop
  endfacet
  facet normal -0.0980302 -0.995183 1.82887e-07
    outer loop
      vertex -1.17474 -0.923003 -34
      vertex -0.944468 -0.945683 -18.4135
      vertex -1.03489 -0.936776 -18.3487
    endloop
  endfacet
  facet normal -0.0980132 -0.995185 -7.11464e-08
    outer loop
      vertex -1.17474 -0.923003 -34
      vertex -0.849999 -0.954987 -18.4722
      vertex -0.944468 -0.945683 -18.4135
    endloop
  endfacet
  facet normal -0.0980182 -0.995185 3.4903e-08
    outer loop
      vertex -1.17474 -0.923003 -34
      vertex -0.75189 -0.96465 -18.5247
      vertex -0.849999 -0.954987 -18.4722
    endloop
  endfacet
  facet normal -0.0980168 -0.995185 -3.67543e-09
    outer loop
      vertex -1.17474 -0.923003 -34
      vertex -0.650561 -0.97463 -18.5706
      vertex -0.75189 -0.96465 -18.5247
    endloop
  endfacet
  facet normal -0.0980192 -0.995185 7.9085e-08
    outer loop
      vertex -1.17474 -0.923003 -34
      vertex -0.588628 -0.98073 -18.5939
      vertex -0.650561 -0.97463 -18.5706
    endloop
  endfacet
  facet normal -0.0980172 -0.995185 -0
    outer loop
      vertex -0.588628 -0.98073 -18.5939
      vertex -1.17474 -0.923003 -34
      vertex -0.588628 -0.98073 -34
    endloop
  endfacet
  facet normal 0.910873 0.412686 0
    outer loop
      vertex 8.31492 11.4441 0
      vertex 8.07185 11.9806 -34
      vertex 8.07185 11.9806 0
    endloop
  endfacet
  facet normal 0.910873 0.412686 0
    outer loop
      vertex 8.07185 11.9806 -34
      vertex 8.31492 11.4441 0
      vertex 8.31492 11.4441 -34
    endloop
  endfacet
  facet normal -0.290191 0.956969 0
    outer loop
      vertex -2.32937 16.6933 -34
      vertex -2.89295 16.5224 0
      vertex -2.32937 16.6933 0
    endloop
  endfacet
  facet normal -0.290191 0.956969 0
    outer loop
      vertex -2.89295 16.5224 0
      vertex -2.32937 16.6933 -34
      vertex -2.89295 16.5224 -34
    endloop
  endfacet
  facet normal -0.582426 0.812884 0
    outer loop
      vertex -5.00013 15.4832 -34
      vertex -5.47885 15.1402 0
      vertex -5.00013 15.4832 0
    endloop
  endfacet
  facet normal -0.582426 0.812884 0
    outer loop
      vertex -5.47885 15.1402 0
      vertex -5.00013 15.4832 -34
      vertex -5.47885 15.1402 -34
    endloop
  endfacet
  facet normal -0.0979717 0.995189 0
    outer loop
      vertex -0.588628 16.9807 -15.4061
      vertex -1.17474 16.923 0
      vertex -0.588628 16.9807 0
    endloop
  endfacet
  facet normal -0.0980186 0.995185 -1.79859e-06
    outer loop
      vertex -0.650561 16.9746 -15.4294
      vertex -1.17474 16.923 0
      vertex -0.588628 16.9807 -15.4061
    endloop
  endfacet
  facet normal -0.0982076 0.995166 -8.28326e-06
    outer loop
      vertex -0.75189 16.9646 -15.4753
      vertex -1.17474 16.923 0
      vertex -0.650561 16.9746 -15.4294
    endloop
  endfacet
  facet normal -0.0973928 0.995246 1.4197e-05
    outer loop
      vertex -0.849999 16.955 -15.5278
      vertex -1.17474 16.923 0
      vertex -0.75189 16.9646 -15.4753
    endloop
  endfacet
  facet normal -0.0979726 0.995189 1.9534e-06
    outer loop
      vertex -0.944468 16.9457 -15.5865
      vertex -1.17474 16.923 0
      vertex -0.849999 16.955 -15.5278
    endloop
  endfacet
  facet normal -0.0979556 0.995191 2.20701e-06
    outer loop
      vertex -1.03489 16.9368 -15.6513
      vertex -1.17474 16.923 0
      vertex -0.944468 16.9457 -15.5865
    endloop
  endfacet
  facet normal -0.0983568 0.995151 -1.41285e-06
    outer loop
      vertex -1.12089 16.9283 -15.7219
      vertex -1.17474 16.923 0
      vertex -1.03489 16.9368 -15.6513
    endloop
  endfacet
  facet normal -0.0979483 0.995192 0
    outer loop
      vertex -1.17474 16.923 0
      vertex -1.12089 16.9283 -15.7219
      vertex -1.17474 16.923 -15.7723
    endloop
  endfacet
  facet normal -0.0979717 0.995189 0
    outer loop
      vertex -1.17474 16.923 -34
      vertex -0.588628 16.9807 -18.5939
      vertex -0.588628 16.9807 -34
    endloop
  endfacet
  facet normal -0.0980186 0.995185 1.79859e-06
    outer loop
      vertex -0.588628 16.9807 -18.5939
      vertex -1.17474 16.923 -34
      vertex -0.650561 16.9746 -18.5706
    endloop
  endfacet
  facet normal -0.0982076 0.995166 8.28326e-06
    outer loop
      vertex -0.650561 16.9746 -18.5706
      vertex -1.17474 16.923 -34
      vertex -0.75189 16.9646 -18.5247
    endloop
  endfacet
  facet normal -0.0973928 0.995246 -1.4197e-05
    outer loop
      vertex -0.75189 16.9646 -18.5247
      vertex -1.17474 16.923 -34
      vertex -0.849999 16.955 -18.4722
    endloop
  endfacet
  facet normal -0.0979726 0.995189 -1.9534e-06
    outer loop
      vertex -0.849999 16.955 -18.4722
      vertex -1.17474 16.923 -34
      vertex -0.944468 16.9457 -18.4135
    endloop
  endfacet
  facet normal -0.0979556 0.995191 -2.20701e-06
    outer loop
      vertex -0.944468 16.9457 -18.4135
      vertex -1.17474 16.923 -34
      vertex -1.03489 16.9368 -18.3487
    endloop
  endfacet
  facet normal -0.0983568 0.995151 1.41285e-06
    outer loop
      vertex -1.03489 16.9368 -18.3487
      vertex -1.17474 16.923 -34
      vertex -1.12089 16.9283 -18.2781
    endloop
  endfacet
  facet normal -0.0979483 0.995192 0
    outer loop
      vertex -1.12089 16.9283 -18.2781
      vertex -1.17474 16.923 -34
      vertex -1.17474 16.923 -18.2277
    endloop
  endfacet
  facet normal -0.528067 0.849203 0
    outer loop
      vertex -4.5 15.7942 -34
      vertex -5.00013 15.4832 0
      vertex -4.5 15.7942 0
    endloop
  endfacet
  facet normal -0.528067 0.849203 0
    outer loop
      vertex -5.00013 15.4832 0
      vertex -4.5 15.7942 -34
      vertex -5.00013 15.4832 -34
    endloop
  endfacet
  facet normal -0.634371 0.773029 0
    outer loop
      vertex -5.47885 15.1402 -34
      vertex -5.93411 14.7666 0
      vertex -5.47885 15.1402 0
    endloop
  endfacet
  facet normal -0.634371 0.773029 0
    outer loop
      vertex -5.93411 14.7666 0
      vertex -5.47885 15.1402 -34
      vertex -5.93411 14.7666 -34
    endloop
  endfacet
  facet normal 0.0980172 -0.995185 0
    outer loop
      vertex 1.17474 -0.923003 -34
      vertex 0.588628 -0.98073 -18.5939
      vertex 0.588628 -0.98073 -34
    endloop
  endfacet
  facet normal 0.0980192 -0.995185 7.9085e-08
    outer loop
      vertex 0.588628 -0.98073 -18.5939
      vertex 1.17474 -0.923003 -34
      vertex 0.650561 -0.97463 -18.5706
    endloop
  endfacet
  facet normal 0.0980168 -0.995185 -3.67543e-09
    outer loop
      vertex 0.650561 -0.97463 -18.5706
      vertex 1.17474 -0.923003 -34
      vertex 0.75189 -0.96465 -18.5247
    endloop
  endfacet
  facet normal 0.0980182 -0.995185 3.4903e-08
    outer loop
      vertex 0.75189 -0.96465 -18.5247
      vertex 1.17474 -0.923003 -34
      vertex 0.849999 -0.954987 -18.4722
    endloop
  endfacet
  facet normal 0.0980132 -0.995185 -7.11464e-08
    outer loop
      vertex 0.849999 -0.954987 -18.4722
      vertex 1.17474 -0.923003 -34
      vertex 0.944468 -0.945683 -18.4135
    endloop
  endfacet
  facet normal 0.0980302 -0.995183 1.82887e-07
    outer loop
      vertex 0.944468 -0.945683 -18.4135
      vertex 1.17474 -0.923003 -34
      vertex 1.03489 -0.936776 -18.3487
    endloop
  endfacet
  facet normal 0.0980027 -0.995186 -6.48467e-08
    outer loop
      vertex 1.03489 -0.936776 -18.3487
      vertex 1.17474 -0.923003 -34
      vertex 1.12089 -0.928307 -18.2781
    endloop
  endfacet
  facet normal 0.0980215 -0.995184 0
    outer loop
      vertex 1.12089 -0.928307 -18.2781
      vertex 1.17474 -0.923003 -34
      vertex 1.17474 -0.923003 -18.2277
    endloop
  endfacet
  facet normal 0.0980172 -0.995185 0
    outer loop
      vertex 0.588628 -0.98073 -15.4061
      vertex 1.17474 -0.923003 0
      vertex 0.588628 -0.98073 0
    endloop
  endfacet
  facet normal 0.0980192 -0.995185 -7.9085e-08
    outer loop
      vertex 0.650561 -0.97463 -15.4294
      vertex 1.17474 -0.923003 0
      vertex 0.588628 -0.98073 -15.4061
    endloop
  endfacet
  facet normal 0.0980168 -0.995185 3.67543e-09
    outer loop
      vertex 0.75189 -0.96465 -15.4753
      vertex 1.17474 -0.923003 0
      vertex 0.650561 -0.97463 -15.4294
    endloop
  endfacet
  facet normal 0.0980182 -0.995185 -3.4903e-08
    outer loop
      vertex 0.849999 -0.954987 -15.5278
      vertex 1.17474 -0.923003 0
      vertex 0.75189 -0.96465 -15.4753
    endloop
  endfacet
  facet normal 0.0980132 -0.995185 7.11464e-08
    outer loop
      vertex 0.944468 -0.945683 -15.5865
      vertex 1.17474 -0.923003 0
      vertex 0.849999 -0.954987 -15.5278
    endloop
  endfacet
  facet normal 0.0980302 -0.995183 -1.82887e-07
    outer loop
      vertex 1.03489 -0.936776 -15.6513
      vertex 1.17474 -0.923003 0
      vertex 0.944468 -0.945683 -15.5865
    endloop
  endfacet
  facet normal 0.0980027 -0.995186 6.48467e-08
    outer loop
      vertex 1.12089 -0.928307 -15.7219
      vertex 1.17474 -0.923003 0
      vertex 1.03489 -0.936776 -15.6513
    endloop
  endfacet
  facet normal 0.0980215 -0.995184 0
    outer loop
      vertex 1.17474 -0.923003 0
      vertex 1.12089 -0.928307 -15.7219
      vertex 1.17474 -0.923003 -15.7723
    endloop
  endfacet
  facet normal 0.290288 -0.956939 0
    outer loop
      vertex 2.32937 -0.693332 -34
      vertex 2.89295 -0.52237 0
      vertex 2.32937 -0.693332 0
    endloop
  endfacet
  facet normal 0.290288 -0.956939 0
    outer loop
      vertex 2.89295 -0.52237 0
      vertex 2.32937 -0.693332 -34
      vertex 2.89295 -0.52237 -34
    endloop
  endfacet
  facet normal -0.773012 -0.634391 0
    outer loop
      vertex -6.76656 2.06589 -34
      vertex -7.14018 2.52115 0
      vertex -7.14018 2.52115 -34
    endloop
  endfacet
  facet normal -0.773012 -0.634391 0
    outer loop
      vertex -7.14018 2.52115 0
      vertex -6.76656 2.06589 -34
      vertex -6.76656 2.06589 0
    endloop
  endfacet
  facet normal -0.881933 -0.471375 0
    outer loop
      vertex -8.07185 4.0194 -34
      vertex -8 3.88497 0
      vertex -8.07185 4.0194 0
    endloop
  endfacet
  facet normal -0.881925 -0.47139 -7.82364e-08
    outer loop
      vertex -7.79423 3.5 -34
      vertex -8 3.88497 0
      vertex -8.07185 4.0194 -34
    endloop
  endfacet
  facet normal -0.881922 -0.471395 0
    outer loop
      vertex -8 3.88497 0
      vertex -7.79423 3.5 -34
      vertex -7.79423 3.5 0
    endloop
  endfacet
  facet normal 0.033172 0.99945 -0
    outer loop
      vertex 0.588628 16.9807 -34
      vertex 0.546447 16.9821 -18.6098
      vertex 0.588628 16.9807 -18.5939
    endloop
  endfacet
  facet normal 0.0328602 0.99946 -8.55473e-07
    outer loop
      vertex 0.588628 16.9807 -34
      vertex 0.439992 16.9856 -18.6421
      vertex 0.546447 16.9821 -18.6098
    endloop
  endfacet
  facet normal 0.0322906 0.999479 -6.37414e-06
    outer loop
      vertex 0.588628 16.9807 -34
      vertex 0.331653 16.9891 -18.6673
      vertex 0.439992 16.9856 -18.6421
    endloop
  endfacet
  facet normal 0.0327812 0.999463 1.85634e-06
    outer loop
      vertex 0.588628 16.9807 -34
      vertex 0.221894 16.9927 -18.6855
      vertex 0.331653 16.9891 -18.6673
    endloop
  endfacet
  facet normal 0.0334007 0.999442 1.67065e-05
    outer loop
      vertex 0.588628 16.9807 -34
      vertex 0.111185 16.9964 -18.6964
      vertex 0.221894 16.9927 -18.6855
    endloop
  endfacet
  facet normal 0.032362 0.999476 -1.57321e-05
    outer loop
      vertex 0.588628 16.9807 -34
      vertex 0 17 -18.7
      vertex 0.111185 16.9964 -18.6964
    endloop
  endfacet
  facet normal 0.0327705 0.999463 0
    outer loop
      vertex 0 17 -18.7
      vertex 0.588628 16.9807 -34
      vertex 0 17 -34
    endloop
  endfacet
  facet normal 0.0327705 0.999463 0
    outer loop
      vertex 0.588628 16.9807 0
      vertex 0 17 -15.3
      vertex 0 17 0
    endloop
  endfacet
  facet normal 0.032362 0.999476 1.57321e-05
    outer loop
      vertex 0.588628 16.9807 0
      vertex 0.111185 16.9964 -15.3036
      vertex 0 17 -15.3
    endloop
  endfacet
  facet normal 0.0334007 0.999442 -1.67065e-05
    outer loop
      vertex 0.588628 16.9807 0
      vertex 0.221894 16.9927 -15.3145
      vertex 0.111185 16.9964 -15.3036
    endloop
  endfacet
  facet normal 0.0327812 0.999463 -1.85634e-06
    outer loop
      vertex 0.588628 16.9807 0
      vertex 0.331653 16.9891 -15.3327
      vertex 0.221894 16.9927 -15.3145
    endloop
  endfacet
  facet normal 0.0322906 0.999479 6.37414e-06
    outer loop
      vertex 0.588628 16.9807 0
      vertex 0.439992 16.9856 -15.3579
      vertex 0.331653 16.9891 -15.3327
    endloop
  endfacet
  facet normal 0.0328602 0.99946 8.55473e-07
    outer loop
      vertex 0.588628 16.9807 0
      vertex 0.546447 16.9821 -15.3902
      vertex 0.439992 16.9856 -15.3579
    endloop
  endfacet
  facet normal 0.033172 0.99945 0
    outer loop
      vertex 0.546447 16.9821 -15.3902
      vertex 0.588628 16.9807 0
      vertex 0.588628 16.9807 -15.4061
    endloop
  endfacet
  facet normal 0.973875 -0.227084 0
    outer loop
      vertex 8.69333 5.67063 0
      vertex 8.82707 6.24419 -34
      vertex 8.82707 6.24419 0
    endloop
  endfacet
  facet normal 0.973875 -0.227084 0
    outer loop
      vertex 8.82707 6.24419 -34
      vertex 8.69333 5.67063 0
      vertex 8.69333 5.67063 -34
    endloop
  endfacet
  facet normal 0.881937 0.471367 0
    outer loop
      vertex 8 12.115 0
      vertex 7.79423 12.5 -34
      vertex 7.79423 12.5 0
    endloop
  endfacet
  facet normal 0.881889 0.471456 -0
    outer loop
      vertex 8.07185 11.9806 -34
      vertex 8 12.115 0
      vertex 8.07185 11.9806 0
    endloop
  endfacet
  facet normal 0.881925 0.47139 3.37696e-07
    outer loop
      vertex 8 12.115 0
      vertex 8.07185 11.9806 -34
      vertex 7.79423 12.5 -34
    endloop
  endfacet
  facet normal -0.683594 0.729863 0
    outer loop
      vertex -5.93411 14.7666 -34
      vertex -6.36396 14.364 0
      vertex -5.93411 14.7666 0
    endloop
  endfacet
  facet normal -0.683594 0.729863 0
    outer loop
      vertex -6.36396 14.364 0
      vertex -5.93411 14.7666 -34
      vertex -6.36396 14.364 -34
    endloop
  endfacet
  facet normal -0.999465 -0.0327195 0
    outer loop
      vertex -8.98073 7.41137 -34
      vertex -9 8 0
      vertex -9 8 -34
    endloop
  endfacet
  facet normal -0.999465 -0.0327195 0
    outer loop
      vertex -9 8 0
      vertex -8.98073 7.41137 -34
      vertex -8.98073 7.41137 0
    endloop
  endfacet
  facet normal 0.582426 0.812884 -0
    outer loop
      vertex 5.47885 15.1402 -34
      vertex 5.00013 15.4832 0
      vertex 5.47885 15.1402 0
    endloop
  endfacet
  facet normal 0.582426 0.812884 0
    outer loop
      vertex 5.00013 15.4832 0
      vertex 5.47885 15.1402 -34
      vertex 5.00013 15.4832 -34
    endloop
  endfacet
  facet normal -0.582478 -0.812847 0
    outer loop
      vertex -5.47885 0.859819 -34
      vertex -5.00013 0.516773 0
      vertex -5.47885 0.859819 0
    endloop
  endfacet
  facet normal -0.582478 -0.812847 -0
    outer loop
      vertex -5.00013 0.516773 0
      vertex -5.47885 0.859819 -34
      vertex -5.00013 0.516773 -34
    endloop
  endfacet
  facet normal 0.352246 -0.935908 0
    outer loop
      vertex 2.89295 -0.52237 -34
      vertex 3.44415 -0.314916 0
      vertex 2.89295 -0.52237 0
    endloop
  endfacet
  facet normal 0.352246 -0.935908 0
    outer loop
      vertex 3.44415 -0.314916 0
      vertex 2.89295 -0.52237 -34
      vertex 3.44415 -0.314916 -34
    endloop
  endfacet
  facet normal 0.352314 0.935882 -0
    outer loop
      vertex 3.44415 16.3149 -34
      vertex 2.89295 16.5224 0
      vertex 3.44415 16.3149 0
    endloop
  endfacet
  facet normal 0.352314 0.935882 0
    outer loop
      vertex 2.89295 16.5224 0
      vertex 3.44415 16.3149 -34
      vertex 2.89295 16.5224 -34
    endloop
  endfacet
  facet normal 0.935908 -0.352245 0
    outer loop
      vertex 8.31492 4.55585 0
      vertex 8.52237 5.10704 -34
      vertex 8.52237 5.10704 0
    endloop
  endfacet
  facet normal 0.935908 -0.352245 0
    outer loop
      vertex 8.52237 5.10704 -34
      vertex 8.31492 4.55585 0
      vertex 8.31492 4.55585 -34
    endloop
  endfacet
  facet normal -0.812843 -0.582482 0
    outer loop
      vertex -7.14018 2.52115 -34
      vertex -7.48323 2.99987 0
      vertex -7.48323 2.99987 -34
    endloop
  endfacet
  facet normal -0.812843 -0.582482 0
    outer loop
      vertex -7.48323 2.99987 0
      vertex -7.14018 2.52115 -34
      vertex -7.14018 2.52115 0
    endloop
  endfacet
  facet normal 0.634371 0.773029 -0
    outer loop
      vertex 5.93411 14.7666 -34
      vertex 5.47885 15.1402 0
      vertex 5.93411 14.7666 0
    endloop
  endfacet
  facet normal 0.634371 0.773029 0
    outer loop
      vertex 5.47885 15.1402 0
      vertex 5.93411 14.7666 -34
      vertex 5.47885 15.1402 -34
    endloop
  endfacet
  facet normal -0.956942 -0.29028 0
    outer loop
      vertex -8.52237 5.10704 -34
      vertex -8.69333 5.67063 0
      vertex -8.69333 5.67063 -34
    endloop
  endfacet
  facet normal -0.956942 -0.29028 0
    outer loop
      vertex -8.69333 5.67063 0
      vertex -8.52237 5.10704 -34
      vertex -8.52237 5.10704 0
    endloop
  endfacet
  facet normal -0.412619 0.910904 0
    outer loop
      vertex -3.44415 16.3149 -34
      vertex -3.9806 16.0719 0
      vertex -3.44415 16.3149 0
    endloop
  endfacet
  facet normal -0.412619 0.910904 0
    outer loop
      vertex -3.9806 16.0719 0
      vertex -3.44415 16.3149 -34
      vertex -3.9806 16.0719 -34
    endloop
  endfacet
  facet normal 0.999465 -0.0327195 0
    outer loop
      vertex 8.98073 7.41137 0
      vertex 9 8 -0.0999994
      vertex 9 8 0
    endloop
  endfacet
  facet normal 0.999465 -0.0327195 0
    outer loop
      vertex 9 8 -0.0999994
      vertex 8.98073 7.41137 0
      vertex 8.98073 7.41137 -0.0999994
    endloop
  endfacet
  facet normal 0.582478 -0.812847 0
    outer loop
      vertex 5.00013 0.516773 -34
      vertex 5.47885 0.859819 0
      vertex 5.00013 0.516773 0
    endloop
  endfacet
  facet normal 0.582478 -0.812847 0
    outer loop
      vertex 5.47885 0.859819 0
      vertex 5.00013 0.516773 -34
      vertex 5.47885 0.859819 -34
    endloop
  endfacet
  facet normal -0.22718 0.973853 0
    outer loop
      vertex -1.75581 16.8271 -34
      vertex -2.32937 16.6933 0
      vertex -1.75581 16.8271 0
    endloop
  endfacet
  facet normal -0.22718 0.973853 0
    outer loop
      vertex -2.32937 16.6933 0
      vertex -1.75581 16.8271 -34
      vertex -2.32937 16.6933 -34
    endloop
  endfacet
  facet normal 0.881933 -0.471375 0
    outer loop
      vertex 8 3.88497 0
      vertex 8.07185 4.0194 -34
      vertex 8.07185 4.0194 0
    endloop
  endfacet
  facet normal 0.881922 -0.471395 -1.05556e-07
    outer loop
      vertex 7.79423 3.5 0
      vertex 8.07185 4.0194 -34
      vertex 8 3.88497 0
    endloop
  endfacet
  facet normal 0.881925 -0.47139 0
    outer loop
      vertex 8.07185 4.0194 -34
      vertex 7.79423 3.5 0
      vertex 7.79423 3.5 -34
    endloop
  endfacet
  facet normal 0.956943 0.290275 0
    outer loop
      vertex 8.69333 10.3294 0
      vertex 8.52237 10.893 -34
      vertex 8.52237 10.893 0
    endloop
  endfacet
  facet normal 0.956943 0.290275 0
    outer loop
      vertex 8.52237 10.893 -34
      vertex 8.69333 10.3294 0
      vertex 8.69333 10.3294 -34
    endloop
  endfacet
  facet normal 0.0327207 -0.999465 0
    outer loop
      vertex 0 -1 -34
      vertex 0.111185 -0.99636 -18.6964
      vertex 0 -1 -18.7
    endloop
  endfacet
  facet normal 0.0327196 -0.999465 7.87422e-09
    outer loop
      vertex 0.588628 -0.98073 -34
      vertex 0.111185 -0.99636 -18.6964
      vertex 0 -1 -34
    endloop
  endfacet
  facet normal 0.0327169 -0.999465 -7.54181e-08
    outer loop
      vertex 0.111185 -0.99636 -18.6964
      vertex 0.588628 -0.98073 -34
      vertex 0.221894 -0.992736 -18.6855
    endloop
  endfacet
  facet normal 0.0327178 -0.999465 -5.40675e-08
    outer loop
      vertex 0.221894 -0.992736 -18.6855
      vertex 0.588628 -0.98073 -34
      vertex 0.331653 -0.989143 -18.6673
    endloop
  endfacet
  facet normal 0.0327223 -0.999464 2.05682e-08
    outer loop
      vertex 0.331653 -0.989143 -18.6673
      vertex 0.588628 -0.98073 -34
      vertex 0.439992 -0.985596 -18.6421
    endloop
  endfacet
  facet normal 0.0327193 -0.999465 -8.27134e-09
    outer loop
      vertex 0.439992 -0.985596 -18.6421
      vertex 0.588628 -0.98073 -34
      vertex 0.546447 -0.982111 -18.6098
    endloop
  endfacet
  facet normal 0.0327223 -0.999464 0
    outer loop
      vertex 0.546447 -0.982111 -18.6098
      vertex 0.588628 -0.98073 -34
      vertex 0.588628 -0.98073 -18.5939
    endloop
  endfacet
  facet normal 0.0327196 -0.999465 0
    outer loop
      vertex 0 -1 -15.3
      vertex 0.588628 -0.98073 0
      vertex 0 -1 0
    endloop
  endfacet
  facet normal 0.0327207 -0.999465 -4.16451e-08
    outer loop
      vertex 0.111185 -0.99636 -15.3036
      vertex 0.588628 -0.98073 0
      vertex 0 -1 -15.3
    endloop
  endfacet
  facet normal 0.0327169 -0.999465 7.54181e-08
    outer loop
      vertex 0.221894 -0.992736 -15.3145
      vertex 0.588628 -0.98073 0
      vertex 0.111185 -0.99636 -15.3036
    endloop
  endfacet
  facet normal 0.0327178 -0.999465 5.40675e-08
    outer loop
      vertex 0.331653 -0.989143 -15.3327
      vertex 0.588628 -0.98073 0
      vertex 0.221894 -0.992736 -15.3145
    endloop
  endfacet
  facet normal 0.0327223 -0.999464 -2.05682e-08
    outer loop
      vertex 0.439992 -0.985596 -15.3579
      vertex 0.588628 -0.98073 0
      vertex 0.331653 -0.989143 -15.3327
    endloop
  endfacet
  facet normal 0.0327193 -0.999465 8.27134e-09
    outer loop
      vertex 0.546447 -0.982111 -15.3902
      vertex 0.588628 -0.98073 0
      vertex 0.439992 -0.985596 -15.3579
    endloop
  endfacet
  facet normal 0.0327223 -0.999464 0
    outer loop
      vertex 0.588628 -0.98073 0
      vertex 0.546447 -0.982111 -15.3902
      vertex 0.588628 -0.98073 -15.4061
    endloop
  endfacet
  facet normal 0.412706 -0.910864 0
    outer loop
      vertex 3.44415 -0.314916 -34
      vertex 3.9806 -0.0718546 0
      vertex 3.44415 -0.314916 0
    endloop
  endfacet
  facet normal 0.412706 -0.910864 0
    outer loop
      vertex 3.9806 -0.0718546 0
      vertex 3.44415 -0.314916 -34
      vertex 3.9806 -0.0718546 -34
    endloop
  endfacet
  facet normal 0.935889 0.352296 0
    outer loop
      vertex 8.52237 10.893 0
      vertex 8.31492 11.4441 -34
      vertex 8.31492 11.4441 0
    endloop
  endfacet
  facet normal 0.935889 0.352296 0
    outer loop
      vertex 8.31492 11.4441 -34
      vertex 8.52237 10.893 0
      vertex 8.52237 10.893 -34
    endloop
  endfacet
  facet normal 0.162897 -0.986643 0
    outer loop
      vertex 1.17474 -0.923003 -15.7723
      vertex 1.75581 -0.827067 0
      vertex 1.17474 -0.923003 0
    endloop
  endfacet
  facet normal 0.162935 -0.986637 -1.41731e-06
    outer loop
      vertex 1.20208 -0.918488 -15.7979
      vertex 1.75581 -0.827067 0
      vertex 1.17474 -0.923003 -15.7723
    endloop
  endfacet
  facet normal 0.162884 -0.986645 3.8543e-07
    outer loop
      vertex 1.27813 -0.905933 -15.8791
      vertex 1.75581 -0.827067 0
      vertex 1.20208 -0.918488 -15.7979
    endloop
  endfacet
  facet normal 0.162894 -0.986644 1.05266e-07
    outer loop
      vertex 1.3487 -0.894282 -15.9651
      vertex 1.75581 -0.827067 0
      vertex 1.27813 -0.905933 -15.8791
    endloop
  endfacet
  facet normal 0.162902 -0.986642 -1.26989e-07
    outer loop
      vertex 1.4135 -0.883583 -16.0555
      vertex 1.75581 -0.827067 0
      vertex 1.3487 -0.894282 -15.9651
    endloop
  endfacet
  facet normal 0.162895 -0.986643 2.77752e-08
    outer loop
      vertex 1.47224 -0.873885 -16.15
      vertex 1.75581 -0.827067 0
      vertex 1.4135 -0.883583 -16.0555
    endloop
  endfacet
  facet normal 0.162898 -0.986643 -1.48212e-08
    outer loop
      vertex 1.52468 -0.865227 -16.2481
      vertex 1.75581 -0.827067 0
      vertex 1.47224 -0.873885 -16.15
    endloop
  endfacet
  facet normal 0.1629 -0.986643 -5.10401e-08
    outer loop
      vertex 1.57059 -0.857647 -16.3494
      vertex 1.75581 -0.827067 0
      vertex 1.52468 -0.865227 -16.2481
    endloop
  endfacet
  facet normal 0.162888 -0.986644 8.4907e-08
    outer loop
      vertex 1.60978 -0.851177 -16.4536
      vertex 1.75581 -0.827067 0
      vertex 1.57059 -0.857647 -16.3494
    endloop
  endfacet
  facet normal 0.162893 -0.986644 4.68581e-08
    outer loop
      vertex 1.64207 -0.845846 -16.56
      vertex 1.75581 -0.827067 0
      vertex 1.60978 -0.851177 -16.4536
    endloop
  endfacet
  facet normal 0.162916 -0.98664 -1.19142e-07
    outer loop
      vertex 1.66733 -0.841675 -16.6683
      vertex 1.75581 -0.827067 0
      vertex 1.64207 -0.845846 -16.56
    endloop
  endfacet
  facet normal 0.16283 -0.986654 3.50741e-07
    outer loop
      vertex 1.68546 -0.838683 -16.7781
      vertex 1.75581 -0.827067 0
      vertex 1.66733 -0.841675 -16.6683
    endloop
  endfacet
  facet normal 0.16293 -0.986638 -8.07239e-08
    outer loop
      vertex 1.69636 -0.836883 -16.8888
      vertex 1.75581 -0.827067 0
      vertex 1.68546 -0.838683 -16.7781
    endloop
  endfacet
  facet normal 0.162905 -0.986642 1.1448e-08
    outer loop
      vertex 1.7 -0.836282 -17
      vertex 1.75581 -0.827067 0
      vertex 1.69636 -0.836883 -16.8888
    endloop
  endfacet
  facet normal 0.162897 -0.986643 0
    outer loop
      vertex 1.75581 -0.827067 -34
      vertex 1.17474 -0.923003 -18.2277
      vertex 1.17474 -0.923003 -34
    endloop
  endfacet
  facet normal 0.162935 -0.986637 1.41731e-06
    outer loop
      vertex 1.17474 -0.923003 -18.2277
      vertex 1.75581 -0.827067 -34
      vertex 1.20208 -0.918488 -18.2021
    endloop
  endfacet
  facet normal 0.162884 -0.986645 -3.8543e-07
    outer loop
      vertex 1.20208 -0.918488 -18.2021
      vertex 1.75581 -0.827067 -34
      vertex 1.27813 -0.905933 -18.1209
    endloop
  endfacet
  facet normal 0.162894 -0.986644 -1.05266e-07
    outer loop
      vertex 1.27813 -0.905933 -18.1209
      vertex 1.75581 -0.827067 -34
      vertex 1.3487 -0.894282 -18.0349
    endloop
  endfacet
  facet normal 0.162902 -0.986642 1.26989e-07
    outer loop
      vertex 1.3487 -0.894282 -18.0349
      vertex 1.75581 -0.827067 -34
      vertex 1.4135 -0.883583 -17.9445
    endloop
  endfacet
  facet normal 0.162895 -0.986643 -2.77752e-08
    outer loop
      vertex 1.4135 -0.883583 -17.9445
      vertex 1.75581 -0.827067 -34
      vertex 1.47224 -0.873885 -17.85
    endloop
  endfacet
  facet normal 0.162898 -0.986643 1.48212e-08
    outer loop
      vertex 1.47224 -0.873885 -17.85
      vertex 1.75581 -0.827067 -34
      vertex 1.52468 -0.865227 -17.7519
    endloop
  endfacet
  facet normal 0.1629 -0.986643 5.10401e-08
    outer loop
      vertex 1.52468 -0.865227 -17.7519
      vertex 1.75581 -0.827067 -34
      vertex 1.57059 -0.857647 -17.6506
    endloop
  endfacet
  facet normal 0.162888 -0.986644 -8.4907e-08
    outer loop
      vertex 1.57059 -0.857647 -17.6506
      vertex 1.75581 -0.827067 -34
      vertex 1.60978 -0.851177 -17.5464
    endloop
  endfacet
  facet normal 0.162893 -0.986644 -4.68581e-08
    outer loop
      vertex 1.60978 -0.851177 -17.5464
      vertex 1.75581 -0.827067 -34
      vertex 1.64207 -0.845846 -17.44
    endloop
  endfacet
  facet normal 0.162916 -0.98664 1.19142e-07
    outer loop
      vertex 1.64207 -0.845846 -17.44
      vertex 1.75581 -0.827067 -34
      vertex 1.66733 -0.841675 -17.3317
    endloop
  endfacet
  facet normal 0.16283 -0.986654 -3.50741e-07
    outer loop
      vertex 1.66733 -0.841675 -17.3317
      vertex 1.75581 -0.827067 -34
      vertex 1.68546 -0.838683 -17.2219
    endloop
  endfacet
  facet normal 0.16293 -0.986638 8.07239e-08
    outer loop
      vertex 1.68546 -0.838683 -17.2219
      vertex 1.75581 -0.827067 -34
      vertex 1.69636 -0.836883 -17.1112
    endloop
  endfacet
  facet normal 0.162908 -0.986641 0
    outer loop
      vertex 1.7 -0.836282 -17
      vertex 1.75581 -0.827067 -34
      vertex 1.75581 -0.827067 0
    endloop
  endfacet
  facet normal 0.162905 -0.986642 -1.1448e-08
    outer loop
      vertex 1.69636 -0.836883 -17.1112
      vertex 1.75581 -0.827067 -34
      vertex 1.7 -0.836282 -17
    endloop
  endfacet
  facet normal -0.910859 -0.412718 0
    outer loop
      vertex -8.07185 4.0194 -34
      vertex -8.31492 4.55585 0
      vertex -8.31492 4.55585 -34
    endloop
  endfacet
  facet normal -0.910859 -0.412718 0
    outer loop
      vertex -8.31492 4.55585 0
      vertex -8.07185 4.0194 -34
      vertex -8.07185 4.0194 0
    endloop
  endfacet
  facet normal -0.162838 0.986653 0
    outer loop
      vertex -1.17474 16.923 -15.7723
      vertex -1.75581 16.8271 0
      vertex -1.17474 16.923 0
    endloop
  endfacet
  facet normal -0.162423 0.986721 1.56848e-05
    outer loop
      vertex -1.20208 16.9185 -15.7979
      vertex -1.75581 16.8271 0
      vertex -1.17474 16.923 -15.7723
    endloop
  endfacet
  facet normal -0.163431 0.986555 -2.06019e-05
    outer loop
      vertex -1.27813 16.9059 -15.8791
      vertex -1.75581 16.8271 0
      vertex -1.20208 16.9185 -15.7979
    endloop
  endfacet
  facet normal -0.162219 0.986755 1.68425e-05
    outer loop
      vertex -1.3487 16.8943 -15.9651
      vertex -1.75581 16.8271 0
      vertex -1.27813 16.9059 -15.8791
    endloop
  endfacet
  facet normal -0.162915 0.98664 -1.39706e-06
    outer loop
      vertex -1.4135 16.8836 -16.0555
      vertex -1.75581 16.8271 0
      vertex -1.3487 16.8943 -15.9651
    endloop
  endfacet
  facet normal -0.162925 0.986638 -1.61532e-06
    outer loop
      vertex -1.47224 16.8739 -16.15
      vertex -1.75581 16.8271 0
      vertex -1.4135 16.8836 -16.0555
    endloop
  endfacet
  facet normal -0.16364 0.98652 -1.45115e-05
    outer loop
      vertex -1.52468 16.8652 -16.2481
      vertex -1.75581 16.8271 0
      vertex -1.47224 16.8739 -16.15
    endloop
  endfacet
  facet normal -0.163298 0.986577 -9.51103e-06
    outer loop
      vertex -1.57059 16.8576 -16.3494
      vertex -1.75581 16.8271 0
      vertex -1.52468 16.8652 -16.2481
    endloop
  endfacet
  facet normal -0.16121 0.98692 1.47836e-05
    outer loop
      vertex -1.60978 16.8512 -16.4536
      vertex -1.75581 16.8271 0
      vertex -1.57059 16.8576 -16.3494
    endloop
  endfacet
  facet normal -0.164884 0.986313 -1.87099e-05
    outer loop
      vertex -1.64207 16.8458 -16.56
      vertex -1.75581 16.8271 0
      vertex -1.60978 16.8512 -16.4536
    endloop
  endfacet
  facet normal -0.160273 0.987073 1.38173e-05
    outer loop
      vertex -1.66733 16.8417 -16.6683
      vertex -1.75581 16.8271 0
      vertex -1.64207 16.8458 -16.56
    endloop
  endfacet
  facet normal -0.163238 0.986587 -2.34697e-06
    outer loop
      vertex -1.68546 16.8387 -16.7781
      vertex -1.75581 16.8271 0
      vertex -1.66733 16.8417 -16.6683
    endloop
  endfacet
  facet normal -0.162921 0.986639 -9.83177e-07
    outer loop
      vertex -1.69636 16.8369 -16.8888
      vertex -1.75581 16.8271 0
      vertex -1.68546 16.8387 -16.7781
    endloop
  endfacet
  facet normal -0.162641 0.986685 2.89835e-08
    outer loop
      vertex -1.7 16.8363 -17
      vertex -1.75581 16.8271 0
      vertex -1.69636 16.8369 -16.8888
    endloop
  endfacet
  facet normal -0.162838 0.986653 0
    outer loop
      vertex -1.75581 16.8271 -34
      vertex -1.17474 16.923 -18.2277
      vertex -1.17474 16.923 -34
    endloop
  endfacet
  facet normal -0.162423 0.986721 -1.56848e-05
    outer loop
      vertex -1.17474 16.923 -18.2277
      vertex -1.75581 16.8271 -34
      vertex -1.20208 16.9185 -18.2021
    endloop
  endfacet
  facet normal -0.163431 0.986555 2.06019e-05
    outer loop
      vertex -1.20208 16.9185 -18.2021
      vertex -1.75581 16.8271 -34
      vertex -1.27813 16.9059 -18.1209
    endloop
  endfacet
  facet normal -0.162219 0.986755 -1.68425e-05
    outer loop
      vertex -1.27813 16.9059 -18.1209
      vertex -1.75581 16.8271 -34
      vertex -1.3487 16.8943 -18.0349
    endloop
  endfacet
  facet normal -0.162915 0.98664 1.39706e-06
    outer loop
      vertex -1.3487 16.8943 -18.0349
      vertex -1.75581 16.8271 -34
      vertex -1.4135 16.8836 -17.9445
    endloop
  endfacet
  facet normal -0.162925 0.986638 1.61532e-06
    outer loop
      vertex -1.4135 16.8836 -17.9445
      vertex -1.75581 16.8271 -34
      vertex -1.47224 16.8739 -17.85
    endloop
  endfacet
  facet normal -0.16364 0.98652 1.45115e-05
    outer loop
      vertex -1.47224 16.8739 -17.85
      vertex -1.75581 16.8271 -34
      vertex -1.52468 16.8652 -17.7519
    endloop
  endfacet
  facet normal -0.163298 0.986577 9.51103e-06
    outer loop
      vertex -1.52468 16.8652 -17.7519
      vertex -1.75581 16.8271 -34
      vertex -1.57059 16.8576 -17.6506
    endloop
  endfacet
  facet normal -0.16121 0.98692 -1.47836e-05
    outer loop
      vertex -1.57059 16.8576 -17.6506
      vertex -1.75581 16.8271 -34
      vertex -1.60978 16.8512 -17.5464
    endloop
  endfacet
  facet normal -0.164884 0.986313 1.87099e-05
    outer loop
      vertex -1.60978 16.8512 -17.5464
      vertex -1.75581 16.8271 -34
      vertex -1.64207 16.8458 -17.44
    endloop
  endfacet
  facet normal -0.160273 0.987073 -1.38173e-05
    outer loop
      vertex -1.64207 16.8458 -17.44
      vertex -1.75581 16.8271 -34
      vertex -1.66733 16.8417 -17.3317
    endloop
  endfacet
  facet normal -0.163238 0.986587 2.34697e-06
    outer loop
      vertex -1.66733 16.8417 -17.3317
      vertex -1.75581 16.8271 -34
      vertex -1.68546 16.8387 -17.2219
    endloop
  endfacet
  facet normal -0.162921 0.986639 9.83177e-07
    outer loop
      vertex -1.68546 16.8387 -17.2219
      vertex -1.75581 16.8271 -34
      vertex -1.69636 16.8369 -17.1112
    endloop
  endfacet
  facet normal -0.16265 0.986684 0
    outer loop
      vertex -1.7 16.8363 -17
      vertex -1.75581 16.8271 -34
      vertex -1.75581 16.8271 0
    endloop
  endfacet
  facet normal -0.162641 0.986685 -2.89835e-08
    outer loop
      vertex -1.69636 16.8369 -17.1112
      vertex -1.75581 16.8271 -34
      vertex -1.7 16.8363 -17
    endloop
  endfacet
  facet normal 0.162838 0.986653 0
    outer loop
      vertex 1.75581 16.8271 0
      vertex 1.17474 16.923 -15.7723
      vertex 1.17474 16.923 0
    endloop
  endfacet
  facet normal 0.162423 0.986721 1.56848e-05
    outer loop
      vertex 1.75581 16.8271 0
      vertex 1.20208 16.9185 -15.7979
      vertex 1.17474 16.923 -15.7723
    endloop
  endfacet
  facet normal 0.163431 0.986555 -2.06019e-05
    outer loop
      vertex 1.75581 16.8271 0
      vertex 1.27813 16.9059 -15.8791
      vertex 1.20208 16.9185 -15.7979
    endloop
  endfacet
  facet normal 0.162219 0.986755 1.68425e-05
    outer loop
      vertex 1.75581 16.8271 0
      vertex 1.3487 16.8943 -15.9651
      vertex 1.27813 16.9059 -15.8791
    endloop
  endfacet
  facet normal 0.162915 0.98664 -1.39706e-06
    outer loop
      vertex 1.75581 16.8271 0
      vertex 1.4135 16.8836 -16.0555
      vertex 1.3487 16.8943 -15.9651
    endloop
  endfacet
  facet normal 0.162925 0.986638 -1.61532e-06
    outer loop
      vertex 1.75581 16.8271 0
      vertex 1.47224 16.8739 -16.15
      vertex 1.4135 16.8836 -16.0555
    endloop
  endfacet
  facet normal 0.16364 0.98652 -1.45115e-05
    outer loop
      vertex 1.75581 16.8271 0
      vertex 1.52468 16.8652 -16.2481
      vertex 1.47224 16.8739 -16.15
    endloop
  endfacet
  facet normal 0.163298 0.986577 -9.51103e-06
    outer loop
      vertex 1.75581 16.8271 0
      vertex 1.57059 16.8576 -16.3494
      vertex 1.52468 16.8652 -16.2481
    endloop
  endfacet
  facet normal 0.16121 0.98692 1.47836e-05
    outer loop
      vertex 1.75581 16.8271 0
      vertex 1.60978 16.8512 -16.4536
      vertex 1.57059 16.8576 -16.3494
    endloop
  endfacet
  facet normal 0.164884 0.986313 -1.87099e-05
    outer loop
      vertex 1.75581 16.8271 0
      vertex 1.64207 16.8458 -16.56
      vertex 1.60978 16.8512 -16.4536
    endloop
  endfacet
  facet normal 0.160273 0.987073 1.38173e-05
    outer loop
      vertex 1.75581 16.8271 0
      vertex 1.66733 16.8417 -16.6683
      vertex 1.64207 16.8458 -16.56
    endloop
  endfacet
  facet normal 0.163238 0.986587 -2.34697e-06
    outer loop
      vertex 1.75581 16.8271 0
      vertex 1.68546 16.8387 -16.7781
      vertex 1.66733 16.8417 -16.6683
    endloop
  endfacet
  facet normal 0.162921 0.986639 -9.83177e-07
    outer loop
      vertex 1.75581 16.8271 0
      vertex 1.69636 16.8369 -16.8888
      vertex 1.68546 16.8387 -16.7781
    endloop
  endfacet
  facet normal 0.162641 0.986685 2.89835e-08
    outer loop
      vertex 1.75581 16.8271 0
      vertex 1.7 16.8363 -17
      vertex 1.69636 16.8369 -16.8888
    endloop
  endfacet
  facet normal 0.16265 0.986684 -0
    outer loop
      vertex 1.75581 16.8271 -34
      vertex 1.7 16.8363 -17
      vertex 1.75581 16.8271 0
    endloop
  endfacet
  facet normal 0.162641 0.986685 -2.89835e-08
    outer loop
      vertex 1.75581 16.8271 -34
      vertex 1.69636 16.8369 -17.1112
      vertex 1.7 16.8363 -17
    endloop
  endfacet
  facet normal 0.162921 0.986639 9.83177e-07
    outer loop
      vertex 1.75581 16.8271 -34
      vertex 1.68546 16.8387 -17.2219
      vertex 1.69636 16.8369 -17.1112
    endloop
  endfacet
  facet normal 0.163238 0.986587 2.34697e-06
    outer loop
      vertex 1.75581 16.8271 -34
      vertex 1.66733 16.8417 -17.3317
      vertex 1.68546 16.8387 -17.2219
    endloop
  endfacet
  facet normal 0.160273 0.987073 -1.38173e-05
    outer loop
      vertex 1.75581 16.8271 -34
      vertex 1.64207 16.8458 -17.44
      vertex 1.66733 16.8417 -17.3317
    endloop
  endfacet
  facet normal 0.164884 0.986313 1.87099e-05
    outer loop
      vertex 1.75581 16.8271 -34
      vertex 1.60978 16.8512 -17.5464
      vertex 1.64207 16.8458 -17.44
    endloop
  endfacet
  facet normal 0.16121 0.98692 -1.47836e-05
    outer loop
      vertex 1.75581 16.8271 -34
      vertex 1.57059 16.8576 -17.6506
      vertex 1.60978 16.8512 -17.5464
    endloop
  endfacet
  facet normal 0.163298 0.986577 9.51103e-06
    outer loop
      vertex 1.75581 16.8271 -34
      vertex 1.52468 16.8652 -17.7519
      vertex 1.57059 16.8576 -17.6506
    endloop
  endfacet
  facet normal 0.16364 0.98652 1.45115e-05
    outer loop
      vertex 1.75581 16.8271 -34
      vertex 1.47224 16.8739 -17.85
      vertex 1.52468 16.8652 -17.7519
    endloop
  endfacet
  facet normal 0.162925 0.986638 1.61532e-06
    outer loop
      vertex 1.75581 16.8271 -34
      vertex 1.4135 16.8836 -17.9445
      vertex 1.47224 16.8739 -17.85
    endloop
  endfacet
  facet normal 0.162915 0.98664 1.39706e-06
    outer loop
      vertex 1.75581 16.8271 -34
      vertex 1.3487 16.8943 -18.0349
      vertex 1.4135 16.8836 -17.9445
    endloop
  endfacet
  facet normal 0.162219 0.986755 -1.68425e-05
    outer loop
      vertex 1.75581 16.8271 -34
      vertex 1.27813 16.9059 -18.1209
      vertex 1.3487 16.8943 -18.0349
    endloop
  endfacet
  facet normal 0.163431 0.986555 2.06019e-05
    outer loop
      vertex 1.75581 16.8271 -34
      vertex 1.20208 16.9185 -18.2021
      vertex 1.27813 16.9059 -18.1209
    endloop
  endfacet
  facet normal 0.162423 0.986721 -1.56848e-05
    outer loop
      vertex 1.75581 16.8271 -34
      vertex 1.17474 16.923 -18.2277
      vertex 1.20208 16.9185 -18.2021
    endloop
  endfacet
  facet normal 0.162838 0.986653 0
    outer loop
      vertex 1.17474 16.923 -18.2277
      vertex 1.75581 16.8271 -34
      vertex 1.17474 16.923 -34
    endloop
  endfacet
  facet normal 0.0979717 0.995189 0
    outer loop
      vertex 1.17474 16.923 0
      vertex 0.588628 16.9807 -15.4061
      vertex 0.588628 16.9807 0
    endloop
  endfacet
  facet normal 0.0980186 0.995185 -1.79859e-06
    outer loop
      vertex 1.17474 16.923 0
      vertex 0.650561 16.9746 -15.4294
      vertex 0.588628 16.9807 -15.4061
    endloop
  endfacet
  facet normal 0.0982076 0.995166 -8.28326e-06
    outer loop
      vertex 1.17474 16.923 0
      vertex 0.75189 16.9646 -15.4753
      vertex 0.650561 16.9746 -15.4294
    endloop
  endfacet
  facet normal 0.0973928 0.995246 1.4197e-05
    outer loop
      vertex 1.17474 16.923 0
      vertex 0.849999 16.955 -15.5278
      vertex 0.75189 16.9646 -15.4753
    endloop
  endfacet
  facet normal 0.0979726 0.995189 1.9534e-06
    outer loop
      vertex 1.17474 16.923 0
      vertex 0.944468 16.9457 -15.5865
      vertex 0.849999 16.955 -15.5278
    endloop
  endfacet
  facet normal 0.0979556 0.995191 2.20701e-06
    outer loop
      vertex 1.17474 16.923 0
      vertex 1.03489 16.9368 -15.6513
      vertex 0.944468 16.9457 -15.5865
    endloop
  endfacet
  facet normal 0.0983568 0.995151 -1.41285e-06
    outer loop
      vertex 1.17474 16.923 0
      vertex 1.12089 16.9283 -15.7219
      vertex 1.03489 16.9368 -15.6513
    endloop
  endfacet
  facet normal 0.0979483 0.995192 0
    outer loop
      vertex 1.12089 16.9283 -15.7219
      vertex 1.17474 16.923 0
      vertex 1.17474 16.923 -15.7723
    endloop
  endfacet
  facet normal 0.0979483 0.995192 -0
    outer loop
      vertex 1.17474 16.923 -34
      vertex 1.12089 16.9283 -18.2781
      vertex 1.17474 16.923 -18.2277
    endloop
  endfacet
  facet normal 0.0983568 0.995151 1.41285e-06
    outer loop
      vertex 1.17474 16.923 -34
      vertex 1.03489 16.9368 -18.3487
      vertex 1.12089 16.9283 -18.2781
    endloop
  endfacet
  facet normal 0.0979556 0.995191 -2.20701e-06
    outer loop
      vertex 1.17474 16.923 -34
      vertex 0.944468 16.9457 -18.4135
      vertex 1.03489 16.9368 -18.3487
    endloop
  endfacet
  facet normal 0.0979726 0.995189 -1.9534e-06
    outer loop
      vertex 1.17474 16.923 -34
      vertex 0.849999 16.955 -18.4722
      vertex 0.944468 16.9457 -18.4135
    endloop
  endfacet
  facet normal 0.0973928 0.995246 -1.4197e-05
    outer loop
      vertex 1.17474 16.923 -34
      vertex 0.75189 16.9646 -18.5247
      vertex 0.849999 16.955 -18.4722
    endloop
  endfacet
  facet normal 0.0982076 0.995166 8.28326e-06
    outer loop
      vertex 1.17474 16.923 -34
      vertex 0.650561 16.9746 -18.5706
      vertex 0.75189 16.9646 -18.5247
    endloop
  endfacet
  facet normal 0.0980186 0.995185 1.79859e-06
    outer loop
      vertex 1.17474 16.923 -34
      vertex 0.588628 16.9807 -18.5939
      vertex 0.650561 16.9746 -18.5706
    endloop
  endfacet
  facet normal 0.0979717 0.995189 0
    outer loop
      vertex 0.588628 16.9807 -18.5939
      vertex 1.17474 16.923 -34
      vertex 0.588628 16.9807 -34
    endloop
  endfacet
  facet normal 0.995184 -0.0980259 0
    outer loop
      vertex 8.98073 7.41137 0
      vertex 8.95991 7.2 -0.0999994
      vertex 8.98073 7.41137 -0.0999994
    endloop
  endfacet
  facet normal 0.995184 -0.0980225 -7.13312e-06
    outer loop
      vertex 8.923 6.82526 0
      vertex 8.95991 7.2 -0.0999994
      vertex 8.98073 7.41137 0
    endloop
  endfacet
  facet normal 0.995184 -0.0980206 0
    outer loop
      vertex 8.923 6.82526 -34
      vertex 8.95991 7.2 -0.0999994
      vertex 8.923 6.82526 0
    endloop
  endfacet
  facet normal 0.995184 -0.0980206 0
    outer loop
      vertex 8.95991 7.2 -0.0999994
      vertex 8.923 6.82526 -34
      vertex 8.95991 7.2 -34
    endloop
  endfacet
  facet normal -0.471496 0.881868 0
    outer loop
      vertex -3.9806 16.0719 -34
      vertex -4.5 15.7942 0
      vertex -3.9806 16.0719 0
    endloop
  endfacet
  facet normal -0.471496 0.881868 0
    outer loop
      vertex -4.5 15.7942 0
      vertex -3.9806 16.0719 -34
      vertex -4.5 15.7942 -34
    endloop
  endfacet
  facet normal -0.729863 -0.683594 0
    outer loop
      vertex -6.36396 1.63604 -34
      vertex -6.76656 2.06589 0
      vertex -6.76656 2.06589 -34
    endloop
  endfacet
  facet normal -0.729863 -0.683594 0
    outer loop
      vertex -6.76656 2.06589 0
      vertex -6.36396 1.63604 -34
      vertex -6.36396 1.63604 0
    endloop
  endfacet
  facet normal 0.849189 0.52809 0
    outer loop
      vertex 7.79423 12.5 0
      vertex 7.48323 13.0001 -34
      vertex 7.48323 13.0001 0
    endloop
  endfacet
  facet normal 0.849189 0.52809 0
    outer loop
      vertex 7.48323 13.0001 -34
      vertex 7.79423 12.5 0
      vertex 7.79423 12.5 -34
    endloop
  endfacet
  facet normal -0.973875 -0.227084 0
    outer loop
      vertex -8.69333 5.67063 -34
      vertex -8.82707 6.24419 0
      vertex -8.82707 6.24419 -34
    endloop
  endfacet
  facet normal -0.973875 -0.227084 0
    outer loop
      vertex -8.82707 6.24419 0
      vertex -8.69333 5.67063 -34
      vertex -8.69333 5.67063 0
    endloop
  endfacet
  facet normal 0.772971 0.634441 0
    outer loop
      vertex 7.14018 13.4789 0
      vertex 6.76656 13.9341 -34
      vertex 6.76656 13.9341 0
    endloop
  endfacet
  facet normal 0.772971 0.634441 0
    outer loop
      vertex 6.76656 13.9341 -34
      vertex 7.14018 13.4789 0
      vertex 7.14018 13.4789 -34
    endloop
  endfacet
  facet normal 0.849203 -0.528067 0
    outer loop
      vertex 7.48323 2.99987 0
      vertex 7.79423 3.5 -34
      vertex 7.79423 3.5 0
    endloop
  endfacet
  facet normal 0.849203 -0.528067 0
    outer loop
      vertex 7.79423 3.5 -34
      vertex 7.48323 2.99987 0
      vertex 7.48323 2.99987 -34
    endloop
  endfacet
  facet normal -0.352314 0.935882 0
    outer loop
      vertex -2.89295 16.5224 -34
      vertex -3.44415 16.3149 0
      vertex -2.89295 16.5224 0
    endloop
  endfacet
  facet normal -0.352314 0.935882 0
    outer loop
      vertex -3.44415 16.3149 0
      vertex -2.89295 16.5224 -34
      vertex -3.44415 16.3149 -34
    endloop
  endfacet
  facet normal 0.528067 0.849203 -0
    outer loop
      vertex 5.00013 15.4832 -34
      vertex 4.5 15.7942 0
      vertex 5.00013 15.4832 0
    endloop
  endfacet
  facet normal 0.528067 0.849203 0
    outer loop
      vertex 4.5 15.7942 0
      vertex 5.00013 15.4832 -34
      vertex 4.5 15.7942 -34
    endloop
  endfacet
  facet normal 0.910859 -0.412718 0
    outer loop
      vertex 8.07185 4.0194 0
      vertex 8.31492 4.55585 -34
      vertex 8.31492 4.55585 0
    endloop
  endfacet
  facet normal 0.910859 -0.412718 0
    outer loop
      vertex 8.31492 4.55585 -34
      vertex 8.07185 4.0194 0
      vertex 8.07185 4.0194 -34
    endloop
  endfacet
  facet normal 0.812843 -0.582482 0
    outer loop
      vertex 7.14018 2.52115 0
      vertex 7.48323 2.99987 -34
      vertex 7.48323 2.99987 0
    endloop
  endfacet
  facet normal 0.812843 -0.582482 0
    outer loop
      vertex 7.48323 2.99987 -34
      vertex 7.14018 2.52115 0
      vertex 7.14018 2.52115 -34
    endloop
  endfacet
  facet normal 0.227076 -0.973877 0
    outer loop
      vertex 1.75581 -0.827067 -34
      vertex 2.32937 -0.693332 0
      vertex 1.75581 -0.827067 0
    endloop
  endfacet
  facet normal 0.227076 -0.973877 0
    outer loop
      vertex 2.32937 -0.693332 0
      vertex 1.75581 -0.827067 -34
      vertex 2.32937 -0.693332 -34
    endloop
  endfacet
  facet normal 0.683594 -0.729863 0
    outer loop
      vertex 5.93411 1.23344 -34
      vertex 6.36396 1.63604 0
      vertex 5.93411 1.23344 0
    endloop
  endfacet
  facet normal 0.683594 -0.729863 0
    outer loop
      vertex 6.36396 1.63604 0
      vertex 5.93411 1.23344 -34
      vertex 6.36396 1.63604 -34
    endloop
  endfacet
  facet normal -0.0327196 -0.999465 0
    outer loop
      vertex -0.588628 -0.98073 0
      vertex 0 -1 -15.3
      vertex 0 -1 0
    endloop
  endfacet
  facet normal -0.0327207 -0.999465 -4.16451e-08
    outer loop
      vertex -0.588628 -0.98073 0
      vertex -0.111185 -0.99636 -15.3036
      vertex 0 -1 -15.3
    endloop
  endfacet
  facet normal -0.0327169 -0.999465 7.54181e-08
    outer loop
      vertex -0.588628 -0.98073 0
      vertex -0.221894 -0.992736 -15.3145
      vertex -0.111185 -0.99636 -15.3036
    endloop
  endfacet
  facet normal -0.0327178 -0.999465 5.40675e-08
    outer loop
      vertex -0.588628 -0.98073 0
      vertex -0.331653 -0.989143 -15.3327
      vertex -0.221894 -0.992736 -15.3145
    endloop
  endfacet
  facet normal -0.0327223 -0.999464 -2.05682e-08
    outer loop
      vertex -0.588628 -0.98073 0
      vertex -0.439992 -0.985596 -15.3579
      vertex -0.331653 -0.989143 -15.3327
    endloop
  endfacet
  facet normal -0.0327193 -0.999465 8.27134e-09
    outer loop
      vertex -0.588628 -0.98073 0
      vertex -0.546447 -0.982111 -15.3902
      vertex -0.439992 -0.985596 -15.3579
    endloop
  endfacet
  facet normal -0.0327223 -0.999464 0
    outer loop
      vertex -0.546447 -0.982111 -15.3902
      vertex -0.588628 -0.98073 0
      vertex -0.588628 -0.98073 -15.4061
    endloop
  endfacet
  facet normal -0.0327223 -0.999464 0
    outer loop
      vertex -0.588628 -0.98073 -34
      vertex -0.546447 -0.982111 -18.6098
      vertex -0.588628 -0.98073 -18.5939
    endloop
  endfacet
  facet normal -0.0327193 -0.999465 -8.27134e-09
    outer loop
      vertex -0.588628 -0.98073 -34
      vertex -0.439992 -0.985596 -18.6421
      vertex -0.546447 -0.982111 -18.6098
    endloop
  endfacet
  facet normal -0.0327223 -0.999464 2.05682e-08
    outer loop
      vertex -0.588628 -0.98073 -34
      vertex -0.331653 -0.989143 -18.6673
      vertex -0.439992 -0.985596 -18.6421
    endloop
  endfacet
  facet normal -0.0327178 -0.999465 -5.40675e-08
    outer loop
      vertex -0.588628 -0.98073 -34
      vertex -0.221894 -0.992736 -18.6855
      vertex -0.331653 -0.989143 -18.6673
    endloop
  endfacet
  facet normal -0.0327169 -0.999465 -7.54181e-08
    outer loop
      vertex -0.588628 -0.98073 -34
      vertex -0.111185 -0.99636 -18.6964
      vertex -0.221894 -0.992736 -18.6855
    endloop
  endfacet
  facet normal -0.0327207 -0.999465 4.16451e-08
    outer loop
      vertex -0.588628 -0.98073 -34
      vertex 0 -1 -18.7
      vertex -0.111185 -0.99636 -18.6964
    endloop
  endfacet
  facet normal -0.0327196 -0.999465 -0
    outer loop
      vertex 0 -1 -18.7
      vertex -0.588628 -0.98073 -34
      vertex 0 -1 -34
    endloop
  endfacet
  facet normal 0.471396 -0.881922 0
    outer loop
      vertex 3.9806 -0.0718546 -34
      vertex 4.5 0.20577 0
      vertex 3.9806 -0.0718546 0
    endloop
  endfacet
  facet normal 0.471396 -0.881922 0
    outer loop
      vertex 4.5 0.20577 0
      vertex 3.9806 -0.0718546 -34
      vertex 4.5 0.20577 -34
    endloop
  endfacet
  facet normal 0.986645 -0.162887 0
    outer loop
      vertex 8.82707 6.24419 0
      vertex 8.923 6.82526 -34
      vertex 8.923 6.82526 0
    endloop
  endfacet
  facet normal 0.986645 -0.162887 0
    outer loop
      vertex 8.923 6.82526 -34
      vertex 8.82707 6.24419 0
      vertex 8.82707 6.24419 -34
    endloop
  endfacet
  facet normal -0.812889 0.582418 0
    outer loop
      vertex -7.48323 13.0001 -34
      vertex -7.14018 13.4789 0
      vertex -7.14018 13.4789 -34
    endloop
  endfacet
  facet normal -0.812889 0.582418 0
    outer loop
      vertex -7.14018 13.4789 0
      vertex -7.48323 13.0001 -34
      vertex -7.48323 13.0001 0
    endloop
  endfacet
  facet normal -0.935908 -0.352245 0
    outer loop
      vertex -8.31492 4.55585 -34
      vertex -8.52237 5.10704 0
      vertex -8.52237 5.10704 -34
    endloop
  endfacet
  facet normal -0.935908 -0.352245 0
    outer loop
      vertex -8.52237 5.10704 0
      vertex -8.31492 4.55585 -34
      vertex -8.31492 4.55585 0
    endloop
  endfacet
  facet normal -0.729902 0.683551 0
    outer loop
      vertex -6.76656 13.9341 -34
      vertex -6.36396 14.364 0
      vertex -6.36396 14.364 -34
    endloop
  endfacet
  facet normal -0.729902 0.683551 0
    outer loop
      vertex -6.36396 14.364 0
      vertex -6.76656 13.9341 -34
      vertex -6.76656 13.9341 0
    endloop
  endfacet
  facet normal 0.634392 -0.773011 0
    outer loop
      vertex 5.47885 0.859819 -34
      vertex 5.93411 1.23344 0
      vertex 5.47885 0.859819 0
    endloop
  endfacet
  facet normal 0.634392 -0.773011 0
    outer loop
      vertex 5.93411 1.23344 0
      vertex 5.47885 0.859819 -34
      vertex 5.93411 1.23344 -34
    endloop
  endfacet
  facet normal -0.995184 -0.0980225 0
    outer loop
      vertex -8.923 6.82526 -34
      vertex -8.98073 7.41137 0
      vertex -8.98073 7.41137 -34
    endloop
  endfacet
  facet normal -0.995184 -0.0980225 0
    outer loop
      vertex -8.98073 7.41137 0
      vertex -8.923 6.82526 -34
      vertex -8.923 6.82526 0
    endloop
  endfacet
  facet normal -0.290288 -0.956939 0
    outer loop
      vertex -2.89295 -0.52237 -34
      vertex -2.32937 -0.693332 0
      vertex -2.89295 -0.52237 0
    endloop
  endfacet
  facet normal -0.290288 -0.956939 -0
    outer loop
      vertex -2.32937 -0.693332 0
      vertex -2.89295 -0.52237 -34
      vertex -2.32937 -0.693332 -34
    endloop
  endfacet
  facet normal 0.412619 0.910904 -0
    outer loop
      vertex 3.9806 16.0719 -34
      vertex 3.44415 16.3149 0
      vertex 3.9806 16.0719 0
    endloop
  endfacet
  facet normal 0.412619 0.910904 0
    outer loop
      vertex 3.44415 16.3149 0
      vertex 3.9806 16.0719 -34
      vertex 3.44415 16.3149 -34
    endloop
  endfacet
  facet normal -0.910873 0.412686 0
    outer loop
      vertex -8.31492 11.4441 -34
      vertex -8.07185 11.9806 0
      vertex -8.07185 11.9806 -34
    endloop
  endfacet
  facet normal -0.910873 0.412686 0
    outer loop
      vertex -8.07185 11.9806 0
      vertex -8.31492 11.4441 -34
      vertex -8.31492 11.4441 0
    endloop
  endfacet
  facet normal -0.956943 0.290275 0
    outer loop
      vertex -8.69333 10.3294 -34
      vertex -8.52237 10.893 0
      vertex -8.52237 10.893 -34
    endloop
  endfacet
  facet normal -0.956943 0.290275 0
    outer loop
      vertex -8.52237 10.893 0
      vertex -8.69333 10.3294 -34
      vertex -8.69333 10.3294 0
    endloop
  endfacet
  facet normal 0.471496 0.881868 -0
    outer loop
      vertex 4.5 15.7942 -34
      vertex 3.9806 16.0719 0
      vertex 4.5 15.7942 0
    endloop
  endfacet
  facet normal 0.471496 0.881868 0
    outer loop
      vertex 3.9806 16.0719 0
      vertex 4.5 15.7942 -34
      vertex 3.9806 16.0719 -34
    endloop
  endfacet
  facet normal 0.956942 -0.29028 0
    outer loop
      vertex 8.52237 5.10704 0
      vertex 8.69333 5.67063 -34
      vertex 8.69333 5.67063 0
    endloop
  endfacet
  facet normal 0.956942 -0.29028 0
    outer loop
      vertex 8.69333 5.67063 -34
      vertex 8.52237 5.10704 0
      vertex 8.52237 5.10704 -34
    endloop
  endfacet
  facet normal -0.683594 -0.729863 0
    outer loop
      vertex -6.36396 1.63604 -34
      vertex -5.93411 1.23344 0
      vertex -6.36396 1.63604 0
    endloop
  endfacet
  facet normal -0.683594 -0.729863 -0
    outer loop
      vertex -5.93411 1.23344 0
      vertex -6.36396 1.63604 -34
      vertex -5.93411 1.23344 -34
    endloop
  endfacet
  facet normal -0.352246 -0.935908 0
    outer loop
      vertex -3.44415 -0.314916 -34
      vertex -2.89295 -0.52237 0
      vertex -3.44415 -0.314916 0
    endloop
  endfacet
  facet normal -0.352246 -0.935908 -0
    outer loop
      vertex -2.89295 -0.52237 0
      vertex -3.44415 -0.314916 -34
      vertex -2.89295 -0.52237 -34
    endloop
  endfacet
  facet normal 0.729863 -0.683594 0
    outer loop
      vertex 6.36396 1.63604 0
      vertex 6.76656 2.06589 -34
      vertex 6.76656 2.06589 0
    endloop
  endfacet
  facet normal 0.729863 -0.683594 0
    outer loop
      vertex 6.76656 2.06589 -34
      vertex 6.36396 1.63604 0
      vertex 6.36396 1.63604 -34
    endloop
  endfacet
  facet normal 0.683594 0.729863 -0
    outer loop
      vertex 6.36396 14.364 -34
      vertex 5.93411 14.7666 0
      vertex 6.36396 14.364 0
    endloop
  endfacet
  facet normal 0.683594 0.729863 0
    outer loop
      vertex 5.93411 14.7666 0
      vertex 6.36396 14.364 -34
      vertex 5.93411 14.7666 -34
    endloop
  endfacet
  facet normal 0.290191 0.956969 -0
    outer loop
      vertex 2.89295 16.5224 -34
      vertex 2.32937 16.6933 0
      vertex 2.89295 16.5224 0
    endloop
  endfacet
  facet normal 0.290191 0.956969 0
    outer loop
      vertex 2.32937 16.6933 0
      vertex 2.89295 16.5224 -34
      vertex 2.32937 16.6933 -34
    endloop
  endfacet
  facet normal -0.227076 -0.973877 0
    outer loop
      vertex -2.32937 -0.693332 -34
      vertex -1.75581 -0.827067 0
      vertex -2.32937 -0.693332 0
    endloop
  endfacet
  facet normal -0.227076 -0.973877 -0
    outer loop
      vertex -1.75581 -0.827067 0
      vertex -2.32937 -0.693332 -34
      vertex -1.75581 -0.827067 -34
    endloop
  endfacet
  facet normal -0.973878 0.227072 0
    outer loop
      vertex -8.82707 9.75581 -34
      vertex -8.69333 10.3294 0
      vertex -8.69333 10.3294 -34
    endloop
  endfacet
  facet normal -0.973878 0.227072 0
    outer loop
      vertex -8.69333 10.3294 0
      vertex -8.82707 9.75581 -34
      vertex -8.82707 9.75581 0
    endloop
  endfacet
  facet normal -0.772971 0.634441 0
    outer loop
      vertex -7.14018 13.4789 -34
      vertex -6.76656 13.9341 0
      vertex -6.76656 13.9341 -34
    endloop
  endfacet
  facet normal -0.772971 0.634441 0
    outer loop
      vertex -6.76656 13.9341 0
      vertex -7.14018 13.4789 -34
      vertex -7.14018 13.4789 0
    endloop
  endfacet
  facet normal -0.995184 0.0980225 0
    outer loop
      vertex -8.98073 8.58863 -34
      vertex -8.923 9.17474 0
      vertex -8.923 9.17474 -34
    endloop
  endfacet
  facet normal -0.995184 0.0980225 0
    outer loop
      vertex -8.923 9.17474 0
      vertex -8.98073 8.58863 -34
      vertex -8.98073 8.58863 0
    endloop
  endfacet
  facet normal 0.528071 -0.849201 0
    outer loop
      vertex 4.5 0.20577 -34
      vertex 5.00013 0.516773 0
      vertex 4.5 0.20577 0
    endloop
  endfacet
  facet normal 0.528071 -0.849201 0
    outer loop
      vertex 5.00013 0.516773 0
      vertex 4.5 0.20577 -34
      vertex 5.00013 0.516773 -34
    endloop
  endfacet
  facet normal -0.935889 0.352296 0
    outer loop
      vertex -8.52237 10.893 -34
      vertex -8.31492 11.4441 0
      vertex -8.31492 11.4441 -34
    endloop
  endfacet
  facet normal -0.935889 0.352296 0
    outer loop
      vertex -8.31492 11.4441 0
      vertex -8.52237 10.893 -34
      vertex -8.52237 10.893 0
    endloop
  endfacet
  facet normal -0.999465 0.0327195 0
    outer loop
      vertex -9 8 -34
      vertex -8.98073 8.58863 0
      vertex -8.98073 8.58863 -34
    endloop
  endfacet
  facet normal -0.999465 0.0327195 0
    outer loop
      vertex -8.98073 8.58863 0
      vertex -9 8 -34
      vertex -9 8 0
    endloop
  endfacet
  facet normal -0.881937 0.471367 0
    outer loop
      vertex -7.79423 12.5 -34
      vertex -8 12.115 0
      vertex -7.79423 12.5 0
    endloop
  endfacet
  facet normal -0.881925 0.47139 3.37696e-07
    outer loop
      vertex -8.07185 11.9806 -34
      vertex -8 12.115 0
      vertex -7.79423 12.5 -34
    endloop
  endfacet
  facet normal -0.881889 0.471456 0
    outer loop
      vertex -8 12.115 0
      vertex -8.07185 11.9806 -34
      vertex -8.07185 11.9806 0
    endloop
  endfacet
  facet normal 0 0 -1
    outer loop
      vertex 5.94589 7.2 -34
      vertex 8.923 6.82526 -34
      vertex 8.82707 6.24419 -34
    endloop
  endfacet
  facet normal 0 0 -1
    outer loop
      vertex 5.88471 6.82946 -34
      vertex 8.82707 6.24419 -34
      vertex 8.69333 5.67063 -34
    endloop
  endfacet
  facet normal 0 0 -1
    outer loop
      vertex 5.79555 6.44709 -34
      vertex 8.69333 5.67063 -34
      vertex 8.52237 5.10704 -34
    endloop
  endfacet
  facet normal 0 0 -1
    outer loop
      vertex 5.68158 6.07136 -34
      vertex 8.52237 5.10704 -34
      vertex 8.31492 4.55585 -34
    endloop
  endfacet
  facet normal 0 0 -1
    outer loop
      vertex 5.54328 5.7039 -34
      vertex 8.31492 4.55585 -34
      vertex 8.07185 4.0194 -34
    endloop
  endfacet
  facet normal 0 0 -1
    outer loop
      vertex 5.38124 5.34627 -34
      vertex 8.07185 4.0194 -34
      vertex 7.79423 3.5 -34
    endloop
  endfacet
  facet normal 0 0 -1
    outer loop
      vertex 5.19615 5 -34
      vertex 7.79423 3.5 -34
      vertex 7.48323 2.99987 -34
    endloop
  endfacet
  facet normal 0 0 -1
    outer loop
      vertex 4.98882 4.66658 -34
      vertex 7.48323 2.99987 -34
      vertex 7.14018 2.52115 -34
    endloop
  endfacet
  facet normal 0 0 -1
    outer loop
      vertex 4.76012 4.34743 -34
      vertex 7.14018 2.52115 -34
      vertex 6.76656 2.06589 -34
    endloop
  endfacet
  facet normal 0 0 -1
    outer loop
      vertex 4.51104 4.04392 -34
      vertex 6.76656 2.06589 -34
      vertex 6.36396 1.63604 -34
    endloop
  endfacet
  facet normal 0 0 -1
    outer loop
      vertex 8.07185 4.0194 -34
      vertex 5.38124 5.34627 -34
      vertex 5.54328 5.7039 -34
    endloop
  endfacet
  facet normal 0 0 -1
    outer loop
      vertex 4.24264 3.75736 -34
      vertex 6.36396 1.63604 -34
      vertex 5.93411 1.23344 -34
    endloop
  endfacet
  facet normal 0 0 -1
    outer loop
      vertex 8.923 6.82526 -34
      vertex 5.94589 7.2 -34
      vertex 8.95991 7.2 -34
    endloop
  endfacet
  facet normal 0 -0 -1
    outer loop
      vertex 5.94589 7.2 -34
      vertex 8.82707 6.24419 -34
      vertex 5.88471 6.82946 -34
    endloop
  endfacet
  facet normal 0 0 -1
    outer loop
      vertex 8.69333 5.67063 -34
      vertex 5.79555 6.44709 -34
      vertex 5.88471 6.82946 -34
    endloop
  endfacet
  facet normal 0 0 -1
    outer loop
      vertex 8.52237 5.10704 -34
      vertex 5.68158 6.07136 -34
      vertex 5.79555 6.44709 -34
    endloop
  endfacet
  facet normal 0 0 -1
    outer loop
      vertex 3.95607 3.48896 -34
      vertex 5.93411 1.23344 -34
      vertex 5.47885 0.859819 -34
    endloop
  endfacet
  facet normal 0 0 -1
    outer loop
      vertex 8.31492 4.55585 -34
      vertex 5.54328 5.7039 -34
      vertex 5.68158 6.07136 -34
    endloop
  endfacet
  facet normal 0 0 -1
    outer loop
      vertex 7.79423 3.5 -34
      vertex 5.19615 5 -34
      vertex 5.38124 5.34627 -34
    endloop
  endfacet
  facet normal 0 0 -1
    outer loop
      vertex 3.65257 3.23988 -34
      vertex 5.47885 0.859819 -34
      vertex 5.00013 0.516773 -34
    endloop
  endfacet
  facet normal 0 0 -1
    outer loop
      vertex 7.48323 2.99987 -34
      vertex 4.98882 4.66658 -34
      vertex 5.19615 5 -34
    endloop
  endfacet
  facet normal 0 0 -1
    outer loop
      vertex 7.14018 2.52115 -34
      vertex 4.76012 4.34743 -34
      vertex 4.98882 4.66658 -34
    endloop
  endfacet
  facet normal 0 0 -1
    outer loop
      vertex 6.76656 2.06589 -34
      vertex 4.51104 4.04392 -34
      vertex 4.76012 4.34743 -34
    endloop
  endfacet
  facet normal 0 0 -1
    outer loop
      vertex 3.33342 3.01118 -34
      vertex 5.00013 0.516773 -34
      vertex 4.5 0.20577 -34
    endloop
  endfacet
  facet normal 0 0 -1
    outer loop
      vertex 6.36396 1.63604 -34
      vertex 4.24264 3.75736 -34
      vertex 4.51104 4.04392 -34
    endloop
  endfacet
  facet normal 0 0 -1
    outer loop
      vertex 3 2.80385 -34
      vertex 4.5 0.20577 -34
      vertex 3.9806 -0.0718546 -34
    endloop
  endfacet
  facet normal 0 0 -1
    outer loop
      vertex 5.93411 1.23344 -34
      vertex 3.95607 3.48896 -34
      vertex 4.24264 3.75736 -34
    endloop
  endfacet
  facet normal 0 0 -1
    outer loop
      vertex 5.47885 0.859819 -34
      vertex 3.65257 3.23988 -34
      vertex 3.95607 3.48896 -34
    endloop
  endfacet
  facet normal 0 0 -1
    outer loop
      vertex 2.65373 2.61876 -34
      vertex 3.9806 -0.0718546 -34
      vertex 3.44415 -0.314916 -34
    endloop
  endfacet
  facet normal 0 0 -1
    outer loop
      vertex 5.00013 0.516773 -34
      vertex 3.33342 3.01118 -34
      vertex 3.65257 3.23988 -34
    endloop
  endfacet
  facet normal 0 0 -1
    outer loop
      vertex 4.5 0.20577 -34
      vertex 3 2.80385 -34
      vertex 3.33342 3.01118 -34
    endloop
  endfacet
  facet normal 0 0 -1
    outer loop
      vertex 2.2961 2.45672 -34
      vertex 3.44415 -0.314916 -34
      vertex 2.89295 -0.52237 -34
    endloop
  endfacet
  facet normal 0 0 -1
    outer loop
      vertex 3.9806 -0.0718546 -34
      vertex 2.65373 2.61876 -34
      vertex 3 2.80385 -34
    endloop
  endfacet
  facet normal 0 0 -1
    outer loop
      vertex 1.92864 2.31842 -34
      vertex 2.89295 -0.52237 -34
      vertex 2.32937 -0.693332 -34
    endloop
  endfacet
  facet normal 0 0 -1
    outer loop
      vertex 3.44415 -0.314916 -34
      vertex 2.2961 2.45672 -34
      vertex 2.65373 2.61876 -34
    endloop
  endfacet
  facet normal 0 0 -1
    outer loop
      vertex 2.89295 -0.52237 -34
      vertex 1.92864 2.31842 -34
      vertex 2.2961 2.45672 -34
    endloop
  endfacet
  facet normal 0 0 -1
    outer loop
      vertex 1.55291 2.20444 -34
      vertex 2.32937 -0.693332 -34
      vertex 1.75581 -0.827067 -34
    endloop
  endfacet
  facet normal 0 0 -1
    outer loop
      vertex 2.32937 -0.693332 -34
      vertex 1.55291 2.20444 -34
      vertex 1.92864 2.31842 -34
    endloop
  endfacet
  facet normal 0 0 -1
    outer loop
      vertex 1.17054 2.11529 -34
      vertex 1.75581 -0.827067 -34
      vertex 1.17474 -0.923003 -34
    endloop
  endfacet
  facet normal 0 0 -1
    outer loop
      vertex 1.75581 -0.827067 -34
      vertex 1.17054 2.11529 -34
      vertex 1.55291 2.20444 -34
    endloop
  endfacet
  facet normal 0 0 -1
    outer loop
      vertex 1.17474 -0.923003 -34
      vertex 0.783156 2.05133 -34
      vertex 1.17054 2.11529 -34
    endloop
  endfacet
  facet normal 0 0 -1
    outer loop
      vertex 0.588628 -0.98073 -34
      vertex 0.783156 2.05133 -34
      vertex 1.17474 -0.923003 -34
    endloop
  endfacet
  facet normal 0 0 -1
    outer loop
      vertex 0.588628 -0.98073 -34
      vertex 0.392418 2.01285 -34
      vertex 0.783156 2.05133 -34
    endloop
  endfacet
  facet normal 0 0 -1
    outer loop
      vertex 0 -1 -34
      vertex 0.392418 2.01285 -34
      vertex 0.588628 -0.98073 -34
    endloop
  endfacet
  facet normal 0 0 -1
    outer loop
      vertex 0 -1 -34
      vertex 0 2 -34
      vertex 0.392418 2.01285 -34
    endloop
  endfacet
  facet normal 0 0 -1
    outer loop
      vertex 0 -1 -34
      vertex -0.392418 2.01285 -34
      vertex 0 2 -34
    endloop
  endfacet
  facet normal 0 0 -1
    outer loop
      vertex -0.588628 -0.98073 -34
      vertex -0.392418 2.01285 -34
      vertex 0 -1 -34
    endloop
  endfacet
  facet normal 0 0 -1
    outer loop
      vertex -0.588628 -0.98073 -34
      vertex -0.783156 2.05133 -34
      vertex -0.392418 2.01285 -34
    endloop
  endfacet
  facet normal 0 0 -1
    outer loop
      vertex -1.17474 -0.923003 -34
      vertex -0.783156 2.05133 -34
      vertex -0.588628 -0.98073 -34
    endloop
  endfacet
  facet normal -0 0 -1
    outer loop
      vertex -0.783156 2.05133 -34
      vertex -1.17474 -0.923003 -34
      vertex -1.17054 2.11529 -34
    endloop
  endfacet
  facet normal 0 0 -1
    outer loop
      vertex -1.75581 -0.827067 -34
      vertex -1.17054 2.11529 -34
      vertex -1.17474 -0.923003 -34
    endloop
  endfacet
  facet normal -0 0 -1
    outer loop
      vertex -1.17054 2.11529 -34
      vertex -1.75581 -0.827067 -34
      vertex -1.55291 2.20444 -34
    endloop
  endfacet
  facet normal 0 0 -1
    outer loop
      vertex -2.32937 -0.693332 -34
      vertex -1.55291 2.20444 -34
      vertex -1.75581 -0.827067 -34
    endloop
  endfacet
  facet normal -0 0 -1
    outer loop
      vertex -1.55291 2.20444 -34
      vertex -2.32937 -0.693332 -34
      vertex -1.92864 2.31842 -34
    endloop
  endfacet
  facet normal 0 0 -1
    outer loop
      vertex -2.89295 -0.52237 -34
      vertex -1.92864 2.31842 -34
      vertex -2.32937 -0.693332 -34
    endloop
  endfacet
  facet normal -0 0 -1
    outer loop
      vertex -1.92864 2.31842 -34
      vertex -2.89295 -0.52237 -34
      vertex -2.2961 2.45672 -34
    endloop
  endfacet
  facet normal 0 0 -1
    outer loop
      vertex -3.44415 -0.314916 -34
      vertex -2.2961 2.45672 -34
      vertex -2.89295 -0.52237 -34
    endloop
  endfacet
  facet normal -0 0 -1
    outer loop
      vertex -2.2961 2.45672 -34
      vertex -3.44415 -0.314916 -34
      vertex -2.65373 2.61876 -34
    endloop
  endfacet
  facet normal 0 0 -1
    outer loop
      vertex -3.9806 -0.0718546 -34
      vertex -2.65373 2.61876 -34
      vertex -3.44415 -0.314916 -34
    endloop
  endfacet
  facet normal -0 0 -1
    outer loop
      vertex -2.65373 2.61876 -34
      vertex -3.9806 -0.0718546 -34
      vertex -3 2.80385 -34
    endloop
  endfacet
  facet normal 0 0 -1
    outer loop
      vertex -4.5 0.20577 -34
      vertex -3 2.80385 -34
      vertex -3.9806 -0.0718546 -34
    endloop
  endfacet
  facet normal -0 0 -1
    outer loop
      vertex -3 2.80385 -34
      vertex -4.5 0.20577 -34
      vertex -3.33342 3.01118 -34
    endloop
  endfacet
  facet normal 0 0 -1
    outer loop
      vertex -5.00013 0.516773 -34
      vertex -3.33342 3.01118 -34
      vertex -4.5 0.20577 -34
    endloop
  endfacet
  facet normal -0 0 -1
    outer loop
      vertex -3.33342 3.01118 -34
      vertex -5.00013 0.516773 -34
      vertex -3.65257 3.23988 -34
    endloop
  endfacet
  facet normal 0 0 -1
    outer loop
      vertex -5.47885 0.859819 -34
      vertex -3.65257 3.23988 -34
      vertex -5.00013 0.516773 -34
    endloop
  endfacet
  facet normal -0 0 -1
    outer loop
      vertex -3.65257 3.23988 -34
      vertex -5.47885 0.859819 -34
      vertex -3.95607 3.48896 -34
    endloop
  endfacet
  facet normal 0 0 -1
    outer loop
      vertex -5.93411 1.23344 -34
      vertex -3.95607 3.48896 -34
      vertex -5.47885 0.859819 -34
    endloop
  endfacet
  facet normal -0 0 -1
    outer loop
      vertex -3.95607 3.48896 -34
      vertex -5.93411 1.23344 -34
      vertex -4.24264 3.75736 -34
    endloop
  endfacet
  facet normal 0 0 -1
    outer loop
      vertex -6.36396 1.63604 -34
      vertex -4.24264 3.75736 -34
      vertex -5.93411 1.23344 -34
    endloop
  endfacet
  facet normal -0 0 -1
    outer loop
      vertex -4.24264 3.75736 -34
      vertex -6.36396 1.63604 -34
      vertex -4.51104 4.04392 -34
    endloop
  endfacet
  facet normal 0 0 -1
    outer loop
      vertex -6.76656 2.06589 -34
      vertex -4.51104 4.04392 -34
      vertex -6.36396 1.63604 -34
    endloop
  endfacet
  facet normal -0 0 -1
    outer loop
      vertex -4.51104 4.04392 -34
      vertex -6.76656 2.06589 -34
      vertex -4.76012 4.34743 -34
    endloop
  endfacet
  facet normal 0 0 -1
    outer loop
      vertex -7.14018 2.52115 -34
      vertex -4.76012 4.34743 -34
      vertex -6.76656 2.06589 -34
    endloop
  endfacet
  facet normal -0 0 -1
    outer loop
      vertex -4.76012 4.34743 -34
      vertex -7.14018 2.52115 -34
      vertex -4.98882 4.66658 -34
    endloop
  endfacet
  facet normal 0 0 -1
    outer loop
      vertex -7.48323 2.99987 -34
      vertex -4.98882 4.66658 -34
      vertex -7.14018 2.52115 -34
    endloop
  endfacet
  facet normal -0 0 -1
    outer loop
      vertex -4.98882 4.66658 -34
      vertex -7.48323 2.99987 -34
      vertex -5.19615 5 -34
    endloop
  endfacet
  facet normal 0 0 -1
    outer loop
      vertex -7.79423 3.5 -34
      vertex -5.19615 5 -34
      vertex -7.48323 2.99987 -34
    endloop
  endfacet
  facet normal -0 0 -1
    outer loop
      vertex -5.19615 5 -34
      vertex -7.79423 3.5 -34
      vertex -5.38124 5.34627 -34
    endloop
  endfacet
  facet normal 0 0 -1
    outer loop
      vertex -8.07185 4.0194 -34
      vertex -5.38124 5.34627 -34
      vertex -7.79423 3.5 -34
    endloop
  endfacet
  facet normal -0 0 -1
    outer loop
      vertex -5.38124 5.34627 -34
      vertex -8.07185 4.0194 -34
      vertex -5.54328 5.7039 -34
    endloop
  endfacet
  facet normal 0 0 -1
    outer loop
      vertex -8.31492 4.55585 -34
      vertex -5.54328 5.7039 -34
      vertex -8.07185 4.0194 -34
    endloop
  endfacet
  facet normal 0 0 -1
    outer loop
      vertex 5.94589 8.8 -34
      vertex 8.923 9.17474 -34
      vertex 8.95991 8.8 -34
    endloop
  endfacet
  facet normal -0 0 -1
    outer loop
      vertex 8.923 9.17474 -34
      vertex 5.94589 8.8 -34
      vertex 8.82707 9.75581 -34
    endloop
  endfacet
  facet normal -0 0 -1
    outer loop
      vertex 8.82707 9.75581 -34
      vertex 5.88471 9.17054 -34
      vertex 8.69333 10.3294 -34
    endloop
  endfacet
  facet normal 0 0 -1
    outer loop
      vertex 5.79555 9.55291 -34
      vertex 8.69333 10.3294 -34
      vertex 5.88471 9.17054 -34
    endloop
  endfacet
  facet normal 0 0 -1
    outer loop
      vertex 5.68158 9.92864 -34
      vertex 8.52237 10.893 -34
      vertex 5.79555 9.55291 -34
    endloop
  endfacet
  facet normal -0 0 -1
    outer loop
      vertex 8.52237 10.893 -34
      vertex 5.68158 9.92864 -34
      vertex 8.31492 11.4441 -34
    endloop
  endfacet
  facet normal -0 0 -1
    outer loop
      vertex 8.31492 11.4441 -34
      vertex 5.54328 10.2961 -34
      vertex 8.07185 11.9806 -34
    endloop
  endfacet
  facet normal 0 0 -1
    outer loop
      vertex 5.38124 10.6537 -34
      vertex 8.07185 11.9806 -34
      vertex 5.54328 10.2961 -34
    endloop
  endfacet
  facet normal 0 0 -1
    outer loop
      vertex 5.19615 11 -34
      vertex 7.79423 12.5 -34
      vertex 5.38124 10.6537 -34
    endloop
  endfacet
  facet normal -0 0 -1
    outer loop
      vertex 7.79423 12.5 -34
      vertex 5.19615 11 -34
      vertex 7.48323 13.0001 -34
    endloop
  endfacet
  facet normal 0 0 -1
    outer loop
      vertex 8.82707 9.75581 -34
      vertex 5.94589 8.8 -34
      vertex 5.88471 9.17054 -34
    endloop
  endfacet
  facet normal -0 0 -1
    outer loop
      vertex 8.69333 10.3294 -34
      vertex 5.79555 9.55291 -34
      vertex 8.52237 10.893 -34
    endloop
  endfacet
  facet normal 0 0 -1
    outer loop
      vertex 5.54328 10.2961 -34
      vertex 8.31492 11.4441 -34
      vertex 5.68158 9.92864 -34
    endloop
  endfacet
  facet normal -0 0 -1
    outer loop
      vertex 8.07185 11.9806 -34
      vertex 5.38124 10.6537 -34
      vertex 7.79423 12.5 -34
    endloop
  endfacet
  facet normal 0 0 -1
    outer loop
      vertex 4.98882 11.3334 -34
      vertex 7.48323 13.0001 -34
      vertex 5.19615 11 -34
    endloop
  endfacet
  facet normal -0 0 -1
    outer loop
      vertex 7.48323 13.0001 -34
      vertex 4.98882 11.3334 -34
      vertex 7.14018 13.4789 -34
    endloop
  endfacet
  facet normal 0 0 -1
    outer loop
      vertex 4.76012 11.6526 -34
      vertex 7.14018 13.4789 -34
      vertex 4.98882 11.3334 -34
    endloop
  endfacet
  facet normal -0 0 -1
    outer loop
      vertex 7.14018 13.4789 -34
      vertex 4.76012 11.6526 -34
      vertex 6.76656 13.9341 -34
    endloop
  endfacet
  facet normal 0 0 -1
    outer loop
      vertex 4.51104 11.9561 -34
      vertex 6.76656 13.9341 -34
      vertex 4.76012 11.6526 -34
    endloop
  endfacet
  facet normal -0 0 -1
    outer loop
      vertex 6.76656 13.9341 -34
      vertex 4.51104 11.9561 -34
      vertex 6.36396 14.364 -34
    endloop
  endfacet
  facet normal 0 0 -1
    outer loop
      vertex 4.24264 12.2426 -34
      vertex 6.36396 14.364 -34
      vertex 4.51104 11.9561 -34
    endloop
  endfacet
  facet normal -0 0 -1
    outer loop
      vertex 6.36396 14.364 -34
      vertex 4.24264 12.2426 -34
      vertex 5.93411 14.7666 -34
    endloop
  endfacet
  facet normal 0 0 -1
    outer loop
      vertex 3.95607 12.511 -34
      vertex 5.93411 14.7666 -34
      vertex 4.24264 12.2426 -34
    endloop
  endfacet
  facet normal -0 0 -1
    outer loop
      vertex 5.93411 14.7666 -34
      vertex 3.95607 12.511 -34
      vertex 5.47885 15.1402 -34
    endloop
  endfacet
  facet normal 0 0 -1
    outer loop
      vertex 3.65257 12.7601 -34
      vertex 5.47885 15.1402 -34
      vertex 3.95607 12.511 -34
    endloop
  endfacet
  facet normal -0 0 -1
    outer loop
      vertex 5.47885 15.1402 -34
      vertex 3.65257 12.7601 -34
      vertex 5.00013 15.4832 -34
    endloop
  endfacet
  facet normal 0 0 -1
    outer loop
      vertex 3.33342 12.9888 -34
      vertex 5.00013 15.4832 -34
      vertex 3.65257 12.7601 -34
    endloop
  endfacet
  facet normal -0 0 -1
    outer loop
      vertex 5.00013 15.4832 -34
      vertex 3.33342 12.9888 -34
      vertex 4.5 15.7942 -34
    endloop
  endfacet
  facet normal 0 0 -1
    outer loop
      vertex 3 13.1962 -34
      vertex 4.5 15.7942 -34
      vertex 3.33342 12.9888 -34
    endloop
  endfacet
  facet normal -0 0 -1
    outer loop
      vertex 4.5 15.7942 -34
      vertex 3 13.1962 -34
      vertex 3.9806 16.0719 -34
    endloop
  endfacet
  facet normal 0 0 -1
    outer loop
      vertex 2.65373 13.3812 -34
      vertex 3.9806 16.0719 -34
      vertex 3 13.1962 -34
    endloop
  endfacet
  facet normal -0 0 -1
    outer loop
      vertex 3.9806 16.0719 -34
      vertex 2.65373 13.3812 -34
      vertex 3.44415 16.3149 -34
    endloop
  endfacet
  facet normal 0 0 -1
    outer loop
      vertex 2.2961 13.5433 -34
      vertex 3.44415 16.3149 -34
      vertex 2.65373 13.3812 -34
    endloop
  endfacet
  facet normal -0 0 -1
    outer loop
      vertex 3.44415 16.3149 -34
      vertex 2.2961 13.5433 -34
      vertex 2.89295 16.5224 -34
    endloop
  endfacet
  facet normal 0 0 -1
    outer loop
      vertex 1.92864 13.6816 -34
      vertex 2.89295 16.5224 -34
      vertex 2.2961 13.5433 -34
    endloop
  endfacet
  facet normal -0 0 -1
    outer loop
      vertex 2.89295 16.5224 -34
      vertex 1.92864 13.6816 -34
      vertex 2.32937 16.6933 -34
    endloop
  endfacet
  facet normal 0 0 -1
    outer loop
      vertex 1.55291 13.7956 -34
      vertex 2.32937 16.6933 -34
      vertex 1.92864 13.6816 -34
    endloop
  endfacet
  facet normal -0 0 -1
    outer loop
      vertex 2.32937 16.6933 -34
      vertex 1.55291 13.7956 -34
      vertex 1.75581 16.8271 -34
    endloop
  endfacet
  facet normal 0 0 -1
    outer loop
      vertex 1.17054 13.8847 -34
      vertex 1.75581 16.8271 -34
      vertex 1.55291 13.7956 -34
    endloop
  endfacet
  facet normal -0 0 -1
    outer loop
      vertex 1.75581 16.8271 -34
      vertex 1.17054 13.8847 -34
      vertex 1.17474 16.923 -34
    endloop
  endfacet
  facet normal 0 0 -1
    outer loop
      vertex 0.783156 13.9487 -34
      vertex 1.17474 16.923 -34
      vertex 1.17054 13.8847 -34
    endloop
  endfacet
  facet normal 0 0 -1
    outer loop
      vertex 0.783156 13.9487 -34
      vertex 0.588628 16.9807 -34
      vertex 1.17474 16.923 -34
    endloop
  endfacet
  facet normal 0 0 -1
    outer loop
      vertex 0.392418 13.9872 -34
      vertex 0.588628 16.9807 -34
      vertex 0.783156 13.9487 -34
    endloop
  endfacet
  facet normal 0 0 -1
    outer loop
      vertex 0 14 -34
      vertex 0.588628 16.9807 -34
      vertex 0.392418 13.9872 -34
    endloop
  endfacet
  facet normal 0 0 -1
    outer loop
      vertex 0 14 -34
      vertex 0 17 -34
      vertex 0.588628 16.9807 -34
    endloop
  endfacet
  facet normal 0 0 -1
    outer loop
      vertex -0.392418 13.9872 -34
      vertex 0 17 -34
      vertex 0 14 -34
    endloop
  endfacet
  facet normal 0 0 -1
    outer loop
      vertex -0.392418 13.9872 -34
      vertex -0.588628 16.9807 -34
      vertex 0 17 -34
    endloop
  endfacet
  facet normal 0 0 -1
    outer loop
      vertex -0.783156 13.9487 -34
      vertex -0.588628 16.9807 -34
      vertex -0.392418 13.9872 -34
    endloop
  endfacet
  facet normal 0 0 -1
    outer loop
      vertex -1.17474 16.923 -34
      vertex -0.783156 13.9487 -34
      vertex -1.17054 13.8847 -34
    endloop
  endfacet
  facet normal 0 0 -1
    outer loop
      vertex -0.783156 13.9487 -34
      vertex -1.17474 16.923 -34
      vertex -0.588628 16.9807 -34
    endloop
  endfacet
  facet normal 0 0 -1
    outer loop
      vertex -1.75581 16.8271 -34
      vertex -1.17054 13.8847 -34
      vertex -1.55291 13.7956 -34
    endloop
  endfacet
  facet normal 0 0 -1
    outer loop
      vertex -1.17054 13.8847 -34
      vertex -1.75581 16.8271 -34
      vertex -1.17474 16.923 -34
    endloop
  endfacet
  facet normal 0 0 -1
    outer loop
      vertex -2.32937 16.6933 -34
      vertex -1.55291 13.7956 -34
      vertex -1.92864 13.6816 -34
    endloop
  endfacet
  facet normal 0 0 -1
    outer loop
      vertex -2.89295 16.5224 -34
      vertex -1.92864 13.6816 -34
      vertex -2.2961 13.5433 -34
    endloop
  endfacet
  facet normal 0 0 -1
    outer loop
      vertex -1.55291 13.7956 -34
      vertex -2.32937 16.6933 -34
      vertex -1.75581 16.8271 -34
    endloop
  endfacet
  facet normal 0 0 -1
    outer loop
      vertex -3.44415 16.3149 -34
      vertex -2.2961 13.5433 -34
      vertex -2.65373 13.3812 -34
    endloop
  endfacet
  facet normal 0 0 -1
    outer loop
      vertex -1.92864 13.6816 -34
      vertex -2.89295 16.5224 -34
      vertex -2.32937 16.6933 -34
    endloop
  endfacet
  facet normal 0 0 -1
    outer loop
      vertex -3.9806 16.0719 -34
      vertex -2.65373 13.3812 -34
      vertex -3 13.1962 -34
    endloop
  endfacet
  facet normal 0 0 -1
    outer loop
      vertex -4.5 15.7942 -34
      vertex -3 13.1962 -34
      vertex -3.33342 12.9888 -34
    endloop
  endfacet
  facet normal 0 0 -1
    outer loop
      vertex -2.2961 13.5433 -34
      vertex -3.44415 16.3149 -34
      vertex -2.89295 16.5224 -34
    endloop
  endfacet
  facet normal 0 0 -1
    outer loop
      vertex -5.00013 15.4832 -34
      vertex -3.33342 12.9888 -34
      vertex -3.65257 12.7601 -34
    endloop
  endfacet
  facet normal 0 0 -1
    outer loop
      vertex -5.47885 15.1402 -34
      vertex -3.65257 12.7601 -34
      vertex -3.95607 12.511 -34
    endloop
  endfacet
  facet normal 0 0 -1
    outer loop
      vertex -2.65373 13.3812 -34
      vertex -3.9806 16.0719 -34
      vertex -3.44415 16.3149 -34
    endloop
  endfacet
  facet normal 0 0 -1
    outer loop
      vertex -5.93411 14.7666 -34
      vertex -3.95607 12.511 -34
      vertex -4.24264 12.2426 -34
    endloop
  endfacet
  facet normal 0 0 -1
    outer loop
      vertex -3 13.1962 -34
      vertex -4.5 15.7942 -34
      vertex -3.9806 16.0719 -34
    endloop
  endfacet
  facet normal 0 0 -1
    outer loop
      vertex -6.36396 14.364 -34
      vertex -4.24264 12.2426 -34
      vertex -4.51104 11.9561 -34
    endloop
  endfacet
  facet normal 0 0 -1
    outer loop
      vertex -6.76656 13.9341 -34
      vertex -4.51104 11.9561 -34
      vertex -4.76012 11.6526 -34
    endloop
  endfacet
  facet normal 0 0 -1
    outer loop
      vertex -7.14018 13.4789 -34
      vertex -4.76012 11.6526 -34
      vertex -4.98882 11.3334 -34
    endloop
  endfacet
  facet normal 0 0 -1
    outer loop
      vertex -3.33342 12.9888 -34
      vertex -5.00013 15.4832 -34
      vertex -4.5 15.7942 -34
    endloop
  endfacet
  facet normal 0 0 -1
    outer loop
      vertex -7.48323 13.0001 -34
      vertex -4.98882 11.3334 -34
      vertex -5.19615 11 -34
    endloop
  endfacet
  facet normal 0 0 -1
    outer loop
      vertex -7.79423 12.5 -34
      vertex -5.19615 11 -34
      vertex -5.38124 10.6537 -34
    endloop
  endfacet
  facet normal 0 0 -1
    outer loop
      vertex -3.65257 12.7601 -34
      vertex -5.47885 15.1402 -34
      vertex -5.00013 15.4832 -34
    endloop
  endfacet
  facet normal 0 0 -1
    outer loop
      vertex -8.07185 11.9806 -34
      vertex -5.38124 10.6537 -34
      vertex -5.54328 10.2961 -34
    endloop
  endfacet
  facet normal 0 0 -1
    outer loop
      vertex -8.31492 11.4441 -34
      vertex -5.54328 10.2961 -34
      vertex -5.68158 9.92864 -34
    endloop
  endfacet
  facet normal 0 0 -1
    outer loop
      vertex -8.52237 10.893 -34
      vertex -5.68158 9.92864 -34
      vertex -5.79555 9.55291 -34
    endloop
  endfacet
  facet normal 0 0 -1
    outer loop
      vertex -8.69333 10.3294 -34
      vertex -5.79555 9.55291 -34
      vertex -5.88471 9.17054 -34
    endloop
  endfacet
  facet normal 0 0 -1
    outer loop
      vertex -3.95607 12.511 -34
      vertex -5.93411 14.7666 -34
      vertex -5.47885 15.1402 -34
    endloop
  endfacet
  facet normal 0 0 -1
    outer loop
      vertex -8.82707 9.75581 -34
      vertex -5.88471 9.17054 -34
      vertex -5.94867 8.78316 -34
    endloop
  endfacet
  facet normal 0 0 -1
    outer loop
      vertex -8.923 9.17474 -34
      vertex -5.94867 8.78316 -34
      vertex -5.98715 8.39242 -34
    endloop
  endfacet
  facet normal 0 0 -1
    outer loop
      vertex -8.98073 8.58863 -34
      vertex -5.98715 8.39242 -34
      vertex -6 8 -34
    endloop
  endfacet
  facet normal -0 0 -1
    outer loop
      vertex -5.54328 5.7039 -34
      vertex -8.31492 4.55585 -34
      vertex -5.68158 6.07136 -34
    endloop
  endfacet
  facet normal 0 0 -1
    outer loop
      vertex -4.24264 12.2426 -34
      vertex -6.36396 14.364 -34
      vertex -5.93411 14.7666 -34
    endloop
  endfacet
  facet normal 0 0 -1
    outer loop
      vertex -8.52237 5.10704 -34
      vertex -5.68158 6.07136 -34
      vertex -8.31492 4.55585 -34
    endloop
  endfacet
  facet normal 0 0 -1
    outer loop
      vertex -4.51104 11.9561 -34
      vertex -6.76656 13.9341 -34
      vertex -6.36396 14.364 -34
    endloop
  endfacet
  facet normal -0 0 -1
    outer loop
      vertex -5.68158 6.07136 -34
      vertex -8.52237 5.10704 -34
      vertex -5.79555 6.44709 -34
    endloop
  endfacet
  facet normal 0 0 -1
    outer loop
      vertex -4.76012 11.6526 -34
      vertex -7.14018 13.4789 -34
      vertex -6.76656 13.9341 -34
    endloop
  endfacet
  facet normal 0 0 -1
    outer loop
      vertex -8.69333 5.67063 -34
      vertex -5.79555 6.44709 -34
      vertex -8.52237 5.10704 -34
    endloop
  endfacet
  facet normal 0 0 -1
    outer loop
      vertex -4.98882 11.3334 -34
      vertex -7.48323 13.0001 -34
      vertex -7.14018 13.4789 -34
    endloop
  endfacet
  facet normal -0 0 -1
    outer loop
      vertex -5.79555 6.44709 -34
      vertex -8.69333 5.67063 -34
      vertex -5.88471 6.82946 -34
    endloop
  endfacet
  facet normal 0 0 -1
    outer loop
      vertex -5.19615 11 -34
      vertex -7.79423 12.5 -34
      vertex -7.48323 13.0001 -34
    endloop
  endfacet
  facet normal 0 0 -1
    outer loop
      vertex -8.82707 6.24419 -34
      vertex -5.88471 6.82946 -34
      vertex -8.69333 5.67063 -34
    endloop
  endfacet
  facet normal 0 0 -1
    outer loop
      vertex -5.38124 10.6537 -34
      vertex -8.07185 11.9806 -34
      vertex -7.79423 12.5 -34
    endloop
  endfacet
  facet normal -0 0 -1
    outer loop
      vertex -5.88471 6.82946 -34
      vertex -8.82707 6.24419 -34
      vertex -5.94867 7.21684 -34
    endloop
  endfacet
  facet normal 0 0 -1
    outer loop
      vertex -5.54328 10.2961 -34
      vertex -8.31492 11.4441 -34
      vertex -8.07185 11.9806 -34
    endloop
  endfacet
  facet normal 0 0 -1
    outer loop
      vertex -8.923 6.82526 -34
      vertex -5.94867 7.21684 -34
      vertex -8.82707 6.24419 -34
    endloop
  endfacet
  facet normal 0 0 -1
    outer loop
      vertex -5.68158 9.92864 -34
      vertex -8.52237 10.893 -34
      vertex -8.31492 11.4441 -34
    endloop
  endfacet
  facet normal -0 0 -1
    outer loop
      vertex -5.94867 7.21684 -34
      vertex -8.923 6.82526 -34
      vertex -5.98715 7.60758 -34
    endloop
  endfacet
  facet normal 0 0 -1
    outer loop
      vertex -5.79555 9.55291 -34
      vertex -8.69333 10.3294 -34
      vertex -8.52237 10.893 -34
    endloop
  endfacet
  facet normal 0 0 -1
    outer loop
      vertex -8.98073 7.41137 -34
      vertex -5.98715 7.60758 -34
      vertex -8.923 6.82526 -34
    endloop
  endfacet
  facet normal 0 0 -1
    outer loop
      vertex -5.88471 9.17054 -34
      vertex -8.82707 9.75581 -34
      vertex -8.69333 10.3294 -34
    endloop
  endfacet
  facet normal -0 0 -1
    outer loop
      vertex -5.98715 7.60758 -34
      vertex -8.98073 7.41137 -34
      vertex -6 8 -34
    endloop
  endfacet
  facet normal 0 0 -1
    outer loop
      vertex -5.94867 8.78316 -34
      vertex -8.923 9.17474 -34
      vertex -8.82707 9.75581 -34
    endloop
  endfacet
  facet normal 0 0 -1
    outer loop
      vertex -9 8 -34
      vertex -6 8 -34
      vertex -8.98073 7.41137 -34
    endloop
  endfacet
  facet normal 0 0 -1
    outer loop
      vertex -5.98715 8.39242 -34
      vertex -8.98073 8.58863 -34
      vertex -8.923 9.17474 -34
    endloop
  endfacet
  facet normal 0 0 -1
    outer loop
      vertex -6 8 -34
      vertex -9 8 -34
      vertex -8.98073 8.58863 -34
    endloop
  endfacet
  facet normal -0.849189 0.52809 0
    outer loop
      vertex -7.79423 12.5 -34
      vertex -7.48323 13.0001 0
      vertex -7.48323 13.0001 -34
    endloop
  endfacet
  facet normal -0.849189 0.52809 0
    outer loop
      vertex -7.48323 13.0001 0
      vertex -7.79423 12.5 -34
      vertex -7.79423 12.5 0
    endloop
  endfacet
  facet normal -0.162897 -0.986643 0
    outer loop
      vertex -1.75581 -0.827067 0
      vertex -1.17474 -0.923003 -15.7723
      vertex -1.17474 -0.923003 0
    endloop
  endfacet
  facet normal -0.162935 -0.986637 -1.41731e-06
    outer loop
      vertex -1.75581 -0.827067 0
      vertex -1.20208 -0.918488 -15.7979
      vertex -1.17474 -0.923003 -15.7723
    endloop
  endfacet
  facet normal -0.162884 -0.986645 3.8543e-07
    outer loop
      vertex -1.75581 -0.827067 0
      vertex -1.27813 -0.905933 -15.8791
      vertex -1.20208 -0.918488 -15.7979
    endloop
  endfacet
  facet normal -0.162894 -0.986644 1.05266e-07
    outer loop
      vertex -1.75581 -0.827067 0
      vertex -1.3487 -0.894282 -15.9651
      vertex -1.27813 -0.905933 -15.8791
    endloop
  endfacet
  facet normal -0.162902 -0.986642 -1.26989e-07
    outer loop
      vertex -1.75581 -0.827067 0
      vertex -1.4135 -0.883583 -16.0555
      vertex -1.3487 -0.894282 -15.9651
    endloop
  endfacet
  facet normal -0.162895 -0.986643 2.77752e-08
    outer loop
      vertex -1.75581 -0.827067 0
      vertex -1.47224 -0.873885 -16.15
      vertex -1.4135 -0.883583 -16.0555
    endloop
  endfacet
  facet normal -0.162898 -0.986643 -1.48212e-08
    outer loop
      vertex -1.75581 -0.827067 0
      vertex -1.52468 -0.865227 -16.2481
      vertex -1.47224 -0.873885 -16.15
    endloop
  endfacet
  facet normal -0.1629 -0.986643 -5.10401e-08
    outer loop
      vertex -1.75581 -0.827067 0
      vertex -1.57059 -0.857647 -16.3494
      vertex -1.52468 -0.865227 -16.2481
    endloop
  endfacet
  facet normal -0.162888 -0.986644 8.4907e-08
    outer loop
      vertex -1.75581 -0.827067 0
      vertex -1.60978 -0.851177 -16.4536
      vertex -1.57059 -0.857647 -16.3494
    endloop
  endfacet
  facet normal -0.162893 -0.986644 4.68581e-08
    outer loop
      vertex -1.75581 -0.827067 0
      vertex -1.64207 -0.845846 -16.56
      vertex -1.60978 -0.851177 -16.4536
    endloop
  endfacet
  facet normal -0.162916 -0.98664 -1.19142e-07
    outer loop
      vertex -1.75581 -0.827067 0
      vertex -1.66733 -0.841675 -16.6683
      vertex -1.64207 -0.845846 -16.56
    endloop
  endfacet
  facet normal -0.16283 -0.986654 3.50741e-07
    outer loop
      vertex -1.75581 -0.827067 0
      vertex -1.68546 -0.838683 -16.7781
      vertex -1.66733 -0.841675 -16.6683
    endloop
  endfacet
  facet normal -0.16293 -0.986638 -8.07239e-08
    outer loop
      vertex -1.75581 -0.827067 0
      vertex -1.69636 -0.836883 -16.8888
      vertex -1.68546 -0.838683 -16.7781
    endloop
  endfacet
  facet normal -0.162905 -0.986642 1.1448e-08
    outer loop
      vertex -1.75581 -0.827067 0
      vertex -1.7 -0.836282 -17
      vertex -1.69636 -0.836883 -16.8888
    endloop
  endfacet
  facet normal -0.162908 -0.986641 0
    outer loop
      vertex -1.75581 -0.827067 -34
      vertex -1.7 -0.836282 -17
      vertex -1.75581 -0.827067 0
    endloop
  endfacet
  facet normal -0.162905 -0.986642 -1.1448e-08
    outer loop
      vertex -1.75581 -0.827067 -34
      vertex -1.69636 -0.836883 -17.1112
      vertex -1.7 -0.836282 -17
    endloop
  endfacet
  facet normal -0.16293 -0.986638 8.07239e-08
    outer loop
      vertex -1.75581 -0.827067 -34
      vertex -1.68546 -0.838683 -17.2219
      vertex -1.69636 -0.836883 -17.1112
    endloop
  endfacet
  facet normal -0.16283 -0.986654 -3.50741e-07
    outer loop
      vertex -1.75581 -0.827067 -34
      vertex -1.66733 -0.841675 -17.3317
      vertex -1.68546 -0.838683 -17.2219
    endloop
  endfacet
  facet normal -0.162916 -0.98664 1.19142e-07
    outer loop
      vertex -1.75581 -0.827067 -34
      vertex -1.64207 -0.845846 -17.44
      vertex -1.66733 -0.841675 -17.3317
    endloop
  endfacet
  facet normal -0.162893 -0.986644 -4.68581e-08
    outer loop
      vertex -1.75581 -0.827067 -34
      vertex -1.60978 -0.851177 -17.5464
      vertex -1.64207 -0.845846 -17.44
    endloop
  endfacet
  facet normal -0.162888 -0.986644 -8.4907e-08
    outer loop
      vertex -1.75581 -0.827067 -34
      vertex -1.57059 -0.857647 -17.6506
      vertex -1.60978 -0.851177 -17.5464
    endloop
  endfacet
  facet normal -0.1629 -0.986643 5.10401e-08
    outer loop
      vertex -1.75581 -0.827067 -34
      vertex -1.52468 -0.865227 -17.7519
      vertex -1.57059 -0.857647 -17.6506
    endloop
  endfacet
  facet normal -0.162898 -0.986643 1.48212e-08
    outer loop
      vertex -1.75581 -0.827067 -34
      vertex -1.47224 -0.873885 -17.85
      vertex -1.52468 -0.865227 -17.7519
    endloop
  endfacet
  facet normal -0.162895 -0.986643 -2.77752e-08
    outer loop
      vertex -1.75581 -0.827067 -34
      vertex -1.4135 -0.883583 -17.9445
      vertex -1.47224 -0.873885 -17.85
    endloop
  endfacet
  facet normal -0.162902 -0.986642 1.26989e-07
    outer loop
      vertex -1.75581 -0.827067 -34
      vertex -1.3487 -0.894282 -18.0349
      vertex -1.4135 -0.883583 -17.9445
    endloop
  endfacet
  facet normal -0.162894 -0.986644 -1.05266e-07
    outer loop
      vertex -1.75581 -0.827067 -34
      vertex -1.27813 -0.905933 -18.1209
      vertex -1.3487 -0.894282 -18.0349
    endloop
  endfacet
  facet normal -0.162884 -0.986645 -3.8543e-07
    outer loop
      vertex -1.75581 -0.827067 -34
      vertex -1.20208 -0.918488 -18.2021
      vertex -1.27813 -0.905933 -18.1209
    endloop
  endfacet
  facet normal -0.162935 -0.986637 1.41731e-06
    outer loop
      vertex -1.75581 -0.827067 -34
      vertex -1.17474 -0.923003 -18.2277
      vertex -1.20208 -0.918488 -18.2021
    endloop
  endfacet
  facet normal -0.162897 -0.986643 -0
    outer loop
      vertex -1.17474 -0.923003 -18.2277
      vertex -1.75581 -0.827067 -34
      vertex -1.17474 -0.923003 -34
    endloop
  endfacet
  facet normal -1 0 0
    outer loop
      vertex -5 11.3154 13.4
      vertex -5 19 16.6
      vertex -5 19 13.4
    endloop
  endfacet
  facet normal -1 -0 0
    outer loop
      vertex -5 19 16.6
      vertex -5 11.3154 13.4
      vertex -5 11.3154 16.6
    endloop
  endfacet
  facet normal 0 1 -0
    outer loop
      vertex -6 8 13.4
      vertex -8 8 16.6
      vertex -6 8 16.6
    endloop
  endfacet
  facet normal 0 1 0
    outer loop
      vertex -8 8 16.6
      vertex -6 8 13.4
      vertex -8 8 13.4
    endloop
  endfacet
  facet normal -0 0 1
    outer loop
      vertex -8 16 13.4
      vertex -5 11.3154 13.4
      vertex -5 19 13.4
    endloop
  endfacet
  facet normal 0 0 1
    outer loop
      vertex -8 16 13.4
      vertex -5 19 13.4
      vertex -5.19621 18.9936 13.4
    endloop
  endfacet
  facet normal 0 0 1
    outer loop
      vertex -5 11.3154 13.4
      vertex -8 16 13.4
      vertex -5.19615 11 13.4
    endloop
  endfacet
  facet normal 0 0 1
    outer loop
      vertex -8 16 13.4
      vertex -5.19621 18.9936 13.4
      vertex -5.39158 18.9743 13.4
    endloop
  endfacet
  facet normal 0 0 1
    outer loop
      vertex -5.19615 11 13.4
      vertex -8 16 13.4
      vertex -5.38124 10.6537 13.4
    endloop
  endfacet
  facet normal 0 0 1
    outer loop
      vertex -8 16 13.4
      vertex -5.39158 18.9743 13.4
      vertex -5.58527 18.9424 13.4
    endloop
  endfacet
  facet normal 0 0 1
    outer loop
      vertex -5.38124 10.6537 13.4
      vertex -8 16 13.4
      vertex -5.54328 10.2961 13.4
    endloop
  endfacet
  facet normal 0 0 1
    outer loop
      vertex -8 16 13.4
      vertex -5.58527 18.9424 13.4
      vertex -5.77646 18.8978 13.4
    endloop
  endfacet
  facet normal 0 0 1
    outer loop
      vertex -8 8 13.4
      vertex -5.54328 10.2961 13.4
      vertex -8 16 13.4
    endloop
  endfacet
  facet normal 0 0 1
    outer loop
      vertex -5.54328 10.2961 13.4
      vertex -8 8 13.4
      vertex -5.68158 9.92864 13.4
    endloop
  endfacet
  facet normal 0 0 1
    outer loop
      vertex -5.68158 9.92864 13.4
      vertex -8 8 13.4
      vertex -5.79555 9.55291 13.4
    endloop
  endfacet
  facet normal 0 0 1
    outer loop
      vertex -8 16 13.4
      vertex -5.77646 18.8978 13.4
      vertex -5.96432 18.8408 13.4
    endloop
  endfacet
  facet normal 0 0 1
    outer loop
      vertex -5.79555 9.55291 13.4
      vertex -8 8 13.4
      vertex -5.88471 9.17054 13.4
    endloop
  endfacet
  facet normal 0 0 1
    outer loop
      vertex -5.88471 9.17054 13.4
      vertex -8 8 13.4
      vertex -5.94867 8.78316 13.4
    endloop
  endfacet
  facet normal 0 0 1
    outer loop
      vertex -8 16 13.4
      vertex -5.96432 18.8408 13.4
      vertex -6.14805 18.7716 13.4
    endloop
  endfacet
  facet normal 0 0 1
    outer loop
      vertex -8 16 13.4
      vertex -6.14805 18.7716 13.4
      vertex -6.32687 18.6906 13.4
    endloop
  endfacet
  facet normal 0 0 1
    outer loop
      vertex -8 16 13.4
      vertex -6.32687 18.6906 13.4
      vertex -6.5 18.5981 13.4
    endloop
  endfacet
  facet normal 0 0 1
    outer loop
      vertex -8 16 13.4
      vertex -6.5 18.5981 13.4
      vertex -6.66671 18.4944 13.4
    endloop
  endfacet
  facet normal 0 0 1
    outer loop
      vertex -8 16 13.4
      vertex -6.66671 18.4944 13.4
      vertex -6.82628 18.3801 13.4
    endloop
  endfacet
  facet normal 0 0 1
    outer loop
      vertex -8 16 13.4
      vertex -6.82628 18.3801 13.4
      vertex -6.97804 18.2555 13.4
    endloop
  endfacet
  facet normal 0 0 1
    outer loop
      vertex -8 16 13.4
      vertex -6.97804 18.2555 13.4
      vertex -7.12132 18.1213 13.4
    endloop
  endfacet
  facet normal 0 0 1
    outer loop
      vertex -8 16 13.4
      vertex -7.12132 18.1213 13.4
      vertex -7.25552 17.978 13.4
    endloop
  endfacet
  facet normal 0 0 1
    outer loop
      vertex -8 16 13.4
      vertex -7.25552 17.978 13.4
      vertex -7.38006 17.8263 13.4
    endloop
  endfacet
  facet normal 0 0 1
    outer loop
      vertex -8 16 13.4
      vertex -7.38006 17.8263 13.4
      vertex -7.49441 17.6667 13.4
    endloop
  endfacet
  facet normal 0 0 1
    outer loop
      vertex -8 16 13.4
      vertex -7.49441 17.6667 13.4
      vertex -7.59808 17.5 13.4
    endloop
  endfacet
  facet normal 0 0 1
    outer loop
      vertex -8 16 13.4
      vertex -7.59808 17.5 13.4
      vertex -7.69062 17.3269 13.4
    endloop
  endfacet
  facet normal 0 0 1
    outer loop
      vertex -8 16 13.4
      vertex -7.69062 17.3269 13.4
      vertex -7.77164 17.148 13.4
    endloop
  endfacet
  facet normal 0 0 1
    outer loop
      vertex -8 16 13.4
      vertex -7.77164 17.148 13.4
      vertex -7.84079 16.9643 13.4
    endloop
  endfacet
  facet normal 0 0 1
    outer loop
      vertex -8 16 13.4
      vertex -7.84079 16.9643 13.4
      vertex -7.89778 16.7765 13.4
    endloop
  endfacet
  facet normal 0 0 1
    outer loop
      vertex -8 16 13.4
      vertex -7.89778 16.7765 13.4
      vertex -7.94236 16.5853 13.4
    endloop
  endfacet
  facet normal 0 0 1
    outer loop
      vertex -8 16 13.4
      vertex -7.94236 16.5853 13.4
      vertex -7.97433 16.3916 13.4
    endloop
  endfacet
  facet normal 0 0 1
    outer loop
      vertex -8 16 13.4
      vertex -7.97433 16.3916 13.4
      vertex -7.99358 16.1962 13.4
    endloop
  endfacet
  facet normal 0 0 1
    outer loop
      vertex -5.94867 8.78316 13.4
      vertex -8 8 13.4
      vertex -5.98715 8.39242 13.4
    endloop
  endfacet
  facet normal 0 0 1
    outer loop
      vertex -5.98715 8.39242 13.4
      vertex -8 8 13.4
      vertex -6 8 13.4
    endloop
  endfacet
  facet normal 0 0 -1
    outer loop
      vertex -8 16 16.6
      vertex -5 11.3154 16.6
      vertex -5.19615 11 16.6
    endloop
  endfacet
  facet normal 0 0 -1
    outer loop
      vertex -5 11.3154 16.6
      vertex -8 16 16.6
      vertex -5 19 16.6
    endloop
  endfacet
  facet normal 0 0 -1
    outer loop
      vertex -8 16 16.6
      vertex -5.19615 11 16.6
      vertex -5.38124 10.6537 16.6
    endloop
  endfacet
  facet normal 0 0 -1
    outer loop
      vertex -5 19 16.6
      vertex -8 16 16.6
      vertex -5.19621 18.9936 16.6
    endloop
  endfacet
  facet normal 0 0 -1
    outer loop
      vertex -8 16 16.6
      vertex -5.38124 10.6537 16.6
      vertex -5.54328 10.2961 16.6
    endloop
  endfacet
  facet normal 0 0 -1
    outer loop
      vertex -5.19621 18.9936 16.6
      vertex -8 16 16.6
      vertex -5.39158 18.9743 16.6
    endloop
  endfacet
  facet normal 0 0 -1
    outer loop
      vertex -8 8 16.6
      vertex -5.54328 10.2961 16.6
      vertex -5.68158 9.92864 16.6
    endloop
  endfacet
  facet normal 0 0 -1
    outer loop
      vertex -5.39158 18.9743 16.6
      vertex -8 16 16.6
      vertex -5.58527 18.9424 16.6
    endloop
  endfacet
  facet normal 0 0 -1
    outer loop
      vertex -8 8 16.6
      vertex -5.68158 9.92864 16.6
      vertex -5.79555 9.55291 16.6
    endloop
  endfacet
  facet normal 0 0 -1
    outer loop
      vertex -8 8 16.6
      vertex -5.79555 9.55291 16.6
      vertex -5.88471 9.17054 16.6
    endloop
  endfacet
  facet normal 0 0 -1
    outer loop
      vertex -8 8 16.6
      vertex -5.88471 9.17054 16.6
      vertex -5.94867 8.78316 16.6
    endloop
  endfacet
  facet normal 0 0 -1
    outer loop
      vertex -5.58527 18.9424 16.6
      vertex -8 16 16.6
      vertex -5.77646 18.8978 16.6
    endloop
  endfacet
  facet normal 0 0 -1
    outer loop
      vertex -8 8 16.6
      vertex -5.94867 8.78316 16.6
      vertex -5.98715 8.39242 16.6
    endloop
  endfacet
  facet normal 0 0 -1
    outer loop
      vertex -8 8 16.6
      vertex -5.98715 8.39242 16.6
      vertex -6 8 16.6
    endloop
  endfacet
  facet normal 0 0 -1
    outer loop
      vertex -5.77646 18.8978 16.6
      vertex -8 16 16.6
      vertex -5.96432 18.8408 16.6
    endloop
  endfacet
  facet normal 0 0 -1
    outer loop
      vertex -5.96432 18.8408 16.6
      vertex -8 16 16.6
      vertex -6.14805 18.7716 16.6
    endloop
  endfacet
  facet normal 0 0 -1
    outer loop
      vertex -6.14805 18.7716 16.6
      vertex -8 16 16.6
      vertex -6.32687 18.6906 16.6
    endloop
  endfacet
  facet normal 0 0 -1
    outer loop
      vertex -6.32687 18.6906 16.6
      vertex -8 16 16.6
      vertex -6.5 18.5981 16.6
    endloop
  endfacet
  facet normal 0 0 -1
    outer loop
      vertex -6.5 18.5981 16.6
      vertex -8 16 16.6
      vertex -6.66671 18.4944 16.6
    endloop
  endfacet
  facet normal 0 0 -1
    outer loop
      vertex -6.66671 18.4944 16.6
      vertex -8 16 16.6
      vertex -6.82628 18.3801 16.6
    endloop
  endfacet
  facet normal 0 0 -1
    outer loop
      vertex -6.82628 18.3801 16.6
      vertex -8 16 16.6
      vertex -6.97804 18.2555 16.6
    endloop
  endfacet
  facet normal 0 0 -1
    outer loop
      vertex -6.97804 18.2555 16.6
      vertex -8 16 16.6
      vertex -7.12132 18.1213 16.6
    endloop
  endfacet
  facet normal 0 0 -1
    outer loop
      vertex -7.12132 18.1213 16.6
      vertex -8 16 16.6
      vertex -7.25552 17.978 16.6
    endloop
  endfacet
  facet normal 0 0 -1
    outer loop
      vertex -7.25552 17.978 16.6
      vertex -8 16 16.6
      vertex -7.38006 17.8263 16.6
    endloop
  endfacet
  facet normal 0 0 -1
    outer loop
      vertex -7.38006 17.8263 16.6
      vertex -8 16 16.6
      vertex -7.49441 17.6667 16.6
    endloop
  endfacet
  facet normal 0 0 -1
    outer loop
      vertex -7.49441 17.6667 16.6
      vertex -8 16 16.6
      vertex -7.59808 17.5 16.6
    endloop
  endfacet
  facet normal 0 0 -1
    outer loop
      vertex -7.59808 17.5 16.6
      vertex -8 16 16.6
      vertex -7.69062 17.3269 16.6
    endloop
  endfacet
  facet normal 0 0 -1
    outer loop
      vertex -7.69062 17.3269 16.6
      vertex -8 16 16.6
      vertex -7.77164 17.148 16.6
    endloop
  endfacet
  facet normal 0 0 -1
    outer loop
      vertex -7.77164 17.148 16.6
      vertex -8 16 16.6
      vertex -7.84079 16.9643 16.6
    endloop
  endfacet
  facet normal 0 0 -1
    outer loop
      vertex -7.84079 16.9643 16.6
      vertex -8 16 16.6
      vertex -7.89778 16.7765 16.6
    endloop
  endfacet
  facet normal 0 0 -1
    outer loop
      vertex -7.89778 16.7765 16.6
      vertex -8 16 16.6
      vertex -7.94236 16.5853 16.6
    endloop
  endfacet
  facet normal 0 0 -1
    outer loop
      vertex -7.94236 16.5853 16.6
      vertex -8 16 16.6
      vertex -7.97433 16.3916 16.6
    endloop
  endfacet
  facet normal -0 0 -1
    outer loop
      vertex -5.54328 10.2961 16.6
      vertex -8 8 16.6
      vertex -8 16 16.6
    endloop
  endfacet
  facet normal 0 0 -1
    outer loop
      vertex -7.97433 16.3916 16.6
      vertex -8 16 16.6
      vertex -7.99358 16.1962 16.6
    endloop
  endfacet
  facet normal 1 -0 0
    outer loop
      vertex 5 11.3154 16.6
      vertex 5 19 13.4
      vertex 5 19 16.6
    endloop
  endfacet
  facet normal 1 0 0
    outer loop
      vertex 5 19 13.4
      vertex 5 11.3154 16.6
      vertex 5 11.3154 13.4
    endloop
  endfacet
  facet normal 0 1 -0
    outer loop
      vertex 8 8 13.4
      vertex 6 8 16.6
      vertex 8 8 16.6
    endloop
  endfacet
  facet normal 0 1 0
    outer loop
      vertex 6 8 16.6
      vertex 8 8 13.4
      vertex 6 8 13.4
    endloop
  endfacet
  facet normal 0 0 1
    outer loop
      vertex 5 19 13.4
      vertex 8 16 13.4
      vertex 7.99358 16.1962 13.4
    endloop
  endfacet
  facet normal 0 0 1
    outer loop
      vertex 5 19 13.4
      vertex 7.99358 16.1962 13.4
      vertex 7.97433 16.3916 13.4
    endloop
  endfacet
  facet normal 0 0 1
    outer loop
      vertex 5 19 13.4
      vertex 7.97433 16.3916 13.4
      vertex 7.94236 16.5853 13.4
    endloop
  endfacet
  facet normal 0 0 1
    outer loop
      vertex 5 19 13.4
      vertex 7.94236 16.5853 13.4
      vertex 7.89778 16.7765 13.4
    endloop
  endfacet
  facet normal 0 0 1
    outer loop
      vertex 5 19 13.4
      vertex 7.89778 16.7765 13.4
      vertex 7.84079 16.9643 13.4
    endloop
  endfacet
  facet normal 0 0 1
    outer loop
      vertex 5 19 13.4
      vertex 7.84079 16.9643 13.4
      vertex 7.77164 17.148 13.4
    endloop
  endfacet
  facet normal 0 0 1
    outer loop
      vertex 5 19 13.4
      vertex 7.77164 17.148 13.4
      vertex 7.69062 17.3269 13.4
    endloop
  endfacet
  facet normal 0 0 1
    outer loop
      vertex 5 19 13.4
      vertex 7.69062 17.3269 13.4
      vertex 7.59808 17.5 13.4
    endloop
  endfacet
  facet normal 0 0 1
    outer loop
      vertex 5 19 13.4
      vertex 7.59808 17.5 13.4
      vertex 7.49441 17.6667 13.4
    endloop
  endfacet
  facet normal 0 0 1
    outer loop
      vertex 5 19 13.4
      vertex 7.49441 17.6667 13.4
      vertex 7.38006 17.8263 13.4
    endloop
  endfacet
  facet normal 0 0 1
    outer loop
      vertex 5 19 13.4
      vertex 7.38006 17.8263 13.4
      vertex 7.25552 17.978 13.4
    endloop
  endfacet
  facet normal 0 0 1
    outer loop
      vertex 5 19 13.4
      vertex 7.25552 17.978 13.4
      vertex 7.12132 18.1213 13.4
    endloop
  endfacet
  facet normal 0 0 1
    outer loop
      vertex 5 19 13.4
      vertex 7.12132 18.1213 13.4
      vertex 6.97804 18.2555 13.4
    endloop
  endfacet
  facet normal 0 0 1
    outer loop
      vertex 5 19 13.4
      vertex 6.97804 18.2555 13.4
      vertex 6.82628 18.3801 13.4
    endloop
  endfacet
  facet normal 0 0 1
    outer loop
      vertex 5 19 13.4
      vertex 6.82628 18.3801 13.4
      vertex 6.66671 18.4944 13.4
    endloop
  endfacet
  facet normal 0 0 1
    outer loop
      vertex 5 19 13.4
      vertex 6.66671 18.4944 13.4
      vertex 6.5 18.5981 13.4
    endloop
  endfacet
  facet normal 0 0 1
    outer loop
      vertex 5 19 13.4
      vertex 6.5 18.5981 13.4
      vertex 6.32687 18.6906 13.4
    endloop
  endfacet
  facet normal 0 0 1
    outer loop
      vertex 5 19 13.4
      vertex 6.32687 18.6906 13.4
      vertex 6.14805 18.7716 13.4
    endloop
  endfacet
  facet normal 0 0 1
    outer loop
      vertex 8 16 13.4
      vertex 5.38124 10.6537 13.4
      vertex 5.54328 10.2961 13.4
    endloop
  endfacet
  facet normal 0 0 1
    outer loop
      vertex 8 8 13.4
      vertex 5.98715 8.39242 13.4
      vertex 6 8 13.4
    endloop
  endfacet
  facet normal 0 0 1
    outer loop
      vertex 5 19 13.4
      vertex 6.14805 18.7716 13.4
      vertex 5.96432 18.8408 13.4
    endloop
  endfacet
  facet normal 0 0 1
    outer loop
      vertex 8 8 13.4
      vertex 5.94867 8.78316 13.4
      vertex 5.98715 8.39242 13.4
    endloop
  endfacet
  facet normal 0 0 1
    outer loop
      vertex 8 8 13.4
      vertex 5.88471 9.17054 13.4
      vertex 5.94867 8.78316 13.4
    endloop
  endfacet
  facet normal 0 0 1
    outer loop
      vertex 8 8 13.4
      vertex 5.79555 9.55291 13.4
      vertex 5.88471 9.17054 13.4
    endloop
  endfacet
  facet normal 0 0 1
    outer loop
      vertex 5 19 13.4
      vertex 5.96432 18.8408 13.4
      vertex 5.77646 18.8978 13.4
    endloop
  endfacet
  facet normal 0 0 1
    outer loop
      vertex 8 8 13.4
      vertex 5.68158 9.92864 13.4
      vertex 5.79555 9.55291 13.4
    endloop
  endfacet
  facet normal 0 0 1
    outer loop
      vertex 5 19 13.4
      vertex 5.77646 18.8978 13.4
      vertex 5.58527 18.9424 13.4
    endloop
  endfacet
  facet normal 0 0 1
    outer loop
      vertex 8 8 13.4
      vertex 5.54328 10.2961 13.4
      vertex 5.68158 9.92864 13.4
    endloop
  endfacet
  facet normal 0 0 1
    outer loop
      vertex 5 19 13.4
      vertex 5.58527 18.9424 13.4
      vertex 5.39158 18.9743 13.4
    endloop
  endfacet
  facet normal 0 0 1
    outer loop
      vertex 8 16 13.4
      vertex 5.54328 10.2961 13.4
      vertex 8 8 13.4
    endloop
  endfacet
  facet normal 0 0 1
    outer loop
      vertex 5 19 13.4
      vertex 5.39158 18.9743 13.4
      vertex 5.19621 18.9936 13.4
    endloop
  endfacet
  facet normal 0 0 1
    outer loop
      vertex 8 16 13.4
      vertex 5.19615 11 13.4
      vertex 5.38124 10.6537 13.4
    endloop
  endfacet
  facet normal 0 0 1
    outer loop
      vertex 8 16 13.4
      vertex 5 19 13.4
      vertex 5 11.3154 13.4
    endloop
  endfacet
  facet normal 0 0 1
    outer loop
      vertex 8 16 13.4
      vertex 5 11.3154 13.4
      vertex 5.19615 11 13.4
    endloop
  endfacet
  facet normal 0 0 -1
    outer loop
      vertex 5.54328 10.2961 16.6
      vertex 8 16 16.6
      vertex 8 8 16.6
    endloop
  endfacet
  facet normal 0 0 -1
    outer loop
      vertex 5.38124 10.6537 16.6
      vertex 8 16 16.6
      vertex 5.54328 10.2961 16.6
    endloop
  endfacet
  facet normal 0 0 -1
    outer loop
      vertex 5.19615 11 16.6
      vertex 8 16 16.6
      vertex 5.38124 10.6537 16.6
    endloop
  endfacet
  facet normal 0 0 -1
    outer loop
      vertex 5 11.3154 16.6
      vertex 8 16 16.6
      vertex 5.19615 11 16.6
    endloop
  endfacet
  facet normal 0 0 -1
    outer loop
      vertex 8 16 16.6
      vertex 5 19 16.6
      vertex 7.99358 16.1962 16.6
    endloop
  endfacet
  facet normal 0 0 -1
    outer loop
      vertex 7.99358 16.1962 16.6
      vertex 5 19 16.6
      vertex 7.97433 16.3916 16.6
    endloop
  endfacet
  facet normal 0 0 -1
    outer loop
      vertex 7.97433 16.3916 16.6
      vertex 5 19 16.6
      vertex 7.94236 16.5853 16.6
    endloop
  endfacet
  facet normal 0 0 -1
    outer loop
      vertex 7.94236 16.5853 16.6
      vertex 5 19 16.6
      vertex 7.89778 16.7765 16.6
    endloop
  endfacet
  facet normal 0 0 -1
    outer loop
      vertex 7.89778 16.7765 16.6
      vertex 5 19 16.6
      vertex 7.84079 16.9643 16.6
    endloop
  endfacet
  facet normal 0 0 -1
    outer loop
      vertex 7.84079 16.9643 16.6
      vertex 5 19 16.6
      vertex 7.77164 17.148 16.6
    endloop
  endfacet
  facet normal 0 0 -1
    outer loop
      vertex 7.77164 17.148 16.6
      vertex 5 19 16.6
      vertex 7.69062 17.3269 16.6
    endloop
  endfacet
  facet normal 0 0 -1
    outer loop
      vertex 7.69062 17.3269 16.6
      vertex 5 19 16.6
      vertex 7.59808 17.5 16.6
    endloop
  endfacet
  facet normal 0 0 -1
    outer loop
      vertex 7.59808 17.5 16.6
      vertex 5 19 16.6
      vertex 7.49441 17.6667 16.6
    endloop
  endfacet
  facet normal 0 0 -1
    outer loop
      vertex 7.49441 17.6667 16.6
      vertex 5 19 16.6
      vertex 7.38006 17.8263 16.6
    endloop
  endfacet
  facet normal 0 0 -1
    outer loop
      vertex 7.38006 17.8263 16.6
      vertex 5 19 16.6
      vertex 7.25552 17.978 16.6
    endloop
  endfacet
  facet normal 0 0 -1
    outer loop
      vertex 7.25552 17.978 16.6
      vertex 5 19 16.6
      vertex 7.12132 18.1213 16.6
    endloop
  endfacet
  facet normal 0 0 -1
    outer loop
      vertex 7.12132 18.1213 16.6
      vertex 5 19 16.6
      vertex 6.97804 18.2555 16.6
    endloop
  endfacet
  facet normal 0 0 -1
    outer loop
      vertex 6.97804 18.2555 16.6
      vertex 5 19 16.6
      vertex 6.82628 18.3801 16.6
    endloop
  endfacet
  facet normal 0 0 -1
    outer loop
      vertex 5.98715 8.39242 16.6
      vertex 8 8 16.6
      vertex 6 8 16.6
    endloop
  endfacet
  facet normal 0 0 -1
    outer loop
      vertex 5.94867 8.78316 16.6
      vertex 8 8 16.6
      vertex 5.98715 8.39242 16.6
    endloop
  endfacet
  facet normal 0 0 -1
    outer loop
      vertex 5.88471 9.17054 16.6
      vertex 8 8 16.6
      vertex 5.94867 8.78316 16.6
    endloop
  endfacet
  facet normal 0 0 -1
    outer loop
      vertex 5.79555 9.55291 16.6
      vertex 8 8 16.6
      vertex 5.88471 9.17054 16.6
    endloop
  endfacet
  facet normal 0 0 -1
    outer loop
      vertex 5.68158 9.92864 16.6
      vertex 8 8 16.6
      vertex 5.79555 9.55291 16.6
    endloop
  endfacet
  facet normal 0 0 -1
    outer loop
      vertex 5.54328 10.2961 16.6
      vertex 8 8 16.6
      vertex 5.68158 9.92864 16.6
    endloop
  endfacet
  facet normal 0 0 -1
    outer loop
      vertex 5 19 16.6
      vertex 8 16 16.6
      vertex 5 11.3154 16.6
    endloop
  endfacet
  facet normal 0 0 -1
    outer loop
      vertex 6.82628 18.3801 16.6
      vertex 5 19 16.6
      vertex 6.66671 18.4944 16.6
    endloop
  endfacet
  facet normal 0 0 -1
    outer loop
      vertex 6.66671 18.4944 16.6
      vertex 5 19 16.6
      vertex 6.5 18.5981 16.6
    endloop
  endfacet
  facet normal 0 0 -1
    outer loop
      vertex 6.5 18.5981 16.6
      vertex 5 19 16.6
      vertex 6.32687 18.6906 16.6
    endloop
  endfacet
  facet normal 0 0 -1
    outer loop
      vertex 6.32687 18.6906 16.6
      vertex 5 19 16.6
      vertex 6.14805 18.7716 16.6
    endloop
  endfacet
  facet normal 0 0 -1
    outer loop
      vertex 6.14805 18.7716 16.6
      vertex 5 19 16.6
      vertex 5.96432 18.8408 16.6
    endloop
  endfacet
  facet normal 0 0 -1
    outer loop
      vertex 5.96432 18.8408 16.6
      vertex 5 19 16.6
      vertex 5.77646 18.8978 16.6
    endloop
  endfacet
  facet normal 0 0 -1
    outer loop
      vertex 5.77646 18.8978 16.6
      vertex 5 19 16.6
      vertex 5.58527 18.9424 16.6
    endloop
  endfacet
  facet normal 0 0 -1
    outer loop
      vertex 5.58527 18.9424 16.6
      vertex 5 19 16.6
      vertex 5.39158 18.9743 16.6
    endloop
  endfacet
  facet normal 0 0 -1
    outer loop
      vertex 5.39158 18.9743 16.6
      vertex 5 19 16.6
      vertex 5.19621 18.9936 16.6
    endloop
  endfacet
  facet normal -0.0326009 -0.999468 0
    outer loop
      vertex 0.392418 13.9872 -34
      vertex 0 14 -18.7
      vertex 0 14 -34
    endloop
  endfacet
  facet normal -0.0323617 -0.999476 6.14241e-06
    outer loop
      vertex 0 14 -18.7
      vertex 0.392418 13.9872 -34
      vertex 0.111185 13.9964 -18.6964
    endloop
  endfacet
  facet normal -0.033401 -0.999442 -1.29776e-05
    outer loop
      vertex 0.111185 13.9964 -18.6964
      vertex 0.392418 13.9872 -34
      vertex 0.221894 13.9927 -18.6855
    endloop
  endfacet
  facet normal -0.0327805 -0.999463 -6.06079e-06
    outer loop
      vertex 0.221894 13.9927 -18.6855
      vertex 0.392418 13.9872 -34
      vertex 0.331653 13.9891 -18.6673
    endloop
  endfacet
  facet normal -0.0312527 -0.999512 0
    outer loop
      vertex 0.331653 13.9891 -18.6673
      vertex 0.392418 13.9872 -34
      vertex 0.392418 13.9872 -18.6532
    endloop
  endfacet
  facet normal -0.0326009 -0.999468 0
    outer loop
      vertex 0 14 -15.3
      vertex 0.392418 13.9872 30
      vertex 0 14 30
    endloop
  endfacet
  facet normal -0.0323616 -0.999476 -2.07573e-06
    outer loop
      vertex 0.111185 13.9964 -15.3036
      vertex 0.392418 13.9872 30
      vertex 0 14 -15.3
    endloop
  endfacet
  facet normal -0.0334019 -0.999442 4.38909e-06
    outer loop
      vertex 0.221894 13.9927 -15.3145
      vertex 0.392418 13.9872 30
      vertex 0.111185 13.9964 -15.3036
    endloop
  endfacet
  facet normal -0.0327812 -0.999463 2.05081e-06
    outer loop
      vertex 0.331653 13.9891 -15.3327
      vertex 0.392418 13.9872 30
      vertex 0.221894 13.9927 -15.3145
    endloop
  endfacet
  facet normal -0.0312527 -0.999512 -0
    outer loop
      vertex 0.392418 13.9872 30
      vertex 0.331653 13.9891 -15.3327
      vertex 0.392418 13.9872 -15.3468
    endloop
  endfacet
  facet normal -0.995186 -0.0980057 0
    outer loop
      vertex 5.98715 8.39242 16.6
      vertex 5.94867 8.78316 30
      vertex 5.94867 8.78316 16.6
    endloop
  endfacet
  facet normal -0.995186 -0.0980057 0
    outer loop
      vertex 5.94867 8.78316 30
      vertex 5.98715 8.39242 16.6
      vertex 5.98715 8.39242 30
    endloop
  endfacet
  facet normal -0.995186 -0.0980057 0
    outer loop
      vertex 5.98715 8.39242 -0.0999994
      vertex 5.94867 8.78316 13.4
      vertex 5.94867 8.78316 -0.0999994
    endloop
  endfacet
  facet normal -0.995186 -0.0980057 0
    outer loop
      vertex 5.94867 8.78316 13.4
      vertex 5.98715 8.39242 -0.0999994
      vertex 5.98715 8.39242 13.4
    endloop
  endfacet
  facet normal -0.999464 -0.032728 0
    outer loop
      vertex 6 8 16.6
      vertex 5.98715 8.39242 30
      vertex 5.98715 8.39242 16.6
    endloop
  endfacet
  facet normal -0.999464 -0.032728 0
    outer loop
      vertex 5.98715 8.39242 30
      vertex 6 8 16.6
      vertex 6 8 30
    endloop
  endfacet
  facet normal -0.999464 -0.032728 0
    outer loop
      vertex 6 8 -0.0999994
      vertex 5.98715 8.39242 13.4
      vertex 5.98715 8.39242 -0.0999994
    endloop
  endfacet
  facet normal -0.999464 -0.032728 0
    outer loop
      vertex 5.98715 8.39242 13.4
      vertex 6 8 -0.0999994
      vertex 6 8 13.4
    endloop
  endfacet
  facet normal -0.986642 -0.162905 -0
    outer loop
      vertex 5.94589 8.8 -0.0999994
      vertex 5.88471 9.17054 -34
      vertex 5.94589 8.8 -34
    endloop
  endfacet
  facet normal -0.986642 -0.162905 0
    outer loop
      vertex 5.88471 9.17054 -34
      vertex 5.94589 8.8 -0.0999994
      vertex 5.88471 9.17054 13.4
    endloop
  endfacet
  facet normal -0.986646 -0.162879 -0
    outer loop
      vertex 5.94867 8.78316 13.4
      vertex 5.94589 8.8 -0.0999994
      vertex 5.94867 8.78316 -0.0999994
    endloop
  endfacet
  facet normal -0.986642 -0.162904 -3.20729e-08
    outer loop
      vertex 5.94589 8.8 -0.0999994
      vertex 5.94867 8.78316 13.4
      vertex 5.88471 9.17054 13.4
    endloop
  endfacet
  facet normal -0.986642 -0.162904 0
    outer loop
      vertex 5.94867 8.78316 16.6
      vertex 5.88471 9.17054 30
      vertex 5.88471 9.17054 16.6
    endloop
  endfacet
  facet normal -0.986642 -0.162904 0
    outer loop
      vertex 5.88471 9.17054 30
      vertex 5.94867 8.78316 16.6
      vertex 5.94867 8.78316 30
    endloop
  endfacet
  facet normal 0.773016 0.634387 0
    outer loop
      vertex -4.51104 4.04392 30
      vertex -4.76012 4.34743 -34
      vertex -4.76012 4.34743 30
    endloop
  endfacet
  facet normal 0.773016 0.634387 0
    outer loop
      vertex -4.76012 4.34743 -34
      vertex -4.51104 4.04392 30
      vertex -4.51104 4.04392 -34
    endloop
  endfacet
  facet normal -0.528061 0.849207 0
    outer loop
      vertex 3.33342 3.01118 -34
      vertex 3 2.80385 30
      vertex 3.33342 3.01118 30
    endloop
  endfacet
  facet normal -0.528061 0.849207 0
    outer loop
      vertex 3 2.80385 30
      vertex 3.33342 3.01118 -34
      vertex 3 2.80385 -34
    endloop
  endfacet
  facet normal -0.471406 0.881916 0
    outer loop
      vertex 3 2.80385 -34
      vertex 2.65373 2.61876 30
      vertex 3 2.80385 30
    endloop
  endfacet
  facet normal -0.471406 0.881916 0
    outer loop
      vertex 2.65373 2.61876 30
      vertex 3 2.80385 -34
      vertex 2.65373 2.61876 -34
    endloop
  endfacet
  facet normal -0.84948 -0.527621 0
    outer loop
      vertex 4.98882 11.3334 -34
      vertex 5 11.3154 13.4
      vertex 4.98882 11.3334 30
    endloop
  endfacet
  facet normal -0.849192 -0.528084 -2.43315e-07
    outer loop
      vertex 5.19615 11 -34
      vertex 5 11.3154 13.4
      vertex 4.98882 11.3334 -34
    endloop
  endfacet
  facet normal -0.849176 -0.52811 0
    outer loop
      vertex 5 11.3154 13.4
      vertex 5.19615 11 -34
      vertex 5.19615 11 13.4
    endloop
  endfacet
  facet normal -0.84948 -0.527621 -0
    outer loop
      vertex 5 11.3154 16.6
      vertex 4.98882 11.3334 30
      vertex 5 11.3154 13.4
    endloop
  endfacet
  facet normal -0.849176 -0.52811 9.09783e-07
    outer loop
      vertex 5.19615 11 16.6
      vertex 4.98882 11.3334 30
      vertex 5 11.3154 16.6
    endloop
  endfacet
  facet normal -0.849192 -0.528084 0
    outer loop
      vertex 4.98882 11.3334 30
      vertex 5.19615 11 16.6
      vertex 5.19615 11 30
    endloop
  endfacet
  facet normal 0.528189 -0.849127 0
    outer loop
      vertex -3.33342 12.9888 -34
      vertex -3 13.1962 30
      vertex -3.33342 12.9888 30
    endloop
  endfacet
  facet normal 0.528189 -0.849127 0
    outer loop
      vertex -3 13.1962 30
      vertex -3.33342 12.9888 -34
      vertex -3 13.1962 -34
    endloop
  endfacet
  facet normal 0.634399 0.773005 -0
    outer loop
      vertex -3.65257 3.23988 -34
      vertex -3.95607 3.48896 30
      vertex -3.65257 3.23988 30
    endloop
  endfacet
  facet normal 0.634399 0.773005 0
    outer loop
      vertex -3.95607 3.48896 30
      vertex -3.65257 3.23988 -34
      vertex -3.95607 3.48896 -34
    endloop
  endfacet
  facet normal -0.935908 -0.352245 0
    outer loop
      vertex 5.68158 9.92864 -34
      vertex 5.54328 10.2961 13.4
      vertex 5.54328 10.2961 -34
    endloop
  endfacet
  facet normal -0.935908 -0.352245 0
    outer loop
      vertex 5.54328 10.2961 13.4
      vertex 5.68158 9.92864 -34
      vertex 5.68158 9.92864 13.4
    endloop
  endfacet
  facet normal -0.935908 -0.352245 0
    outer loop
      vertex 5.68158 9.92864 16.6
      vertex 5.54328 10.2961 30
      vertex 5.54328 10.2961 16.6
    endloop
  endfacet
  facet normal -0.935908 -0.352245 0
    outer loop
      vertex 5.54328 10.2961 30
      vertex 5.68158 9.92864 16.6
      vertex 5.68158 9.92864 30
    endloop
  endfacet
  facet normal -0.973875 -0.227085 0
    outer loop
      vertex 5.88471 9.17054 -34
      vertex 5.79555 9.55291 13.4
      vertex 5.79555 9.55291 -34
    endloop
  endfacet
  facet normal -0.973875 -0.227085 0
    outer loop
      vertex 5.79555 9.55291 13.4
      vertex 5.88471 9.17054 -34
      vertex 5.88471 9.17054 13.4
    endloop
  endfacet
  facet normal -0.973875 -0.227085 0
    outer loop
      vertex 5.88471 9.17054 16.6
      vertex 5.79555 9.55291 30
      vertex 5.79555 9.55291 16.6
    endloop
  endfacet
  facet normal -0.973875 -0.227085 0
    outer loop
      vertex 5.79555 9.55291 30
      vertex 5.88471 9.17054 16.6
      vertex 5.88471 9.17054 30
    endloop
  endfacet
  facet normal -0.910851 -0.412736 0
    outer loop
      vertex 5.54328 10.2961 -34
      vertex 5.38124 10.6537 13.4
      vertex 5.38124 10.6537 -34
    endloop
  endfacet
  facet normal -0.910851 -0.412736 0
    outer loop
      vertex 5.38124 10.6537 13.4
      vertex 5.54328 10.2961 -34
      vertex 5.54328 10.2961 13.4
    endloop
  endfacet
  facet normal -0.910851 -0.412736 0
    outer loop
      vertex 5.54328 10.2961 16.6
      vertex 5.38124 10.6537 30
      vertex 5.38124 10.6537 16.6
    endloop
  endfacet
  facet normal -0.910851 -0.412736 0
    outer loop
      vertex 5.38124 10.6537 30
      vertex 5.54328 10.2961 16.6
      vertex 5.54328 10.2961 30
    endloop
  endfacet
  facet normal 0.352245 -0.935908 0
    outer loop
      vertex -2.2961 13.5433 -34
      vertex -1.92864 13.6816 30
      vertex -2.2961 13.5433 30
    endloop
  endfacet
  facet normal 0.352245 -0.935908 0
    outer loop
      vertex -1.92864 13.6816 30
      vertex -2.2961 13.5433 -34
      vertex -1.92864 13.6816 -34
    endloop
  endfacet
  facet normal 0.986642 -0.162904 0
    outer loop
      vertex -5.94867 8.78316 13.4
      vertex -5.88471 9.17054 -34
      vertex -5.88471 9.17054 13.4
    endloop
  endfacet
  facet normal 0.986642 -0.162904 0
    outer loop
      vertex -5.88471 9.17054 -34
      vertex -5.94867 8.78316 13.4
      vertex -5.94867 8.78316 -34
    endloop
  endfacet
  facet normal 0.986642 -0.162904 0
    outer loop
      vertex -5.94867 8.78316 30
      vertex -5.88471 9.17054 16.6
      vertex -5.88471 9.17054 30
    endloop
  endfacet
  facet normal 0.986642 -0.162904 0
    outer loop
      vertex -5.88471 9.17054 16.6
      vertex -5.94867 8.78316 30
      vertex -5.94867 8.78316 16.6
    endloop
  endfacet
  facet normal 0.29034 -0.956924 0
    outer loop
      vertex -1.92864 13.6816 30
      vertex -1.55291 13.7956 -16.3104
      vertex -1.55291 13.7956 30
    endloop
  endfacet
  facet normal 0.292078 -0.956395 1.54024e-05
    outer loop
      vertex -1.92864 13.6816 30
      vertex -1.57059 13.7902 -16.3494
      vertex -1.55291 13.7956 -16.3104
    endloop
  endfacet
  facet normal 0.290543 -0.956862 2.45753e-06
    outer loop
      vertex -1.92864 13.6816 30
      vertex -1.60978 13.7783 -16.4536
      vertex -1.57059 13.7902 -16.3494
    endloop
  endfacet
  facet normal 0.290414 -0.956901 1.48783e-06
    outer loop
      vertex -1.92864 13.6816 30
      vertex -1.64207 13.7685 -16.56
      vertex -1.60978 13.7783 -16.4536
    endloop
  endfacet
  facet normal 0.291548 -0.956556 9.10881e-06
    outer loop
      vertex -1.92864 13.6816 30
      vertex -1.66733 13.7608 -16.6683
      vertex -1.64207 13.7685 -16.56
    endloop
  endfacet
  facet normal 0.290292 -0.956938 1.43193e-06
    outer loop
      vertex -1.92864 13.6816 30
      vertex -1.68546 13.7553 -16.7781
      vertex -1.66733 13.7608 -16.6683
    endloop
  endfacet
  facet normal 0.289778 -0.957094 -1.49055e-06
    outer loop
      vertex -1.92864 13.6816 30
      vertex -1.69636 13.752 -16.8888
      vertex -1.68546 13.7553 -16.7781
    endloop
  endfacet
  facet normal 0.289379 -0.957214 -3.64366e-06
    outer loop
      vertex -1.92864 13.6816 30
      vertex -1.7 13.7509 -17
      vertex -1.69636 13.752 -16.8888
    endloop
  endfacet
  facet normal 0.290065 -0.957007 0
    outer loop
      vertex -1.92864 13.6816 -34
      vertex -1.7 13.7509 -17
      vertex -1.92864 13.6816 30
    endloop
  endfacet
  facet normal 0.289507 -0.957176 8.20078e-06
    outer loop
      vertex -1.92864 13.6816 -34
      vertex -1.69636 13.752 -17.1112
      vertex -1.7 13.7509 -17
    endloop
  endfacet
  facet normal 0.289799 -0.957087 3.81373e-06
    outer loop
      vertex -1.92864 13.6816 -34
      vertex -1.68546 13.7553 -17.2219
      vertex -1.69636 13.752 -17.1112
    endloop
  endfacet
  facet normal 0.290279 -0.956942 -3.78568e-06
    outer loop
      vertex -1.92864 13.6816 -34
      vertex -1.66733 13.7608 -17.3317
      vertex -1.68546 13.7553 -17.2219
    endloop
  endfacet
  facet normal 0.291488 -0.956575 -2.4471e-05
    outer loop
      vertex -1.92864 13.6816 -34
      vertex -1.64207 13.7685 -17.44
      vertex -1.66733 13.7608 -17.3317
    endloop
  endfacet
  facet normal 0.290406 -0.956903 -4.03779e-06
    outer loop
      vertex -1.92864 13.6816 -34
      vertex -1.60978 13.7783 -17.5464
      vertex -1.64207 13.7685 -17.44
    endloop
  endfacet
  facet normal 0.290533 -0.956865 -6.71881e-06
    outer loop
      vertex -1.92864 13.6816 -34
      vertex -1.57059 13.7902 -17.6506
      vertex -1.60978 13.7783 -17.5464
    endloop
  endfacet
  facet normal 0.292023 -0.956411 -4.23632e-05
    outer loop
      vertex -1.92864 13.6816 -34
      vertex -1.55291 13.7956 -17.6896
      vertex -1.57059 13.7902 -17.6506
    endloop
  endfacet
  facet normal 0.29034 -0.956924 0
    outer loop
      vertex -1.55291 13.7956 -17.6896
      vertex -1.92864 13.6816 -34
      vertex -1.55291 13.7956 -34
    endloop
  endfacet
  facet normal -0.098035 0.995183 0
    outer loop
      vertex 0.783156 2.05133 -34
      vertex 0.75189 2.04825 -18.5247
      vertex 0.783156 2.05133 -18.508
    endloop
  endfacet
  facet normal -0.0980168 0.995185 3.71816e-08
    outer loop
      vertex 0.783156 2.05133 -34
      vertex 0.650561 2.03827 -18.5706
      vertex 0.75189 2.04825 -18.5247
    endloop
  endfacet
  facet normal -0.0979763 0.995189 3.89087e-07
    outer loop
      vertex 0.783156 2.05133 -34
      vertex 0.546447 2.02802 -18.6098
      vertex 0.650561 2.03827 -18.5706
    endloop
  endfacet
  facet normal -0.098064 0.99518 -9.74231e-07
    outer loop
      vertex 0.783156 2.05133 -34
      vertex 0.439992 2.01753 -18.6421
      vertex 0.546447 2.02802 -18.6098
    endloop
  endfacet
  facet normal -0.0979011 0.995196 2.7015e-06
    outer loop
      vertex 0.783156 2.05133 -34
      vertex 0.392418 2.01285 -18.6532
      vertex 0.439992 2.01753 -18.6421
    endloop
  endfacet
  facet normal -0.0980062 0.995186 0
    outer loop
      vertex 0.392418 2.01285 -18.6532
      vertex 0.783156 2.05133 -34
      vertex 0.392418 2.01285 -34
    endloop
  endfacet
  facet normal -0.0980062 0.995186 0
    outer loop
      vertex 0.783156 2.05133 30
      vertex 0.392418 2.01285 -15.3468
      vertex 0.392418 2.01285 30
    endloop
  endfacet
  facet normal -0.0979007 0.995196 -9.17858e-07
    outer loop
      vertex 0.783156 2.05133 30
      vertex 0.439992 2.01753 -15.3579
      vertex 0.392418 2.01285 -15.3468
    endloop
  endfacet
  facet normal -0.0980642 0.99518 3.31344e-07
    outer loop
      vertex 0.783156 2.05133 30
      vertex 0.546447 2.02802 -15.3902
      vertex 0.439992 2.01753 -15.3579
    endloop
  endfacet
  facet normal -0.0979762 0.995189 -1.3243e-07
    outer loop
      vertex 0.783156 2.05133 30
      vertex 0.650561 2.03827 -15.4294
      vertex 0.546447 2.02802 -15.3902
    endloop
  endfacet
  facet normal -0.0980168 0.995185 -1.26606e-08
    outer loop
      vertex 0.783156 2.05133 30
      vertex 0.75189 2.04825 -15.4753
      vertex 0.650561 2.03827 -15.4294
    endloop
  endfacet
  facet normal -0.098035 0.995183 0
    outer loop
      vertex 0.75189 2.04825 -15.4753
      vertex 0.783156 2.05133 30
      vertex 0.783156 2.05133 -15.492
    endloop
  endfacet
  facet normal -0.935908 0.352245 0
    outer loop
      vertex 5.54328 5.7039 -34
      vertex 5.68158 6.07136 30
      vertex 5.68158 6.07136 -34
    endloop
  endfacet
  facet normal -0.935908 0.352245 0
    outer loop
      vertex 5.68158 6.07136 30
      vertex 5.54328 5.7039 -34
      vertex 5.54328 5.7039 30
    endloop
  endfacet
  facet normal -0.773005 -0.634399 0
    outer loop
      vertex 4.76012 11.6526 -34
      vertex 4.51104 11.9561 30
      vertex 4.51104 11.9561 -34
    endloop
  endfacet
  facet normal -0.773005 -0.634399 0
    outer loop
      vertex 4.51104 11.9561 30
      vertex 4.76012 11.6526 -34
      vertex 4.76012 11.6526 30
    endloop
  endfacet
  facet normal 0.729783 -0.683678 0
    outer loop
      vertex -4.51104 11.9561 30
      vertex -4.24264 12.2426 -34
      vertex -4.24264 12.2426 30
    endloop
  endfacet
  facet normal 0.729783 -0.683678 0
    outer loop
      vertex -4.24264 12.2426 -34
      vertex -4.51104 11.9561 30
      vertex -4.51104 11.9561 -34
    endloop
  endfacet
  facet normal -0.290293 0.956938 0
    outer loop
      vertex 1.92864 2.31842 30
      vertex 1.55291 2.20444 -16.3104
      vertex 1.55291 2.20444 30
    endloop
  endfacet
  facet normal -0.290617 0.956839 2.87446e-06
    outer loop
      vertex 1.92864 2.31842 30
      vertex 1.57059 2.20981 -16.3494
      vertex 1.55291 2.20444 -16.3104
    endloop
  endfacet
  facet normal -0.290325 0.956928 4.07087e-07
    outer loop
      vertex 1.92864 2.31842 30
      vertex 1.60978 2.2217 -16.4536
      vertex 1.57059 2.20981 -16.3494
    endloop
  endfacet
  facet normal -0.29015 0.956981 -9.04255e-07
    outer loop
      vertex 1.92864 2.31842 30
      vertex 1.64207 2.23149 -16.56
      vertex 1.60978 2.2217 -16.4536
    endloop
  endfacet
  facet normal -0.290199 0.956966 -5.75223e-07
    outer loop
      vertex 1.92864 2.31842 30
      vertex 1.66733 2.23915 -16.6683
      vertex 1.64207 2.23149 -16.56
    endloop
  endfacet
  facet normal -0.2903 0.956936 4.36468e-08
    outer loop
      vertex 1.92864 2.31842 30
      vertex 1.68546 2.24465 -16.7781
      vertex 1.66733 2.23915 -16.6683
    endloop
  endfacet
  facet normal -0.290554 0.956859 1.48448e-06
    outer loop
      vertex 1.92864 2.31842 30
      vertex 1.69636 2.24796 -16.8888
      vertex 1.68546 2.24465 -16.7781
    endloop
  endfacet
  facet normal -0.289409 0.957205 -4.70749e-06
    outer loop
      vertex 1.92864 2.31842 30
      vertex 1.7 2.24906 -17
      vertex 1.69636 2.24796 -16.8888
    endloop
  endfacet
  facet normal -0.290295 0.956937 0
    outer loop
      vertex 1.92864 2.31842 -34
      vertex 1.7 2.24906 -17
      vertex 1.92864 2.31842 30
    endloop
  endfacet
  facet normal -0.289574 0.957156 1.0595e-05
    outer loop
      vertex 1.92864 2.31842 -34
      vertex 1.69636 2.24796 -17.1112
      vertex 1.7 2.24906 -17
    endloop
  endfacet
  facet normal -0.290532 0.956865 -3.79825e-06
    outer loop
      vertex 1.92864 2.31842 -34
      vertex 1.68546 2.24465 -17.2219
      vertex 1.69636 2.24796 -17.1112
    endloop
  endfacet
  facet normal -0.2903 0.956936 -1.15392e-07
    outer loop
      vertex 1.92864 2.31842 -34
      vertex 1.66733 2.23915 -17.3317
      vertex 1.68546 2.24465 -17.2219
    endloop
  endfacet
  facet normal -0.290203 0.956965 1.54532e-06
    outer loop
      vertex 1.92864 2.31842 -34
      vertex 1.64207 2.23149 -17.44
      vertex 1.66733 2.23915 -17.3317
    endloop
  endfacet
  facet normal -0.290155 0.95698 2.45402e-06
    outer loop
      vertex 1.92864 2.31842 -34
      vertex 1.60978 2.2217 -17.5464
      vertex 1.64207 2.23149 -17.44
    endloop
  endfacet
  facet normal -0.290323 0.956929 -1.11296e-06
    outer loop
      vertex 1.92864 2.31842 -34
      vertex 1.57059 2.20981 -17.6506
      vertex 1.60978 2.2217 -17.5464
    endloop
  endfacet
  facet normal -0.290607 0.956842 -7.90587e-06
    outer loop
      vertex 1.92864 2.31842 -34
      vertex 1.55291 2.20444 -17.6896
      vertex 1.57059 2.20981 -17.6506
    endloop
  endfacet
  facet normal -0.290293 0.956938 0
    outer loop
      vertex 1.55291 2.20444 -17.6896
      vertex 1.92864 2.31842 -34
      vertex 1.55291 2.20444 -34
    endloop
  endfacet
  facet normal 0.683589 -0.729867 0
    outer loop
      vertex -4.24264 12.2426 -34
      vertex -3.95607 12.511 30
      vertex -4.24264 12.2426 30
    endloop
  endfacet
  facet normal 0.683589 -0.729867 0
    outer loop
      vertex -3.95607 12.511 30
      vertex -4.24264 12.2426 -34
      vertex -3.95607 12.511 -34
    endloop
  endfacet
  facet normal -0.471228 -0.882011 0
    outer loop
      vertex 2.65373 13.3812 -34
      vertex 3 13.1962 30
      vertex 2.65373 13.3812 30
    endloop
  endfacet
  facet normal -0.471228 -0.882011 -0
    outer loop
      vertex 3 13.1962 30
      vertex 2.65373 13.3812 -34
      vertex 3 13.1962 -34
    endloop
  endfacet
  facet normal -0.995186 0.0980057 0
    outer loop
      vertex 5.94867 7.21684 -0.0999994
      vertex 5.98715 7.60758 30
      vertex 5.98715 7.60758 -0.0999994
    endloop
  endfacet
  facet normal -0.995186 0.0980057 0
    outer loop
      vertex 5.98715 7.60758 30
      vertex 5.94867 7.21684 -0.0999994
      vertex 5.94867 7.21684 30
    endloop
  endfacet
  facet normal -0.812846 0.582478 0
    outer loop
      vertex 4.76012 4.34743 -34
      vertex 4.98882 4.66658 30
      vertex 4.98882 4.66658 -34
    endloop
  endfacet
  facet normal -0.812846 0.582478 0
    outer loop
      vertex 4.98882 4.66658 30
      vertex 4.76012 4.34743 -34
      vertex 4.76012 4.34743 30
    endloop
  endfacet
  facet normal 0.973875 -0.227085 0
    outer loop
      vertex -5.88471 9.17054 13.4
      vertex -5.79555 9.55291 -34
      vertex -5.79555 9.55291 13.4
    endloop
  endfacet
  facet normal 0.973875 -0.227085 0
    outer loop
      vertex -5.79555 9.55291 -34
      vertex -5.88471 9.17054 13.4
      vertex -5.88471 9.17054 -34
    endloop
  endfacet
  facet normal 0.973875 -0.227085 0
    outer loop
      vertex -5.88471 9.17054 30
      vertex -5.79555 9.55291 16.6
      vertex -5.79555 9.55291 30
    endloop
  endfacet
  facet normal 0.973875 -0.227085 0
    outer loop
      vertex -5.79555 9.55291 16.6
      vertex -5.88471 9.17054 30
      vertex -5.88471 9.17054 16.6
    endloop
  endfacet
  facet normal 0.999464 0.032728 0
    outer loop
      vertex -5.98715 7.60758 30
      vertex -6 8 16.6
      vertex -6 8 30
    endloop
  endfacet
  facet normal 0.999464 0.032728 0
    outer loop
      vertex -6 8 16.6
      vertex -5.98715 7.60758 30
      vertex -6 8 13.4
    endloop
  endfacet
  facet normal 0.999464 0.032728 -0
    outer loop
      vertex -5.98715 7.60758 -34
      vertex -6 8 13.4
      vertex -5.98715 7.60758 30
    endloop
  endfacet
  facet normal 0.999464 0.032728 0
    outer loop
      vertex -6 8 13.4
      vertex -5.98715 7.60758 -34
      vertex -6 8 -34
    endloop
  endfacet
  facet normal -0.773016 0.634387 0
    outer loop
      vertex 4.51104 4.04392 -34
      vertex 4.76012 4.34743 30
      vertex 4.76012 4.34743 -34
    endloop
  endfacet
  facet normal -0.773016 0.634387 0
    outer loop
      vertex 4.76012 4.34743 30
      vertex 4.51104 4.04392 -34
      vertex 4.51104 4.04392 30
    endloop
  endfacet
  facet normal -0.227001 0.973895 0
    outer loop
      vertex 1.55291 2.20444 -34
      vertex 1.52468 2.19786 -17.7519
      vertex 1.55291 2.20444 -17.6896
    endloop
  endfacet
  facet normal -0.227124 0.973866 -2.25233e-07
    outer loop
      vertex 1.55291 2.20444 -34
      vertex 1.47224 2.18563 -17.85
      vertex 1.52468 2.19786 -17.7519
    endloop
  endfacet
  facet normal -0.226979 0.9739 5.36815e-07
    outer loop
      vertex 1.55291 2.20444 -34
      vertex 1.4135 2.17194 -17.9445
      vertex 1.47224 2.18563 -17.85
    endloop
  endfacet
  facet normal -0.227086 0.973875 -4.48649e-07
    outer loop
      vertex 1.55291 2.20444 -34
      vertex 1.3487 2.15683 -18.0349
      vertex 1.4135 2.17194 -17.9445
    endloop
  endfacet
  facet normal -0.227145 0.973861 -1.24169e-06
    outer loop
      vertex 1.55291 2.20444 -34
      vertex 1.27813 2.14037 -18.1209
      vertex 1.3487 2.15683 -18.0349
    endloop
  endfacet
  facet normal -0.227048 0.973884 5.33771e-07
    outer loop
      vertex 1.55291 2.20444 -34
      vertex 1.20208 2.12264 -18.2021
      vertex 1.27813 2.14037 -18.1209
    endloop
  endfacet
  facet normal -0.226959 0.973904 2.62617e-06
    outer loop
      vertex 1.55291 2.20444 -34
      vertex 1.17054 2.11529 -18.2316
      vertex 1.20208 2.12264 -18.2021
    endloop
  endfacet
  facet normal -0.227061 0.97388 0
    outer loop
      vertex 1.17054 2.11529 -18.2316
      vertex 1.55291 2.20444 -34
      vertex 1.17054 2.11529 -34
    endloop
  endfacet
  facet normal -0.227061 0.97388 0
    outer loop
      vertex 1.55291 2.20444 30
      vertex 1.17054 2.11529 -15.7684
      vertex 1.17054 2.11529 30
    endloop
  endfacet
  facet normal -0.226957 0.973905 -9.18131e-07
    outer loop
      vertex 1.55291 2.20444 30
      vertex 1.20208 2.12264 -15.7979
      vertex 1.17054 2.11529 -15.7684
    endloop
  endfacet
  facet normal -0.227048 0.973884 -1.8696e-07
    outer loop
      vertex 1.55291 2.20444 30
      vertex 1.27813 2.14037 -15.8791
      vertex 1.20208 2.12264 -15.7979
    endloop
  endfacet
  facet normal -0.227146 0.973861 4.35641e-07
    outer loop
      vertex 1.55291 2.20444 30
      vertex 1.3487 2.15683 -15.9651
      vertex 1.27813 2.14037 -15.8791
    endloop
  endfacet
  facet normal -0.227087 0.973875 1.57633e-07
    outer loop
      vertex 1.55291 2.20444 30
      vertex 1.4135 2.17194 -16.0555
      vertex 1.3487 2.15683 -15.9651
    endloop
  endfacet
  facet normal -0.226978 0.9739 -1.88835e-07
    outer loop
      vertex 1.55291 2.20444 30
      vertex 1.47224 2.18563 -16.15
      vertex 1.4135 2.17194 -16.0555
    endloop
  endfacet
  facet normal -0.227124 0.973866 7.92964e-08
    outer loop
      vertex 1.55291 2.20444 30
      vertex 1.52468 2.19786 -16.2481
      vertex 1.47224 2.18563 -16.15
    endloop
  endfacet
  facet normal -0.227001 0.973895 0
    outer loop
      vertex 1.52468 2.19786 -16.2481
      vertex 1.55291 2.20444 30
      vertex 1.55291 2.20444 -16.3104
    endloop
  endfacet
  facet normal -0.999464 0.032728 0
    outer loop
      vertex 5.98715 7.60758 -0.0999994
      vertex 6 8 13.4
      vertex 6 8 -0.0999994
    endloop
  endfacet
  facet normal -0.999464 0.032728 0
    outer loop
      vertex 6 8 13.4
      vertex 5.98715 7.60758 -0.0999994
      vertex 6 8 16.6
    endloop
  endfacet
  facet normal -0.999464 0.032728 0
    outer loop
      vertex 5.98715 7.60758 30
      vertex 6 8 16.6
      vertex 5.98715 7.60758 -0.0999994
    endloop
  endfacet
  facet normal -0.999464 0.032728 0
    outer loop
      vertex 6 8 16.6
      vertex 5.98715 7.60758 30
      vertex 6 8 30
    endloop
  endfacet
  facet normal -0.582478 -0.812846 0
    outer loop
      vertex 3.33342 12.9888 -34
      vertex 3.65257 12.7601 30
      vertex 3.33342 12.9888 30
    endloop
  endfacet
  facet normal -0.582478 -0.812846 -0
    outer loop
      vertex 3.65257 12.7601 30
      vertex 3.33342 12.9888 -34
      vertex 3.65257 12.7601 -34
    endloop
  endfacet
  facet normal 0.910864 0.412707 0
    outer loop
      vertex -5.38124 5.34627 30
      vertex -5.54328 5.7039 -34
      vertex -5.54328 5.7039 30
    endloop
  endfacet
  facet normal 0.910864 0.412707 0
    outer loop
      vertex -5.54328 5.7039 -34
      vertex -5.38124 5.34627 30
      vertex -5.38124 5.34627 -34
    endloop
  endfacet
  facet normal -0.412834 -0.910806 0
    outer loop
      vertex 2.2961 13.5433 -34
      vertex 2.65373 13.3812 30
      vertex 2.2961 13.5433 30
    endloop
  endfacet
  facet normal -0.412834 -0.910806 -0
    outer loop
      vertex 2.65373 13.3812 30
      vertex 2.2961 13.5433 -34
      vertex 2.65373 13.3812 -34
    endloop
  endfacet
  facet normal -0.528189 -0.849127 0
    outer loop
      vertex 3 13.1962 -34
      vertex 3.33342 12.9888 30
      vertex 3 13.1962 30
    endloop
  endfacet
  facet normal -0.528189 -0.849127 -0
    outer loop
      vertex 3.33342 12.9888 30
      vertex 3 13.1962 -34
      vertex 3.33342 12.9888 -34
    endloop
  endfacet
  facet normal 0.63443 -0.77298 0
    outer loop
      vertex -3.95607 12.511 -34
      vertex -3.65257 12.7601 30
      vertex -3.95607 12.511 30
    endloop
  endfacet
  facet normal 0.63443 -0.77298 0
    outer loop
      vertex -3.65257 12.7601 30
      vertex -3.95607 12.511 -34
      vertex -3.65257 12.7601 -34
    endloop
  endfacet
  facet normal -0.910864 0.412707 0
    outer loop
      vertex 5.38124 5.34627 -34
      vertex 5.54328 5.7039 30
      vertex 5.54328 5.7039 -34
    endloop
  endfacet
  facet normal -0.910864 0.412707 0
    outer loop
      vertex 5.54328 5.7039 30
      vertex 5.38124 5.34627 -34
      vertex 5.38124 5.34627 30
    endloop
  endfacet
  facet normal 0.956945 -0.29027 0
    outer loop
      vertex -5.79555 9.55291 13.4
      vertex -5.68158 9.92864 -34
      vertex -5.68158 9.92864 13.4
    endloop
  endfacet
  facet normal 0.956945 -0.29027 0
    outer loop
      vertex -5.68158 9.92864 -34
      vertex -5.79555 9.55291 13.4
      vertex -5.79555 9.55291 -34
    endloop
  endfacet
  facet normal 0.956945 -0.29027 0
    outer loop
      vertex -5.79555 9.55291 30
      vertex -5.68158 9.92864 16.6
      vertex -5.68158 9.92864 30
    endloop
  endfacet
  facet normal 0.956945 -0.29027 0
    outer loop
      vertex -5.68158 9.92864 16.6
      vertex -5.79555 9.55291 30
      vertex -5.79555 9.55291 16.6
    endloop
  endfacet
  facet normal -0.812889 -0.582418 0
    outer loop
      vertex 4.98882 11.3334 -34
      vertex 4.76012 11.6526 30
      vertex 4.76012 11.6526 -34
    endloop
  endfacet
  facet normal -0.812889 -0.582418 0
    outer loop
      vertex 4.76012 11.6526 30
      vertex 4.98882 11.3334 -34
      vertex 4.98882 11.3334 30
    endloop
  endfacet
  facet normal -0.729783 -0.683678 0
    outer loop
      vertex 4.51104 11.9561 -34
      vertex 4.24264 12.2426 30
      vertex 4.24264 12.2426 -34
    endloop
  endfacet
  facet normal -0.729783 -0.683678 0
    outer loop
      vertex 4.24264 12.2426 30
      vertex 4.51104 11.9561 -34
      vertex 4.51104 11.9561 30
    endloop
  endfacet
  facet normal -0.163001 -0.986626 0
    outer loop
      vertex 1.17054 13.8847 -34
      vertex 0.783156 13.9487 -18.508
      vertex 0.783156 13.9487 -34
    endloop
  endfacet
  facet normal -0.163807 -0.986492 -2.0691e-05
    outer loop
      vertex 0.783156 13.9487 -18.508
      vertex 1.17054 13.8847 -34
      vertex 0.849999 13.9376 -18.4722
    endloop
  endfacet
  facet normal -0.162926 -0.986638 -2.01184e-06
    outer loop
      vertex 0.849999 13.9376 -18.4722
      vertex 1.17054 13.8847 -34
      vertex 0.944468 13.922 -18.4135
    endloop
  endfacet
  facet normal -0.162592 -0.986693 2.95714e-06
    outer loop
      vertex 0.944468 13.922 -18.4135
      vertex 1.17054 13.8847 -34
      vertex 1.03489 13.9071 -18.3487
    endloop
  endfacet
  facet normal -0.162911 -0.986641 1.23731e-07
    outer loop
      vertex 1.03489 13.9071 -18.3487
      vertex 1.17054 13.8847 -34
      vertex 1.12089 13.8929 -18.2781
    endloop
  endfacet
  facet normal -0.162949 -0.986635 0
    outer loop
      vertex 1.12089 13.8929 -18.2781
      vertex 1.17054 13.8847 -34
      vertex 1.17054 13.8847 -18.2316
    endloop
  endfacet
  facet normal -0.163001 -0.986626 0
    outer loop
      vertex 0.783156 13.9487 -15.492
      vertex 1.17054 13.8847 30
      vertex 0.783156 13.9487 30
    endloop
  endfacet
  facet normal -0.163814 -0.986491 7.10811e-06
    outer loop
      vertex 0.849999 13.9376 -15.5278
      vertex 1.17054 13.8847 30
      vertex 0.783156 13.9487 -15.492
    endloop
  endfacet
  facet normal -0.162927 -0.986638 6.91938e-07
    outer loop
      vertex 0.944468 13.922 -15.5865
      vertex 1.17054 13.8847 30
      vertex 0.849999 13.9376 -15.5278
    endloop
  endfacet
  facet normal -0.162591 -0.986694 -1.01797e-06
    outer loop
      vertex 1.03489 13.9071 -15.6513
      vertex 1.17054 13.8847 30
      vertex 0.944468 13.922 -15.5865
    endloop
  endfacet
  facet normal -0.162911 -0.986641 -4.26185e-08
    outer loop
      vertex 1.12089 13.8929 -15.7219
      vertex 1.17054 13.8847 30
      vertex 1.03489 13.9071 -15.6513
    endloop
  endfacet
  facet normal -0.162949 -0.986635 -0
    outer loop
      vertex 1.17054 13.8847 30
      vertex 1.12089 13.8929 -15.7219
      vertex 1.17054 13.8847 -15.7684
    endloop
  endfacet
  facet normal -0.849207 0.528061 0
    outer loop
      vertex 4.98882 4.66658 -34
      vertex 5.19615 5 30
      vertex 5.19615 5 -34
    endloop
  endfacet
  facet normal -0.849207 0.528061 0
    outer loop
      vertex 5.19615 5 30
      vertex 4.98882 4.66658 -34
      vertex 4.98882 4.66658 30
    endloop
  endfacet
  facet normal -0.881933 -0.471375 0
    outer loop
      vertex 5.38124 10.6537 -34
      vertex 5.19615 11 13.4
      vertex 5.19615 11 -34
    endloop
  endfacet
  facet normal -0.881933 -0.471375 0
    outer loop
      vertex 5.19615 11 13.4
      vertex 5.38124 10.6537 -34
      vertex 5.38124 10.6537 13.4
    endloop
  endfacet
  facet normal -0.881933 -0.471375 0
    outer loop
      vertex 5.38124 10.6537 16.6
      vertex 5.19615 11 30
      vertex 5.19615 11 16.6
    endloop
  endfacet
  facet normal -0.881933 -0.471375 0
    outer loop
      vertex 5.19615 11 30
      vertex 5.38124 10.6537 16.6
      vertex 5.38124 10.6537 30
    endloop
  endfacet
  facet normal 0.84948 -0.527621 0
    outer loop
      vertex -4.98882 11.3334 30
      vertex -5 11.3154 16.6
      vertex -4.98882 11.3334 -34
    endloop
  endfacet
  facet normal 0.849192 -0.528084 8.60681e-07
    outer loop
      vertex -5.19615 11 30
      vertex -5 11.3154 16.6
      vertex -4.98882 11.3334 30
    endloop
  endfacet
  facet normal 0.849176 -0.52811 0
    outer loop
      vertex -5 11.3154 16.6
      vertex -5.19615 11 30
      vertex -5.19615 11 16.6
    endloop
  endfacet
  facet normal 0.84948 -0.527621 0
    outer loop
      vertex -5 11.3154 13.4
      vertex -4.98882 11.3334 -34
      vertex -5 11.3154 16.6
    endloop
  endfacet
  facet normal 0.849176 -0.52811 -2.57196e-07
    outer loop
      vertex -5.19615 11 13.4
      vertex -4.98882 11.3334 -34
      vertex -5 11.3154 13.4
    endloop
  endfacet
  facet normal 0.849192 -0.528084 0
    outer loop
      vertex -4.98882 11.3334 -34
      vertex -5.19615 11 13.4
      vertex -5.19615 11 -34
    endloop
  endfacet
  facet normal -0.956945 -0.29027 0
    outer loop
      vertex 5.79555 9.55291 -34
      vertex 5.68158 9.92864 13.4
      vertex 5.68158 9.92864 -34
    endloop
  endfacet
  facet normal -0.956945 -0.29027 0
    outer loop
      vertex 5.68158 9.92864 13.4
      vertex 5.79555 9.55291 -34
      vertex 5.79555 9.55291 13.4
    endloop
  endfacet
  facet normal -0.956945 -0.29027 0
    outer loop
      vertex 5.79555 9.55291 16.6
      vertex 5.68158 9.92864 30
      vertex 5.68158 9.92864 16.6
    endloop
  endfacet
  facet normal -0.956945 -0.29027 0
    outer loop
      vertex 5.68158 9.92864 30
      vertex 5.79555 9.55291 16.6
      vertex 5.79555 9.55291 30
    endloop
  endfacet
  facet normal 0.0327282 0.999464 0
    outer loop
      vertex -0.392418 2.01285 -34
      vertex 0 2 -18.7
      vertex 0 2 -34
    endloop
  endfacet
  facet normal 0.0327207 0.999465 1.91217e-07
    outer loop
      vertex 0 2 -18.7
      vertex -0.392418 2.01285 -34
      vertex -0.111185 2.00364 -18.6964
    endloop
  endfacet
  facet normal 0.032681 0.999466 9.22396e-07
    outer loop
      vertex -0.111185 2.00364 -18.6964
      vertex -0.392418 2.01285 -34
      vertex -0.221894 2.00726 -18.6855
    endloop
  endfacet
  facet normal 0.0327815 0.999463 -1.97986e-07
    outer loop
      vertex -0.221894 2.00726 -18.6855
      vertex -0.392418 2.01285 -34
      vertex -0.331653 2.01086 -18.6673
    endloop
  endfacet
  facet normal 0.0327316 0.999464 0
    outer loop
      vertex -0.331653 2.01086 -18.6673
      vertex -0.392418 2.01285 -34
      vertex -0.392418 2.01285 -18.6532
    endloop
  endfacet
  facet normal 0.0327282 0.999464 -0
    outer loop
      vertex 0 2 -15.3
      vertex -0.392418 2.01285 30
      vertex 0 2 30
    endloop
  endfacet
  facet normal 0.0327207 0.999465 -6.46188e-08
    outer loop
      vertex -0.111185 2.00364 -15.3036
      vertex -0.392418 2.01285 30
      vertex 0 2 -15.3
    endloop
  endfacet
  facet normal 0.0326809 0.999466 -3.11959e-07
    outer loop
      vertex -0.221894 2.00726 -15.3145
      vertex -0.392418 2.01285 30
      vertex -0.111185 2.00364 -15.3036
    endloop
  endfacet
  facet normal 0.0327815 0.999463 6.69933e-08
    outer loop
      vertex -0.331653 2.01086 -15.3327
      vertex -0.392418 2.01285 30
      vertex -0.221894 2.00726 -15.3145
    endloop
  endfacet
  facet normal 0.0327316 0.999464 0
    outer loop
      vertex -0.392418 2.01285 30
      vertex -0.331653 2.01086 -15.3327
      vertex -0.392418 2.01285 -15.3468
    endloop
  endfacet
  facet normal 0.812846 0.582478 0
    outer loop
      vertex -4.76012 4.34743 30
      vertex -4.98882 4.66658 -34
      vertex -4.98882 4.66658 30
    endloop
  endfacet
  facet normal 0.812846 0.582478 0
    outer loop
      vertex -4.98882 4.66658 -34
      vertex -4.76012 4.34743 30
      vertex -4.76012 4.34743 -34
    endloop
  endfacet
  facet normal 0.0980062 0.995186 0
    outer loop
      vertex -0.783156 2.05133 -34
      vertex -0.392418 2.01285 -18.6532
      vertex -0.392418 2.01285 -34
    endloop
  endfacet
  facet normal 0.0979011 0.995196 2.7015e-06
    outer loop
      vertex -0.392418 2.01285 -18.6532
      vertex -0.783156 2.05133 -34
      vertex -0.439992 2.01753 -18.6421
    endloop
  endfacet
  facet normal 0.098064 0.99518 -9.74231e-07
    outer loop
      vertex -0.439992 2.01753 -18.6421
      vertex -0.783156 2.05133 -34
      vertex -0.546447 2.02802 -18.6098
    endloop
  endfacet
  facet normal 0.0979763 0.995189 3.89087e-07
    outer loop
      vertex -0.546447 2.02802 -18.6098
      vertex -0.783156 2.05133 -34
      vertex -0.650561 2.03827 -18.5706
    endloop
  endfacet
  facet normal 0.0980168 0.995185 3.71816e-08
    outer loop
      vertex -0.650561 2.03827 -18.5706
      vertex -0.783156 2.05133 -34
      vertex -0.75189 2.04825 -18.5247
    endloop
  endfacet
  facet normal 0.098035 0.995183 0
    outer loop
      vertex -0.75189 2.04825 -18.5247
      vertex -0.783156 2.05133 -34
      vertex -0.783156 2.05133 -18.508
    endloop
  endfacet
  facet normal 0.0980062 0.995186 -0
    outer loop
      vertex -0.392418 2.01285 -15.3468
      vertex -0.783156 2.05133 30
      vertex -0.392418 2.01285 30
    endloop
  endfacet
  facet normal 0.0979007 0.995196 -9.17858e-07
    outer loop
      vertex -0.439992 2.01753 -15.3579
      vertex -0.783156 2.05133 30
      vertex -0.392418 2.01285 -15.3468
    endloop
  endfacet
  facet normal 0.0980642 0.99518 3.31344e-07
    outer loop
      vertex -0.546447 2.02802 -15.3902
      vertex -0.783156 2.05133 30
      vertex -0.439992 2.01753 -15.3579
    endloop
  endfacet
  facet normal 0.0979762 0.995189 -1.3243e-07
    outer loop
      vertex -0.650561 2.03827 -15.4294
      vertex -0.783156 2.05133 30
      vertex -0.546447 2.02802 -15.3902
    endloop
  endfacet
  facet normal 0.0980168 0.995185 -1.26606e-08
    outer loop
      vertex -0.75189 2.04825 -15.4753
      vertex -0.783156 2.05133 30
      vertex -0.650561 2.03827 -15.4294
    endloop
  endfacet
  facet normal 0.098035 0.995183 0
    outer loop
      vertex -0.783156 2.05133 30
      vertex -0.75189 2.04825 -15.4753
      vertex -0.783156 2.05133 -15.492
    endloop
  endfacet
  facet normal 0.773005 -0.634399 0
    outer loop
      vertex -4.76012 11.6526 30
      vertex -4.51104 11.9561 -34
      vertex -4.51104 11.9561 30
    endloop
  endfacet
  facet normal 0.773005 -0.634399 0
    outer loop
      vertex -4.51104 11.9561 -34
      vertex -4.76012 11.6526 30
      vertex -4.76012 11.6526 -34
    endloop
  endfacet
  facet normal 0.0312527 -0.999512 0
    outer loop
      vertex -0.392418 13.9872 -34
      vertex -0.331653 13.9891 -18.6673
      vertex -0.392418 13.9872 -18.6532
    endloop
  endfacet
  facet normal 0.0327805 -0.999463 -6.06079e-06
    outer loop
      vertex -0.392418 13.9872 -34
      vertex -0.221894 13.9927 -18.6855
      vertex -0.331653 13.9891 -18.6673
    endloop
  endfacet
  facet normal 0.033401 -0.999442 -1.29776e-05
    outer loop
      vertex -0.392418 13.9872 -34
      vertex -0.111185 13.9964 -18.6964
      vertex -0.221894 13.9927 -18.6855
    endloop
  endfacet
  facet normal 0.0323617 -0.999476 6.14241e-06
    outer loop
      vertex -0.392418 13.9872 -34
      vertex 0 14 -18.7
      vertex -0.111185 13.9964 -18.6964
    endloop
  endfacet
  facet normal 0.0326009 -0.999468 0
    outer loop
      vertex 0 14 -18.7
      vertex -0.392418 13.9872 -34
      vertex 0 14 -34
    endloop
  endfacet
  facet normal 0.0326009 -0.999468 0
    outer loop
      vertex -0.392418 13.9872 30
      vertex 0 14 -15.3
      vertex 0 14 30
    endloop
  endfacet
  facet normal 0.0323616 -0.999476 -2.07573e-06
    outer loop
      vertex -0.392418 13.9872 30
      vertex -0.111185 13.9964 -15.3036
      vertex 0 14 -15.3
    endloop
  endfacet
  facet normal 0.0334019 -0.999442 4.38909e-06
    outer loop
      vertex -0.392418 13.9872 30
      vertex -0.221894 13.9927 -15.3145
      vertex -0.111185 13.9964 -15.3036
    endloop
  endfacet
  facet normal 0.0327812 -0.999463 2.05081e-06
    outer loop
      vertex -0.392418 13.9872 30
      vertex -0.331653 13.9891 -15.3327
      vertex -0.221894 13.9927 -15.3145
    endloop
  endfacet
  facet normal 0.0312527 -0.999512 0
    outer loop
      vertex -0.331653 13.9891 -15.3327
      vertex -0.392418 13.9872 30
      vertex -0.392418 13.9872 -15.3468
    endloop
  endfacet
  facet normal 0.412707 0.910864 -0
    outer loop
      vertex -2.2961 2.45672 -34
      vertex -2.65373 2.61876 30
      vertex -2.2961 2.45672 30
    endloop
  endfacet
  facet normal 0.412707 0.910864 0
    outer loop
      vertex -2.65373 2.61876 30
      vertex -2.2961 2.45672 -34
      vertex -2.65373 2.61876 -34
    endloop
  endfacet
  facet normal 0.729855 0.683602 0
    outer loop
      vertex -4.24264 3.75736 30
      vertex -4.51104 4.04392 -34
      vertex -4.51104 4.04392 30
    endloop
  endfacet
  facet normal 0.729855 0.683602 0
    outer loop
      vertex -4.51104 4.04392 -34
      vertex -4.24264 3.75736 30
      vertex -4.24264 3.75736 -34
    endloop
  endfacet
  facet normal -0.162949 0.986635 0
    outer loop
      vertex 1.17054 2.11529 -34
      vertex 1.12089 2.10709 -18.2781
      vertex 1.17054 2.11529 -18.2316
    endloop
  endfacet
  facet normal -0.162911 0.986641 1.23731e-07
    outer loop
      vertex 1.17054 2.11529 -34
      vertex 1.03489 2.09289 -18.3487
      vertex 1.12089 2.10709 -18.2781
    endloop
  endfacet
  facet normal -0.162909 0.986641 1.37394e-07
    outer loop
      vertex 1.17054 2.11529 -34
      vertex 0.944468 2.07796 -18.4135
      vertex 1.03489 2.09289 -18.3487
    endloop
  endfacet
  facet normal -0.162826 0.986655 1.37155e-06
    outer loop
      vertex 1.17054 2.11529 -34
      vertex 0.849999 2.06237 -18.4722
      vertex 0.944468 2.07796 -18.4135
    endloop
  endfacet
  facet normal -0.162955 0.986634 -1.35489e-06
    outer loop
      vertex 1.17054 2.11529 -34
      vertex 0.783156 2.05133 -18.508
      vertex 0.849999 2.06237 -18.4722
    endloop
  endfacet
  facet normal -0.162902 0.986642 0
    outer loop
      vertex 0.783156 2.05133 -18.508
      vertex 1.17054 2.11529 -34
      vertex 0.783156 2.05133 -34
    endloop
  endfacet
  facet normal -0.162902 0.986642 0
    outer loop
      vertex 1.17054 2.11529 30
      vertex 0.783156 2.05133 -15.492
      vertex 0.783156 2.05133 30
    endloop
  endfacet
  facet normal -0.162955 0.986633 4.65454e-07
    outer loop
      vertex 1.17054 2.11529 30
      vertex 0.849999 2.06237 -15.5278
      vertex 0.783156 2.05133 -15.492
    endloop
  endfacet
  facet normal -0.162826 0.986655 -4.7172e-07
    outer loop
      vertex 1.17054 2.11529 30
      vertex 0.944468 2.07796 -15.5865
      vertex 0.849999 2.06237 -15.5278
    endloop
  endfacet
  facet normal -0.162909 0.986641 -4.72967e-08
    outer loop
      vertex 1.17054 2.11529 30
      vertex 1.03489 2.09289 -15.6513
      vertex 0.944468 2.07796 -15.5865
    endloop
  endfacet
  facet normal -0.162911 0.986641 -4.26185e-08
    outer loop
      vertex 1.17054 2.11529 30
      vertex 1.12089 2.10709 -15.7219
      vertex 1.03489 2.09289 -15.6513
    endloop
  endfacet
  facet normal -0.162949 0.986635 0
    outer loop
      vertex 1.12089 2.10709 -15.7219
      vertex 1.17054 2.11529 30
      vertex 1.17054 2.11529 -15.7684
    endloop
  endfacet
  facet normal -0.412707 0.910864 0
    outer loop
      vertex 2.65373 2.61876 -34
      vertex 2.2961 2.45672 30
      vertex 2.65373 2.61876 30
    endloop
  endfacet
  facet normal -0.412707 0.910864 0
    outer loop
      vertex 2.2961 2.45672 30
      vertex 2.65373 2.61876 -34
      vertex 2.2961 2.45672 -34
    endloop
  endfacet
  facet normal 0.22438 -0.974502 0
    outer loop
      vertex -1.55291 13.7956 -34
      vertex -1.52468 13.8021 -17.7519
      vertex -1.55291 13.7956 -17.6896
    endloop
  endfacet
  facet normal 0.228343 -0.973581 -7.25385e-06
    outer loop
      vertex -1.55291 13.7956 -34
      vertex -1.47224 13.8144 -17.85
      vertex -1.52468 13.8021 -17.7519
    endloop
  endfacet
  facet normal 0.227134 -0.973864 -8.82947e-07
    outer loop
      vertex -1.55291 13.7956 -34
      vertex -1.4135 13.8281 -17.9445
      vertex -1.47224 13.8144 -17.85
    endloop
  endfacet
  facet normal 0.226946 -0.973907 8.40724e-07
    outer loop
      vertex -1.55291 13.7956 -34
      vertex -1.3487 13.8432 -18.0349
      vertex -1.4135 13.8281 -17.9445
    endloop
  endfacet
  facet normal 0.226371 -0.974041 8.58763e-06
    outer loop
      vertex -1.55291 13.7956 -34
      vertex -1.27813 13.8596 -18.1209
      vertex -1.3487 13.8432 -18.0349
    endloop
  endfacet
  facet normal 0.227878 -0.97369 -1.89083e-05
    outer loop
      vertex -1.55291 13.7956 -34
      vertex -1.20208 13.8774 -18.2021
      vertex -1.27813 13.8596 -18.1209
    endloop
  endfacet
  facet normal 0.225523 -0.974238 3.62273e-05
    outer loop
      vertex -1.55291 13.7956 -34
      vertex -1.17054 13.8847 -18.2316
      vertex -1.20208 13.8774 -18.2021
    endloop
  endfacet
  facet normal 0.226941 -0.973909 0
    outer loop
      vertex -1.17054 13.8847 -18.2316
      vertex -1.55291 13.7956 -34
      vertex -1.17054 13.8847 -34
    endloop
  endfacet
  facet normal 0.226941 -0.973909 0
    outer loop
      vertex -1.55291 13.7956 30
      vertex -1.17054 13.8847 -15.7684
      vertex -1.17054 13.8847 30
    endloop
  endfacet
  facet normal 0.225502 -0.974243 -1.26654e-05
    outer loop
      vertex -1.55291 13.7956 30
      vertex -1.20208 13.8774 -15.7979
      vertex -1.17054 13.8847 -15.7684
    endloop
  endfacet
  facet normal 0.227891 -0.973687 6.62283e-06
    outer loop
      vertex -1.55291 13.7956 30
      vertex -1.27813 13.8596 -15.8791
      vertex -1.20208 13.8774 -15.7979
    endloop
  endfacet
  facet normal 0.226365 -0.974043 -3.01293e-06
    outer loop
      vertex -1.55291 13.7956 30
      vertex -1.3487 13.8432 -15.9651
      vertex -1.27813 13.8596 -15.8791
    endloop
  endfacet
  facet normal 0.226945 -0.973908 -2.95389e-07
    outer loop
      vertex -1.55291 13.7956 30
      vertex -1.4135 13.8281 -16.0555
      vertex -1.3487 13.8432 -15.9651
    endloop
  endfacet
  facet normal 0.227135 -0.973863 3.10593e-07
    outer loop
      vertex -1.55291 13.7956 30
      vertex -1.47224 13.8144 -16.15
      vertex -1.4135 13.8281 -16.0555
    endloop
  endfacet
  facet normal 0.228352 -0.973579 2.55382e-06
    outer loop
      vertex -1.55291 13.7956 30
      vertex -1.52468 13.8021 -16.2481
      vertex -1.47224 13.8144 -16.15
    endloop
  endfacet
  facet normal 0.22438 -0.974502 0
    outer loop
      vertex -1.52468 13.8021 -16.2481
      vertex -1.55291 13.7956 30
      vertex -1.55291 13.7956 -16.3104
    endloop
  endfacet
  facet normal 0.412834 -0.910806 0
    outer loop
      vertex -2.65373 13.3812 -34
      vertex -2.2961 13.5433 30
      vertex -2.65373 13.3812 30
    endloop
  endfacet
  facet normal 0.412834 -0.910806 0
    outer loop
      vertex -2.2961 13.5433 30
      vertex -2.65373 13.3812 -34
      vertex -2.2961 13.5433 -34
    endloop
  endfacet
  facet normal 0.973875 0.227085 0
    outer loop
      vertex -5.79555 6.44709 30
      vertex -5.88471 6.82946 -34
      vertex -5.88471 6.82946 30
    endloop
  endfacet
  facet normal 0.973875 0.227085 0
    outer loop
      vertex -5.88471 6.82946 -34
      vertex -5.79555 6.44709 30
      vertex -5.79555 6.44709 -34
    endloop
  endfacet
  facet normal -0.352245 0.935908 0
    outer loop
      vertex 2.2961 2.45672 -34
      vertex 1.92864 2.31842 30
      vertex 2.2961 2.45672 30
    endloop
  endfacet
  facet normal -0.352245 0.935908 0
    outer loop
      vertex 1.92864 2.31842 30
      vertex 2.2961 2.45672 -34
      vertex 1.92864 2.31842 -34
    endloop
  endfacet
  facet normal 0.471228 -0.882011 0
    outer loop
      vertex -3 13.1962 -34
      vertex -2.65373 13.3812 30
      vertex -3 13.1962 30
    endloop
  endfacet
  facet normal 0.471228 -0.882011 0
    outer loop
      vertex -2.65373 13.3812 30
      vertex -3 13.1962 -34
      vertex -2.65373 13.3812 -34
    endloop
  endfacet
  facet normal 0.956945 0.29027 0
    outer loop
      vertex -5.68158 6.07136 30
      vertex -5.79555 6.44709 -34
      vertex -5.79555 6.44709 30
    endloop
  endfacet
  facet normal 0.956945 0.29027 0
    outer loop
      vertex -5.79555 6.44709 -34
      vertex -5.68158 6.07136 30
      vertex -5.68158 6.07136 -34
    endloop
  endfacet
  facet normal -0.683589 0.729867 0
    outer loop
      vertex 4.24264 3.75736 -34
      vertex 3.95607 3.48896 30
      vertex 4.24264 3.75736 30
    endloop
  endfacet
  facet normal -0.683589 0.729867 0
    outer loop
      vertex 3.95607 3.48896 30
      vertex 4.24264 3.75736 -34
      vertex 3.95607 3.48896 -34
    endloop
  endfacet
  facet normal 0.528061 0.849207 -0
    outer loop
      vertex -3 2.80385 -34
      vertex -3.33342 3.01118 30
      vertex -3 2.80385 30
    endloop
  endfacet
  facet normal 0.528061 0.849207 0
    outer loop
      vertex -3.33342 3.01118 30
      vertex -3 2.80385 -34
      vertex -3.33342 3.01118 -34
    endloop
  endfacet
  facet normal 0.935908 0.352245 0
    outer loop
      vertex -5.54328 5.7039 30
      vertex -5.68158 6.07136 -34
      vertex -5.68158 6.07136 30
    endloop
  endfacet
  facet normal 0.935908 0.352245 0
    outer loop
      vertex -5.68158 6.07136 -34
      vertex -5.54328 5.7039 30
      vertex -5.54328 5.7039 -34
    endloop
  endfacet
  facet normal -0.29034 -0.956924 0
    outer loop
      vertex 1.55291 13.7956 -16.3104
      vertex 1.92864 13.6816 30
      vertex 1.55291 13.7956 30
    endloop
  endfacet
  facet normal -0.292078 -0.956395 1.54024e-05
    outer loop
      vertex 1.57059 13.7902 -16.3494
      vertex 1.92864 13.6816 30
      vertex 1.55291 13.7956 -16.3104
    endloop
  endfacet
  facet normal -0.290543 -0.956862 2.45753e-06
    outer loop
      vertex 1.60978 13.7783 -16.4536
      vertex 1.92864 13.6816 30
      vertex 1.57059 13.7902 -16.3494
    endloop
  endfacet
  facet normal -0.290414 -0.956901 1.48783e-06
    outer loop
      vertex 1.64207 13.7685 -16.56
      vertex 1.92864 13.6816 30
      vertex 1.60978 13.7783 -16.4536
    endloop
  endfacet
  facet normal -0.291548 -0.956556 9.10881e-06
    outer loop
      vertex 1.66733 13.7608 -16.6683
      vertex 1.92864 13.6816 30
      vertex 1.64207 13.7685 -16.56
    endloop
  endfacet
  facet normal -0.290292 -0.956938 1.43193e-06
    outer loop
      vertex 1.68546 13.7553 -16.7781
      vertex 1.92864 13.6816 30
      vertex 1.66733 13.7608 -16.6683
    endloop
  endfacet
  facet normal -0.289778 -0.957094 -1.49055e-06
    outer loop
      vertex 1.69636 13.752 -16.8888
      vertex 1.92864 13.6816 30
      vertex 1.68546 13.7553 -16.7781
    endloop
  endfacet
  facet normal -0.289379 -0.957214 -3.64366e-06
    outer loop
      vertex 1.7 13.7509 -17
      vertex 1.92864 13.6816 30
      vertex 1.69636 13.752 -16.8888
    endloop
  endfacet
  facet normal -0.29034 -0.956924 0
    outer loop
      vertex 1.92864 13.6816 -34
      vertex 1.55291 13.7956 -17.6896
      vertex 1.55291 13.7956 -34
    endloop
  endfacet
  facet normal -0.292023 -0.956411 -4.23632e-05
    outer loop
      vertex 1.55291 13.7956 -17.6896
      vertex 1.92864 13.6816 -34
      vertex 1.57059 13.7902 -17.6506
    endloop
  endfacet
  facet normal -0.290533 -0.956865 -6.71881e-06
    outer loop
      vertex 1.57059 13.7902 -17.6506
      vertex 1.92864 13.6816 -34
      vertex 1.60978 13.7783 -17.5464
    endloop
  endfacet
  facet normal -0.290406 -0.956903 -4.03779e-06
    outer loop
      vertex 1.60978 13.7783 -17.5464
      vertex 1.92864 13.6816 -34
      vertex 1.64207 13.7685 -17.44
    endloop
  endfacet
  facet normal -0.291488 -0.956575 -2.4471e-05
    outer loop
      vertex 1.64207 13.7685 -17.44
      vertex 1.92864 13.6816 -34
      vertex 1.66733 13.7608 -17.3317
    endloop
  endfacet
  facet normal -0.290279 -0.956942 -3.78568e-06
    outer loop
      vertex 1.66733 13.7608 -17.3317
      vertex 1.92864 13.6816 -34
      vertex 1.68546 13.7553 -17.2219
    endloop
  endfacet
  facet normal -0.289799 -0.957087 3.81373e-06
    outer loop
      vertex 1.68546 13.7553 -17.2219
      vertex 1.92864 13.6816 -34
      vertex 1.69636 13.752 -17.1112
    endloop
  endfacet
  facet normal -0.290065 -0.957007 0
    outer loop
      vertex 1.7 13.7509 -17
      vertex 1.92864 13.6816 -34
      vertex 1.92864 13.6816 30
    endloop
  endfacet
  facet normal -0.289507 -0.957176 8.20078e-06
    outer loop
      vertex 1.69636 13.752 -17.1112
      vertex 1.92864 13.6816 -34
      vertex 1.7 13.7509 -17
    endloop
  endfacet
  facet normal -0.634399 0.773005 0
    outer loop
      vertex 3.95607 3.48896 -34
      vertex 3.65257 3.23988 30
      vertex 3.95607 3.48896 30
    endloop
  endfacet
  facet normal -0.634399 0.773005 0
    outer loop
      vertex 3.65257 3.23988 30
      vertex 3.95607 3.48896 -34
      vertex 3.65257 3.23988 -34
    endloop
  endfacet
  facet normal -0.352245 -0.935908 0
    outer loop
      vertex 1.92864 13.6816 -34
      vertex 2.2961 13.5433 30
      vertex 1.92864 13.6816 30
    endloop
  endfacet
  facet normal -0.352245 -0.935908 -0
    outer loop
      vertex 2.2961 13.5433 30
      vertex 1.92864 13.6816 -34
      vertex 2.2961 13.5433 -34
    endloop
  endfacet
  facet normal -0.0327316 0.999464 0
    outer loop
      vertex 0.392418 2.01285 -34
      vertex 0.331653 2.01086 -18.6673
      vertex 0.392418 2.01285 -18.6532
    endloop
  endfacet
  facet normal -0.0327815 0.999463 -1.97986e-07
    outer loop
      vertex 0.392418 2.01285 -34
      vertex 0.221894 2.00726 -18.6855
      vertex 0.331653 2.01086 -18.6673
    endloop
  endfacet
  facet normal -0.032681 0.999466 9.22396e-07
    outer loop
      vertex 0.392418 2.01285 -34
      vertex 0.111185 2.00364 -18.6964
      vertex 0.221894 2.00726 -18.6855
    endloop
  endfacet
  facet normal -0.0327207 0.999465 1.91217e-07
    outer loop
      vertex 0.392418 2.01285 -34
      vertex 0 2 -18.7
      vertex 0.111185 2.00364 -18.6964
    endloop
  endfacet
  facet normal -0.0327282 0.999464 0
    outer loop
      vertex 0 2 -18.7
      vertex 0.392418 2.01285 -34
      vertex 0 2 -34
    endloop
  endfacet
  facet normal -0.0327282 0.999464 0
    outer loop
      vertex 0.392418 2.01285 30
      vertex 0 2 -15.3
      vertex 0 2 30
    endloop
  endfacet
  facet normal -0.0327207 0.999465 -6.46188e-08
    outer loop
      vertex 0.392418 2.01285 30
      vertex 0.111185 2.00364 -15.3036
      vertex 0 2 -15.3
    endloop
  endfacet
  facet normal -0.0326809 0.999466 -3.11959e-07
    outer loop
      vertex 0.392418 2.01285 30
      vertex 0.221894 2.00726 -15.3145
      vertex 0.111185 2.00364 -15.3036
    endloop
  endfacet
  facet normal -0.0327815 0.999463 6.69933e-08
    outer loop
      vertex 0.392418 2.01285 30
      vertex 0.331653 2.01086 -15.3327
      vertex 0.221894 2.00726 -15.3145
    endloop
  endfacet
  facet normal -0.0327316 0.999464 0
    outer loop
      vertex 0.331653 2.01086 -15.3327
      vertex 0.392418 2.01285 30
      vertex 0.392418 2.01285 -15.3468
    endloop
  endfacet
  facet normal -0.63443 -0.77298 0
    outer loop
      vertex 3.65257 12.7601 -34
      vertex 3.95607 12.511 30
      vertex 3.65257 12.7601 30
    endloop
  endfacet
  facet normal -0.63443 -0.77298 -0
    outer loop
      vertex 3.95607 12.511 30
      vertex 3.65257 12.7601 -34
      vertex 3.95607 12.511 -34
    endloop
  endfacet
  facet normal -0.986642 0.162905 0
    outer loop
      vertex 5.94589 7.2 -34
      vertex 5.88471 6.82946 -34
      vertex 5.94589 7.2 -0.0999994
    endloop
  endfacet
  facet normal -0.986646 0.162879 0
    outer loop
      vertex 5.94589 7.2 -0.0999994
      vertex 5.94867 7.21684 30
      vertex 5.94867 7.21684 -0.0999994
    endloop
  endfacet
  facet normal -0.986642 0.162905 0
    outer loop
      vertex 5.88471 6.82946 30
      vertex 5.94589 7.2 -0.0999994
      vertex 5.88471 6.82946 -34
    endloop
  endfacet
  facet normal -0.986642 0.162904 -1.43848e-08
    outer loop
      vertex 5.94589 7.2 -0.0999994
      vertex 5.88471 6.82946 30
      vertex 5.94867 7.21684 30
    endloop
  endfacet
  facet normal -0.881916 0.471406 0
    outer loop
      vertex 5.19615 5 -34
      vertex 5.38124 5.34627 30
      vertex 5.38124 5.34627 -34
    endloop
  endfacet
  facet normal -0.881916 0.471406 0
    outer loop
      vertex 5.38124 5.34627 30
      vertex 5.19615 5 -34
      vertex 5.19615 5 30
    endloop
  endfacet
  facet normal -0.973875 0.227085 0
    outer loop
      vertex 5.79555 6.44709 -34
      vertex 5.88471 6.82946 30
      vertex 5.88471 6.82946 -34
    endloop
  endfacet
  facet normal -0.973875 0.227085 0
    outer loop
      vertex 5.88471 6.82946 30
      vertex 5.79555 6.44709 -34
      vertex 5.79555 6.44709 30
    endloop
  endfacet
  facet normal -0.956945 0.29027 0
    outer loop
      vertex 5.68158 6.07136 -34
      vertex 5.79555 6.44709 30
      vertex 5.79555 6.44709 -34
    endloop
  endfacet
  facet normal -0.956945 0.29027 0
    outer loop
      vertex 5.79555 6.44709 30
      vertex 5.68158 6.07136 -34
      vertex 5.68158 6.07136 30
    endloop
  endfacet
  facet normal 0.162902 0.986642 0
    outer loop
      vertex -1.17054 2.11529 -34
      vertex -0.783156 2.05133 -18.508
      vertex -0.783156 2.05133 -34
    endloop
  endfacet
  facet normal 0.162955 0.986634 -1.35489e-06
    outer loop
      vertex -0.783156 2.05133 -18.508
      vertex -1.17054 2.11529 -34
      vertex -0.849999 2.06237 -18.4722
    endloop
  endfacet
  facet normal 0.162826 0.986655 1.37155e-06
    outer loop
      vertex -0.849999 2.06237 -18.4722
      vertex -1.17054 2.11529 -34
      vertex -0.944468 2.07796 -18.4135
    endloop
  endfacet
  facet normal 0.162909 0.986641 1.37394e-07
    outer loop
      vertex -0.944468 2.07796 -18.4135
      vertex -1.17054 2.11529 -34
      vertex -1.03489 2.09289 -18.3487
    endloop
  endfacet
  facet normal 0.162911 0.986641 1.23731e-07
    outer loop
      vertex -1.03489 2.09289 -18.3487
      vertex -1.17054 2.11529 -34
      vertex -1.12089 2.10709 -18.2781
    endloop
  endfacet
  facet normal 0.162949 0.986635 0
    outer loop
      vertex -1.12089 2.10709 -18.2781
      vertex -1.17054 2.11529 -34
      vertex -1.17054 2.11529 -18.2316
    endloop
  endfacet
  facet normal 0.162902 0.986642 -0
    outer loop
      vertex -0.783156 2.05133 -15.492
      vertex -1.17054 2.11529 30
      vertex -0.783156 2.05133 30
    endloop
  endfacet
  facet normal 0.162955 0.986633 4.65454e-07
    outer loop
      vertex -0.849999 2.06237 -15.5278
      vertex -1.17054 2.11529 30
      vertex -0.783156 2.05133 -15.492
    endloop
  endfacet
  facet normal 0.162826 0.986655 -4.7172e-07
    outer loop
      vertex -0.944468 2.07796 -15.5865
      vertex -1.17054 2.11529 30
      vertex -0.849999 2.06237 -15.5278
    endloop
  endfacet
  facet normal 0.162909 0.986641 -4.72967e-08
    outer loop
      vertex -1.03489 2.09289 -15.6513
      vertex -1.17054 2.11529 30
      vertex -0.944468 2.07796 -15.5865
    endloop
  endfacet
  facet normal 0.162911 0.986641 -4.26185e-08
    outer loop
      vertex -1.12089 2.10709 -15.7219
      vertex -1.17054 2.11529 30
      vertex -1.03489 2.09289 -15.6513
    endloop
  endfacet
  facet normal 0.162949 0.986635 0
    outer loop
      vertex -1.17054 2.11529 30
      vertex -1.12089 2.10709 -15.7219
      vertex -1.17054 2.11529 -15.7684
    endloop
  endfacet
  facet normal 0.995186 0.0980057 0
    outer loop
      vertex -5.94867 7.21684 30
      vertex -5.98715 7.60758 -34
      vertex -5.98715 7.60758 30
    endloop
  endfacet
  facet normal 0.995186 0.0980057 0
    outer loop
      vertex -5.98715 7.60758 -34
      vertex -5.94867 7.21684 30
      vertex -5.94867 7.21684 -34
    endloop
  endfacet
  facet normal 0.582478 -0.812846 0
    outer loop
      vertex -3.65257 12.7601 -34
      vertex -3.33342 12.9888 30
      vertex -3.65257 12.7601 30
    endloop
  endfacet
  facet normal 0.582478 -0.812846 0
    outer loop
      vertex -3.33342 12.9888 30
      vertex -3.65257 12.7601 -34
      vertex -3.33342 12.9888 -34
    endloop
  endfacet
  facet normal 0.162949 -0.986635 0
    outer loop
      vertex -1.17054 13.8847 -34
      vertex -1.12089 13.8929 -18.2781
      vertex -1.17054 13.8847 -18.2316
    endloop
  endfacet
  facet normal 0.162911 -0.986641 1.23731e-07
    outer loop
      vertex -1.17054 13.8847 -34
      vertex -1.03489 13.9071 -18.3487
      vertex -1.12089 13.8929 -18.2781
    endloop
  endfacet
  facet normal 0.162592 -0.986693 2.95714e-06
    outer loop
      vertex -1.17054 13.8847 -34
      vertex -0.944468 13.922 -18.4135
      vertex -1.03489 13.9071 -18.3487
    endloop
  endfacet
  facet normal 0.162926 -0.986638 -2.01184e-06
    outer loop
      vertex -1.17054 13.8847 -34
      vertex -0.849999 13.9376 -18.4722
      vertex -0.944468 13.922 -18.4135
    endloop
  endfacet
  facet normal 0.163807 -0.986492 -2.0691e-05
    outer loop
      vertex -1.17054 13.8847 -34
      vertex -0.783156 13.9487 -18.508
      vertex -0.849999 13.9376 -18.4722
    endloop
  endfacet
  facet normal 0.163001 -0.986626 0
    outer loop
      vertex -0.783156 13.9487 -18.508
      vertex -1.17054 13.8847 -34
      vertex -0.783156 13.9487 -34
    endloop
  endfacet
  facet normal 0.163001 -0.986626 0
    outer loop
      vertex -1.17054 13.8847 30
      vertex -0.783156 13.9487 -15.492
      vertex -0.783156 13.9487 30
    endloop
  endfacet
  facet normal 0.163814 -0.986491 7.10811e-06
    outer loop
      vertex -1.17054 13.8847 30
      vertex -0.849999 13.9376 -15.5278
      vertex -0.783156 13.9487 -15.492
    endloop
  endfacet
  facet normal 0.162927 -0.986638 6.91938e-07
    outer loop
      vertex -1.17054 13.8847 30
      vertex -0.944468 13.922 -15.5865
      vertex -0.849999 13.9376 -15.5278
    endloop
  endfacet
  facet normal 0.162591 -0.986694 -1.01797e-06
    outer loop
      vertex -1.17054 13.8847 30
      vertex -1.03489 13.9071 -15.6513
      vertex -0.944468 13.922 -15.5865
    endloop
  endfacet
  facet normal 0.162911 -0.986641 -4.26185e-08
    outer loop
      vertex -1.17054 13.8847 30
      vertex -1.12089 13.8929 -15.7219
      vertex -1.03489 13.9071 -15.6513
    endloop
  endfacet
  facet normal 0.162949 -0.986635 0
    outer loop
      vertex -1.12089 13.8929 -15.7219
      vertex -1.17054 13.8847 30
      vertex -1.17054 13.8847 -15.7684
    endloop
  endfacet
  facet normal 0.986642 0.162904 0
    outer loop
      vertex -5.88471 6.82946 30
      vertex -5.94867 7.21684 -34
      vertex -5.94867 7.21684 30
    endloop
  endfacet
  facet normal 0.986642 0.162904 0
    outer loop
      vertex -5.94867 7.21684 -34
      vertex -5.88471 6.82946 30
      vertex -5.88471 6.82946 -34
    endloop
  endfacet
  facet normal 0.290293 0.956938 -0
    outer loop
      vertex -1.55291 2.20444 -16.3104
      vertex -1.92864 2.31842 30
      vertex -1.55291 2.20444 30
    endloop
  endfacet
  facet normal 0.290617 0.956839 2.87446e-06
    outer loop
      vertex -1.57059 2.20981 -16.3494
      vertex -1.92864 2.31842 30
      vertex -1.55291 2.20444 -16.3104
    endloop
  endfacet
  facet normal 0.290325 0.956928 4.07087e-07
    outer loop
      vertex -1.60978 2.2217 -16.4536
      vertex -1.92864 2.31842 30
      vertex -1.57059 2.20981 -16.3494
    endloop
  endfacet
  facet normal 0.29015 0.956981 -9.04255e-07
    outer loop
      vertex -1.64207 2.23149 -16.56
      vertex -1.92864 2.31842 30
      vertex -1.60978 2.2217 -16.4536
    endloop
  endfacet
  facet normal 0.290199 0.956966 -5.75223e-07
    outer loop
      vertex -1.66733 2.23915 -16.6683
      vertex -1.92864 2.31842 30
      vertex -1.64207 2.23149 -16.56
    endloop
  endfacet
  facet normal 0.2903 0.956936 4.36468e-08
    outer loop
      vertex -1.68546 2.24465 -16.7781
      vertex -1.92864 2.31842 30
      vertex -1.66733 2.23915 -16.6683
    endloop
  endfacet
  facet normal 0.290554 0.956859 1.48448e-06
    outer loop
      vertex -1.69636 2.24796 -16.8888
      vertex -1.92864 2.31842 30
      vertex -1.68546 2.24465 -16.7781
    endloop
  endfacet
  facet normal 0.289409 0.957205 -4.70749e-06
    outer loop
      vertex -1.7 2.24906 -17
      vertex -1.92864 2.31842 30
      vertex -1.69636 2.24796 -16.8888
    endloop
  endfacet
  facet normal 0.290293 0.956938 0
    outer loop
      vertex -1.92864 2.31842 -34
      vertex -1.55291 2.20444 -17.6896
      vertex -1.55291 2.20444 -34
    endloop
  endfacet
  facet normal 0.290607 0.956842 -7.90587e-06
    outer loop
      vertex -1.55291 2.20444 -17.6896
      vertex -1.92864 2.31842 -34
      vertex -1.57059 2.20981 -17.6506
    endloop
  endfacet
  facet normal 0.290323 0.956929 -1.11296e-06
    outer loop
      vertex -1.57059 2.20981 -17.6506
      vertex -1.92864 2.31842 -34
      vertex -1.60978 2.2217 -17.5464
    endloop
  endfacet
  facet normal 0.290155 0.95698 2.45402e-06
    outer loop
      vertex -1.60978 2.2217 -17.5464
      vertex -1.92864 2.31842 -34
      vertex -1.64207 2.23149 -17.44
    endloop
  endfacet
  facet normal 0.290203 0.956965 1.54532e-06
    outer loop
      vertex -1.64207 2.23149 -17.44
      vertex -1.92864 2.31842 -34
      vertex -1.66733 2.23915 -17.3317
    endloop
  endfacet
  facet normal 0.2903 0.956936 -1.15392e-07
    outer loop
      vertex -1.66733 2.23915 -17.3317
      vertex -1.92864 2.31842 -34
      vertex -1.68546 2.24465 -17.2219
    endloop
  endfacet
  facet normal 0.290532 0.956865 -3.79825e-06
    outer loop
      vertex -1.68546 2.24465 -17.2219
      vertex -1.92864 2.31842 -34
      vertex -1.69636 2.24796 -17.1112
    endloop
  endfacet
  facet normal 0.290295 0.956937 0
    outer loop
      vertex -1.7 2.24906 -17
      vertex -1.92864 2.31842 -34
      vertex -1.92864 2.31842 30
    endloop
  endfacet
  facet normal 0.289574 0.957156 1.0595e-05
    outer loop
      vertex -1.69636 2.24796 -17.1112
      vertex -1.92864 2.31842 -34
      vertex -1.7 2.24906 -17
    endloop
  endfacet
  facet normal 0.227061 0.97388 0
    outer loop
      vertex -1.55291 2.20444 -34
      vertex -1.17054 2.11529 -18.2316
      vertex -1.17054 2.11529 -34
    endloop
  endfacet
  facet normal 0.226959 0.973904 2.62617e-06
    outer loop
      vertex -1.17054 2.11529 -18.2316
      vertex -1.55291 2.20444 -34
      vertex -1.20208 2.12264 -18.2021
    endloop
  endfacet
  facet normal 0.227048 0.973884 5.33771e-07
    outer loop
      vertex -1.20208 2.12264 -18.2021
      vertex -1.55291 2.20444 -34
      vertex -1.27813 2.14037 -18.1209
    endloop
  endfacet
  facet normal 0.227145 0.973861 -1.24169e-06
    outer loop
      vertex -1.27813 2.14037 -18.1209
      vertex -1.55291 2.20444 -34
      vertex -1.3487 2.15683 -18.0349
    endloop
  endfacet
  facet normal 0.227086 0.973875 -4.48649e-07
    outer loop
      vertex -1.3487 2.15683 -18.0349
      vertex -1.55291 2.20444 -34
      vertex -1.4135 2.17194 -17.9445
    endloop
  endfacet
  facet normal 0.226979 0.9739 5.36815e-07
    outer loop
      vertex -1.4135 2.17194 -17.9445
      vertex -1.55291 2.20444 -34
      vertex -1.47224 2.18563 -17.85
    endloop
  endfacet
  facet normal 0.227124 0.973866 -2.25233e-07
    outer loop
      vertex -1.47224 2.18563 -17.85
      vertex -1.55291 2.20444 -34
      vertex -1.52468 2.19786 -17.7519
    endloop
  endfacet
  facet normal 0.227001 0.973895 0
    outer loop
      vertex -1.52468 2.19786 -17.7519
      vertex -1.55291 2.20444 -34
      vertex -1.55291 2.20444 -17.6896
    endloop
  endfacet
  facet normal 0.227061 0.97388 -0
    outer loop
      vertex -1.17054 2.11529 -15.7684
      vertex -1.55291 2.20444 30
      vertex -1.17054 2.11529 30
    endloop
  endfacet
  facet normal 0.226957 0.973905 -9.18131e-07
    outer loop
      vertex -1.20208 2.12264 -15.7979
      vertex -1.55291 2.20444 30
      vertex -1.17054 2.11529 -15.7684
    endloop
  endfacet
  facet normal 0.227048 0.973884 -1.8696e-07
    outer loop
      vertex -1.27813 2.14037 -15.8791
      vertex -1.55291 2.20444 30
      vertex -1.20208 2.12264 -15.7979
    endloop
  endfacet
  facet normal 0.227146 0.973861 4.35641e-07
    outer loop
      vertex -1.3487 2.15683 -15.9651
      vertex -1.55291 2.20444 30
      vertex -1.27813 2.14037 -15.8791
    endloop
  endfacet
  facet normal 0.227087 0.973875 1.57633e-07
    outer loop
      vertex -1.4135 2.17194 -16.0555
      vertex -1.55291 2.20444 30
      vertex -1.3487 2.15683 -15.9651
    endloop
  endfacet
  facet normal 0.226978 0.9739 -1.88835e-07
    outer loop
      vertex -1.47224 2.18563 -16.15
      vertex -1.55291 2.20444 30
      vertex -1.4135 2.17194 -16.0555
    endloop
  endfacet
  facet normal 0.227124 0.973866 7.92964e-08
    outer loop
      vertex -1.52468 2.19786 -16.2481
      vertex -1.55291 2.20444 30
      vertex -1.47224 2.18563 -16.15
    endloop
  endfacet
  facet normal 0.227001 0.973895 0
    outer loop
      vertex -1.55291 2.20444 30
      vertex -1.52468 2.19786 -16.2481
      vertex -1.55291 2.20444 -16.3104
    endloop
  endfacet
  facet normal 0.0955122 -0.995428 0
    outer loop
      vertex -0.783156 13.9487 -34
      vertex -0.75189 13.9517 -18.5247
      vertex -0.783156 13.9487 -18.508
    endloop
  endfacet
  facet normal 0.0982089 -0.995166 -5.49914e-06
    outer loop
      vertex -0.783156 13.9487 -34
      vertex -0.650561 13.9617 -18.5706
      vertex -0.75189 13.9517 -18.5247
    endloop
  endfacet
  facet normal 0.0984466 -0.995142 -7.56199e-06
    outer loop
      vertex -0.783156 13.9487 -34
      vertex -0.546447 13.972 -18.6098
      vertex -0.650561 13.9617 -18.5706
    endloop
  endfacet
  facet normal 0.098156 -0.995171 -3.04898e-06
    outer loop
      vertex -0.783156 13.9487 -34
      vertex -0.439992 13.9825 -18.6421
      vertex -0.546447 13.972 -18.6098
    endloop
  endfacet
  facet normal 0.0983133 -0.995156 -6.59818e-06
    outer loop
      vertex -0.783156 13.9487 -34
      vertex -0.392418 13.9872 -18.6532
      vertex -0.439992 13.9825 -18.6421
    endloop
  endfacet
  facet normal 0.0980567 -0.995181 0
    outer loop
      vertex -0.392418 13.9872 -18.6532
      vertex -0.783156 13.9487 -34
      vertex -0.392418 13.9872 -34
    endloop
  endfacet
  facet normal 0.0980567 -0.995181 0
    outer loop
      vertex -0.783156 13.9487 30
      vertex -0.392418 13.9872 -15.3468
      vertex -0.392418 13.9872 30
    endloop
  endfacet
  facet normal 0.0983143 -0.995155 2.24179e-06
    outer loop
      vertex -0.783156 13.9487 30
      vertex -0.439992 13.9825 -15.3579
      vertex -0.392418 13.9872 -15.3468
    endloop
  endfacet
  facet normal 0.0981566 -0.995171 1.03698e-06
    outer loop
      vertex -0.783156 13.9487 30
      vertex -0.546447 13.972 -15.3902
      vertex -0.439992 13.9825 -15.3579
    endloop
  endfacet
  facet normal 0.0984485 -0.995142 2.5738e-06
    outer loop
      vertex -0.783156 13.9487 30
      vertex -0.650561 13.9617 -15.4294
      vertex -0.546447 13.972 -15.3902
    endloop
  endfacet
  facet normal 0.0982105 -0.995166 1.87249e-06
    outer loop
      vertex -0.783156 13.9487 30
      vertex -0.75189 13.9517 -15.4753
      vertex -0.650561 13.9617 -15.4294
    endloop
  endfacet
  facet normal 0.0955122 -0.995428 0
    outer loop
      vertex -0.75189 13.9517 -15.4753
      vertex -0.783156 13.9487 30
      vertex -0.783156 13.9487 -15.492
    endloop
  endfacet
  facet normal -0.226941 -0.973909 0
    outer loop
      vertex 1.55291 13.7956 -34
      vertex 1.17054 13.8847 -18.2316
      vertex 1.17054 13.8847 -34
    endloop
  endfacet
  facet normal -0.225523 -0.974238 3.62273e-05
    outer loop
      vertex 1.17054 13.8847 -18.2316
      vertex 1.55291 13.7956 -34
      vertex 1.20208 13.8774 -18.2021
    endloop
  endfacet
  facet normal -0.227878 -0.97369 -1.89083e-05
    outer loop
      vertex 1.20208 13.8774 -18.2021
      vertex 1.55291 13.7956 -34
      vertex 1.27813 13.8596 -18.1209
    endloop
  endfacet
  facet normal -0.226371 -0.974041 8.58763e-06
    outer loop
      vertex 1.27813 13.8596 -18.1209
      vertex 1.55291 13.7956 -34
      vertex 1.3487 13.8432 -18.0349
    endloop
  endfacet
  facet normal -0.226946 -0.973907 8.40724e-07
    outer loop
      vertex 1.3487 13.8432 -18.0349
      vertex 1.55291 13.7956 -34
      vertex 1.4135 13.8281 -17.9445
    endloop
  endfacet
  facet normal -0.227134 -0.973864 -8.82947e-07
    outer loop
      vertex 1.4135 13.8281 -17.9445
      vertex 1.55291 13.7956 -34
      vertex 1.47224 13.8144 -17.85
    endloop
  endfacet
  facet normal -0.228343 -0.973581 -7.25385e-06
    outer loop
      vertex 1.47224 13.8144 -17.85
      vertex 1.55291 13.7956 -34
      vertex 1.52468 13.8021 -17.7519
    endloop
  endfacet
  facet normal -0.22438 -0.974502 0
    outer loop
      vertex 1.52468 13.8021 -17.7519
      vertex 1.55291 13.7956 -34
      vertex 1.55291 13.7956 -17.6896
    endloop
  endfacet
  facet normal -0.226941 -0.973909 0
    outer loop
      vertex 1.17054 13.8847 -15.7684
      vertex 1.55291 13.7956 30
      vertex 1.17054 13.8847 30
    endloop
  endfacet
  facet normal -0.225502 -0.974243 -1.26654e-05
    outer loop
      vertex 1.20208 13.8774 -15.7979
      vertex 1.55291 13.7956 30
      vertex 1.17054 13.8847 -15.7684
    endloop
  endfacet
  facet normal -0.227891 -0.973687 6.62283e-06
    outer loop
      vertex 1.27813 13.8596 -15.8791
      vertex 1.55291 13.7956 30
      vertex 1.20208 13.8774 -15.7979
    endloop
  endfacet
  facet normal -0.226365 -0.974043 -3.01293e-06
    outer loop
      vertex 1.3487 13.8432 -15.9651
      vertex 1.55291 13.7956 30
      vertex 1.27813 13.8596 -15.8791
    endloop
  endfacet
  facet normal -0.226945 -0.973908 -2.95389e-07
    outer loop
      vertex 1.4135 13.8281 -16.0555
      vertex 1.55291 13.7956 30
      vertex 1.3487 13.8432 -15.9651
    endloop
  endfacet
  facet normal -0.227135 -0.973863 3.10593e-07
    outer loop
      vertex 1.47224 13.8144 -16.15
      vertex 1.55291 13.7956 30
      vertex 1.4135 13.8281 -16.0555
    endloop
  endfacet
  facet normal -0.228352 -0.973579 2.55382e-06
    outer loop
      vertex 1.52468 13.8021 -16.2481
      vertex 1.55291 13.7956 30
      vertex 1.47224 13.8144 -16.15
    endloop
  endfacet
  facet normal -0.22438 -0.974502 -0
    outer loop
      vertex 1.55291 13.7956 30
      vertex 1.52468 13.8021 -16.2481
      vertex 1.55291 13.7956 -16.3104
    endloop
  endfacet
  facet normal 0.683589 0.729867 -0
    outer loop
      vertex -3.95607 3.48896 -34
      vertex -4.24264 3.75736 30
      vertex -3.95607 3.48896 30
    endloop
  endfacet
  facet normal 0.683589 0.729867 0
    outer loop
      vertex -4.24264 3.75736 30
      vertex -3.95607 3.48896 -34
      vertex -4.24264 3.75736 -34
    endloop
  endfacet
  facet normal -0.683589 -0.729867 0
    outer loop
      vertex 3.95607 12.511 -34
      vertex 4.24264 12.2426 30
      vertex 3.95607 12.511 30
    endloop
  endfacet
  facet normal -0.683589 -0.729867 -0
    outer loop
      vertex 4.24264 12.2426 30
      vertex 3.95607 12.511 -34
      vertex 4.24264 12.2426 -34
    endloop
  endfacet
  facet normal 0.881916 0.471406 0
    outer loop
      vertex -5.19615 5 30
      vertex -5.38124 5.34627 -34
      vertex -5.38124 5.34627 30
    endloop
  endfacet
  facet normal 0.881916 0.471406 0
    outer loop
      vertex -5.38124 5.34627 -34
      vertex -5.19615 5 30
      vertex -5.19615 5 -34
    endloop
  endfacet
  facet normal 0.582478 0.812846 -0
    outer loop
      vertex -3.33342 3.01118 -34
      vertex -3.65257 3.23988 30
      vertex -3.33342 3.01118 30
    endloop
  endfacet
  facet normal 0.582478 0.812846 0
    outer loop
      vertex -3.65257 3.23988 30
      vertex -3.33342 3.01118 -34
      vertex -3.65257 3.23988 -34
    endloop
  endfacet
  facet normal 0.849207 0.528061 0
    outer loop
      vertex -4.98882 4.66658 30
      vertex -5.19615 5 -34
      vertex -5.19615 5 30
    endloop
  endfacet
  facet normal 0.849207 0.528061 0
    outer loop
      vertex -5.19615 5 -34
      vertex -4.98882 4.66658 30
      vertex -4.98882 4.66658 -34
    endloop
  endfacet
  facet normal -0.0980567 -0.995181 0
    outer loop
      vertex 0.783156 13.9487 -34
      vertex 0.392418 13.9872 -18.6532
      vertex 0.392418 13.9872 -34
    endloop
  endfacet
  facet normal -0.0983133 -0.995156 -6.59818e-06
    outer loop
      vertex 0.392418 13.9872 -18.6532
      vertex 0.783156 13.9487 -34
      vertex 0.439992 13.9825 -18.6421
    endloop
  endfacet
  facet normal -0.098156 -0.995171 -3.04898e-06
    outer loop
      vertex 0.439992 13.9825 -18.6421
      vertex 0.783156 13.9487 -34
      vertex 0.546447 13.972 -18.6098
    endloop
  endfacet
  facet normal -0.0984466 -0.995142 -7.56199e-06
    outer loop
      vertex 0.546447 13.972 -18.6098
      vertex 0.783156 13.9487 -34
      vertex 0.650561 13.9617 -18.5706
    endloop
  endfacet
  facet normal -0.0982089 -0.995166 -5.49914e-06
    outer loop
      vertex 0.650561 13.9617 -18.5706
      vertex 0.783156 13.9487 -34
      vertex 0.75189 13.9517 -18.5247
    endloop
  endfacet
  facet normal -0.0955122 -0.995428 0
    outer loop
      vertex 0.75189 13.9517 -18.5247
      vertex 0.783156 13.9487 -34
      vertex 0.783156 13.9487 -18.508
    endloop
  endfacet
  facet normal -0.0980567 -0.995181 0
    outer loop
      vertex 0.392418 13.9872 -15.3468
      vertex 0.783156 13.9487 30
      vertex 0.392418 13.9872 30
    endloop
  endfacet
  facet normal -0.0983143 -0.995155 2.24179e-06
    outer loop
      vertex 0.439992 13.9825 -15.3579
      vertex 0.783156 13.9487 30
      vertex 0.392418 13.9872 -15.3468
    endloop
  endfacet
  facet normal -0.0981566 -0.995171 1.03698e-06
    outer loop
      vertex 0.546447 13.972 -15.3902
      vertex 0.783156 13.9487 30
      vertex 0.439992 13.9825 -15.3579
    endloop
  endfacet
  facet normal -0.0984485 -0.995142 2.5738e-06
    outer loop
      vertex 0.650561 13.9617 -15.4294
      vertex 0.783156 13.9487 30
      vertex 0.546447 13.972 -15.3902
    endloop
  endfacet
  facet normal -0.0982105 -0.995166 1.87249e-06
    outer loop
      vertex 0.75189 13.9517 -15.4753
      vertex 0.783156 13.9487 30
      vertex 0.650561 13.9617 -15.4294
    endloop
  endfacet
  facet normal -0.0955122 -0.995428 -0
    outer loop
      vertex 0.783156 13.9487 30
      vertex 0.75189 13.9517 -15.4753
      vertex 0.783156 13.9487 -15.492
    endloop
  endfacet
  facet normal 0.812889 -0.582418 0
    outer loop
      vertex -4.98882 11.3334 30
      vertex -4.76012 11.6526 -34
      vertex -4.76012 11.6526 30
    endloop
  endfacet
  facet normal 0.812889 -0.582418 0
    outer loop
      vertex -4.76012 11.6526 -34
      vertex -4.98882 11.3334 30
      vertex -4.98882 11.3334 -34
    endloop
  endfacet
  facet normal -0.582478 0.812846 0
    outer loop
      vertex 3.65257 3.23988 -34
      vertex 3.33342 3.01118 30
      vertex 3.65257 3.23988 30
    endloop
  endfacet
  facet normal -0.582478 0.812846 0
    outer loop
      vertex 3.33342 3.01118 30
      vertex 3.65257 3.23988 -34
      vertex 3.33342 3.01118 -34
    endloop
  endfacet
  facet normal 0.881933 -0.471375 0
    outer loop
      vertex -5.38124 10.6537 13.4
      vertex -5.19615 11 -34
      vertex -5.19615 11 13.4
    endloop
  endfacet
  facet normal 0.881933 -0.471375 0
    outer loop
      vertex -5.19615 11 -34
      vertex -5.38124 10.6537 13.4
      vertex -5.38124 10.6537 -34
    endloop
  endfacet
  facet normal 0.881933 -0.471375 0
    outer loop
      vertex -5.38124 10.6537 30
      vertex -5.19615 11 16.6
      vertex -5.19615 11 30
    endloop
  endfacet
  facet normal 0.881933 -0.471375 0
    outer loop
      vertex -5.19615 11 16.6
      vertex -5.38124 10.6537 30
      vertex -5.38124 10.6537 16.6
    endloop
  endfacet
  facet normal -0.729855 0.683602 0
    outer loop
      vertex 4.24264 3.75736 -34
      vertex 4.51104 4.04392 30
      vertex 4.51104 4.04392 -34
    endloop
  endfacet
  facet normal -0.729855 0.683602 0
    outer loop
      vertex 4.51104 4.04392 30
      vertex 4.24264 3.75736 -34
      vertex 4.24264 3.75736 30
    endloop
  endfacet
  facet normal 0.995186 -0.0980057 0
    outer loop
      vertex -5.98715 8.39242 13.4
      vertex -5.94867 8.78316 -34
      vertex -5.94867 8.78316 13.4
    endloop
  endfacet
  facet normal 0.995186 -0.0980057 0
    outer loop
      vertex -5.94867 8.78316 -34
      vertex -5.98715 8.39242 13.4
      vertex -5.98715 8.39242 -34
    endloop
  endfacet
  facet normal 0.995186 -0.0980057 0
    outer loop
      vertex -5.98715 8.39242 30
      vertex -5.94867 8.78316 16.6
      vertex -5.94867 8.78316 30
    endloop
  endfacet
  facet normal 0.995186 -0.0980057 0
    outer loop
      vertex -5.94867 8.78316 16.6
      vertex -5.98715 8.39242 30
      vertex -5.98715 8.39242 16.6
    endloop
  endfacet
  facet normal 0.999464 -0.032728 0
    outer loop
      vertex -6 8 13.4
      vertex -5.98715 8.39242 -34
      vertex -5.98715 8.39242 13.4
    endloop
  endfacet
  facet normal 0.999464 -0.032728 0
    outer loop
      vertex -5.98715 8.39242 -34
      vertex -6 8 13.4
      vertex -6 8 -34
    endloop
  endfacet
  facet normal 0.999464 -0.032728 0
    outer loop
      vertex -6 8 30
      vertex -5.98715 8.39242 16.6
      vertex -5.98715 8.39242 30
    endloop
  endfacet
  facet normal 0.999464 -0.032728 0
    outer loop
      vertex -5.98715 8.39242 16.6
      vertex -6 8 30
      vertex -6 8 16.6
    endloop
  endfacet
  facet normal 0.935908 -0.352245 0
    outer loop
      vertex -5.68158 9.92864 13.4
      vertex -5.54328 10.2961 -34
      vertex -5.54328 10.2961 13.4
    endloop
  endfacet
  facet normal 0.935908 -0.352245 0
    outer loop
      vertex -5.54328 10.2961 -34
      vertex -5.68158 9.92864 13.4
      vertex -5.68158 9.92864 -34
    endloop
  endfacet
  facet normal 0.935908 -0.352245 0
    outer loop
      vertex -5.68158 9.92864 30
      vertex -5.54328 10.2961 16.6
      vertex -5.54328 10.2961 30
    endloop
  endfacet
  facet normal 0.935908 -0.352245 0
    outer loop
      vertex -5.54328 10.2961 16.6
      vertex -5.68158 9.92864 30
      vertex -5.68158 9.92864 16.6
    endloop
  endfacet
  facet normal 0.471406 0.881916 -0
    outer loop
      vertex -2.65373 2.61876 -34
      vertex -3 2.80385 30
      vertex -2.65373 2.61876 30
    endloop
  endfacet
  facet normal 0.471406 0.881916 0
    outer loop
      vertex -3 2.80385 30
      vertex -2.65373 2.61876 -34
      vertex -3 2.80385 -34
    endloop
  endfacet
  facet normal 0.910851 -0.412736 0
    outer loop
      vertex -5.54328 10.2961 13.4
      vertex -5.38124 10.6537 -34
      vertex -5.38124 10.6537 13.4
    endloop
  endfacet
  facet normal 0.910851 -0.412736 0
    outer loop
      vertex -5.38124 10.6537 -34
      vertex -5.54328 10.2961 13.4
      vertex -5.54328 10.2961 -34
    endloop
  endfacet
  facet normal 0.910851 -0.412736 0
    outer loop
      vertex -5.54328 10.2961 30
      vertex -5.38124 10.6537 16.6
      vertex -5.38124 10.6537 30
    endloop
  endfacet
  facet normal 0.910851 -0.412736 0
    outer loop
      vertex -5.38124 10.6537 16.6
      vertex -5.54328 10.2961 30
      vertex -5.54328 10.2961 16.6
    endloop
  endfacet
  facet normal 0.352245 0.935908 -0
    outer loop
      vertex -1.92864 2.31842 -34
      vertex -2.2961 2.45672 30
      vertex -1.92864 2.31842 30
    endloop
  endfacet
  facet normal 0.352245 0.935908 0
    outer loop
      vertex -2.2961 2.45672 30
      vertex -1.92864 2.31842 -34
      vertex -2.2961 2.45672 -34
    endloop
  endfacet
  facet normal 0 0 -1
    outer loop
      vertex 6 8 -0.0999994
      vertex 9 8 -0.0999994
      vertex 8.98073 7.41137 -0.0999994
    endloop
  endfacet
  facet normal 0 0 -1
    outer loop
      vertex 5.98715 7.60758 -0.0999994
      vertex 8.98073 7.41137 -0.0999994
      vertex 8.95991 7.2 -0.0999994
    endloop
  endfacet
  facet normal 0 0 -1
    outer loop
      vertex 9 8 -0.0999994
      vertex 6 8 -0.0999994
      vertex 8.98073 8.58863 -0.0999994
    endloop
  endfacet
  facet normal 0 0 -1
    outer loop
      vertex 5.98715 8.39242 -0.0999994
      vertex 8.98073 8.58863 -0.0999994
      vertex 6 8 -0.0999994
    endloop
  endfacet
  facet normal 0 0 -1
    outer loop
      vertex 8.98073 7.41137 -0.0999994
      vertex 5.98715 7.60758 -0.0999994
      vertex 6 8 -0.0999994
    endloop
  endfacet
  facet normal 0 0 -1
    outer loop
      vertex 8.95991 7.2 -0.0999994
      vertex 5.94867 7.21684 -0.0999994
      vertex 5.98715 7.60758 -0.0999994
    endloop
  endfacet
  facet normal 0 -0 -1
    outer loop
      vertex 5.94867 7.21684 -0.0999994
      vertex 8.95991 7.2 -0.0999994
      vertex 5.94589 7.2 -0.0999994
    endloop
  endfacet
  facet normal -0 0 -1
    outer loop
      vertex 8.98073 8.58863 -0.0999994
      vertex 5.98715 8.39242 -0.0999994
      vertex 8.95991 8.8 -0.0999994
    endloop
  endfacet
  facet normal 0 0 -1
    outer loop
      vertex 5.94867 8.78316 -0.0999994
      vertex 8.95991 8.8 -0.0999994
      vertex 5.98715 8.39242 -0.0999994
    endloop
  endfacet
  facet normal -0 0 -1
    outer loop
      vertex 8.95991 8.8 -0.0999994
      vertex 5.94867 8.78316 -0.0999994
      vertex 5.94589 8.8 -0.0999994
    endloop
  endfacet
  facet normal 0 -1 0
    outer loop
      vertex 5.94589 8.8 -34
      vertex 8.95991 8.8 -0.0999994
      vertex 5.94589 8.8 -0.0999994
    endloop
  endfacet
  facet normal 0 -1 -0
    outer loop
      vertex 8.95991 8.8 -0.0999994
      vertex 5.94589 8.8 -34
      vertex 8.95991 8.8 -34
    endloop
  endfacet
  facet normal 0 1 -0
    outer loop
      vertex 8.95991 7.2 -34
      vertex 5.94589 7.2 -0.0999994
      vertex 8.95991 7.2 -0.0999994
    endloop
  endfacet
  facet normal 0 1 0
    outer loop
      vertex 5.94589 7.2 -0.0999994
      vertex 8.95991 7.2 -34
      vertex 5.94589 7.2 -34
    endloop
  endfacet
  facet normal 0.986641 0 -0.162913
    outer loop
      vertex -1.66733 2.23915 -16.6683
      vertex -1.68546 -0.838683 -16.7781
      vertex -1.68546 2.24465 -16.7781
    endloop
  endfacet
  facet normal 0.986641 0 -0.162913
    outer loop
      vertex -1.68546 -0.838683 -16.7781
      vertex -1.66733 2.23915 -16.6683
      vertex -1.66733 -0.841675 -16.6683
    endloop
  endfacet
  facet normal 0.986641 0 -0.162913
    outer loop
      vertex -1.66733 13.7608 -16.6683
      vertex -1.68546 16.8387 -16.7781
      vertex -1.66733 16.8417 -16.6683
    endloop
  endfacet
  facet normal 0.986641 0 -0.162913
    outer loop
      vertex -1.68546 16.8387 -16.7781
      vertex -1.66733 13.7608 -16.6683
      vertex -1.68546 13.7553 -16.7781
    endloop
  endfacet
  facet normal -0.999465 0 0.0327163
    outer loop
      vertex 1.69636 2.24796 -17.1112
      vertex 1.7 -0.836282 -17
      vertex 1.7 2.24906 -17
    endloop
  endfacet
  facet normal -0.999465 0 0.0327163
    outer loop
      vertex 1.7 -0.836282 -17
      vertex 1.69636 2.24796 -17.1112
      vertex 1.69636 -0.836883 -17.1112
    endloop
  endfacet
  facet normal -0.999465 0 0.0327163
    outer loop
      vertex 1.69636 13.752 -17.1112
      vertex 1.7 16.8363 -17
      vertex 1.69636 16.8369 -17.1112
    endloop
  endfacet
  facet normal -0.999465 0 0.0327163
    outer loop
      vertex 1.7 16.8363 -17
      vertex 1.69636 13.752 -17.1112
      vertex 1.7 13.7509 -17
    endloop
  endfacet
  facet normal -0.995187 0 -0.0979904
    outer loop
      vertex 1.69636 -0.836883 -16.8888
      vertex 1.68546 2.24465 -16.7781
      vertex 1.69636 2.24796 -16.8888
    endloop
  endfacet
  facet normal -0.995187 -0 -0.0979904
    outer loop
      vertex 1.68546 2.24465 -16.7781
      vertex 1.69636 -0.836883 -16.8888
      vertex 1.68546 -0.838683 -16.7781
    endloop
  endfacet
  facet normal -0.995187 0 -0.0979904
    outer loop
      vertex 1.69636 16.8369 -16.8888
      vertex 1.68546 13.7553 -16.7781
      vertex 1.68546 16.8387 -16.7781
    endloop
  endfacet
  facet normal -0.995187 0 -0.0979904
    outer loop
      vertex 1.68546 13.7553 -16.7781
      vertex 1.69636 16.8369 -16.8888
      vertex 1.69636 13.752 -16.8888
    endloop
  endfacet
  facet normal -0.999465 0 -0.0327163
    outer loop
      vertex 1.7 -0.836282 -17
      vertex 1.69636 2.24796 -16.8888
      vertex 1.7 2.24906 -17
    endloop
  endfacet
  facet normal -0.999465 -0 -0.0327163
    outer loop
      vertex 1.69636 2.24796 -16.8888
      vertex 1.7 -0.836282 -17
      vertex 1.69636 -0.836883 -16.8888
    endloop
  endfacet
  facet normal -0.999465 0 -0.0327163
    outer loop
      vertex 1.7 16.8363 -17
      vertex 1.69636 13.752 -16.8888
      vertex 1.69636 16.8369 -16.8888
    endloop
  endfacet
  facet normal -0.999465 0 -0.0327163
    outer loop
      vertex 1.69636 13.752 -16.8888
      vertex 1.7 16.8363 -17
      vertex 1.7 13.7509 -17
    endloop
  endfacet
  facet normal -0.227218 0 0.973844
    outer loop
      vertex 0.439992 16.9856 -18.6421
      vertex 0.392418 13.9872 -18.6532
      vertex 0.439992 13.9825 -18.6421
    endloop
  endfacet
  facet normal -0.226555 0 0.973998
    outer loop
      vertex 0.331653 13.9891 -18.6673
      vertex 0.439992 16.9856 -18.6421
      vertex 0.331653 16.9891 -18.6673
    endloop
  endfacet
  facet normal -0.226037 -1.97621e-05 0.974119
    outer loop
      vertex 0.439992 16.9856 -18.6421
      vertex 0.331653 13.9891 -18.6673
      vertex 0.392418 13.9872 -18.6532
    endloop
  endfacet
  facet normal -0.227218 0 0.973844
    outer loop
      vertex 0.392418 2.01285 -18.6532
      vertex 0.439992 -0.985596 -18.6421
      vertex 0.439992 2.01753 -18.6421
    endloop
  endfacet
  facet normal -0.226037 1.97613e-05 0.974119
    outer loop
      vertex 0.331653 2.01086 -18.6673
      vertex 0.439992 -0.985596 -18.6421
      vertex 0.392418 2.01285 -18.6532
    endloop
  endfacet
  facet normal -0.226555 0 0.973998
    outer loop
      vertex 0.439992 -0.985596 -18.6421
      vertex 0.331653 2.01086 -18.6673
      vertex 0.331653 -0.989143 -18.6673
    endloop
  endfacet
  facet normal 0.973861 -0 0.227144
    outer loop
      vertex -1.66733 -0.841675 -17.3317
      vertex -1.64207 2.23149 -17.44
      vertex -1.66733 2.23915 -17.3317
    endloop
  endfacet
  facet normal 0.973861 0 0.227144
    outer loop
      vertex -1.64207 2.23149 -17.44
      vertex -1.66733 -0.841675 -17.3317
      vertex -1.64207 -0.845846 -17.44
    endloop
  endfacet
  facet normal 0.973861 0 0.227144
    outer loop
      vertex -1.66733 16.8417 -17.3317
      vertex -1.64207 13.7685 -17.44
      vertex -1.64207 16.8458 -17.44
    endloop
  endfacet
  facet normal 0.973861 0 0.227144
    outer loop
      vertex -1.64207 13.7685 -17.44
      vertex -1.66733 16.8417 -17.3317
      vertex -1.66733 13.7608 -17.3317
    endloop
  endfacet
  facet normal 0.582504 -0 0.812827
    outer loop
      vertex -1.03489 -0.936776 -18.3487
      vertex -0.944468 2.07796 -18.4135
      vertex -1.03489 2.09289 -18.3487
    endloop
  endfacet
  facet normal 0.582504 0 0.812827
    outer loop
      vertex -0.944468 2.07796 -18.4135
      vertex -1.03489 -0.936776 -18.3487
      vertex -0.944468 -0.945683 -18.4135
    endloop
  endfacet
  facet normal 0.582504 0 0.812827
    outer loop
      vertex -1.03489 16.9368 -18.3487
      vertex -0.944468 13.922 -18.4135
      vertex -0.944468 16.9457 -18.4135
    endloop
  endfacet
  facet normal 0.582504 0 0.812827
    outer loop
      vertex -0.944468 13.922 -18.4135
      vertex -1.03489 16.9368 -18.3487
      vertex -1.03489 13.9071 -18.3487
    endloop
  endfacet
  facet normal -0.81276 0 -0.582598
    outer loop
      vertex 1.4135 -0.883583 -16.0555
      vertex 1.3487 2.15683 -15.9651
      vertex 1.4135 2.17194 -16.0555
    endloop
  endfacet
  facet normal -0.81276 -0 -0.582598
    outer loop
      vertex 1.3487 2.15683 -15.9651
      vertex 1.4135 -0.883583 -16.0555
      vertex 1.3487 -0.894282 -15.9651
    endloop
  endfacet
  facet normal -0.81276 0 -0.582598
    outer loop
      vertex 1.4135 16.8836 -16.0555
      vertex 1.3487 13.8432 -15.9651
      vertex 1.3487 16.8943 -15.9651
    endloop
  endfacet
  facet normal -0.81276 0 -0.582598
    outer loop
      vertex 1.3487 13.8432 -15.9651
      vertex 1.4135 16.8836 -16.0555
      vertex 1.4135 13.8281 -16.0555
    endloop
  endfacet
  facet normal -0.0979826 0 0.995188
    outer loop
      vertex 0.111185 13.9964 -18.6964
      vertex 0.221894 16.9927 -18.6855
      vertex 0.111185 16.9964 -18.6964
    endloop
  endfacet
  facet normal -0.0979826 0 0.995188
    outer loop
      vertex 0.221894 16.9927 -18.6855
      vertex 0.111185 13.9964 -18.6964
      vertex 0.221894 13.9927 -18.6855
    endloop
  endfacet
  facet normal -0.0979826 0 0.995188
    outer loop
      vertex 0.111185 2.00364 -18.6964
      vertex 0.221894 -0.992736 -18.6855
      vertex 0.221894 2.00726 -18.6855
    endloop
  endfacet
  facet normal -0.0979826 0 0.995188
    outer loop
      vertex 0.221894 -0.992736 -18.6855
      vertex 0.111185 2.00364 -18.6964
      vertex 0.111185 -0.99636 -18.6964
    endloop
  endfacet
  facet normal -0.527779 0 0.849382
    outer loop
      vertex 0.849999 2.06237 -18.4722
      vertex 0.944468 -0.945683 -18.4135
      vertex 0.944468 2.07796 -18.4135
    endloop
  endfacet
  facet normal -0.527779 0 0.849382
    outer loop
      vertex 0.944468 -0.945683 -18.4135
      vertex 0.849999 2.06237 -18.4722
      vertex 0.849999 -0.954987 -18.4722
    endloop
  endfacet
  facet normal -0.527779 0 0.849382
    outer loop
      vertex 0.849999 13.9376 -18.4722
      vertex 0.944468 16.9457 -18.4135
      vertex 0.849999 16.955 -18.4722
    endloop
  endfacet
  facet normal -0.527779 0 0.849382
    outer loop
      vertex 0.944468 16.9457 -18.4135
      vertex 0.849999 13.9376 -18.4722
      vertex 0.944468 13.922 -18.4135
    endloop
  endfacet
  facet normal -0.910782 0 -0.412888
    outer loop
      vertex 1.57059 -0.857647 -16.3494
      vertex 1.55291 2.20444 -16.3104
      vertex 1.57059 2.20981 -16.3494
    endloop
  endfacet
  facet normal -0.910851 -2.35551e-06 -0.412734
    outer loop
      vertex 1.57059 -0.857647 -16.3494
      vertex 1.52468 2.19786 -16.2481
      vertex 1.55291 2.20444 -16.3104
    endloop
  endfacet
  facet normal -0.910825 -0 -0.412793
    outer loop
      vertex 1.52468 2.19786 -16.2481
      vertex 1.57059 -0.857647 -16.3494
      vertex 1.52468 -0.865227 -16.2481
    endloop
  endfacet
  facet normal -0.910825 0 -0.412793
    outer loop
      vertex 1.57059 16.8576 -16.3494
      vertex 1.52468 13.8021 -16.2481
      vertex 1.52468 16.8652 -16.2481
    endloop
  endfacet
  facet normal -0.910851 2.35562e-06 -0.412734
    outer loop
      vertex 1.57059 16.8576 -16.3494
      vertex 1.55291 13.7956 -16.3104
      vertex 1.52468 13.8021 -16.2481
    endloop
  endfacet
  facet normal -0.910782 0 -0.412888
    outer loop
      vertex 1.55291 13.7956 -16.3104
      vertex 1.57059 16.8576 -16.3494
      vertex 1.57059 13.7902 -16.3494
    endloop
  endfacet
  facet normal -0.910782 0 0.412888
    outer loop
      vertex 1.55291 2.20444 -17.6896
      vertex 1.57059 -0.857647 -17.6506
      vertex 1.57059 2.20981 -17.6506
    endloop
  endfacet
  facet normal -0.910851 -2.35551e-06 0.412734
    outer loop
      vertex 1.52468 2.19786 -17.7519
      vertex 1.57059 -0.857647 -17.6506
      vertex 1.55291 2.20444 -17.6896
    endloop
  endfacet
  facet normal -0.910825 0 0.412793
    outer loop
      vertex 1.57059 -0.857647 -17.6506
      vertex 1.52468 2.19786 -17.7519
      vertex 1.52468 -0.865227 -17.7519
    endloop
  endfacet
  facet normal -0.910825 0 0.412793
    outer loop
      vertex 1.52468 13.8021 -17.7519
      vertex 1.57059 16.8576 -17.6506
      vertex 1.52468 16.8652 -17.7519
    endloop
  endfacet
  facet normal -0.910851 2.35562e-06 0.412734
    outer loop
      vertex 1.55291 13.7956 -17.6896
      vertex 1.57059 16.8576 -17.6506
      vertex 1.52468 13.8021 -17.7519
    endloop
  endfacet
  facet normal -0.910782 0 0.412888
    outer loop
      vertex 1.57059 16.8576 -17.6506
      vertex 1.55291 13.7956 -17.6896
      vertex 1.57059 13.7902 -17.6506
    endloop
  endfacet
  facet normal -0.773047 0 0.634348
    outer loop
      vertex 1.27813 2.14037 -18.1209
      vertex 1.3487 -0.894282 -18.0349
      vertex 1.3487 2.15683 -18.0349
    endloop
  endfacet
  facet normal -0.773047 0 0.634348
    outer loop
      vertex 1.3487 -0.894282 -18.0349
      vertex 1.27813 2.14037 -18.1209
      vertex 1.27813 -0.905933 -18.1209
    endloop
  endfacet
  facet normal -0.773047 0 0.634348
    outer loop
      vertex 1.27813 13.8596 -18.1209
      vertex 1.3487 16.8943 -18.0349
      vertex 1.27813 16.9059 -18.1209
    endloop
  endfacet
  facet normal -0.773047 0 0.634348
    outer loop
      vertex 1.3487 16.8943 -18.0349
      vertex 1.27813 13.8596 -18.1209
      vertex 1.3487 13.8432 -18.0349
    endloop
  endfacet
  facet normal 0.935989 -0 0.352029
    outer loop
      vertex -1.60978 -0.851177 -17.5464
      vertex -1.57059 2.20981 -17.6506
      vertex -1.60978 2.2217 -17.5464
    endloop
  endfacet
  facet normal 0.935989 0 0.352029
    outer loop
      vertex -1.57059 2.20981 -17.6506
      vertex -1.60978 -0.851177 -17.5464
      vertex -1.57059 -0.857647 -17.6506
    endloop
  endfacet
  facet normal 0.935989 0 0.352029
    outer loop
      vertex -1.60978 16.8512 -17.5464
      vertex -1.57059 13.7902 -17.6506
      vertex -1.57059 16.8576 -17.6506
    endloop
  endfacet
  facet normal 0.935989 0 0.352029
    outer loop
      vertex -1.57059 13.7902 -17.6506
      vertex -1.60978 16.8512 -17.5464
      vertex -1.60978 13.7783 -17.5464
    endloop
  endfacet
  facet normal 0.986641 -0 0.162913
    outer loop
      vertex -1.68546 -0.838683 -17.2219
      vertex -1.66733 2.23915 -17.3317
      vertex -1.68546 2.24465 -17.2219
    endloop
  endfacet
  facet normal 0.986641 0 0.162913
    outer loop
      vertex -1.66733 2.23915 -17.3317
      vertex -1.68546 -0.838683 -17.2219
      vertex -1.66733 -0.841675 -17.3317
    endloop
  endfacet
  facet normal 0.986641 0 0.162913
    outer loop
      vertex -1.68546 16.8387 -17.2219
      vertex -1.66733 13.7608 -17.3317
      vertex -1.66733 16.8417 -17.3317
    endloop
  endfacet
  facet normal 0.986641 0 0.162913
    outer loop
      vertex -1.66733 13.7608 -17.3317
      vertex -1.68546 16.8387 -17.2219
      vertex -1.68546 13.7553 -17.2219
    endloop
  endfacet
  facet normal 0.973861 0 -0.227144
    outer loop
      vertex -1.64207 2.23149 -16.56
      vertex -1.66733 -0.841675 -16.6683
      vertex -1.66733 2.23915 -16.6683
    endloop
  endfacet
  facet normal 0.973861 0 -0.227144
    outer loop
      vertex -1.66733 -0.841675 -16.6683
      vertex -1.64207 2.23149 -16.56
      vertex -1.64207 -0.845846 -16.56
    endloop
  endfacet
  facet normal 0.973861 0 -0.227144
    outer loop
      vertex -1.64207 13.7685 -16.56
      vertex -1.66733 16.8417 -16.6683
      vertex -1.64207 16.8458 -16.56
    endloop
  endfacet
  facet normal 0.973861 0 -0.227144
    outer loop
      vertex -1.66733 16.8417 -16.6683
      vertex -1.64207 13.7685 -16.56
      vertex -1.66733 13.7608 -16.6683
    endloop
  endfacet
  facet normal -0.935989 0 -0.352029
    outer loop
      vertex 1.60978 -0.851177 -16.4536
      vertex 1.57059 2.20981 -16.3494
      vertex 1.60978 2.2217 -16.4536
    endloop
  endfacet
  facet normal -0.935989 -0 -0.352029
    outer loop
      vertex 1.57059 2.20981 -16.3494
      vertex 1.60978 -0.851177 -16.4536
      vertex 1.57059 -0.857647 -16.3494
    endloop
  endfacet
  facet normal -0.935989 0 -0.352029
    outer loop
      vertex 1.60978 16.8512 -16.4536
      vertex 1.57059 13.7902 -16.3494
      vertex 1.57059 16.8576 -16.3494
    endloop
  endfacet
  facet normal -0.935989 0 -0.352029
    outer loop
      vertex 1.57059 13.7902 -16.3494
      vertex 1.60978 16.8512 -16.4536
      vertex 1.60978 13.7783 -16.4536
    endloop
  endfacet
  facet normal 0.935989 0 -0.352029
    outer loop
      vertex -1.57059 2.20981 -16.3494
      vertex -1.60978 -0.851177 -16.4536
      vertex -1.60978 2.2217 -16.4536
    endloop
  endfacet
  facet normal 0.935989 0 -0.352029
    outer loop
      vertex -1.60978 -0.851177 -16.4536
      vertex -1.57059 2.20981 -16.3494
      vertex -1.57059 -0.857647 -16.3494
    endloop
  endfacet
  facet normal 0.935989 0 -0.352029
    outer loop
      vertex -1.57059 13.7902 -16.3494
      vertex -1.60978 16.8512 -16.4536
      vertex -1.57059 16.8576 -16.3494
    endloop
  endfacet
  facet normal 0.935989 0 -0.352029
    outer loop
      vertex -1.60978 16.8512 -16.4536
      vertex -1.57059 13.7902 -16.3494
      vertex -1.60978 13.7783 -16.4536
    endloop
  endfacet
  facet normal -0.634509 -0 -0.772915
    outer loop
      vertex 1.03489 2.09289 -15.6513
      vertex 1.12089 -0.928307 -15.7219
      vertex 1.03489 -0.936776 -15.6513
    endloop
  endfacet
  facet normal -0.634509 0 -0.772915
    outer loop
      vertex 1.12089 -0.928307 -15.7219
      vertex 1.03489 2.09289 -15.6513
      vertex 1.12089 2.10709 -15.7219
    endloop
  endfacet
  facet normal -0.634509 0 -0.772915
    outer loop
      vertex 1.03489 13.9071 -15.6513
      vertex 1.12089 16.9283 -15.7219
      vertex 1.12089 13.8929 -15.7219
    endloop
  endfacet
  facet normal -0.634509 0 -0.772915
    outer loop
      vertex 1.12089 16.9283 -15.7219
      vertex 1.03489 13.9071 -15.6513
      vertex 1.03489 16.9368 -15.6513
    endloop
  endfacet
  facet normal 0.956906 0 -0.290399
    outer loop
      vertex -1.60978 2.2217 -16.4536
      vertex -1.64207 -0.845846 -16.56
      vertex -1.64207 2.23149 -16.56
    endloop
  endfacet
  facet normal 0.956906 0 -0.290399
    outer loop
      vertex -1.64207 -0.845846 -16.56
      vertex -1.60978 2.2217 -16.4536
      vertex -1.60978 -0.851177 -16.4536
    endloop
  endfacet
  facet normal 0.956906 0 -0.290399
    outer loop
      vertex -1.60978 13.7783 -16.4536
      vertex -1.64207 16.8458 -16.56
      vertex -1.60978 16.8512 -16.4536
    endloop
  endfacet
  facet normal 0.956906 0 -0.290399
    outer loop
      vertex -1.64207 16.8458 -16.56
      vertex -1.60978 13.7783 -16.4536
      vertex -1.64207 13.7685 -16.56
    endloop
  endfacet
  facet normal -0.472132 0 0.881528
    outer loop
      vertex 0.783156 2.05133 -18.508
      vertex 0.849999 -0.954987 -18.4722
      vertex 0.849999 2.06237 -18.4722
    endloop
  endfacet
  facet normal -0.471135 2.85093e-05 0.882061
    outer loop
      vertex 0.75189 2.04825 -18.5247
      vertex 0.849999 -0.954987 -18.4722
      vertex 0.783156 2.05133 -18.508
    endloop
  endfacet
  facet normal -0.471814 0 0.881698
    outer loop
      vertex 0.849999 -0.954987 -18.4722
      vertex 0.75189 2.04825 -18.5247
      vertex 0.75189 -0.96465 -18.5247
    endloop
  endfacet
  facet normal -0.472132 0 0.881528
    outer loop
      vertex 0.849999 16.955 -18.4722
      vertex 0.783156 13.9487 -18.508
      vertex 0.849999 13.9376 -18.4722
    endloop
  endfacet
  facet normal -0.471814 0 0.881698
    outer loop
      vertex 0.75189 13.9517 -18.5247
      vertex 0.849999 16.955 -18.4722
      vertex 0.75189 16.9646 -18.5247
    endloop
  endfacet
  facet normal -0.471135 -2.8511e-05 0.882061
    outer loop
      vertex 0.849999 16.955 -18.4722
      vertex 0.75189 13.9517 -18.5247
      vertex 0.783156 13.9487 -18.508
    endloop
  endfacet
  facet normal -0.582504 0 0.812827
    outer loop
      vertex 0.944468 2.07796 -18.4135
      vertex 1.03489 -0.936776 -18.3487
      vertex 1.03489 2.09289 -18.3487
    endloop
  endfacet
  facet normal -0.582504 0 0.812827
    outer loop
      vertex 1.03489 -0.936776 -18.3487
      vertex 0.944468 2.07796 -18.4135
      vertex 0.944468 -0.945683 -18.4135
    endloop
  endfacet
  facet normal -0.582504 0 0.812827
    outer loop
      vertex 0.944468 13.922 -18.4135
      vertex 1.03489 16.9368 -18.3487
      vertex 0.944468 16.9457 -18.4135
    endloop
  endfacet
  facet normal -0.582504 0 0.812827
    outer loop
      vertex 1.03489 16.9368 -18.3487
      vertex 0.944468 13.922 -18.4135
      vertex 1.03489 13.9071 -18.3487
    endloop
  endfacet
  facet normal 0.999465 0 -0.0327163
    outer loop
      vertex -1.69636 2.24796 -16.8888
      vertex -1.7 -0.836282 -17
      vertex -1.7 2.24906 -17
    endloop
  endfacet
  facet normal 0.999465 0 -0.0327163
    outer loop
      vertex -1.7 -0.836282 -17
      vertex -1.69636 2.24796 -16.8888
      vertex -1.69636 -0.836883 -16.8888
    endloop
  endfacet
  facet normal 0.999465 0 -0.0327163
    outer loop
      vertex -1.69636 13.752 -16.8888
      vertex -1.7 16.8363 -17
      vertex -1.69636 16.8369 -16.8888
    endloop
  endfacet
  facet normal 0.999465 0 -0.0327163
    outer loop
      vertex -1.7 16.8363 -17
      vertex -1.69636 13.752 -16.8888
      vertex -1.7 13.7509 -17
    endloop
  endfacet
  facet normal -0.986641 0 -0.162913
    outer loop
      vertex 1.68546 -0.838683 -16.7781
      vertex 1.66733 2.23915 -16.6683
      vertex 1.68546 2.24465 -16.7781
    endloop
  endfacet
  facet normal -0.986641 -0 -0.162913
    outer loop
      vertex 1.66733 2.23915 -16.6683
      vertex 1.68546 -0.838683 -16.7781
      vertex 1.66733 -0.841675 -16.6683
    endloop
  endfacet
  facet normal -0.986641 0 -0.162913
    outer loop
      vertex 1.68546 16.8387 -16.7781
      vertex 1.66733 13.7608 -16.6683
      vertex 1.66733 16.8417 -16.6683
    endloop
  endfacet
  facet normal -0.986641 0 -0.162913
    outer loop
      vertex 1.66733 13.7608 -16.6683
      vertex 1.68546 16.8387 -16.7781
      vertex 1.68546 13.7553 -16.7781
    endloop
  endfacet
  facet normal 0.226555 0 -0.973998
    outer loop
      vertex -0.439992 -0.985596 -15.3579
      vertex -0.331653 2.01086 -15.3327
      vertex -0.331653 -0.989143 -15.3327
    endloop
  endfacet
  facet normal 0.226037 1.97613e-05 -0.974119
    outer loop
      vertex -0.331653 2.01086 -15.3327
      vertex -0.439992 -0.985596 -15.3579
      vertex -0.392418 2.01285 -15.3468
    endloop
  endfacet
  facet normal 0.227218 0 -0.973844
    outer loop
      vertex -0.392418 2.01285 -15.3468
      vertex -0.439992 -0.985596 -15.3579
      vertex -0.439992 2.01753 -15.3579
    endloop
  endfacet
  facet normal 0.226037 -1.97621e-05 -0.974119
    outer loop
      vertex -0.439992 16.9856 -15.3579
      vertex -0.331653 13.9891 -15.3327
      vertex -0.392418 13.9872 -15.3468
    endloop
  endfacet
  facet normal 0.227218 0 -0.973844
    outer loop
      vertex -0.439992 16.9856 -15.3579
      vertex -0.392418 13.9872 -15.3468
      vertex -0.439992 13.9825 -15.3579
    endloop
  endfacet
  facet normal 0.226555 0 -0.973998
    outer loop
      vertex -0.331653 13.9891 -15.3327
      vertex -0.439992 16.9856 -15.3579
      vertex -0.331653 16.9891 -15.3327
    endloop
  endfacet
  facet normal -0.849298 0 0.527913
    outer loop
      vertex 1.4135 2.17194 -17.9445
      vertex 1.47224 -0.873885 -17.85
      vertex 1.47224 2.18563 -17.85
    endloop
  endfacet
  facet normal -0.849298 0 0.527913
    outer loop
      vertex 1.47224 -0.873885 -17.85
      vertex 1.4135 2.17194 -17.9445
      vertex 1.4135 -0.883583 -17.9445
    endloop
  endfacet
  facet normal -0.849298 0 0.527913
    outer loop
      vertex 1.4135 13.8281 -17.9445
      vertex 1.47224 16.8739 -17.85
      vertex 1.4135 16.8836 -17.9445
    endloop
  endfacet
  facet normal -0.849298 0 0.527913
    outer loop
      vertex 1.47224 16.8739 -17.85
      vertex 1.4135 13.8281 -17.9445
      vertex 1.47224 13.8144 -17.85
    endloop
  endfacet
  facet normal -0.973861 0 0.227144
    outer loop
      vertex 1.64207 2.23149 -17.44
      vertex 1.66733 -0.841675 -17.3317
      vertex 1.66733 2.23915 -17.3317
    endloop
  endfacet
  facet normal -0.973861 0 0.227144
    outer loop
      vertex 1.66733 -0.841675 -17.3317
      vertex 1.64207 2.23149 -17.44
      vertex 1.64207 -0.845846 -17.44
    endloop
  endfacet
  facet normal -0.973861 0 0.227144
    outer loop
      vertex 1.64207 13.7685 -17.44
      vertex 1.66733 16.8417 -17.3317
      vertex 1.64207 16.8458 -17.44
    endloop
  endfacet
  facet normal -0.973861 0 0.227144
    outer loop
      vertex 1.66733 16.8417 -17.3317
      vertex 1.64207 13.7685 -17.44
      vertex 1.66733 13.7608 -17.3317
    endloop
  endfacet
  facet normal -0.582504 -0 -0.812827
    outer loop
      vertex 0.944468 2.07796 -15.5865
      vertex 1.03489 -0.936776 -15.6513
      vertex 0.944468 -0.945683 -15.5865
    endloop
  endfacet
  facet normal -0.582504 0 -0.812827
    outer loop
      vertex 1.03489 -0.936776 -15.6513
      vertex 0.944468 2.07796 -15.5865
      vertex 1.03489 2.09289 -15.6513
    endloop
  endfacet
  facet normal -0.582504 0 -0.812827
    outer loop
      vertex 0.944468 13.922 -15.5865
      vertex 1.03489 16.9368 -15.6513
      vertex 1.03489 13.9071 -15.6513
    endloop
  endfacet
  facet normal -0.582504 0 -0.812827
    outer loop
      vertex 1.03489 16.9368 -15.6513
      vertex 0.944468 13.922 -15.5865
      vertex 0.944468 16.9457 -15.5865
    endloop
  endfacet
  facet normal 0.729873 -0 0.683582
    outer loop
      vertex -1.27813 -0.905933 -18.1209
      vertex -1.20208 2.12264 -18.2021
      vertex -1.27813 2.14037 -18.1209
    endloop
  endfacet
  facet normal 0.729873 0 0.683582
    outer loop
      vertex -1.20208 2.12264 -18.2021
      vertex -1.27813 -0.905933 -18.1209
      vertex -1.20208 -0.918488 -18.2021
    endloop
  endfacet
  facet normal 0.729873 0 0.683582
    outer loop
      vertex -1.27813 16.9059 -18.1209
      vertex -1.20208 13.8774 -18.2021
      vertex -1.20208 16.9185 -18.2021
    endloop
  endfacet
  facet normal 0.729873 0 0.683582
    outer loop
      vertex -1.20208 13.8774 -18.2021
      vertex -1.27813 16.9059 -18.1209
      vertex -1.27813 13.8596 -18.1209
    endloop
  endfacet
  facet normal 0.412621 0 -0.910903
    outer loop
      vertex -0.75189 -0.96465 -15.4753
      vertex -0.650561 2.03827 -15.4294
      vertex -0.650561 -0.97463 -15.4294
    endloop
  endfacet
  facet normal 0.412621 0 -0.910903
    outer loop
      vertex -0.650561 2.03827 -15.4294
      vertex -0.75189 -0.96465 -15.4753
      vertex -0.75189 2.04825 -15.4753
    endloop
  endfacet
  facet normal 0.412621 0 -0.910903
    outer loop
      vertex -0.75189 16.9646 -15.4753
      vertex -0.650561 13.9617 -15.4294
      vertex -0.75189 13.9517 -15.4753
    endloop
  endfacet
  facet normal 0.412621 0 -0.910903
    outer loop
      vertex -0.650561 13.9617 -15.4294
      vertex -0.75189 16.9646 -15.4753
      vertex -0.650561 16.9746 -15.4294
    endloop
  endfacet
  facet normal -0.973861 0 -0.227144
    outer loop
      vertex 1.66733 -0.841675 -16.6683
      vertex 1.64207 2.23149 -16.56
      vertex 1.66733 2.23915 -16.6683
    endloop
  endfacet
  facet normal -0.973861 -0 -0.227144
    outer loop
      vertex 1.64207 2.23149 -16.56
      vertex 1.66733 -0.841675 -16.6683
      vertex 1.64207 -0.845846 -16.56
    endloop
  endfacet
  facet normal -0.973861 0 -0.227144
    outer loop
      vertex 1.66733 16.8417 -16.6683
      vertex 1.64207 13.7685 -16.56
      vertex 1.64207 16.8458 -16.56
    endloop
  endfacet
  facet normal -0.973861 0 -0.227144
    outer loop
      vertex 1.64207 13.7685 -16.56
      vertex 1.66733 16.8417 -16.6683
      vertex 1.66733 13.7608 -16.6683
    endloop
  endfacet
  facet normal 0.163584 0 0.986529
    outer loop
      vertex -0.331653 16.9891 -18.6673
      vertex -0.221894 13.9927 -18.6855
      vertex -0.221894 16.9927 -18.6855
    endloop
  endfacet
  facet normal 0.163584 0 0.986529
    outer loop
      vertex -0.221894 13.9927 -18.6855
      vertex -0.331653 16.9891 -18.6673
      vertex -0.331653 13.9891 -18.6673
    endloop
  endfacet
  facet normal 0.163584 -0 0.986529
    outer loop
      vertex -0.331653 -0.989143 -18.6673
      vertex -0.221894 2.00726 -18.6855
      vertex -0.331653 2.01086 -18.6673
    endloop
  endfacet
  facet normal 0.163584 0 0.986529
    outer loop
      vertex -0.221894 2.00726 -18.6855
      vertex -0.331653 -0.989143 -18.6673
      vertex -0.221894 -0.992736 -18.6855
    endloop
  endfacet
  facet normal 0.773047 -0 0.634348
    outer loop
      vertex -1.3487 -0.894282 -18.0349
      vertex -1.27813 2.14037 -18.1209
      vertex -1.3487 2.15683 -18.0349
    endloop
  endfacet
  facet normal 0.773047 0 0.634348
    outer loop
      vertex -1.27813 2.14037 -18.1209
      vertex -1.3487 -0.894282 -18.0349
      vertex -1.27813 -0.905933 -18.1209
    endloop
  endfacet
  facet normal 0.773047 0 0.634348
    outer loop
      vertex -1.3487 16.8943 -18.0349
      vertex -1.27813 13.8596 -18.1209
      vertex -1.27813 16.9059 -18.1209
    endloop
  endfacet
  facet normal 0.773047 0 0.634348
    outer loop
      vertex -1.27813 13.8596 -18.1209
      vertex -1.3487 16.8943 -18.0349
      vertex -1.3487 13.8432 -18.0349
    endloop
  endfacet
  facet normal 0.582504 0 -0.812827
    outer loop
      vertex -1.03489 -0.936776 -15.6513
      vertex -0.944468 2.07796 -15.5865
      vertex -0.944468 -0.945683 -15.5865
    endloop
  endfacet
  facet normal 0.582504 0 -0.812827
    outer loop
      vertex -0.944468 2.07796 -15.5865
      vertex -1.03489 -0.936776 -15.6513
      vertex -1.03489 2.09289 -15.6513
    endloop
  endfacet
  facet normal 0.582504 0 -0.812827
    outer loop
      vertex -1.03489 16.9368 -15.6513
      vertex -0.944468 13.922 -15.5865
      vertex -1.03489 13.9071 -15.6513
    endloop
  endfacet
  facet normal 0.582504 0 -0.812827
    outer loop
      vertex -0.944468 13.922 -15.5865
      vertex -1.03489 16.9368 -15.6513
      vertex -0.944468 16.9457 -15.5865
    endloop
  endfacet
  facet normal -0.472132 0 -0.881528
    outer loop
      vertex 0.783156 13.9487 -15.492
      vertex 0.849999 16.955 -15.5278
      vertex 0.849999 13.9376 -15.5278
    endloop
  endfacet
  facet normal -0.471135 -2.8511e-05 -0.882061
    outer loop
      vertex 0.75189 13.9517 -15.4753
      vertex 0.849999 16.955 -15.5278
      vertex 0.783156 13.9487 -15.492
    endloop
  endfacet
  facet normal -0.471814 0 -0.881698
    outer loop
      vertex 0.849999 16.955 -15.5278
      vertex 0.75189 13.9517 -15.4753
      vertex 0.75189 16.9646 -15.4753
    endloop
  endfacet
  facet normal -0.472132 0 -0.881528
    outer loop
      vertex 0.849999 -0.954987 -15.5278
      vertex 0.783156 2.05133 -15.492
      vertex 0.849999 2.06237 -15.5278
    endloop
  endfacet
  facet normal -0.471814 -0 -0.881698
    outer loop
      vertex 0.75189 2.04825 -15.4753
      vertex 0.849999 -0.954987 -15.5278
      vertex 0.75189 -0.96465 -15.4753
    endloop
  endfacet
  facet normal -0.471135 2.85093e-05 -0.882061
    outer loop
      vertex 0.849999 -0.954987 -15.5278
      vertex 0.75189 2.04825 -15.4753
      vertex 0.783156 2.05133 -15.492
    endloop
  endfacet
  facet normal 0.683388 0 -0.730056
    outer loop
      vertex -1.20208 -0.918488 -15.7979
      vertex -1.12089 2.10709 -15.7219
      vertex -1.12089 -0.928307 -15.7219
    endloop
  endfacet
  facet normal 0.683081 -0.0046445 -0.730328
    outer loop
      vertex -1.20208 -0.918488 -15.7979
      vertex -1.12089 -0.928307 -15.7219
      vertex -1.17474 -0.923003 -15.7723
    endloop
  endfacet
  facet normal 0.683573 -9.3602e-06 -0.729882
    outer loop
      vertex -1.12089 2.10709 -15.7219
      vertex -1.20208 -0.918488 -15.7979
      vertex -1.17054 2.11529 -15.7684
    endloop
  endfacet
  facet normal 0.683093 0 -0.730331
    outer loop
      vertex -1.17054 2.11529 -15.7684
      vertex -1.20208 -0.918488 -15.7979
      vertex -1.20208 2.12264 -15.7979
    endloop
  endfacet
  facet normal 0.683573 9.36014e-06 -0.729882
    outer loop
      vertex -1.20208 16.9185 -15.7979
      vertex -1.12089 13.8929 -15.7219
      vertex -1.17054 13.8847 -15.7684
    endloop
  endfacet
  facet normal 0.683388 0 -0.730056
    outer loop
      vertex -1.12089 13.8929 -15.7219
      vertex -1.20208 16.9185 -15.7979
      vertex -1.12089 16.9283 -15.7219
    endloop
  endfacet
  facet normal 0.683093 0 -0.730331
    outer loop
      vertex -1.20208 16.9185 -15.7979
      vertex -1.17054 13.8847 -15.7684
      vertex -1.20208 13.8774 -15.7979
    endloop
  endfacet
  facet normal 0.683079 0.0046778 -0.730329
    outer loop
      vertex -1.12089 16.9283 -15.7219
      vertex -1.20208 16.9185 -15.7979
      vertex -1.17474 16.923 -15.7723
    endloop
  endfacet
  facet normal -0.881905 0 0.471428
    outer loop
      vertex 1.47224 2.18563 -17.85
      vertex 1.52468 -0.865227 -17.7519
      vertex 1.52468 2.19786 -17.7519
    endloop
  endfacet
  facet normal -0.881905 0 0.471428
    outer loop
      vertex 1.52468 -0.865227 -17.7519
      vertex 1.47224 2.18563 -17.85
      vertex 1.47224 -0.873885 -17.85
    endloop
  endfacet
  facet normal -0.881905 0 0.471428
    outer loop
      vertex 1.47224 13.8144 -17.85
      vertex 1.52468 16.8652 -17.7519
      vertex 1.47224 16.8739 -17.85
    endloop
  endfacet
  facet normal -0.881905 0 0.471428
    outer loop
      vertex 1.52468 16.8652 -17.7519
      vertex 1.47224 13.8144 -17.85
      vertex 1.52468 13.8021 -17.7519
    endloop
  endfacet
  facet normal 0.471814 0 -0.881698
    outer loop
      vertex -0.849999 -0.954987 -15.5278
      vertex -0.75189 2.04825 -15.4753
      vertex -0.75189 -0.96465 -15.4753
    endloop
  endfacet
  facet normal 0.471135 2.85093e-05 -0.882061
    outer loop
      vertex -0.75189 2.04825 -15.4753
      vertex -0.849999 -0.954987 -15.5278
      vertex -0.783156 2.05133 -15.492
    endloop
  endfacet
  facet normal 0.472132 0 -0.881528
    outer loop
      vertex -0.783156 2.05133 -15.492
      vertex -0.849999 -0.954987 -15.5278
      vertex -0.849999 2.06237 -15.5278
    endloop
  endfacet
  facet normal 0.471135 -2.8511e-05 -0.882061
    outer loop
      vertex -0.849999 16.955 -15.5278
      vertex -0.75189 13.9517 -15.4753
      vertex -0.783156 13.9487 -15.492
    endloop
  endfacet
  facet normal 0.472132 0 -0.881528
    outer loop
      vertex -0.849999 16.955 -15.5278
      vertex -0.783156 13.9487 -15.492
      vertex -0.849999 13.9376 -15.5278
    endloop
  endfacet
  facet normal 0.471814 0 -0.881698
    outer loop
      vertex -0.75189 13.9517 -15.4753
      vertex -0.849999 16.955 -15.5278
      vertex -0.75189 16.9646 -15.4753
    endloop
  endfacet
  facet normal -0.227218 0 -0.973844
    outer loop
      vertex 0.392418 13.9872 -15.3468
      vertex 0.439992 16.9856 -15.3579
      vertex 0.439992 13.9825 -15.3579
    endloop
  endfacet
  facet normal -0.226037 -1.97621e-05 -0.974119
    outer loop
      vertex 0.331653 13.9891 -15.3327
      vertex 0.439992 16.9856 -15.3579
      vertex 0.392418 13.9872 -15.3468
    endloop
  endfacet
  facet normal -0.226555 0 -0.973998
    outer loop
      vertex 0.439992 16.9856 -15.3579
      vertex 0.331653 13.9891 -15.3327
      vertex 0.331653 16.9891 -15.3327
    endloop
  endfacet
  facet normal -0.227218 0 -0.973844
    outer loop
      vertex 0.439992 -0.985596 -15.3579
      vertex 0.392418 2.01285 -15.3468
      vertex 0.439992 2.01753 -15.3579
    endloop
  endfacet
  facet normal -0.226555 -0 -0.973998
    outer loop
      vertex 0.331653 2.01086 -15.3327
      vertex 0.439992 -0.985596 -15.3579
      vertex 0.331653 -0.989143 -15.3327
    endloop
  endfacet
  facet normal -0.226037 1.97613e-05 -0.974119
    outer loop
      vertex 0.439992 -0.985596 -15.3579
      vertex 0.331653 2.01086 -15.3327
      vertex 0.392418 2.01285 -15.3468
    endloop
  endfacet
  facet normal -0.956906 0 0.290399
    outer loop
      vertex 1.60978 2.2217 -17.5464
      vertex 1.64207 -0.845846 -17.44
      vertex 1.64207 2.23149 -17.44
    endloop
  endfacet
  facet normal -0.956906 0 0.290399
    outer loop
      vertex 1.64207 -0.845846 -17.44
      vertex 1.60978 2.2217 -17.5464
      vertex 1.60978 -0.851177 -17.5464
    endloop
  endfacet
  facet normal -0.956906 0 0.290399
    outer loop
      vertex 1.60978 13.7783 -17.5464
      vertex 1.64207 16.8458 -17.44
      vertex 1.60978 16.8512 -17.5464
    endloop
  endfacet
  facet normal -0.956906 0 0.290399
    outer loop
      vertex 1.64207 16.8458 -17.44
      vertex 1.60978 13.7783 -17.5464
      vertex 1.64207 13.7685 -17.44
    endloop
  endfacet
  facet normal -0.995187 0 0.0979904
    outer loop
      vertex 1.68546 2.24465 -17.2219
      vertex 1.69636 -0.836883 -17.1112
      vertex 1.69636 2.24796 -17.1112
    endloop
  endfacet
  facet normal -0.995187 0 0.0979904
    outer loop
      vertex 1.69636 -0.836883 -17.1112
      vertex 1.68546 2.24465 -17.2219
      vertex 1.68546 -0.838683 -17.2219
    endloop
  endfacet
  facet normal -0.995187 0 0.0979904
    outer loop
      vertex 1.68546 13.7553 -17.2219
      vertex 1.69636 16.8369 -17.1112
      vertex 1.68546 16.8387 -17.2219
    endloop
  endfacet
  facet normal -0.995187 0 0.0979904
    outer loop
      vertex 1.69636 16.8369 -17.1112
      vertex 1.68546 13.7553 -17.2219
      vertex 1.69636 13.752 -17.1112
    endloop
  endfacet
  facet normal -0.412621 -0 -0.910903
    outer loop
      vertex 0.650561 2.03827 -15.4294
      vertex 0.75189 -0.96465 -15.4753
      vertex 0.650561 -0.97463 -15.4294
    endloop
  endfacet
  facet normal -0.412621 0 -0.910903
    outer loop
      vertex 0.75189 -0.96465 -15.4753
      vertex 0.650561 2.03827 -15.4294
      vertex 0.75189 2.04825 -15.4753
    endloop
  endfacet
  facet normal -0.412621 0 -0.910903
    outer loop
      vertex 0.650561 13.9617 -15.4294
      vertex 0.75189 16.9646 -15.4753
      vertex 0.75189 13.9517 -15.4753
    endloop
  endfacet
  facet normal -0.412621 0 -0.910903
    outer loop
      vertex 0.75189 16.9646 -15.4753
      vertex 0.650561 13.9617 -15.4294
      vertex 0.650561 16.9746 -15.4294
    endloop
  endfacet
  facet normal -0.0323615 0 0.999476
    outer loop
      vertex 0 14 -18.7
      vertex 0.111185 16.9964 -18.6964
      vertex 0 17 -18.7
    endloop
  endfacet
  facet normal -0.0323615 0 0.999476
    outer loop
      vertex 0.111185 16.9964 -18.6964
      vertex 0 14 -18.7
      vertex 0.111185 13.9964 -18.6964
    endloop
  endfacet
  facet normal -0.0323615 0 0.999476
    outer loop
      vertex 0 2 -18.7
      vertex 0.111185 -0.99636 -18.6964
      vertex 0.111185 2.00364 -18.6964
    endloop
  endfacet
  facet normal -0.0323615 0 0.999476
    outer loop
      vertex 0.111185 -0.99636 -18.6964
      vertex 0 2 -18.7
      vertex 0 -1 -18.7
    endloop
  endfacet
  facet normal 0.999465 -0 0.0327163
    outer loop
      vertex -1.7 -0.836282 -17
      vertex -1.69636 2.24796 -17.1112
      vertex -1.7 2.24906 -17
    endloop
  endfacet
  facet normal 0.999465 0 0.0327163
    outer loop
      vertex -1.69636 2.24796 -17.1112
      vertex -1.7 -0.836282 -17
      vertex -1.69636 -0.836883 -17.1112
    endloop
  endfacet
  facet normal 0.999465 0 0.0327163
    outer loop
      vertex -1.7 16.8363 -17
      vertex -1.69636 13.752 -17.1112
      vertex -1.69636 16.8369 -17.1112
    endloop
  endfacet
  facet normal 0.999465 0 0.0327163
    outer loop
      vertex -1.69636 13.752 -17.1112
      vertex -1.7 16.8363 -17
      vertex -1.7 13.7509 -17
    endloop
  endfacet
  facet normal -0.0323615 0 -0.999476
    outer loop
      vertex 0 14 -15.3
      vertex 0.111185 16.9964 -15.3036
      vertex 0.111185 13.9964 -15.3036
    endloop
  endfacet
  facet normal -0.0323615 0 -0.999476
    outer loop
      vertex 0.111185 16.9964 -15.3036
      vertex 0 14 -15.3
      vertex 0 17 -15.3
    endloop
  endfacet
  facet normal -0.0323615 -0 -0.999476
    outer loop
      vertex 0 2 -15.3
      vertex 0.111185 -0.99636 -15.3036
      vertex 0 -1 -15.3
    endloop
  endfacet
  facet normal -0.0323615 0 -0.999476
    outer loop
      vertex 0.111185 -0.99636 -15.3036
      vertex 0 2 -15.3
      vertex 0.111185 2.00364 -15.3036
    endloop
  endfacet
  facet normal 0.81276 -0 0.582598
    outer loop
      vertex -1.4135 -0.883583 -17.9445
      vertex -1.3487 2.15683 -18.0349
      vertex -1.4135 2.17194 -17.9445
    endloop
  endfacet
  facet normal 0.81276 0 0.582598
    outer loop
      vertex -1.3487 2.15683 -18.0349
      vertex -1.4135 -0.883583 -17.9445
      vertex -1.3487 -0.894282 -18.0349
    endloop
  endfacet
  facet normal 0.81276 0 0.582598
    outer loop
      vertex -1.4135 16.8836 -17.9445
      vertex -1.3487 13.8432 -18.0349
      vertex -1.3487 16.8943 -18.0349
    endloop
  endfacet
  facet normal 0.81276 0 0.582598
    outer loop
      vertex -1.3487 13.8432 -18.0349
      vertex -1.4135 16.8836 -17.9445
      vertex -1.4135 13.8281 -17.9445
    endloop
  endfacet
  facet normal 0.634509 -0 0.772915
    outer loop
      vertex -1.12089 -0.928307 -18.2781
      vertex -1.03489 2.09289 -18.3487
      vertex -1.12089 2.10709 -18.2781
    endloop
  endfacet
  facet normal 0.634509 0 0.772915
    outer loop
      vertex -1.03489 2.09289 -18.3487
      vertex -1.12089 -0.928307 -18.2781
      vertex -1.03489 -0.936776 -18.3487
    endloop
  endfacet
  facet normal 0.634509 0 0.772915
    outer loop
      vertex -1.12089 16.9283 -18.2781
      vertex -1.03489 13.9071 -18.3487
      vertex -1.03489 16.9368 -18.3487
    endloop
  endfacet
  facet normal 0.634509 0 0.772915
    outer loop
      vertex -1.03489 13.9071 -18.3487
      vertex -1.12089 16.9283 -18.2781
      vertex -1.12089 13.8929 -18.2781
    endloop
  endfacet
  facet normal 0.290344 0 -0.956922
    outer loop
      vertex -0.546447 -0.982111 -15.3902
      vertex -0.439992 2.01753 -15.3579
      vertex -0.439992 -0.985596 -15.3579
    endloop
  endfacet
  facet normal 0.290344 0 -0.956922
    outer loop
      vertex -0.439992 2.01753 -15.3579
      vertex -0.546447 -0.982111 -15.3902
      vertex -0.546447 2.02802 -15.3902
    endloop
  endfacet
  facet normal 0.290344 0 -0.956922
    outer loop
      vertex -0.546447 16.9821 -15.3902
      vertex -0.439992 13.9825 -15.3579
      vertex -0.546447 13.972 -15.3902
    endloop
  endfacet
  facet normal 0.290344 0 -0.956922
    outer loop
      vertex -0.439992 13.9825 -15.3579
      vertex -0.546447 16.9821 -15.3902
      vertex -0.439992 16.9856 -15.3579
    endloop
  endfacet
  facet normal 0.412621 -0 0.910903
    outer loop
      vertex -0.75189 -0.96465 -18.5247
      vertex -0.650561 2.03827 -18.5706
      vertex -0.75189 2.04825 -18.5247
    endloop
  endfacet
  facet normal 0.412621 0 0.910903
    outer loop
      vertex -0.650561 2.03827 -18.5706
      vertex -0.75189 -0.96465 -18.5247
      vertex -0.650561 -0.97463 -18.5706
    endloop
  endfacet
  facet normal 0.412621 0 0.910903
    outer loop
      vertex -0.75189 16.9646 -18.5247
      vertex -0.650561 13.9617 -18.5706
      vertex -0.650561 16.9746 -18.5706
    endloop
  endfacet
  facet normal 0.412621 0 0.910903
    outer loop
      vertex -0.650561 13.9617 -18.5706
      vertex -0.75189 16.9646 -18.5247
      vertex -0.75189 13.9517 -18.5247
    endloop
  endfacet
  facet normal -0.935989 0 0.352029
    outer loop
      vertex 1.57059 2.20981 -17.6506
      vertex 1.60978 -0.851177 -17.5464
      vertex 1.60978 2.2217 -17.5464
    endloop
  endfacet
  facet normal -0.935989 0 0.352029
    outer loop
      vertex 1.60978 -0.851177 -17.5464
      vertex 1.57059 2.20981 -17.6506
      vertex 1.57059 -0.857647 -17.6506
    endloop
  endfacet
  facet normal -0.935989 0 0.352029
    outer loop
      vertex 1.57059 13.7902 -17.6506
      vertex 1.60978 16.8512 -17.5464
      vertex 1.57059 16.8576 -17.6506
    endloop
  endfacet
  facet normal -0.935989 0 0.352029
    outer loop
      vertex 1.60978 16.8512 -17.5464
      vertex 1.57059 13.7902 -17.6506
      vertex 1.60978 13.7783 -17.5464
    endloop
  endfacet
  facet normal 0.910782 -0 0.412888
    outer loop
      vertex -1.57059 -0.857647 -17.6506
      vertex -1.55291 2.20444 -17.6896
      vertex -1.57059 2.20981 -17.6506
    endloop
  endfacet
  facet normal 0.910851 -2.35551e-06 0.412734
    outer loop
      vertex -1.57059 -0.857647 -17.6506
      vertex -1.52468 2.19786 -17.7519
      vertex -1.55291 2.20444 -17.6896
    endloop
  endfacet
  facet normal 0.910825 0 0.412793
    outer loop
      vertex -1.52468 2.19786 -17.7519
      vertex -1.57059 -0.857647 -17.6506
      vertex -1.52468 -0.865227 -17.7519
    endloop
  endfacet
  facet normal 0.910825 0 0.412793
    outer loop
      vertex -1.57059 16.8576 -17.6506
      vertex -1.52468 13.8021 -17.7519
      vertex -1.52468 16.8652 -17.7519
    endloop
  endfacet
  facet normal 0.910851 2.35562e-06 0.412734
    outer loop
      vertex -1.57059 16.8576 -17.6506
      vertex -1.55291 13.7956 -17.6896
      vertex -1.52468 13.8021 -17.7519
    endloop
  endfacet
  facet normal 0.910782 0 0.412888
    outer loop
      vertex -1.55291 13.7956 -17.6896
      vertex -1.57059 16.8576 -17.6506
      vertex -1.57059 13.7902 -17.6506
    endloop
  endfacet
  facet normal 0.729873 0 -0.683582
    outer loop
      vertex -1.20208 2.12264 -15.7979
      vertex -1.27813 -0.905933 -15.8791
      vertex -1.27813 2.14037 -15.8791
    endloop
  endfacet
  facet normal 0.729873 0 -0.683582
    outer loop
      vertex -1.27813 -0.905933 -15.8791
      vertex -1.20208 2.12264 -15.7979
      vertex -1.20208 -0.918488 -15.7979
    endloop
  endfacet
  facet normal 0.729873 0 -0.683582
    outer loop
      vertex -1.20208 13.8774 -15.7979
      vertex -1.27813 16.9059 -15.8791
      vertex -1.20208 16.9185 -15.7979
    endloop
  endfacet
  facet normal 0.729873 0 -0.683582
    outer loop
      vertex -1.27813 16.9059 -15.8791
      vertex -1.20208 13.8774 -15.7979
      vertex -1.27813 13.8596 -15.8791
    endloop
  endfacet
  facet normal 0.0323615 0 -0.999476
    outer loop
      vertex -0.111185 16.9964 -15.3036
      vertex 0 14 -15.3
      vertex -0.111185 13.9964 -15.3036
    endloop
  endfacet
  facet normal 0.0323615 0 -0.999476
    outer loop
      vertex 0 14 -15.3
      vertex -0.111185 16.9964 -15.3036
      vertex 0 17 -15.3
    endloop
  endfacet
  facet normal 0.0323615 0 -0.999476
    outer loop
      vertex -0.111185 -0.99636 -15.3036
      vertex 0 2 -15.3
      vertex 0 -1 -15.3
    endloop
  endfacet
  facet normal 0.0323615 0 -0.999476
    outer loop
      vertex 0 2 -15.3
      vertex -0.111185 -0.99636 -15.3036
      vertex -0.111185 2.00364 -15.3036
    endloop
  endfacet
  facet normal -0.683081 -0.0046445 -0.730328
    outer loop
      vertex 1.12089 -0.928307 -15.7219
      vertex 1.20208 -0.918488 -15.7979
      vertex 1.17474 -0.923003 -15.7723
    endloop
  endfacet
  facet normal -0.683093 0 -0.730331
    outer loop
      vertex 1.20208 -0.918488 -15.7979
      vertex 1.17054 2.11529 -15.7684
      vertex 1.20208 2.12264 -15.7979
    endloop
  endfacet
  facet normal -0.683388 0 -0.730056
    outer loop
      vertex 1.20208 -0.918488 -15.7979
      vertex 1.12089 -0.928307 -15.7219
      vertex 1.12089 2.10709 -15.7219
    endloop
  endfacet
  facet normal -0.683573 -9.3602e-06 -0.729882
    outer loop
      vertex 1.20208 -0.918488 -15.7979
      vertex 1.12089 2.10709 -15.7219
      vertex 1.17054 2.11529 -15.7684
    endloop
  endfacet
  facet normal -0.683093 0 -0.730331
    outer loop
      vertex 1.17054 13.8847 -15.7684
      vertex 1.20208 16.9185 -15.7979
      vertex 1.20208 13.8774 -15.7979
    endloop
  endfacet
  facet normal -0.683573 9.36014e-06 -0.729882
    outer loop
      vertex 1.12089 13.8929 -15.7219
      vertex 1.20208 16.9185 -15.7979
      vertex 1.17054 13.8847 -15.7684
    endloop
  endfacet
  facet normal -0.683388 -0 -0.730056
    outer loop
      vertex 1.12089 16.9283 -15.7219
      vertex 1.20208 16.9185 -15.7979
      vertex 1.12089 13.8929 -15.7219
    endloop
  endfacet
  facet normal -0.683079 0.0046778 -0.730329
    outer loop
      vertex 1.20208 16.9185 -15.7979
      vertex 1.12089 16.9283 -15.7219
      vertex 1.17474 16.923 -15.7723
    endloop
  endfacet
  facet normal -0.0979826 0 -0.995188
    outer loop
      vertex 0.111185 13.9964 -15.3036
      vertex 0.221894 16.9927 -15.3145
      vertex 0.221894 13.9927 -15.3145
    endloop
  endfacet
  facet normal -0.0979826 0 -0.995188
    outer loop
      vertex 0.221894 16.9927 -15.3145
      vertex 0.111185 13.9964 -15.3036
      vertex 0.111185 16.9964 -15.3036
    endloop
  endfacet
  facet normal -0.0979826 -0 -0.995188
    outer loop
      vertex 0.111185 2.00364 -15.3036
      vertex 0.221894 -0.992736 -15.3145
      vertex 0.111185 -0.99636 -15.3036
    endloop
  endfacet
  facet normal -0.0979826 0 -0.995188
    outer loop
      vertex 0.221894 -0.992736 -15.3145
      vertex 0.111185 2.00364 -15.3036
      vertex 0.221894 2.00726 -15.3145
    endloop
  endfacet
  facet normal 0.849298 0 -0.527913
    outer loop
      vertex -1.4135 2.17194 -16.0555
      vertex -1.47224 -0.873885 -16.15
      vertex -1.47224 2.18563 -16.15
    endloop
  endfacet
  facet normal 0.849298 0 -0.527913
    outer loop
      vertex -1.47224 -0.873885 -16.15
      vertex -1.4135 2.17194 -16.0555
      vertex -1.4135 -0.883583 -16.0555
    endloop
  endfacet
  facet normal 0.849298 0 -0.527913
    outer loop
      vertex -1.4135 13.8281 -16.0555
      vertex -1.47224 16.8739 -16.15
      vertex -1.4135 16.8836 -16.0555
    endloop
  endfacet
  facet normal 0.849298 0 -0.527913
    outer loop
      vertex -1.47224 16.8739 -16.15
      vertex -1.4135 13.8281 -16.0555
      vertex -1.47224 13.8144 -16.15
    endloop
  endfacet
  facet normal -0.163584 0 0.986529
    outer loop
      vertex 0.221894 13.9927 -18.6855
      vertex 0.331653 16.9891 -18.6673
      vertex 0.221894 16.9927 -18.6855
    endloop
  endfacet
  facet normal -0.163584 0 0.986529
    outer loop
      vertex 0.331653 16.9891 -18.6673
      vertex 0.221894 13.9927 -18.6855
      vertex 0.331653 13.9891 -18.6673
    endloop
  endfacet
  facet normal -0.163584 0 0.986529
    outer loop
      vertex 0.221894 2.00726 -18.6855
      vertex 0.331653 -0.989143 -18.6673
      vertex 0.331653 2.01086 -18.6673
    endloop
  endfacet
  facet normal -0.163584 0 0.986529
    outer loop
      vertex 0.331653 -0.989143 -18.6673
      vertex 0.221894 2.00726 -18.6855
      vertex 0.221894 -0.992736 -18.6855
    endloop
  endfacet
  facet normal -0.849298 0 -0.527913
    outer loop
      vertex 1.47224 -0.873885 -16.15
      vertex 1.4135 2.17194 -16.0555
      vertex 1.47224 2.18563 -16.15
    endloop
  endfacet
  facet normal -0.849298 -0 -0.527913
    outer loop
      vertex 1.4135 2.17194 -16.0555
      vertex 1.47224 -0.873885 -16.15
      vertex 1.4135 -0.883583 -16.0555
    endloop
  endfacet
  facet normal -0.849298 0 -0.527913
    outer loop
      vertex 1.47224 16.8739 -16.15
      vertex 1.4135 13.8281 -16.0555
      vertex 1.4135 16.8836 -16.0555
    endloop
  endfacet
  facet normal -0.849298 0 -0.527913
    outer loop
      vertex 1.4135 13.8281 -16.0555
      vertex 1.47224 16.8739 -16.15
      vertex 1.47224 13.8144 -16.15
    endloop
  endfacet
  facet normal 0.527779 0 -0.849382
    outer loop
      vertex -0.944468 -0.945683 -15.5865
      vertex -0.849999 2.06237 -15.5278
      vertex -0.849999 -0.954987 -15.5278
    endloop
  endfacet
  facet normal 0.527779 0 -0.849382
    outer loop
      vertex -0.849999 2.06237 -15.5278
      vertex -0.944468 -0.945683 -15.5865
      vertex -0.944468 2.07796 -15.5865
    endloop
  endfacet
  facet normal 0.527779 0 -0.849382
    outer loop
      vertex -0.944468 16.9457 -15.5865
      vertex -0.849999 13.9376 -15.5278
      vertex -0.944468 13.922 -15.5865
    endloop
  endfacet
  facet normal 0.527779 0 -0.849382
    outer loop
      vertex -0.849999 13.9376 -15.5278
      vertex -0.944468 16.9457 -15.5865
      vertex -0.849999 16.955 -15.5278
    endloop
  endfacet
  facet normal -0.163584 0 -0.986529
    outer loop
      vertex 0.221894 13.9927 -15.3145
      vertex 0.331653 16.9891 -15.3327
      vertex 0.331653 13.9891 -15.3327
    endloop
  endfacet
  facet normal -0.163584 0 -0.986529
    outer loop
      vertex 0.331653 16.9891 -15.3327
      vertex 0.221894 13.9927 -15.3145
      vertex 0.221894 16.9927 -15.3145
    endloop
  endfacet
  facet normal -0.163584 -0 -0.986529
    outer loop
      vertex 0.221894 2.00726 -15.3145
      vertex 0.331653 -0.989143 -15.3327
      vertex 0.221894 -0.992736 -15.3145
    endloop
  endfacet
  facet normal -0.163584 0 -0.986529
    outer loop
      vertex 0.331653 -0.989143 -15.3327
      vertex 0.221894 2.00726 -15.3145
      vertex 0.331653 2.01086 -15.3327
    endloop
  endfacet
  facet normal -0.290344 0 0.956922
    outer loop
      vertex 0.439992 2.01753 -18.6421
      vertex 0.546447 -0.982111 -18.6098
      vertex 0.546447 2.02802 -18.6098
    endloop
  endfacet
  facet normal -0.290344 0 0.956922
    outer loop
      vertex 0.546447 -0.982111 -18.6098
      vertex 0.439992 2.01753 -18.6421
      vertex 0.439992 -0.985596 -18.6421
    endloop
  endfacet
  facet normal -0.290344 0 0.956922
    outer loop
      vertex 0.439992 13.9825 -18.6421
      vertex 0.546447 16.9821 -18.6098
      vertex 0.439992 16.9856 -18.6421
    endloop
  endfacet
  facet normal -0.290344 0 0.956922
    outer loop
      vertex 0.546447 16.9821 -18.6098
      vertex 0.439992 13.9825 -18.6421
      vertex 0.546447 13.972 -18.6098
    endloop
  endfacet
  facet normal -0.773047 0 -0.634348
    outer loop
      vertex 1.3487 -0.894282 -15.9651
      vertex 1.27813 2.14037 -15.8791
      vertex 1.3487 2.15683 -15.9651
    endloop
  endfacet
  facet normal -0.773047 -0 -0.634348
    outer loop
      vertex 1.27813 2.14037 -15.8791
      vertex 1.3487 -0.894282 -15.9651
      vertex 1.27813 -0.905933 -15.8791
    endloop
  endfacet
  facet normal -0.773047 0 -0.634348
    outer loop
      vertex 1.3487 16.8943 -15.9651
      vertex 1.27813 13.8596 -15.8791
      vertex 1.27813 16.9059 -15.8791
    endloop
  endfacet
  facet normal -0.773047 0 -0.634348
    outer loop
      vertex 1.27813 13.8596 -15.8791
      vertex 1.3487 16.8943 -15.9651
      vertex 1.3487 13.8432 -15.9651
    endloop
  endfacet
  facet normal 0.881905 -0 0.471428
    outer loop
      vertex -1.52468 -0.865227 -17.7519
      vertex -1.47224 2.18563 -17.85
      vertex -1.52468 2.19786 -17.7519
    endloop
  endfacet
  facet normal 0.881905 0 0.471428
    outer loop
      vertex -1.47224 2.18563 -17.85
      vertex -1.52468 -0.865227 -17.7519
      vertex -1.47224 -0.873885 -17.85
    endloop
  endfacet
  facet normal 0.881905 0 0.471428
    outer loop
      vertex -1.52468 16.8652 -17.7519
      vertex -1.47224 13.8144 -17.85
      vertex -1.47224 16.8739 -17.85
    endloop
  endfacet
  facet normal 0.881905 0 0.471428
    outer loop
      vertex -1.47224 13.8144 -17.85
      vertex -1.52468 16.8652 -17.7519
      vertex -1.52468 13.8021 -17.7519
    endloop
  endfacet
  facet normal -0.729873 0 0.683582
    outer loop
      vertex 1.20208 2.12264 -18.2021
      vertex 1.27813 -0.905933 -18.1209
      vertex 1.27813 2.14037 -18.1209
    endloop
  endfacet
  facet normal -0.729873 0 0.683582
    outer loop
      vertex 1.27813 -0.905933 -18.1209
      vertex 1.20208 2.12264 -18.2021
      vertex 1.20208 -0.918488 -18.2021
    endloop
  endfacet
  facet normal -0.729873 0 0.683582
    outer loop
      vertex 1.20208 13.8774 -18.2021
      vertex 1.27813 16.9059 -18.1209
      vertex 1.20208 16.9185 -18.2021
    endloop
  endfacet
  facet normal -0.729873 0 0.683582
    outer loop
      vertex 1.27813 16.9059 -18.1209
      vertex 1.20208 13.8774 -18.2021
      vertex 1.27813 13.8596 -18.1209
    endloop
  endfacet
  facet normal 0.352362 0 0.935864
    outer loop
      vertex -0.650561 -0.97463 -18.5706
      vertex -0.546447 -0.982111 -18.6098
      vertex -0.546447 2.02802 -18.6098
    endloop
  endfacet
  facet normal 0.352362 -0 0.935864
    outer loop
      vertex -0.650561 -0.97463 -18.5706
      vertex -0.546447 2.02802 -18.6098
      vertex -0.650561 2.03827 -18.5706
    endloop
  endfacet
  facet normal 0.353 0.0104431 0.935565
    outer loop
      vertex -0.546447 -0.982111 -18.6098
      vertex -0.650561 -0.97463 -18.5706
      vertex -0.588628 -0.98073 -18.5939
    endloop
  endfacet
  facet normal 0.353006 -0.0105151 0.935562
    outer loop
      vertex -0.650561 16.9746 -18.5706
      vertex -0.546447 16.9821 -18.6098
      vertex -0.588628 16.9807 -18.5939
    endloop
  endfacet
  facet normal 0.352362 0 0.935864
    outer loop
      vertex -0.546447 16.9821 -18.6098
      vertex -0.650561 16.9746 -18.5706
      vertex -0.546447 13.972 -18.6098
    endloop
  endfacet
  facet normal 0.352362 0 0.935864
    outer loop
      vertex -0.546447 13.972 -18.6098
      vertex -0.650561 16.9746 -18.5706
      vertex -0.650561 13.9617 -18.5706
    endloop
  endfacet
  facet normal 0.881905 0 -0.471428
    outer loop
      vertex -1.47224 2.18563 -16.15
      vertex -1.52468 -0.865227 -16.2481
      vertex -1.52468 2.19786 -16.2481
    endloop
  endfacet
  facet normal 0.881905 0 -0.471428
    outer loop
      vertex -1.52468 -0.865227 -16.2481
      vertex -1.47224 2.18563 -16.15
      vertex -1.47224 -0.873885 -16.15
    endloop
  endfacet
  facet normal 0.881905 0 -0.471428
    outer loop
      vertex -1.47224 13.8144 -16.15
      vertex -1.52468 16.8652 -16.2481
      vertex -1.47224 16.8739 -16.15
    endloop
  endfacet
  facet normal 0.881905 0 -0.471428
    outer loop
      vertex -1.52468 16.8652 -16.2481
      vertex -1.47224 13.8144 -16.15
      vertex -1.52468 13.8021 -16.2481
    endloop
  endfacet
  facet normal -0.986641 0 0.162913
    outer loop
      vertex 1.66733 2.23915 -17.3317
      vertex 1.68546 -0.838683 -17.2219
      vertex 1.68546 2.24465 -17.2219
    endloop
  endfacet
  facet normal -0.986641 0 0.162913
    outer loop
      vertex 1.68546 -0.838683 -17.2219
      vertex 1.66733 2.23915 -17.3317
      vertex 1.66733 -0.841675 -17.3317
    endloop
  endfacet
  facet normal -0.986641 0 0.162913
    outer loop
      vertex 1.66733 13.7608 -17.3317
      vertex 1.68546 16.8387 -17.2219
      vertex 1.66733 16.8417 -17.3317
    endloop
  endfacet
  facet normal -0.986641 0 0.162913
    outer loop
      vertex 1.68546 16.8387 -17.2219
      vertex 1.66733 13.7608 -17.3317
      vertex 1.68546 13.7553 -17.2219
    endloop
  endfacet
  facet normal 0.995187 0 -0.0979904
    outer loop
      vertex -1.68546 2.24465 -16.7781
      vertex -1.69636 -0.836883 -16.8888
      vertex -1.69636 2.24796 -16.8888
    endloop
  endfacet
  facet normal 0.995187 0 -0.0979904
    outer loop
      vertex -1.69636 -0.836883 -16.8888
      vertex -1.68546 2.24465 -16.7781
      vertex -1.68546 -0.838683 -16.7781
    endloop
  endfacet
  facet normal 0.995187 0 -0.0979904
    outer loop
      vertex -1.68546 13.7553 -16.7781
      vertex -1.69636 16.8369 -16.8888
      vertex -1.68546 16.8387 -16.7781
    endloop
  endfacet
  facet normal 0.995187 0 -0.0979904
    outer loop
      vertex -1.69636 16.8369 -16.8888
      vertex -1.68546 13.7553 -16.7781
      vertex -1.69636 13.752 -16.8888
    endloop
  endfacet
  facet normal 0.353 0.0104431 -0.935565
    outer loop
      vertex -0.650561 -0.97463 -15.4294
      vertex -0.546447 -0.982111 -15.3902
      vertex -0.588628 -0.98073 -15.4061
    endloop
  endfacet
  facet normal 0.352362 0 -0.935864
    outer loop
      vertex -0.546447 -0.982111 -15.3902
      vertex -0.650561 -0.97463 -15.4294
      vertex -0.546447 2.02802 -15.3902
    endloop
  endfacet
  facet normal 0.352362 0 -0.935864
    outer loop
      vertex -0.546447 2.02802 -15.3902
      vertex -0.650561 -0.97463 -15.4294
      vertex -0.650561 2.03827 -15.4294
    endloop
  endfacet
  facet normal 0.352362 0 -0.935864
    outer loop
      vertex -0.650561 16.9746 -15.4294
      vertex -0.546447 16.9821 -15.3902
      vertex -0.546447 13.972 -15.3902
    endloop
  endfacet
  facet normal 0.352362 0 -0.935864
    outer loop
      vertex -0.650561 16.9746 -15.4294
      vertex -0.546447 13.972 -15.3902
      vertex -0.650561 13.9617 -15.4294
    endloop
  endfacet
  facet normal 0.353006 -0.0105151 -0.935562
    outer loop
      vertex -0.546447 16.9821 -15.3902
      vertex -0.650561 16.9746 -15.4294
      vertex -0.588628 16.9807 -15.4061
    endloop
  endfacet
  facet normal -0.352362 0 0.935864
    outer loop
      vertex 0.546447 2.02802 -18.6098
      vertex 0.650561 -0.97463 -18.5706
      vertex 0.650561 2.03827 -18.5706
    endloop
  endfacet
  facet normal -0.352362 0 0.935864
    outer loop
      vertex 0.546447 -0.982111 -18.6098
      vertex 0.650561 -0.97463 -18.5706
      vertex 0.546447 2.02802 -18.6098
    endloop
  endfacet
  facet normal -0.353 0.0104431 0.935565
    outer loop
      vertex 0.650561 -0.97463 -18.5706
      vertex 0.546447 -0.982111 -18.6098
      vertex 0.588628 -0.98073 -18.5939
    endloop
  endfacet
  facet normal -0.353006 -0.0105151 0.935562
    outer loop
      vertex 0.546447 16.9821 -18.6098
      vertex 0.650561 16.9746 -18.5706
      vertex 0.588628 16.9807 -18.5939
    endloop
  endfacet
  facet normal -0.352362 0 0.935864
    outer loop
      vertex 0.650561 16.9746 -18.5706
      vertex 0.546447 16.9821 -18.6098
      vertex 0.546447 13.972 -18.6098
    endloop
  endfacet
  facet normal -0.352362 0 0.935864
    outer loop
      vertex 0.650561 16.9746 -18.5706
      vertex 0.546447 13.972 -18.6098
      vertex 0.650561 13.9617 -18.5706
    endloop
  endfacet
  facet normal -0.881905 0 -0.471428
    outer loop
      vertex 1.52468 -0.865227 -16.2481
      vertex 1.47224 2.18563 -16.15
      vertex 1.52468 2.19786 -16.2481
    endloop
  endfacet
  facet normal -0.881905 -0 -0.471428
    outer loop
      vertex 1.47224 2.18563 -16.15
      vertex 1.52468 -0.865227 -16.2481
      vertex 1.47224 -0.873885 -16.15
    endloop
  endfacet
  facet normal -0.881905 0 -0.471428
    outer loop
      vertex 1.52468 16.8652 -16.2481
      vertex 1.47224 13.8144 -16.15
      vertex 1.47224 16.8739 -16.15
    endloop
  endfacet
  facet normal -0.881905 0 -0.471428
    outer loop
      vertex 1.47224 13.8144 -16.15
      vertex 1.52468 16.8652 -16.2481
      vertex 1.52468 13.8021 -16.2481
    endloop
  endfacet
  facet normal -0.956906 0 -0.290399
    outer loop
      vertex 1.64207 -0.845846 -16.56
      vertex 1.60978 2.2217 -16.4536
      vertex 1.64207 2.23149 -16.56
    endloop
  endfacet
  facet normal -0.956906 -0 -0.290399
    outer loop
      vertex 1.60978 2.2217 -16.4536
      vertex 1.64207 -0.845846 -16.56
      vertex 1.60978 -0.851177 -16.4536
    endloop
  endfacet
  facet normal -0.956906 0 -0.290399
    outer loop
      vertex 1.64207 16.8458 -16.56
      vertex 1.60978 13.7783 -16.4536
      vertex 1.60978 16.8512 -16.4536
    endloop
  endfacet
  facet normal -0.956906 0 -0.290399
    outer loop
      vertex 1.60978 13.7783 -16.4536
      vertex 1.64207 16.8458 -16.56
      vertex 1.64207 13.7685 -16.56
    endloop
  endfacet
  facet normal -0.729873 0 -0.683582
    outer loop
      vertex 1.27813 -0.905933 -15.8791
      vertex 1.20208 2.12264 -15.7979
      vertex 1.27813 2.14037 -15.8791
    endloop
  endfacet
  facet normal -0.729873 -0 -0.683582
    outer loop
      vertex 1.20208 2.12264 -15.7979
      vertex 1.27813 -0.905933 -15.8791
      vertex 1.20208 -0.918488 -15.7979
    endloop
  endfacet
  facet normal -0.729873 0 -0.683582
    outer loop
      vertex 1.27813 16.9059 -15.8791
      vertex 1.20208 13.8774 -15.7979
      vertex 1.20208 16.9185 -15.7979
    endloop
  endfacet
  facet normal -0.729873 0 -0.683582
    outer loop
      vertex 1.20208 13.8774 -15.7979
      vertex 1.27813 16.9059 -15.8791
      vertex 1.27813 13.8596 -15.8791
    endloop
  endfacet
  facet normal 0.0979826 0 0.995188
    outer loop
      vertex -0.221894 16.9927 -18.6855
      vertex -0.111185 13.9964 -18.6964
      vertex -0.111185 16.9964 -18.6964
    endloop
  endfacet
  facet normal 0.0979826 0 0.995188
    outer loop
      vertex -0.111185 13.9964 -18.6964
      vertex -0.221894 16.9927 -18.6855
      vertex -0.221894 13.9927 -18.6855
    endloop
  endfacet
  facet normal 0.0979826 -0 0.995188
    outer loop
      vertex -0.221894 -0.992736 -18.6855
      vertex -0.111185 2.00364 -18.6964
      vertex -0.221894 2.00726 -18.6855
    endloop
  endfacet
  facet normal 0.0979826 0 0.995188
    outer loop
      vertex -0.111185 2.00364 -18.6964
      vertex -0.221894 -0.992736 -18.6855
      vertex -0.111185 -0.99636 -18.6964
    endloop
  endfacet
  facet normal 0.683573 -9.3602e-06 0.729882
    outer loop
      vertex -1.20208 -0.918488 -18.2021
      vertex -1.12089 2.10709 -18.2781
      vertex -1.17054 2.11529 -18.2316
    endloop
  endfacet
  facet normal 0.683388 0 0.730056
    outer loop
      vertex -1.12089 2.10709 -18.2781
      vertex -1.20208 -0.918488 -18.2021
      vertex -1.12089 -0.928307 -18.2781
    endloop
  endfacet
  facet normal 0.683093 -0 0.730331
    outer loop
      vertex -1.20208 -0.918488 -18.2021
      vertex -1.17054 2.11529 -18.2316
      vertex -1.20208 2.12264 -18.2021
    endloop
  endfacet
  facet normal 0.683081 -0.0046445 0.730328
    outer loop
      vertex -1.12089 -0.928307 -18.2781
      vertex -1.20208 -0.918488 -18.2021
      vertex -1.17474 -0.923003 -18.2277
    endloop
  endfacet
  facet normal 0.683388 0 0.730056
    outer loop
      vertex -1.20208 16.9185 -18.2021
      vertex -1.12089 13.8929 -18.2781
      vertex -1.12089 16.9283 -18.2781
    endloop
  endfacet
  facet normal 0.683079 0.0046778 0.730329
    outer loop
      vertex -1.20208 16.9185 -18.2021
      vertex -1.12089 16.9283 -18.2781
      vertex -1.17474 16.923 -18.2277
    endloop
  endfacet
  facet normal 0.683573 9.36014e-06 0.729882
    outer loop
      vertex -1.12089 13.8929 -18.2781
      vertex -1.20208 16.9185 -18.2021
      vertex -1.17054 13.8847 -18.2316
    endloop
  endfacet
  facet normal 0.683093 0 0.730331
    outer loop
      vertex -1.17054 13.8847 -18.2316
      vertex -1.20208 16.9185 -18.2021
      vertex -1.20208 13.8774 -18.2021
    endloop
  endfacet
  facet normal 0.163584 0 -0.986529
    outer loop
      vertex -0.331653 16.9891 -15.3327
      vertex -0.221894 13.9927 -15.3145
      vertex -0.331653 13.9891 -15.3327
    endloop
  endfacet
  facet normal 0.163584 0 -0.986529
    outer loop
      vertex -0.221894 13.9927 -15.3145
      vertex -0.331653 16.9891 -15.3327
      vertex -0.221894 16.9927 -15.3145
    endloop
  endfacet
  facet normal 0.163584 0 -0.986529
    outer loop
      vertex -0.331653 -0.989143 -15.3327
      vertex -0.221894 2.00726 -15.3145
      vertex -0.221894 -0.992736 -15.3145
    endloop
  endfacet
  facet normal 0.163584 0 -0.986529
    outer loop
      vertex -0.221894 2.00726 -15.3145
      vertex -0.331653 -0.989143 -15.3327
      vertex -0.331653 2.01086 -15.3327
    endloop
  endfacet
  facet normal 0.527779 -0 0.849382
    outer loop
      vertex -0.944468 -0.945683 -18.4135
      vertex -0.849999 2.06237 -18.4722
      vertex -0.944468 2.07796 -18.4135
    endloop
  endfacet
  facet normal 0.527779 0 0.849382
    outer loop
      vertex -0.849999 2.06237 -18.4722
      vertex -0.944468 -0.945683 -18.4135
      vertex -0.849999 -0.954987 -18.4722
    endloop
  endfacet
  facet normal 0.527779 0 0.849382
    outer loop
      vertex -0.944468 16.9457 -18.4135
      vertex -0.849999 13.9376 -18.4722
      vertex -0.849999 16.955 -18.4722
    endloop
  endfacet
  facet normal 0.527779 0 0.849382
    outer loop
      vertex -0.849999 13.9376 -18.4722
      vertex -0.944468 16.9457 -18.4135
      vertex -0.944468 13.922 -18.4135
    endloop
  endfacet
  facet normal 0.0979826 0 -0.995188
    outer loop
      vertex -0.221894 16.9927 -15.3145
      vertex -0.111185 13.9964 -15.3036
      vertex -0.221894 13.9927 -15.3145
    endloop
  endfacet
  facet normal 0.0979826 0 -0.995188
    outer loop
      vertex -0.111185 13.9964 -15.3036
      vertex -0.221894 16.9927 -15.3145
      vertex -0.111185 16.9964 -15.3036
    endloop
  endfacet
  facet normal 0.0979826 0 -0.995188
    outer loop
      vertex -0.221894 -0.992736 -15.3145
      vertex -0.111185 2.00364 -15.3036
      vertex -0.111185 -0.99636 -15.3036
    endloop
  endfacet
  facet normal 0.0979826 0 -0.995188
    outer loop
      vertex -0.111185 2.00364 -15.3036
      vertex -0.221894 -0.992736 -15.3145
      vertex -0.221894 2.00726 -15.3145
    endloop
  endfacet
  facet normal 0.226037 1.97613e-05 0.974119
    outer loop
      vertex -0.439992 -0.985596 -18.6421
      vertex -0.331653 2.01086 -18.6673
      vertex -0.392418 2.01285 -18.6532
    endloop
  endfacet
  facet normal 0.227218 -0 0.973844
    outer loop
      vertex -0.439992 -0.985596 -18.6421
      vertex -0.392418 2.01285 -18.6532
      vertex -0.439992 2.01753 -18.6421
    endloop
  endfacet
  facet normal 0.226555 0 0.973998
    outer loop
      vertex -0.331653 2.01086 -18.6673
      vertex -0.439992 -0.985596 -18.6421
      vertex -0.331653 -0.989143 -18.6673
    endloop
  endfacet
  facet normal 0.226555 0 0.973998
    outer loop
      vertex -0.439992 16.9856 -18.6421
      vertex -0.331653 13.9891 -18.6673
      vertex -0.331653 16.9891 -18.6673
    endloop
  endfacet
  facet normal 0.226037 -1.97621e-05 0.974119
    outer loop
      vertex -0.331653 13.9891 -18.6673
      vertex -0.439992 16.9856 -18.6421
      vertex -0.392418 13.9872 -18.6532
    endloop
  endfacet
  facet normal 0.227218 0 0.973844
    outer loop
      vertex -0.392418 13.9872 -18.6532
      vertex -0.439992 16.9856 -18.6421
      vertex -0.439992 13.9825 -18.6421
    endloop
  endfacet
  facet normal -0.412621 0 0.910903
    outer loop
      vertex 0.650561 2.03827 -18.5706
      vertex 0.75189 -0.96465 -18.5247
      vertex 0.75189 2.04825 -18.5247
    endloop
  endfacet
  facet normal -0.412621 0 0.910903
    outer loop
      vertex 0.75189 -0.96465 -18.5247
      vertex 0.650561 2.03827 -18.5706
      vertex 0.650561 -0.97463 -18.5706
    endloop
  endfacet
  facet normal -0.412621 0 0.910903
    outer loop
      vertex 0.650561 13.9617 -18.5706
      vertex 0.75189 16.9646 -18.5247
      vertex 0.650561 16.9746 -18.5706
    endloop
  endfacet
  facet normal -0.412621 0 0.910903
    outer loop
      vertex 0.75189 16.9646 -18.5247
      vertex 0.650561 13.9617 -18.5706
      vertex 0.75189 13.9517 -18.5247
    endloop
  endfacet
  facet normal 0.995187 -0 0.0979904
    outer loop
      vertex -1.69636 -0.836883 -17.1112
      vertex -1.68546 2.24465 -17.2219
      vertex -1.69636 2.24796 -17.1112
    endloop
  endfacet
  facet normal 0.995187 0 0.0979904
    outer loop
      vertex -1.68546 2.24465 -17.2219
      vertex -1.69636 -0.836883 -17.1112
      vertex -1.68546 -0.838683 -17.2219
    endloop
  endfacet
  facet normal 0.995187 0 0.0979904
    outer loop
      vertex -1.69636 16.8369 -17.1112
      vertex -1.68546 13.7553 -17.2219
      vertex -1.68546 16.8387 -17.2219
    endloop
  endfacet
  facet normal 0.995187 0 0.0979904
    outer loop
      vertex -1.68546 13.7553 -17.2219
      vertex -1.69636 16.8369 -17.1112
      vertex -1.69636 13.752 -17.1112
    endloop
  endfacet
  facet normal 0.849298 -0 0.527913
    outer loop
      vertex -1.47224 -0.873885 -17.85
      vertex -1.4135 2.17194 -17.9445
      vertex -1.47224 2.18563 -17.85
    endloop
  endfacet
  facet normal 0.849298 0 0.527913
    outer loop
      vertex -1.4135 2.17194 -17.9445
      vertex -1.47224 -0.873885 -17.85
      vertex -1.4135 -0.883583 -17.9445
    endloop
  endfacet
  facet normal 0.849298 0 0.527913
    outer loop
      vertex -1.47224 16.8739 -17.85
      vertex -1.4135 13.8281 -17.9445
      vertex -1.4135 16.8836 -17.9445
    endloop
  endfacet
  facet normal 0.849298 0 0.527913
    outer loop
      vertex -1.4135 13.8281 -17.9445
      vertex -1.47224 16.8739 -17.85
      vertex -1.47224 13.8144 -17.85
    endloop
  endfacet
  facet normal 0.0323615 0 0.999476
    outer loop
      vertex -0.111185 16.9964 -18.6964
      vertex 0 14 -18.7
      vertex 0 17 -18.7
    endloop
  endfacet
  facet normal 0.0323615 0 0.999476
    outer loop
      vertex 0 14 -18.7
      vertex -0.111185 16.9964 -18.6964
      vertex -0.111185 13.9964 -18.6964
    endloop
  endfacet
  facet normal 0.0323615 -0 0.999476
    outer loop
      vertex -0.111185 -0.99636 -18.6964
      vertex 0 2 -18.7
      vertex -0.111185 2.00364 -18.6964
    endloop
  endfacet
  facet normal 0.0323615 0 0.999476
    outer loop
      vertex 0 2 -18.7
      vertex -0.111185 -0.99636 -18.6964
      vertex 0 -1 -18.7
    endloop
  endfacet
  facet normal 0.956906 -0 0.290399
    outer loop
      vertex -1.64207 -0.845846 -17.44
      vertex -1.60978 2.2217 -17.5464
      vertex -1.64207 2.23149 -17.44
    endloop
  endfacet
  facet normal 0.956906 0 0.290399
    outer loop
      vertex -1.60978 2.2217 -17.5464
      vertex -1.64207 -0.845846 -17.44
      vertex -1.60978 -0.851177 -17.5464
    endloop
  endfacet
  facet normal 0.956906 0 0.290399
    outer loop
      vertex -1.64207 16.8458 -17.44
      vertex -1.60978 13.7783 -17.5464
      vertex -1.60978 16.8512 -17.5464
    endloop
  endfacet
  facet normal 0.956906 0 0.290399
    outer loop
      vertex -1.60978 13.7783 -17.5464
      vertex -1.64207 16.8458 -17.44
      vertex -1.64207 13.7685 -17.44
    endloop
  endfacet
  facet normal -0.634509 0 0.772915
    outer loop
      vertex 1.03489 2.09289 -18.3487
      vertex 1.12089 -0.928307 -18.2781
      vertex 1.12089 2.10709 -18.2781
    endloop
  endfacet
  facet normal -0.634509 0 0.772915
    outer loop
      vertex 1.12089 -0.928307 -18.2781
      vertex 1.03489 2.09289 -18.3487
      vertex 1.03489 -0.936776 -18.3487
    endloop
  endfacet
  facet normal -0.634509 0 0.772915
    outer loop
      vertex 1.03489 13.9071 -18.3487
      vertex 1.12089 16.9283 -18.2781
      vertex 1.03489 16.9368 -18.3487
    endloop
  endfacet
  facet normal -0.634509 0 0.772915
    outer loop
      vertex 1.12089 16.9283 -18.2781
      vertex 1.03489 13.9071 -18.3487
      vertex 1.12089 13.8929 -18.2781
    endloop
  endfacet
  facet normal 0.290344 -0 0.956922
    outer loop
      vertex -0.546447 -0.982111 -18.6098
      vertex -0.439992 2.01753 -18.6421
      vertex -0.546447 2.02802 -18.6098
    endloop
  endfacet
  facet normal 0.290344 0 0.956922
    outer loop
      vertex -0.439992 2.01753 -18.6421
      vertex -0.546447 -0.982111 -18.6098
      vertex -0.439992 -0.985596 -18.6421
    endloop
  endfacet
  facet normal 0.290344 0 0.956922
    outer loop
      vertex -0.546447 16.9821 -18.6098
      vertex -0.439992 13.9825 -18.6421
      vertex -0.439992 16.9856 -18.6421
    endloop
  endfacet
  facet normal 0.290344 0 0.956922
    outer loop
      vertex -0.439992 13.9825 -18.6421
      vertex -0.546447 16.9821 -18.6098
      vertex -0.546447 13.972 -18.6098
    endloop
  endfacet
  facet normal 0.471135 2.85093e-05 0.882061
    outer loop
      vertex -0.849999 -0.954987 -18.4722
      vertex -0.75189 2.04825 -18.5247
      vertex -0.783156 2.05133 -18.508
    endloop
  endfacet
  facet normal 0.472132 -0 0.881528
    outer loop
      vertex -0.849999 -0.954987 -18.4722
      vertex -0.783156 2.05133 -18.508
      vertex -0.849999 2.06237 -18.4722
    endloop
  endfacet
  facet normal 0.471814 0 0.881698
    outer loop
      vertex -0.75189 2.04825 -18.5247
      vertex -0.849999 -0.954987 -18.4722
      vertex -0.75189 -0.96465 -18.5247
    endloop
  endfacet
  facet normal 0.471814 0 0.881698
    outer loop
      vertex -0.849999 16.955 -18.4722
      vertex -0.75189 13.9517 -18.5247
      vertex -0.75189 16.9646 -18.5247
    endloop
  endfacet
  facet normal 0.471135 -2.8511e-05 0.882061
    outer loop
      vertex -0.75189 13.9517 -18.5247
      vertex -0.849999 16.955 -18.4722
      vertex -0.783156 13.9487 -18.508
    endloop
  endfacet
  facet normal 0.472132 0 0.881528
    outer loop
      vertex -0.783156 13.9487 -18.508
      vertex -0.849999 16.955 -18.4722
      vertex -0.849999 13.9376 -18.4722
    endloop
  endfacet
  facet normal -0.527779 -0 -0.849382
    outer loop
      vertex 0.849999 2.06237 -15.5278
      vertex 0.944468 -0.945683 -15.5865
      vertex 0.849999 -0.954987 -15.5278
    endloop
  endfacet
  facet normal -0.527779 0 -0.849382
    outer loop
      vertex 0.944468 -0.945683 -15.5865
      vertex 0.849999 2.06237 -15.5278
      vertex 0.944468 2.07796 -15.5865
    endloop
  endfacet
  facet normal -0.527779 0 -0.849382
    outer loop
      vertex 0.849999 13.9376 -15.5278
      vertex 0.944468 16.9457 -15.5865
      vertex 0.944468 13.922 -15.5865
    endloop
  endfacet
  facet normal -0.527779 0 -0.849382
    outer loop
      vertex 0.944468 16.9457 -15.5865
      vertex 0.849999 13.9376 -15.5278
      vertex 0.849999 16.955 -15.5278
    endloop
  endfacet
  facet normal -0.290344 -0 -0.956922
    outer loop
      vertex 0.439992 2.01753 -15.3579
      vertex 0.546447 -0.982111 -15.3902
      vertex 0.439992 -0.985596 -15.3579
    endloop
  endfacet
  facet normal -0.290344 0 -0.956922
    outer loop
      vertex 0.546447 -0.982111 -15.3902
      vertex 0.439992 2.01753 -15.3579
      vertex 0.546447 2.02802 -15.3902
    endloop
  endfacet
  facet normal -0.290344 0 -0.956922
    outer loop
      vertex 0.439992 13.9825 -15.3579
      vertex 0.546447 16.9821 -15.3902
      vertex 0.546447 13.972 -15.3902
    endloop
  endfacet
  facet normal -0.290344 0 -0.956922
    outer loop
      vertex 0.546447 16.9821 -15.3902
      vertex 0.439992 13.9825 -15.3579
      vertex 0.439992 16.9856 -15.3579
    endloop
  endfacet
  facet normal -0.81276 0 0.582598
    outer loop
      vertex 1.3487 2.15683 -18.0349
      vertex 1.4135 -0.883583 -17.9445
      vertex 1.4135 2.17194 -17.9445
    endloop
  endfacet
  facet normal -0.81276 0 0.582598
    outer loop
      vertex 1.4135 -0.883583 -17.9445
      vertex 1.3487 2.15683 -18.0349
      vertex 1.3487 -0.894282 -18.0349
    endloop
  endfacet
  facet normal -0.81276 0 0.582598
    outer loop
      vertex 1.3487 13.8432 -18.0349
      vertex 1.4135 16.8836 -17.9445
      vertex 1.3487 16.8943 -18.0349
    endloop
  endfacet
  facet normal -0.81276 0 0.582598
    outer loop
      vertex 1.4135 16.8836 -17.9445
      vertex 1.3487 13.8432 -18.0349
      vertex 1.4135 13.8281 -17.9445
    endloop
  endfacet
  facet normal 0.773047 0 -0.634348
    outer loop
      vertex -1.27813 2.14037 -15.8791
      vertex -1.3487 -0.894282 -15.9651
      vertex -1.3487 2.15683 -15.9651
    endloop
  endfacet
  facet normal 0.773047 0 -0.634348
    outer loop
      vertex -1.3487 -0.894282 -15.9651
      vertex -1.27813 2.14037 -15.8791
      vertex -1.27813 -0.905933 -15.8791
    endloop
  endfacet
  facet normal 0.773047 0 -0.634348
    outer loop
      vertex -1.27813 13.8596 -15.8791
      vertex -1.3487 16.8943 -15.9651
      vertex -1.27813 16.9059 -15.8791
    endloop
  endfacet
  facet normal 0.773047 0 -0.634348
    outer loop
      vertex -1.3487 16.8943 -15.9651
      vertex -1.27813 13.8596 -15.8791
      vertex -1.3487 13.8432 -15.9651
    endloop
  endfacet
  facet normal -0.353 0.0104431 -0.935565
    outer loop
      vertex 0.546447 -0.982111 -15.3902
      vertex 0.650561 -0.97463 -15.4294
      vertex 0.588628 -0.98073 -15.4061
    endloop
  endfacet
  facet normal -0.352362 0 -0.935864
    outer loop
      vertex 0.650561 -0.97463 -15.4294
      vertex 0.546447 -0.982111 -15.3902
      vertex 0.546447 2.02802 -15.3902
    endloop
  endfacet
  facet normal -0.352362 0 -0.935864
    outer loop
      vertex 0.650561 -0.97463 -15.4294
      vertex 0.546447 2.02802 -15.3902
      vertex 0.650561 2.03827 -15.4294
    endloop
  endfacet
  facet normal -0.352362 0 -0.935864
    outer loop
      vertex 0.546447 13.972 -15.3902
      vertex 0.650561 16.9746 -15.4294
      vertex 0.650561 13.9617 -15.4294
    endloop
  endfacet
  facet normal -0.352362 -0 -0.935864
    outer loop
      vertex 0.546447 16.9821 -15.3902
      vertex 0.650561 16.9746 -15.4294
      vertex 0.546447 13.972 -15.3902
    endloop
  endfacet
  facet normal -0.353006 -0.0105151 -0.935562
    outer loop
      vertex 0.650561 16.9746 -15.4294
      vertex 0.546447 16.9821 -15.3902
      vertex 0.588628 16.9807 -15.4061
    endloop
  endfacet
  facet normal 0.81276 0 -0.582598
    outer loop
      vertex -1.3487 2.15683 -15.9651
      vertex -1.4135 -0.883583 -16.0555
      vertex -1.4135 2.17194 -16.0555
    endloop
  endfacet
  facet normal 0.81276 0 -0.582598
    outer loop
      vertex -1.4135 -0.883583 -16.0555
      vertex -1.3487 2.15683 -15.9651
      vertex -1.3487 -0.894282 -15.9651
    endloop
  endfacet
  facet normal 0.81276 0 -0.582598
    outer loop
      vertex -1.3487 13.8432 -15.9651
      vertex -1.4135 16.8836 -16.0555
      vertex -1.3487 16.8943 -15.9651
    endloop
  endfacet
  facet normal 0.81276 0 -0.582598
    outer loop
      vertex -1.4135 16.8836 -16.0555
      vertex -1.3487 13.8432 -15.9651
      vertex -1.4135 13.8281 -16.0555
    endloop
  endfacet
  facet normal 0.634509 0 -0.772915
    outer loop
      vertex -1.12089 -0.928307 -15.7219
      vertex -1.03489 2.09289 -15.6513
      vertex -1.03489 -0.936776 -15.6513
    endloop
  endfacet
  facet normal 0.634509 0 -0.772915
    outer loop
      vertex -1.03489 2.09289 -15.6513
      vertex -1.12089 -0.928307 -15.7219
      vertex -1.12089 2.10709 -15.7219
    endloop
  endfacet
  facet normal 0.634509 0 -0.772915
    outer loop
      vertex -1.12089 16.9283 -15.7219
      vertex -1.03489 13.9071 -15.6513
      vertex -1.12089 13.8929 -15.7219
    endloop
  endfacet
  facet normal 0.634509 0 -0.772915
    outer loop
      vertex -1.03489 13.9071 -15.6513
      vertex -1.12089 16.9283 -15.7219
      vertex -1.03489 16.9368 -15.6513
    endloop
  endfacet
  facet normal -0.683093 0 0.730331
    outer loop
      vertex 1.17054 2.11529 -18.2316
      vertex 1.20208 -0.918488 -18.2021
      vertex 1.20208 2.12264 -18.2021
    endloop
  endfacet
  facet normal -0.683573 -9.3602e-06 0.729882
    outer loop
      vertex 1.12089 2.10709 -18.2781
      vertex 1.20208 -0.918488 -18.2021
      vertex 1.17054 2.11529 -18.2316
    endloop
  endfacet
  facet normal -0.683388 0 0.730056
    outer loop
      vertex 1.12089 -0.928307 -18.2781
      vertex 1.20208 -0.918488 -18.2021
      vertex 1.12089 2.10709 -18.2781
    endloop
  endfacet
  facet normal -0.683081 -0.0046445 0.730328
    outer loop
      vertex 1.20208 -0.918488 -18.2021
      vertex 1.12089 -0.928307 -18.2781
      vertex 1.17474 -0.923003 -18.2277
    endloop
  endfacet
  facet normal -0.683079 0.0046778 0.730329
    outer loop
      vertex 1.12089 16.9283 -18.2781
      vertex 1.20208 16.9185 -18.2021
      vertex 1.17474 16.923 -18.2277
    endloop
  endfacet
  facet normal -0.683093 0 0.730331
    outer loop
      vertex 1.20208 16.9185 -18.2021
      vertex 1.17054 13.8847 -18.2316
      vertex 1.20208 13.8774 -18.2021
    endloop
  endfacet
  facet normal -0.683388 0 0.730056
    outer loop
      vertex 1.20208 16.9185 -18.2021
      vertex 1.12089 16.9283 -18.2781
      vertex 1.12089 13.8929 -18.2781
    endloop
  endfacet
  facet normal -0.683573 9.36014e-06 0.729882
    outer loop
      vertex 1.20208 16.9185 -18.2021
      vertex 1.12089 13.8929 -18.2781
      vertex 1.17054 13.8847 -18.2316
    endloop
  endfacet
  facet normal 0.910782 0 -0.412888
    outer loop
      vertex -1.55291 2.20444 -16.3104
      vertex -1.57059 -0.857647 -16.3494
      vertex -1.57059 2.20981 -16.3494
    endloop
  endfacet
  facet normal 0.910851 -2.35551e-06 -0.412734
    outer loop
      vertex -1.52468 2.19786 -16.2481
      vertex -1.57059 -0.857647 -16.3494
      vertex -1.55291 2.20444 -16.3104
    endloop
  endfacet
  facet normal 0.910825 0 -0.412793
    outer loop
      vertex -1.57059 -0.857647 -16.3494
      vertex -1.52468 2.19786 -16.2481
      vertex -1.52468 -0.865227 -16.2481
    endloop
  endfacet
  facet normal 0.910825 0 -0.412793
    outer loop
      vertex -1.52468 13.8021 -16.2481
      vertex -1.57059 16.8576 -16.3494
      vertex -1.52468 16.8652 -16.2481
    endloop
  endfacet
  facet normal 0.910851 2.35562e-06 -0.412734
    outer loop
      vertex -1.55291 13.7956 -16.3104
      vertex -1.57059 16.8576 -16.3494
      vertex -1.52468 13.8021 -16.2481
    endloop
  endfacet
  facet normal 0.910782 0 -0.412888
    outer loop
      vertex -1.57059 16.8576 -16.3494
      vertex -1.55291 13.7956 -16.3104
      vertex -1.57059 13.7902 -16.3494
    endloop
  endfacet
endsolid OpenSCAD_Model
