solid OpenSCAD_Model
  facet normal -0.729863 -0.683594 0
    outer loop
      vertex -6.36396 -6.36396 -34
      vertex -6.76656 -5.93411 0.0999994
      vertex -6.76656 -5.93411 -34
    endloop
  endfacet
  facet normal -0.729863 -0.683594 0
    outer loop
      vertex -6.76656 -5.93411 0.0999994
      vertex -6.36396 -6.36396 -34
      vertex -6.36396 -6.36396 0.0999994
    endloop
  endfacet
  facet normal 0.995184 0.0980204 0
    outer loop
      vertex 8.923 1.17474 0.0999994
      vertex 8.95991 0.799999 -0.0999994
      vertex 8.923 1.17474 -34
    endloop
  endfacet
  facet normal 0.995184 0.0980222 -3.42995e-06
    outer loop
      vertex 8.98073 0.588628 0.0999994
      vertex 8.95991 0.799999 -0.0999994
      vertex 8.923 1.17474 0.0999994
    endloop
  endfacet
  facet normal 0.995184 0.0980254 0
    outer loop
      vertex 8.95991 0.799999 -0.0999994
      vertex 8.98073 0.588628 0.0999994
      vertex 8.98073 0.588628 -0.0999994
    endloop
  endfacet
  facet normal 0.995184 0.0980204 0
    outer loop
      vertex 8.923 1.17474 -34
      vertex 8.95991 0.799999 -0.0999994
      vertex 8.95991 0.799999 -34
    endloop
  endfacet
  facet normal 0.999465 0.0327196 0
    outer loop
      vertex 9 0 0.0999994
      vertex 8.98073 0.588628 -0.0999994
      vertex 8.98073 0.588628 0.0999994
    endloop
  endfacet
  facet normal 0.999465 0.0327196 0
    outer loop
      vertex 8.98073 0.588628 -0.0999994
      vertex 9 0 0.0999994
      vertex 9 0 -0.0999994
    endloop
  endfacet
  facet normal 0.986645 0.162887 0
    outer loop
      vertex 8.923 1.17474 0.0999994
      vertex 8.82707 1.75581 -34
      vertex 8.82707 1.75581 0.0999994
    endloop
  endfacet
  facet normal 0.986645 0.162887 0
    outer loop
      vertex 8.82707 1.75581 -34
      vertex 8.923 1.17474 0.0999994
      vertex 8.923 1.17474 -34
    endloop
  endfacet
  facet normal -0.162887 0.986645 0
    outer loop
      vertex -1.17474 8.923 -15.7723
      vertex -1.75581 8.82707 0.0999994
      vertex -1.17474 8.923 0.0999994
    endloop
  endfacet
  facet normal -0.162764 0.986665 4.6176e-06
    outer loop
      vertex -1.20208 8.91849 -15.7979
      vertex -1.75581 8.82707 0.0999994
      vertex -1.17474 8.923 -15.7723
    endloop
  endfacet
  facet normal -0.162945 0.986635 -1.8551e-06
    outer loop
      vertex -1.27813 8.90593 -15.8791
      vertex -1.75581 8.82707 0.0999994
      vertex -1.20208 8.91849 -15.7979
    endloop
  endfacet
  facet normal -0.16288 0.986646 1.50438e-07
    outer loop
      vertex -1.3487 8.89428 -15.9651
      vertex -1.75581 8.82707 0.0999994
      vertex -1.27813 8.90593 -15.8791
    endloop
  endfacet
  facet normal -0.162916 0.98664 -7.95485e-07
    outer loop
      vertex -1.4135 8.88358 -16.0555
      vertex -1.75581 8.82707 0.0999994
      vertex -1.3487 8.89428 -15.9651
    endloop
  endfacet
  facet normal -0.162768 0.986664 2.42664e-06
    outer loop
      vertex -1.47224 8.87389 -16.15
      vertex -1.75581 8.82707 0.0999994
      vertex -1.4135 8.88358 -16.0555
    endloop
  endfacet
  facet normal -0.162933 0.986637 -5.33028e-07
    outer loop
      vertex -1.52468 8.86523 -16.2481
      vertex -1.75581 8.82707 0.0999994
      vertex -1.47224 8.87389 -16.15
    endloop
  endfacet
  facet normal -0.1629 0.986643 -5.07373e-08
    outer loop
      vertex -1.57059 8.85765 -16.3494
      vertex -1.75581 8.82707 0.0999994
      vertex -1.52468 8.86523 -16.2481
    endloop
  endfacet
  facet normal -0.162888 0.986644 8.44058e-08
    outer loop
      vertex -1.60978 8.85118 -16.4536
      vertex -1.75581 8.82707 0.0999994
      vertex -1.57059 8.85765 -16.3494
    endloop
  endfacet
  facet normal -0.162864 0.986649 3.08522e-07
    outer loop
      vertex -1.64207 8.84585 -16.56
      vertex -1.75581 8.82707 0.0999994
      vertex -1.60978 8.85118 -16.4536
    endloop
  endfacet
  facet normal -0.163249 0.986585 -2.3925e-06
    outer loop
      vertex -1.66733 8.84167 -16.6683
      vertex -1.75581 8.82707 0.0999994
      vertex -1.64207 8.84585 -16.56
    endloop
  endfacet
  facet normal -0.162725 0.986672 4.4911e-07
    outer loop
      vertex -1.68546 8.83868 -16.7781
      vertex -1.75581 8.82707 0.0999994
      vertex -1.66733 8.84167 -16.6683
    endloop
  endfacet
  facet normal -0.162927 0.986638 -4.16761e-07
    outer loop
      vertex -1.69636 8.83688 -16.8888
      vertex -1.75581 8.82707 0.0999994
      vertex -1.68546 8.83868 -16.7781
    endloop
  endfacet
  facet normal -0.162657 0.986683 5.53522e-07
    outer loop
      vertex -1.7 8.83628 -17
      vertex -1.75581 8.82707 0.0999994
      vertex -1.69636 8.83688 -16.8888
    endloop
  endfacet
  facet normal -0.162887 0.986645 0
    outer loop
      vertex -1.75581 8.82707 -34
      vertex -1.17474 8.923 -18.2277
      vertex -1.17474 8.923 -34
    endloop
  endfacet
  facet normal -0.162764 0.986665 -4.6459e-06
    outer loop
      vertex -1.17474 8.923 -18.2277
      vertex -1.75581 8.82707 -34
      vertex -1.20208 8.91849 -18.2021
    endloop
  endfacet
  facet normal -0.162945 0.986635 1.86642e-06
    outer loop
      vertex -1.20208 8.91849 -18.2021
      vertex -1.75581 8.82707 -34
      vertex -1.27813 8.90593 -18.1209
    endloop
  endfacet
  facet normal -0.16288 0.986646 -1.51352e-07
    outer loop
      vertex -1.27813 8.90593 -18.1209
      vertex -1.75581 8.82707 -34
      vertex -1.3487 8.89428 -18.0349
    endloop
  endfacet
  facet normal -0.162916 0.98664 8.00296e-07
    outer loop
      vertex -1.3487 8.89428 -18.0349
      vertex -1.75581 8.82707 -34
      vertex -1.4135 8.88358 -17.9445
    endloop
  endfacet
  facet normal -0.162768 0.986664 -2.44125e-06
    outer loop
      vertex -1.4135 8.88358 -17.9445
      vertex -1.75581 8.82707 -34
      vertex -1.47224 8.87389 -17.85
    endloop
  endfacet
  facet normal -0.162933 0.986637 5.36223e-07
    outer loop
      vertex -1.47224 8.87389 -17.85
      vertex -1.75581 8.82707 -34
      vertex -1.52468 8.86523 -17.7519
    endloop
  endfacet
  facet normal -0.1629 0.986643 5.10401e-08
    outer loop
      vertex -1.52468 8.86523 -17.7519
      vertex -1.75581 8.82707 -34
      vertex -1.57059 8.85765 -17.6506
    endloop
  endfacet
  facet normal -0.162888 0.986644 -8.4907e-08
    outer loop
      vertex -1.57059 8.85765 -17.6506
      vertex -1.75581 8.82707 -34
      vertex -1.60978 8.85118 -17.5464
    endloop
  endfacet
  facet normal -0.162864 0.986649 -3.10344e-07
    outer loop
      vertex -1.60978 8.85118 -17.5464
      vertex -1.75581 8.82707 -34
      vertex -1.64207 8.84585 -17.44
    endloop
  endfacet
  facet normal -0.163249 0.986585 2.40653e-06
    outer loop
      vertex -1.64207 8.84585 -17.44
      vertex -1.75581 8.82707 -34
      vertex -1.66733 8.84167 -17.3317
    endloop
  endfacet
  facet normal -0.162725 0.986672 -4.5172e-07
    outer loop
      vertex -1.66733 8.84167 -17.3317
      vertex -1.75581 8.82707 -34
      vertex -1.68546 8.83868 -17.2219
    endloop
  endfacet
  facet normal -0.162927 0.986638 4.19144e-07
    outer loop
      vertex -1.68546 8.83868 -17.2219
      vertex -1.75581 8.82707 -34
      vertex -1.69636 8.83688 -17.1112
    endloop
  endfacet
  facet normal -0.162822 0.986655 0
    outer loop
      vertex -1.7 8.83628 -17
      vertex -1.75581 8.82707 -34
      vertex -1.75581 8.82707 0.0999994
    endloop
  endfacet
  facet normal -0.162657 0.986683 -5.56481e-07
    outer loop
      vertex -1.69636 8.83688 -17.1112
      vertex -1.75581 8.82707 -34
      vertex -1.7 8.83628 -17
    endloop
  endfacet
  facet normal 0.412718 0.910859 -0
    outer loop
      vertex 3.9806 8.07185 -34
      vertex 3.44415 8.31492 0.0999994
      vertex 3.9806 8.07185 0.0999994
    endloop
  endfacet
  facet normal 0.412718 0.910859 0
    outer loop
      vertex 3.44415 8.31492 0.0999994
      vertex 3.9806 8.07185 -34
      vertex 3.44415 8.31492 -34
    endloop
  endfacet
  facet normal -0.773012 0.634391 0
    outer loop
      vertex -7.14018 5.47885 -34
      vertex -6.76656 5.93411 0.0999994
      vertex -6.76656 5.93411 -34
    endloop
  endfacet
  facet normal -0.773012 0.634391 0
    outer loop
      vertex -6.76656 5.93411 0.0999994
      vertex -7.14018 5.47885 -34
      vertex -7.14018 5.47885 0.0999994
    endloop
  endfacet
  facet normal -0.93591 0.35224 0
    outer loop
      vertex -8.52237 2.89295 -34
      vertex -8.31492 3.44415 0.0999994
      vertex -8.31492 3.44415 -34
    endloop
  endfacet
  facet normal -0.93591 0.35224 0
    outer loop
      vertex -8.31492 3.44415 0.0999994
      vertex -8.52237 2.89295 -34
      vertex -8.52237 2.89295 0.0999994
    endloop
  endfacet
  facet normal 0.528067 0.849203 -0
    outer loop
      vertex 5.00013 7.48323 -34
      vertex 4.5 7.79423 0.0999994
      vertex 5.00013 7.48323 0.0999994
    endloop
  endfacet
  facet normal 0.528067 0.849203 0
    outer loop
      vertex 4.5 7.79423 0.0999994
      vertex 5.00013 7.48323 -34
      vertex 4.5 7.79423 -34
    endloop
  endfacet
  facet normal 0.910859 -0.412718 0
    outer loop
      vertex 8.07185 -3.9806 0.0999994
      vertex 8.31492 -3.44415 -34
      vertex 8.31492 -3.44415 0.0999994
    endloop
  endfacet
  facet normal 0.910859 -0.412718 0
    outer loop
      vertex 8.31492 -3.44415 -34
      vertex 8.07185 -3.9806 0.0999994
      vertex 8.07185 -3.9806 -34
    endloop
  endfacet
  facet normal 0.973875 0.227084 0
    outer loop
      vertex 8.82707 1.75581 0.0999994
      vertex 8.69333 2.32937 -34
      vertex 8.69333 2.32937 0.0999994
    endloop
  endfacet
  facet normal 0.973875 0.227084 0
    outer loop
      vertex 8.69333 2.32937 -34
      vertex 8.82707 1.75581 0.0999994
      vertex 8.82707 1.75581 -34
    endloop
  endfacet
  facet normal 0.93591 -0.35224 0
    outer loop
      vertex 8.31492 -3.44415 0.0999994
      vertex 8.52237 -2.89295 -34
      vertex 8.52237 -2.89295 0.0999994
    endloop
  endfacet
  facet normal 0.93591 -0.35224 0
    outer loop
      vertex 8.52237 -2.89295 -34
      vertex 8.31492 -3.44415 0.0999994
      vertex 8.31492 -3.44415 -34
    endloop
  endfacet
  facet normal -0.995184 0.0980222 0
    outer loop
      vertex -8.98073 0.588628 -34
      vertex -8.923 1.17474 0.0999994
      vertex -8.923 1.17474 -34
    endloop
  endfacet
  facet normal -0.995184 0.0980222 0
    outer loop
      vertex -8.923 1.17474 0.0999994
      vertex -8.98073 0.588628 -34
      vertex -8.98073 0.588628 0.0999994
    endloop
  endfacet
  facet normal -0.290284 0.95694 0
    outer loop
      vertex -2.32937 8.69333 -34
      vertex -2.89295 8.52237 0.0999994
      vertex -2.32937 8.69333 0.0999994
    endloop
  endfacet
  facet normal -0.290284 0.95694 0
    outer loop
      vertex -2.89295 8.52237 0.0999994
      vertex -2.32937 8.69333 -34
      vertex -2.89295 8.52237 -34
    endloop
  endfacet
  facet normal 0.0327196 -0.999465 0
    outer loop
      vertex 0 -9 -15.3
      vertex 0.588628 -8.98073 0.0999994
      vertex 0 -9 0.0999994
    endloop
  endfacet
  facet normal 0.0327207 -0.999465 -4.1375e-08
    outer loop
      vertex 0.111185 -8.99636 -15.3036
      vertex 0.588628 -8.98073 0.0999994
      vertex 0 -9 -15.3
    endloop
  endfacet
  facet normal 0.032681 -0.999466 1.19082e-06
    outer loop
      vertex 0.221894 -8.99274 -15.3145
      vertex 0.588628 -8.98073 0.0999994
      vertex 0.111185 -8.99636 -15.3036
    endloop
  endfacet
  facet normal 0.0327813 -0.999463 -1.1985e-06
    outer loop
      vertex 0.331653 -8.98914 -15.3327
      vertex 0.588628 -8.98073 0.0999994
      vertex 0.221894 -8.99274 -15.3145
    endloop
  endfacet
  facet normal 0.032658 -0.999467 8.57179e-07
    outer loop
      vertex 0.439992 -8.9856 -15.3579
      vertex 0.588628 -8.98073 0.0999994
      vertex 0.331653 -8.98914 -15.3327
    endloop
  endfacet
  facet normal 0.0327661 -0.999463 -1.83975e-07
    outer loop
      vertex 0.546447 -8.98211 -15.3902
      vertex 0.588628 -8.98073 0.0999994
      vertex 0.439992 -8.9856 -15.3579
    endloop
  endfacet
  facet normal 0.0326987 -0.999465 0
    outer loop
      vertex 0.588628 -8.98073 0.0999994
      vertex 0.546447 -8.98211 -15.3902
      vertex 0.588628 -8.98073 -15.4061
    endloop
  endfacet
  facet normal 0.0327207 -0.999465 0
    outer loop
      vertex 0 -9 -34
      vertex 0.111185 -8.99636 -18.6964
      vertex 0 -9 -18.7
    endloop
  endfacet
  facet normal 0.0327196 -0.999465 7.87422e-09
    outer loop
      vertex 0.588628 -8.98073 -34
      vertex 0.111185 -8.99636 -18.6964
      vertex 0 -9 -34
    endloop
  endfacet
  facet normal 0.032681 -0.999466 -1.19858e-06
    outer loop
      vertex 0.111185 -8.99636 -18.6964
      vertex 0.588628 -8.98073 -34
      vertex 0.221894 -8.99274 -18.6855
    endloop
  endfacet
  facet normal 0.0327813 -0.999463 1.20629e-06
    outer loop
      vertex 0.221894 -8.99274 -18.6855
      vertex 0.588628 -8.98073 -34
      vertex 0.331653 -8.98914 -18.6673
    endloop
  endfacet
  facet normal 0.032658 -0.999467 -8.62747e-07
    outer loop
      vertex 0.331653 -8.98914 -18.6673
      vertex 0.588628 -8.98073 -34
      vertex 0.439992 -8.9856 -18.6421
    endloop
  endfacet
  facet normal 0.0327661 -0.999463 1.85169e-07
    outer loop
      vertex 0.439992 -8.9856 -18.6421
      vertex 0.588628 -8.98073 -34
      vertex 0.546447 -8.98211 -18.6098
    endloop
  endfacet
  facet normal 0.0326987 -0.999465 0
    outer loop
      vertex 0.546447 -8.98211 -18.6098
      vertex 0.588628 -8.98073 -34
      vertex 0.588628 -8.98073 -18.5939
    endloop
  endfacet
  facet normal -0.849203 -0.528067 0
    outer loop
      vertex -7.48323 -5.00013 -34
      vertex -7.79423 -4.5 0.0999994
      vertex -7.79423 -4.5 -34
    endloop
  endfacet
  facet normal -0.849203 -0.528067 0
    outer loop
      vertex -7.79423 -4.5 0.0999994
      vertex -7.48323 -5.00013 -34
      vertex -7.48323 -5.00013 0.0999994
    endloop
  endfacet
  facet normal -0.986645 -0.162887 0
    outer loop
      vertex -8.82707 -1.75581 -34
      vertex -8.923 -1.17474 0.0999994
      vertex -8.923 -1.17474 -34
    endloop
  endfacet
  facet normal -0.986645 -0.162887 0
    outer loop
      vertex -8.923 -1.17474 0.0999994
      vertex -8.82707 -1.75581 -34
      vertex -8.82707 -1.75581 0.0999994
    endloop
  endfacet
  facet normal 0.582482 0.812843 -0
    outer loop
      vertex 5.47885 7.14018 -34
      vertex 5.00013 7.48323 0.0999994
      vertex 5.47885 7.14018 0.0999994
    endloop
  endfacet
  facet normal 0.582482 0.812843 0
    outer loop
      vertex 5.00013 7.48323 0.0999994
      vertex 5.47885 7.14018 -34
      vertex 5.00013 7.48323 -34
    endloop
  endfacet
  facet normal -0.582482 0.812843 0
    outer loop
      vertex -5.00013 7.48323 -34
      vertex -5.47885 7.14018 0.0999994
      vertex -5.00013 7.48323 0.0999994
    endloop
  endfacet
  facet normal -0.582482 0.812843 0
    outer loop
      vertex -5.47885 7.14018 0.0999994
      vertex -5.00013 7.48323 -34
      vertex -5.47885 7.14018 -34
    endloop
  endfacet
  facet normal 0.773012 -0.634391 0
    outer loop
      vertex 6.76656 -5.93411 0.0999994
      vertex 7.14018 -5.47885 -34
      vertex 7.14018 -5.47885 0.0999994
    endloop
  endfacet
  facet normal 0.773012 -0.634391 0
    outer loop
      vertex 7.14018 -5.47885 -34
      vertex 6.76656 -5.93411 0.0999994
      vertex 6.76656 -5.93411 -34
    endloop
  endfacet
  facet normal 0.227084 -0.973875 0
    outer loop
      vertex 1.75581 -8.82707 -34
      vertex 2.32937 -8.69333 0.0999994
      vertex 1.75581 -8.82707 0.0999994
    endloop
  endfacet
  facet normal 0.227084 -0.973875 0
    outer loop
      vertex 2.32937 -8.69333 0.0999994
      vertex 1.75581 -8.82707 -34
      vertex 2.32937 -8.69333 -34
    endloop
  endfacet
  facet normal -0.0327196 0.999465 0
    outer loop
      vertex 0 9 -15.3
      vertex -0.588628 8.98073 0.0999994
      vertex 0 9 0.0999994
    endloop
  endfacet
  facet normal -0.0327207 0.999465 -4.1375e-08
    outer loop
      vertex -0.111185 8.99636 -15.3036
      vertex -0.588628 8.98073 0.0999994
      vertex 0 9 -15.3
    endloop
  endfacet
  facet normal -0.032681 0.999466 1.19082e-06
    outer loop
      vertex -0.221894 8.99274 -15.3145
      vertex -0.588628 8.98073 0.0999994
      vertex -0.111185 8.99636 -15.3036
    endloop
  endfacet
  facet normal -0.0327813 0.999463 -1.1985e-06
    outer loop
      vertex -0.331653 8.98914 -15.3327
      vertex -0.588628 8.98073 0.0999994
      vertex -0.221894 8.99274 -15.3145
    endloop
  endfacet
  facet normal -0.032658 0.999467 8.57179e-07
    outer loop
      vertex -0.439992 8.9856 -15.3579
      vertex -0.588628 8.98073 0.0999994
      vertex -0.331653 8.98914 -15.3327
    endloop
  endfacet
  facet normal -0.0327661 0.999463 -1.83975e-07
    outer loop
      vertex -0.546447 8.98211 -15.3902
      vertex -0.588628 8.98073 0.0999994
      vertex -0.439992 8.9856 -15.3579
    endloop
  endfacet
  facet normal -0.0326987 0.999465 0
    outer loop
      vertex -0.588628 8.98073 0.0999994
      vertex -0.546447 8.98211 -15.3902
      vertex -0.588628 8.98073 -15.4061
    endloop
  endfacet
  facet normal -0.0327207 0.999465 0
    outer loop
      vertex 0 9 -34
      vertex -0.111185 8.99636 -18.6964
      vertex 0 9 -18.7
    endloop
  endfacet
  facet normal -0.0327196 0.999465 7.87422e-09
    outer loop
      vertex -0.588628 8.98073 -34
      vertex -0.111185 8.99636 -18.6964
      vertex 0 9 -34
    endloop
  endfacet
  facet normal -0.032681 0.999466 -1.19858e-06
    outer loop
      vertex -0.111185 8.99636 -18.6964
      vertex -0.588628 8.98073 -34
      vertex -0.221894 8.99274 -18.6855
    endloop
  endfacet
  facet normal -0.0327813 0.999463 1.20629e-06
    outer loop
      vertex -0.221894 8.99274 -18.6855
      vertex -0.588628 8.98073 -34
      vertex -0.331653 8.98914 -18.6673
    endloop
  endfacet
  facet normal -0.032658 0.999467 -8.62747e-07
    outer loop
      vertex -0.331653 8.98914 -18.6673
      vertex -0.588628 8.98073 -34
      vertex -0.439992 8.9856 -18.6421
    endloop
  endfacet
  facet normal -0.0327661 0.999463 1.85169e-07
    outer loop
      vertex -0.439992 8.9856 -18.6421
      vertex -0.588628 8.98073 -34
      vertex -0.546447 8.98211 -18.6098
    endloop
  endfacet
  facet normal -0.0326987 0.999465 0
    outer loop
      vertex -0.546447 8.98211 -18.6098
      vertex -0.588628 8.98073 -34
      vertex -0.588628 8.98073 -18.5939
    endloop
  endfacet
  facet normal 0.881925 0.47139 0
    outer loop
      vertex 8.07185 3.9806 0.0999994
      vertex 7.79423 4.5 -34
      vertex 7.79423 4.5 0.0999994
    endloop
  endfacet
  facet normal 0.881925 0.47139 0
    outer loop
      vertex 7.79423 4.5 -34
      vertex 8.07185 3.9806 0.0999994
      vertex 8.07185 3.9806 -34
    endloop
  endfacet
  facet normal 0.35224 -0.93591 0
    outer loop
      vertex 2.89295 -8.52237 -34
      vertex 3.44415 -8.31492 0.0999994
      vertex 2.89295 -8.52237 0.0999994
    endloop
  endfacet
  facet normal 0.35224 -0.93591 0
    outer loop
      vertex 3.44415 -8.31492 0.0999994
      vertex 2.89295 -8.52237 -34
      vertex 3.44415 -8.31492 -34
    endloop
  endfacet
  facet normal 0.729863 0.683594 0
    outer loop
      vertex 6.76656 5.93411 0.0999994
      vertex 6.36396 6.36396 -34
      vertex 6.36396 6.36396 0.0999994
    endloop
  endfacet
  facet normal 0.729863 0.683594 0
    outer loop
      vertex 6.36396 6.36396 -34
      vertex 6.76656 5.93411 0.0999994
      vertex 6.76656 5.93411 -34
    endloop
  endfacet
  facet normal 0.412718 -0.910859 0
    outer loop
      vertex 3.44415 -8.31492 -34
      vertex 3.9806 -8.07185 0.0999994
      vertex 3.44415 -8.31492 0.0999994
    endloop
  endfacet
  facet normal 0.412718 -0.910859 0
    outer loop
      vertex 3.9806 -8.07185 0.0999994
      vertex 3.44415 -8.31492 -34
      vertex 3.9806 -8.07185 -34
    endloop
  endfacet
  facet normal -0.93591 -0.35224 0
    outer loop
      vertex -8.31492 -3.44415 -34
      vertex -8.52237 -2.89295 0.0999994
      vertex -8.52237 -2.89295 -34
    endloop
  endfacet
  facet normal -0.93591 -0.35224 0
    outer loop
      vertex -8.52237 -2.89295 0.0999994
      vertex -8.31492 -3.44415 -34
      vertex -8.31492 -3.44415 0.0999994
    endloop
  endfacet
  facet normal -0.35224 -0.93591 0
    outer loop
      vertex -3.44415 -8.31492 -34
      vertex -2.89295 -8.52237 0.0999994
      vertex -3.44415 -8.31492 0.0999994
    endloop
  endfacet
  facet normal -0.35224 -0.93591 -0
    outer loop
      vertex -2.89295 -8.52237 0.0999994
      vertex -3.44415 -8.31492 -34
      vertex -2.89295 -8.52237 -34
    endloop
  endfacet
  facet normal -0.35224 0.93591 0
    outer loop
      vertex -2.89295 8.52237 -34
      vertex -3.44415 8.31492 0.0999994
      vertex -2.89295 8.52237 0.0999994
    endloop
  endfacet
  facet normal -0.35224 0.93591 0
    outer loop
      vertex -3.44415 8.31492 0.0999994
      vertex -2.89295 8.52237 -34
      vertex -3.44415 8.31492 -34
    endloop
  endfacet
  facet normal -0.0980222 0.995184 0
    outer loop
      vertex -0.588628 8.98073 -15.4061
      vertex -1.17474 8.923 0.0999994
      vertex -0.588628 8.98073 0.0999994
    endloop
  endfacet
  facet normal -0.0980193 0.995185 1.11259e-07
    outer loop
      vertex -0.650561 8.97463 -15.4294
      vertex -1.17474 8.923 0.0999994
      vertex -0.588628 8.98073 -15.4061
    endloop
  endfacet
  facet normal -0.0980169 0.995185 1.93009e-07
    outer loop
      vertex -0.75189 8.96465 -15.4753
      vertex -1.17474 8.923 0.0999994
      vertex -0.650561 8.97463 -15.4294
    endloop
  endfacet
  facet normal -0.0979886 0.995188 9.68594e-07
    outer loop
      vertex -0.849999 8.95499 -15.5278
      vertex -1.17474 8.923 0.0999994
      vertex -0.75189 8.96465 -15.4753
    endloop
  endfacet
  facet normal -0.0980752 0.995179 -8.48768e-07
    outer loop
      vertex -0.944468 8.94568 -15.5865
      vertex -1.17474 8.923 0.0999994
      vertex -0.849999 8.95499 -15.5278
    endloop
  endfacet
  facet normal -0.0979547 0.995191 9.37447e-07
    outer loop
      vertex -1.03489 8.93678 -15.6513
      vertex -1.17474 8.923 0.0999994
      vertex -0.944468 8.94568 -15.5865
    endloop
  endfacet
  facet normal -0.0980145 0.995185 4.01506e-07
    outer loop
      vertex -1.12089 8.92831 -15.7219
      vertex -1.17474 8.923 0.0999994
      vertex -1.03489 8.93678 -15.6513
    endloop
  endfacet
  facet normal -0.0981313 0.995173 0
    outer loop
      vertex -1.17474 8.923 0.0999994
      vertex -1.12089 8.92831 -15.7219
      vertex -1.17474 8.923 -15.7723
    endloop
  endfacet
  facet normal -0.0980222 0.995184 0
    outer loop
      vertex -1.17474 8.923 -34
      vertex -0.588628 8.98073 -18.5939
      vertex -0.588628 8.98073 -34
    endloop
  endfacet
  facet normal -0.0980193 0.995185 -1.11971e-07
    outer loop
      vertex -0.588628 8.98073 -18.5939
      vertex -1.17474 8.923 -34
      vertex -0.650561 8.97463 -18.5706
    endloop
  endfacet
  facet normal -0.0980169 0.995185 -1.94241e-07
    outer loop
      vertex -0.650561 8.97463 -18.5706
      vertex -1.17474 8.923 -34
      vertex -0.75189 8.96465 -18.5247
    endloop
  endfacet
  facet normal -0.0979886 0.995188 -9.74763e-07
    outer loop
      vertex -0.75189 8.96465 -18.5247
      vertex -1.17474 8.923 -34
      vertex -0.849999 8.95499 -18.4722
    endloop
  endfacet
  facet normal -0.0980752 0.995179 8.54164e-07
    outer loop
      vertex -0.849999 8.95499 -18.4722
      vertex -1.17474 8.923 -34
      vertex -0.944468 8.94568 -18.4135
    endloop
  endfacet
  facet normal -0.0979547 0.995191 -9.43398e-07
    outer loop
      vertex -0.944468 8.94568 -18.4135
      vertex -1.17474 8.923 -34
      vertex -1.03489 8.93678 -18.3487
    endloop
  endfacet
  facet normal -0.0980145 0.995185 -4.04053e-07
    outer loop
      vertex -1.03489 8.93678 -18.3487
      vertex -1.17474 8.923 -34
      vertex -1.12089 8.92831 -18.2781
    endloop
  endfacet
  facet normal -0.0981313 0.995173 0
    outer loop
      vertex -1.12089 8.92831 -18.2781
      vertex -1.17474 8.923 -34
      vertex -1.17474 8.923 -18.2277
    endloop
  endfacet
  facet normal 0.162887 -0.986645 0
    outer loop
      vertex 1.17474 -8.923 -15.7723
      vertex 1.75581 -8.82707 0.0999994
      vertex 1.17474 -8.923 0.0999994
    endloop
  endfacet
  facet normal 0.162764 -0.986665 4.6176e-06
    outer loop
      vertex 1.20208 -8.91849 -15.7979
      vertex 1.75581 -8.82707 0.0999994
      vertex 1.17474 -8.923 -15.7723
    endloop
  endfacet
  facet normal 0.162945 -0.986635 -1.8551e-06
    outer loop
      vertex 1.27813 -8.90593 -15.8791
      vertex 1.75581 -8.82707 0.0999994
      vertex 1.20208 -8.91849 -15.7979
    endloop
  endfacet
  facet normal 0.16288 -0.986646 1.50438e-07
    outer loop
      vertex 1.3487 -8.89428 -15.9651
      vertex 1.75581 -8.82707 0.0999994
      vertex 1.27813 -8.90593 -15.8791
    endloop
  endfacet
  facet normal 0.162916 -0.98664 -7.95485e-07
    outer loop
      vertex 1.4135 -8.88358 -16.0555
      vertex 1.75581 -8.82707 0.0999994
      vertex 1.3487 -8.89428 -15.9651
    endloop
  endfacet
  facet normal 0.162768 -0.986664 2.42664e-06
    outer loop
      vertex 1.47224 -8.87389 -16.15
      vertex 1.75581 -8.82707 0.0999994
      vertex 1.4135 -8.88358 -16.0555
    endloop
  endfacet
  facet normal 0.162933 -0.986637 -5.33028e-07
    outer loop
      vertex 1.52468 -8.86523 -16.2481
      vertex 1.75581 -8.82707 0.0999994
      vertex 1.47224 -8.87389 -16.15
    endloop
  endfacet
  facet normal 0.1629 -0.986643 -5.07373e-08
    outer loop
      vertex 1.57059 -8.85765 -16.3494
      vertex 1.75581 -8.82707 0.0999994
      vertex 1.52468 -8.86523 -16.2481
    endloop
  endfacet
  facet normal 0.162888 -0.986644 8.44058e-08
    outer loop
      vertex 1.60978 -8.85118 -16.4536
      vertex 1.75581 -8.82707 0.0999994
      vertex 1.57059 -8.85765 -16.3494
    endloop
  endfacet
  facet normal 0.162864 -0.986649 3.08522e-07
    outer loop
      vertex 1.64207 -8.84585 -16.56
      vertex 1.75581 -8.82707 0.0999994
      vertex 1.60978 -8.85118 -16.4536
    endloop
  endfacet
  facet normal 0.163249 -0.986585 -2.3925e-06
    outer loop
      vertex 1.66733 -8.84167 -16.6683
      vertex 1.75581 -8.82707 0.0999994
      vertex 1.64207 -8.84585 -16.56
    endloop
  endfacet
  facet normal 0.162725 -0.986672 4.4911e-07
    outer loop
      vertex 1.68546 -8.83868 -16.7781
      vertex 1.75581 -8.82707 0.0999994
      vertex 1.66733 -8.84167 -16.6683
    endloop
  endfacet
  facet normal 0.162927 -0.986638 -4.16761e-07
    outer loop
      vertex 1.69636 -8.83688 -16.8888
      vertex 1.75581 -8.82707 0.0999994
      vertex 1.68546 -8.83868 -16.7781
    endloop
  endfacet
  facet normal 0.162657 -0.986683 5.53522e-07
    outer loop
      vertex 1.7 -8.83628 -17
      vertex 1.75581 -8.82707 0.0999994
      vertex 1.69636 -8.83688 -16.8888
    endloop
  endfacet
  facet normal 0.162887 -0.986645 0
    outer loop
      vertex 1.75581 -8.82707 -34
      vertex 1.17474 -8.923 -18.2277
      vertex 1.17474 -8.923 -34
    endloop
  endfacet
  facet normal 0.162764 -0.986665 -4.6459e-06
    outer loop
      vertex 1.17474 -8.923 -18.2277
      vertex 1.75581 -8.82707 -34
      vertex 1.20208 -8.91849 -18.2021
    endloop
  endfacet
  facet normal 0.162945 -0.986635 1.86642e-06
    outer loop
      vertex 1.20208 -8.91849 -18.2021
      vertex 1.75581 -8.82707 -34
      vertex 1.27813 -8.90593 -18.1209
    endloop
  endfacet
  facet normal 0.16288 -0.986646 -1.51352e-07
    outer loop
      vertex 1.27813 -8.90593 -18.1209
      vertex 1.75581 -8.82707 -34
      vertex 1.3487 -8.89428 -18.0349
    endloop
  endfacet
  facet normal 0.162916 -0.98664 8.00296e-07
    outer loop
      vertex 1.3487 -8.89428 -18.0349
      vertex 1.75581 -8.82707 -34
      vertex 1.4135 -8.88358 -17.9445
    endloop
  endfacet
  facet normal 0.162768 -0.986664 -2.44125e-06
    outer loop
      vertex 1.4135 -8.88358 -17.9445
      vertex 1.75581 -8.82707 -34
      vertex 1.47224 -8.87389 -17.85
    endloop
  endfacet
  facet normal 0.162933 -0.986637 5.36223e-07
    outer loop
      vertex 1.47224 -8.87389 -17.85
      vertex 1.75581 -8.82707 -34
      vertex 1.52468 -8.86523 -17.7519
    endloop
  endfacet
  facet normal 0.1629 -0.986643 5.10401e-08
    outer loop
      vertex 1.52468 -8.86523 -17.7519
      vertex 1.75581 -8.82707 -34
      vertex 1.57059 -8.85765 -17.6506
    endloop
  endfacet
  facet normal 0.162888 -0.986644 -8.4907e-08
    outer loop
      vertex 1.57059 -8.85765 -17.6506
      vertex 1.75581 -8.82707 -34
      vertex 1.60978 -8.85118 -17.5464
    endloop
  endfacet
  facet normal 0.162864 -0.986649 -3.10344e-07
    outer loop
      vertex 1.60978 -8.85118 -17.5464
      vertex 1.75581 -8.82707 -34
      vertex 1.64207 -8.84585 -17.44
    endloop
  endfacet
  facet normal 0.163249 -0.986585 2.40653e-06
    outer loop
      vertex 1.64207 -8.84585 -17.44
      vertex 1.75581 -8.82707 -34
      vertex 1.66733 -8.84167 -17.3317
    endloop
  endfacet
  facet normal 0.162725 -0.986672 -4.5172e-07
    outer loop
      vertex 1.66733 -8.84167 -17.3317
      vertex 1.75581 -8.82707 -34
      vertex 1.68546 -8.83868 -17.2219
    endloop
  endfacet
  facet normal 0.162927 -0.986638 4.19144e-07
    outer loop
      vertex 1.68546 -8.83868 -17.2219
      vertex 1.75581 -8.82707 -34
      vertex 1.69636 -8.83688 -17.1112
    endloop
  endfacet
  facet normal 0.162822 -0.986655 0
    outer loop
      vertex 1.7 -8.83628 -17
      vertex 1.75581 -8.82707 -34
      vertex 1.75581 -8.82707 0.0999994
    endloop
  endfacet
  facet normal 0.162657 -0.986683 -5.56481e-07
    outer loop
      vertex 1.69636 -8.83688 -17.1112
      vertex 1.75581 -8.82707 -34
      vertex 1.7 -8.83628 -17
    endloop
  endfacet
  facet normal 0.47139 -0.881925 0
    outer loop
      vertex 3.9806 -8.07185 -34
      vertex 4.5 -7.79423 0.0999994
      vertex 3.9806 -8.07185 0.0999994
    endloop
  endfacet
  facet normal 0.47139 -0.881925 0
    outer loop
      vertex 4.5 -7.79423 0.0999994
      vertex 3.9806 -8.07185 -34
      vertex 4.5 -7.79423 -34
    endloop
  endfacet
  facet normal -0.634391 -0.773012 0
    outer loop
      vertex -5.93411 -6.76656 -34
      vertex -5.47885 -7.14018 0.0999994
      vertex -5.93411 -6.76656 0.0999994
    endloop
  endfacet
  facet normal -0.634391 -0.773012 -0
    outer loop
      vertex -5.47885 -7.14018 0.0999994
      vertex -5.93411 -6.76656 -34
      vertex -5.47885 -7.14018 -34
    endloop
  endfacet
  facet normal 0.35224 0.93591 -0
    outer loop
      vertex 3.44415 8.31492 -34
      vertex 2.89295 8.52237 0.0999994
      vertex 3.44415 8.31492 0.0999994
    endloop
  endfacet
  facet normal 0.35224 0.93591 0
    outer loop
      vertex 2.89295 8.52237 0.0999994
      vertex 3.44415 8.31492 -34
      vertex 2.89295 8.52237 -34
    endloop
  endfacet
  facet normal 0.910859 0.412718 0
    outer loop
      vertex 8.31492 3.44415 0.0999994
      vertex 8.07185 3.9806 -34
      vertex 8.07185 3.9806 0.0999994
    endloop
  endfacet
  facet normal 0.910859 0.412718 0
    outer loop
      vertex 8.07185 3.9806 -34
      vertex 8.31492 3.44415 0.0999994
      vertex 8.31492 3.44415 -34
    endloop
  endfacet
  facet normal -0.412718 -0.910859 0
    outer loop
      vertex -3.9806 -8.07185 -34
      vertex -3.44415 -8.31492 0.0999994
      vertex -3.9806 -8.07185 0.0999994
    endloop
  endfacet
  facet normal -0.412718 -0.910859 -0
    outer loop
      vertex -3.44415 -8.31492 0.0999994
      vertex -3.9806 -8.07185 -34
      vertex -3.44415 -8.31492 -34
    endloop
  endfacet
  facet normal -0.881925 -0.47139 0
    outer loop
      vertex -7.79423 -4.5 -34
      vertex -8.07185 -3.9806 0.0999994
      vertex -8.07185 -3.9806 -34
    endloop
  endfacet
  facet normal -0.881925 -0.47139 0
    outer loop
      vertex -8.07185 -3.9806 0.0999994
      vertex -7.79423 -4.5 -34
      vertex -7.79423 -4.5 0.0999994
    endloop
  endfacet
  facet normal -0.973875 -0.227084 0
    outer loop
      vertex -8.69333 -2.32937 -34
      vertex -8.82707 -1.75581 0.0999994
      vertex -8.82707 -1.75581 -34
    endloop
  endfacet
  facet normal -0.973875 -0.227084 0
    outer loop
      vertex -8.82707 -1.75581 0.0999994
      vertex -8.69333 -2.32937 -34
      vertex -8.69333 -2.32937 0.0999994
    endloop
  endfacet
  facet normal 0.582482 -0.812843 0
    outer loop
      vertex 5.00013 -7.48323 -34
      vertex 5.47885 -7.14018 0.0999994
      vertex 5.00013 -7.48323 0.0999994
    endloop
  endfacet
  facet normal 0.582482 -0.812843 0
    outer loop
      vertex 5.47885 -7.14018 0.0999994
      vertex 5.00013 -7.48323 -34
      vertex 5.47885 -7.14018 -34
    endloop
  endfacet
  facet normal -0.290284 -0.95694 0
    outer loop
      vertex -2.89295 -8.52237 -34
      vertex -2.32937 -8.69333 0.0999994
      vertex -2.89295 -8.52237 0.0999994
    endloop
  endfacet
  facet normal -0.290284 -0.95694 -0
    outer loop
      vertex -2.32937 -8.69333 0.0999994
      vertex -2.89295 -8.52237 -34
      vertex -2.32937 -8.69333 -34
    endloop
  endfacet
  facet normal 0.634391 0.773012 -0
    outer loop
      vertex 5.93411 6.76656 -34
      vertex 5.47885 7.14018 0.0999994
      vertex 5.93411 6.76656 0.0999994
    endloop
  endfacet
  facet normal 0.634391 0.773012 0
    outer loop
      vertex 5.47885 7.14018 0.0999994
      vertex 5.93411 6.76656 -34
      vertex 5.47885 7.14018 -34
    endloop
  endfacet
  facet normal 0.849203 0.528067 0
    outer loop
      vertex 7.79423 4.5 0.0999994
      vertex 7.48323 5.00013 -34
      vertex 7.48323 5.00013 0.0999994
    endloop
  endfacet
  facet normal 0.849203 0.528067 0
    outer loop
      vertex 7.48323 5.00013 -34
      vertex 7.79423 4.5 0.0999994
      vertex 7.79423 4.5 -34
    endloop
  endfacet
  facet normal 0.995184 -0.0980254 0
    outer loop
      vertex 8.98073 -0.588628 0.0999994
      vertex 8.95991 -0.799999 -0.0999994
      vertex 8.98073 -0.588628 -0.0999994
    endloop
  endfacet
  facet normal 0.995184 -0.0980222 -3.42995e-06
    outer loop
      vertex 8.923 -1.17474 0.0999994
      vertex 8.95991 -0.799999 -0.0999994
      vertex 8.98073 -0.588628 0.0999994
    endloop
  endfacet
  facet normal 0.995184 -0.0980204 0
    outer loop
      vertex 8.923 -1.17474 -34
      vertex 8.95991 -0.799999 -0.0999994
      vertex 8.923 -1.17474 0.0999994
    endloop
  endfacet
  facet normal 0.995184 -0.0980204 0
    outer loop
      vertex 8.95991 -0.799999 -0.0999994
      vertex 8.923 -1.17474 -34
      vertex 8.95991 -0.799999 -34
    endloop
  endfacet
  facet normal -0.849203 0.528067 0
    outer loop
      vertex -7.79423 4.5 -34
      vertex -7.48323 5.00013 0.0999994
      vertex -7.48323 5.00013 -34
    endloop
  endfacet
  facet normal -0.849203 0.528067 0
    outer loop
      vertex -7.48323 5.00013 0.0999994
      vertex -7.79423 4.5 -34
      vertex -7.79423 4.5 0.0999994
    endloop
  endfacet
  facet normal -0.910859 0.412718 0
    outer loop
      vertex -8.31492 3.44415 -34
      vertex -8.07185 3.9806 0.0999994
      vertex -8.07185 3.9806 -34
    endloop
  endfacet
  facet normal -0.910859 0.412718 0
    outer loop
      vertex -8.07185 3.9806 0.0999994
      vertex -8.31492 3.44415 -34
      vertex -8.31492 3.44415 0.0999994
    endloop
  endfacet
  facet normal 0.683594 0.729863 -0
    outer loop
      vertex 6.36396 6.36396 -34
      vertex 5.93411 6.76656 0.0999994
      vertex 6.36396 6.36396 0.0999994
    endloop
  endfacet
  facet normal 0.683594 0.729863 0
    outer loop
      vertex 5.93411 6.76656 0.0999994
      vertex 6.36396 6.36396 -34
      vertex 5.93411 6.76656 -34
    endloop
  endfacet
  facet normal 0.47139 0.881925 -0
    outer loop
      vertex 4.5 7.79423 -34
      vertex 3.9806 8.07185 0.0999994
      vertex 4.5 7.79423 0.0999994
    endloop
  endfacet
  facet normal 0.47139 0.881925 0
    outer loop
      vertex 3.9806 8.07185 0.0999994
      vertex 4.5 7.79423 -34
      vertex 3.9806 8.07185 -34
    endloop
  endfacet
  facet normal -0.683594 0.729863 0
    outer loop
      vertex -5.93411 6.76656 -34
      vertex -6.36396 6.36396 0.0999994
      vertex -5.93411 6.76656 0.0999994
    endloop
  endfacet
  facet normal -0.683594 0.729863 0
    outer loop
      vertex -6.36396 6.36396 0.0999994
      vertex -5.93411 6.76656 -34
      vertex -6.36396 6.36396 -34
    endloop
  endfacet
  facet normal 0.986645 -0.162887 0
    outer loop
      vertex 8.82707 -1.75581 0.0999994
      vertex 8.923 -1.17474 -34
      vertex 8.923 -1.17474 0.0999994
    endloop
  endfacet
  facet normal 0.986645 -0.162887 0
    outer loop
      vertex 8.923 -1.17474 -34
      vertex 8.82707 -1.75581 0.0999994
      vertex 8.82707 -1.75581 -34
    endloop
  endfacet
  facet normal -0.881925 0.47139 0
    outer loop
      vertex -8.07185 3.9806 -34
      vertex -7.79423 4.5 0.0999994
      vertex -7.79423 4.5 -34
    endloop
  endfacet
  facet normal -0.881925 0.47139 0
    outer loop
      vertex -7.79423 4.5 0.0999994
      vertex -8.07185 3.9806 -34
      vertex -8.07185 3.9806 0.0999994
    endloop
  endfacet
  facet normal 0.881925 -0.47139 0
    outer loop
      vertex 7.79423 -4.5 0.0999994
      vertex 8.07185 -3.9806 -34
      vertex 8.07185 -3.9806 0.0999994
    endloop
  endfacet
  facet normal 0.881925 -0.47139 0
    outer loop
      vertex 8.07185 -3.9806 -34
      vertex 7.79423 -4.5 0.0999994
      vertex 7.79423 -4.5 -34
    endloop
  endfacet
  facet normal -0.0981313 -0.995173 0
    outer loop
      vertex -1.17474 -8.923 -34
      vertex -1.12089 -8.92831 -18.2781
      vertex -1.17474 -8.923 -18.2277
    endloop
  endfacet
  facet normal -0.0980145 -0.995185 -4.04053e-07
    outer loop
      vertex -1.17474 -8.923 -34
      vertex -1.03489 -8.93678 -18.3487
      vertex -1.12089 -8.92831 -18.2781
    endloop
  endfacet
  facet normal -0.0979547 -0.995191 -9.43398e-07
    outer loop
      vertex -1.17474 -8.923 -34
      vertex -0.944468 -8.94568 -18.4135
      vertex -1.03489 -8.93678 -18.3487
    endloop
  endfacet
  facet normal -0.0980752 -0.995179 8.54164e-07
    outer loop
      vertex -1.17474 -8.923 -34
      vertex -0.849999 -8.95499 -18.4722
      vertex -0.944468 -8.94568 -18.4135
    endloop
  endfacet
  facet normal -0.0979886 -0.995188 -9.74763e-07
    outer loop
      vertex -1.17474 -8.923 -34
      vertex -0.75189 -8.96465 -18.5247
      vertex -0.849999 -8.95499 -18.4722
    endloop
  endfacet
  facet normal -0.0980169 -0.995185 -1.94241e-07
    outer loop
      vertex -1.17474 -8.923 -34
      vertex -0.650561 -8.97463 -18.5706
      vertex -0.75189 -8.96465 -18.5247
    endloop
  endfacet
  facet normal -0.0980193 -0.995185 -1.11971e-07
    outer loop
      vertex -1.17474 -8.923 -34
      vertex -0.588628 -8.98073 -18.5939
      vertex -0.650561 -8.97463 -18.5706
    endloop
  endfacet
  facet normal -0.0980222 -0.995184 -0
    outer loop
      vertex -0.588628 -8.98073 -18.5939
      vertex -1.17474 -8.923 -34
      vertex -0.588628 -8.98073 -34
    endloop
  endfacet
  facet normal -0.0980222 -0.995184 0
    outer loop
      vertex -1.17474 -8.923 0.0999994
      vertex -0.588628 -8.98073 -15.4061
      vertex -0.588628 -8.98073 0.0999994
    endloop
  endfacet
  facet normal -0.0980193 -0.995185 1.11259e-07
    outer loop
      vertex -1.17474 -8.923 0.0999994
      vertex -0.650561 -8.97463 -15.4294
      vertex -0.588628 -8.98073 -15.4061
    endloop
  endfacet
  facet normal -0.0980169 -0.995185 1.93009e-07
    outer loop
      vertex -1.17474 -8.923 0.0999994
      vertex -0.75189 -8.96465 -15.4753
      vertex -0.650561 -8.97463 -15.4294
    endloop
  endfacet
  facet normal -0.0979886 -0.995188 9.68594e-07
    outer loop
      vertex -1.17474 -8.923 0.0999994
      vertex -0.849999 -8.95499 -15.5278
      vertex -0.75189 -8.96465 -15.4753
    endloop
  endfacet
  facet normal -0.0980752 -0.995179 -8.48768e-07
    outer loop
      vertex -1.17474 -8.923 0.0999994
      vertex -0.944468 -8.94568 -15.5865
      vertex -0.849999 -8.95499 -15.5278
    endloop
  endfacet
  facet normal -0.0979547 -0.995191 9.37447e-07
    outer loop
      vertex -1.17474 -8.923 0.0999994
      vertex -1.03489 -8.93678 -15.6513
      vertex -0.944468 -8.94568 -15.5865
    endloop
  endfacet
  facet normal -0.0980145 -0.995185 4.01506e-07
    outer loop
      vertex -1.17474 -8.923 0.0999994
      vertex -1.12089 -8.92831 -15.7219
      vertex -1.03489 -8.93678 -15.6513
    endloop
  endfacet
  facet normal -0.0981313 -0.995173 0
    outer loop
      vertex -1.12089 -8.92831 -15.7219
      vertex -1.17474 -8.923 0.0999994
      vertex -1.17474 -8.923 -15.7723
    endloop
  endfacet
  facet normal -0.528067 -0.849203 0
    outer loop
      vertex -5.00013 -7.48323 -34
      vertex -4.5 -7.79423 0.0999994
      vertex -5.00013 -7.48323 0.0999994
    endloop
  endfacet
  facet normal -0.528067 -0.849203 -0
    outer loop
      vertex -4.5 -7.79423 0.0999994
      vertex -5.00013 -7.48323 -34
      vertex -4.5 -7.79423 -34
    endloop
  endfacet
  facet normal 0.0327196 0.999465 0
    outer loop
      vertex 0.588628 8.98073 0.0999994
      vertex 0 9 -15.3
      vertex 0 9 0.0999994
    endloop
  endfacet
  facet normal 0.0327207 0.999465 -4.1375e-08
    outer loop
      vertex 0.588628 8.98073 0.0999994
      vertex 0.111185 8.99636 -15.3036
      vertex 0 9 -15.3
    endloop
  endfacet
  facet normal 0.032681 0.999466 1.19082e-06
    outer loop
      vertex 0.588628 8.98073 0.0999994
      vertex 0.221894 8.99274 -15.3145
      vertex 0.111185 8.99636 -15.3036
    endloop
  endfacet
  facet normal 0.0327813 0.999463 -1.1985e-06
    outer loop
      vertex 0.588628 8.98073 0.0999994
      vertex 0.331653 8.98914 -15.3327
      vertex 0.221894 8.99274 -15.3145
    endloop
  endfacet
  facet normal 0.032658 0.999467 8.57179e-07
    outer loop
      vertex 0.588628 8.98073 0.0999994
      vertex 0.439992 8.9856 -15.3579
      vertex 0.331653 8.98914 -15.3327
    endloop
  endfacet
  facet normal 0.0327661 0.999463 -1.83975e-07
    outer loop
      vertex 0.588628 8.98073 0.0999994
      vertex 0.546447 8.98211 -15.3902
      vertex 0.439992 8.9856 -15.3579
    endloop
  endfacet
  facet normal 0.0326987 0.999465 0
    outer loop
      vertex 0.546447 8.98211 -15.3902
      vertex 0.588628 8.98073 0.0999994
      vertex 0.588628 8.98073 -15.4061
    endloop
  endfacet
  facet normal 0.0326987 0.999465 -0
    outer loop
      vertex 0.588628 8.98073 -34
      vertex 0.546447 8.98211 -18.6098
      vertex 0.588628 8.98073 -18.5939
    endloop
  endfacet
  facet normal 0.0327661 0.999463 1.85169e-07
    outer loop
      vertex 0.588628 8.98073 -34
      vertex 0.439992 8.9856 -18.6421
      vertex 0.546447 8.98211 -18.6098
    endloop
  endfacet
  facet normal 0.032658 0.999467 -8.62747e-07
    outer loop
      vertex 0.588628 8.98073 -34
      vertex 0.331653 8.98914 -18.6673
      vertex 0.439992 8.9856 -18.6421
    endloop
  endfacet
  facet normal 0.0327813 0.999463 1.20629e-06
    outer loop
      vertex 0.588628 8.98073 -34
      vertex 0.221894 8.99274 -18.6855
      vertex 0.331653 8.98914 -18.6673
    endloop
  endfacet
  facet normal 0.032681 0.999466 -1.19858e-06
    outer loop
      vertex 0.588628 8.98073 -34
      vertex 0.111185 8.99636 -18.6964
      vertex 0.221894 8.99274 -18.6855
    endloop
  endfacet
  facet normal 0.0327207 0.999465 4.16451e-08
    outer loop
      vertex 0.588628 8.98073 -34
      vertex 0 9 -18.7
      vertex 0.111185 8.99636 -18.6964
    endloop
  endfacet
  facet normal 0.0327196 0.999465 0
    outer loop
      vertex 0 9 -18.7
      vertex 0.588628 8.98073 -34
      vertex 0 9 -34
    endloop
  endfacet
  facet normal -0.162887 -0.986645 0
    outer loop
      vertex -1.75581 -8.82707 0.0999994
      vertex -1.17474 -8.923 -15.7723
      vertex -1.17474 -8.923 0.0999994
    endloop
  endfacet
  facet normal -0.162764 -0.986665 4.6176e-06
    outer loop
      vertex -1.75581 -8.82707 0.0999994
      vertex -1.20208 -8.91849 -15.7979
      vertex -1.17474 -8.923 -15.7723
    endloop
  endfacet
  facet normal -0.162945 -0.986635 -1.8551e-06
    outer loop
      vertex -1.75581 -8.82707 0.0999994
      vertex -1.27813 -8.90593 -15.8791
      vertex -1.20208 -8.91849 -15.7979
    endloop
  endfacet
  facet normal -0.16288 -0.986646 1.50438e-07
    outer loop
      vertex -1.75581 -8.82707 0.0999994
      vertex -1.3487 -8.89428 -15.9651
      vertex -1.27813 -8.90593 -15.8791
    endloop
  endfacet
  facet normal -0.162916 -0.98664 -7.95485e-07
    outer loop
      vertex -1.75581 -8.82707 0.0999994
      vertex -1.4135 -8.88358 -16.0555
      vertex -1.3487 -8.89428 -15.9651
    endloop
  endfacet
  facet normal -0.162768 -0.986664 2.42664e-06
    outer loop
      vertex -1.75581 -8.82707 0.0999994
      vertex -1.47224 -8.87389 -16.15
      vertex -1.4135 -8.88358 -16.0555
    endloop
  endfacet
  facet normal -0.162933 -0.986637 -5.33028e-07
    outer loop
      vertex -1.75581 -8.82707 0.0999994
      vertex -1.52468 -8.86523 -16.2481
      vertex -1.47224 -8.87389 -16.15
    endloop
  endfacet
  facet normal -0.1629 -0.986643 -5.07373e-08
    outer loop
      vertex -1.75581 -8.82707 0.0999994
      vertex -1.57059 -8.85765 -16.3494
      vertex -1.52468 -8.86523 -16.2481
    endloop
  endfacet
  facet normal -0.162888 -0.986644 8.44058e-08
    outer loop
      vertex -1.75581 -8.82707 0.0999994
      vertex -1.60978 -8.85118 -16.4536
      vertex -1.57059 -8.85765 -16.3494
    endloop
  endfacet
  facet normal -0.162864 -0.986649 3.08522e-07
    outer loop
      vertex -1.75581 -8.82707 0.0999994
      vertex -1.64207 -8.84585 -16.56
      vertex -1.60978 -8.85118 -16.4536
    endloop
  endfacet
  facet normal -0.163249 -0.986585 -2.3925e-06
    outer loop
      vertex -1.75581 -8.82707 0.0999994
      vertex -1.66733 -8.84167 -16.6683
      vertex -1.64207 -8.84585 -16.56
    endloop
  endfacet
  facet normal -0.162725 -0.986672 4.4911e-07
    outer loop
      vertex -1.75581 -8.82707 0.0999994
      vertex -1.68546 -8.83868 -16.7781
      vertex -1.66733 -8.84167 -16.6683
    endloop
  endfacet
  facet normal -0.162927 -0.986638 -4.16761e-07
    outer loop
      vertex -1.75581 -8.82707 0.0999994
      vertex -1.69636 -8.83688 -16.8888
      vertex -1.68546 -8.83868 -16.7781
    endloop
  endfacet
  facet normal -0.162657 -0.986683 5.53522e-07
    outer loop
      vertex -1.75581 -8.82707 0.0999994
      vertex -1.7 -8.83628 -17
      vertex -1.69636 -8.83688 -16.8888
    endloop
  endfacet
  facet normal -0.162822 -0.986655 0
    outer loop
      vertex -1.75581 -8.82707 -34
      vertex -1.7 -8.83628 -17
      vertex -1.75581 -8.82707 0.0999994
    endloop
  endfacet
  facet normal -0.162657 -0.986683 -5.56481e-07
    outer loop
      vertex -1.75581 -8.82707 -34
      vertex -1.69636 -8.83688 -17.1112
      vertex -1.7 -8.83628 -17
    endloop
  endfacet
  facet normal -0.162927 -0.986638 4.19144e-07
    outer loop
      vertex -1.75581 -8.82707 -34
      vertex -1.68546 -8.83868 -17.2219
      vertex -1.69636 -8.83688 -17.1112
    endloop
  endfacet
  facet normal -0.162725 -0.986672 -4.5172e-07
    outer loop
      vertex -1.75581 -8.82707 -34
      vertex -1.66733 -8.84167 -17.3317
      vertex -1.68546 -8.83868 -17.2219
    endloop
  endfacet
  facet normal -0.163249 -0.986585 2.40653e-06
    outer loop
      vertex -1.75581 -8.82707 -34
      vertex -1.64207 -8.84585 -17.44
      vertex -1.66733 -8.84167 -17.3317
    endloop
  endfacet
  facet normal -0.162864 -0.986649 -3.10344e-07
    outer loop
      vertex -1.75581 -8.82707 -34
      vertex -1.60978 -8.85118 -17.5464
      vertex -1.64207 -8.84585 -17.44
    endloop
  endfacet
  facet normal -0.162888 -0.986644 -8.4907e-08
    outer loop
      vertex -1.75581 -8.82707 -34
      vertex -1.57059 -8.85765 -17.6506
      vertex -1.60978 -8.85118 -17.5464
    endloop
  endfacet
  facet normal -0.1629 -0.986643 5.10401e-08
    outer loop
      vertex -1.75581 -8.82707 -34
      vertex -1.52468 -8.86523 -17.7519
      vertex -1.57059 -8.85765 -17.6506
    endloop
  endfacet
  facet normal -0.162933 -0.986637 5.36223e-07
    outer loop
      vertex -1.75581 -8.82707 -34
      vertex -1.47224 -8.87389 -17.85
      vertex -1.52468 -8.86523 -17.7519
    endloop
  endfacet
  facet normal -0.162768 -0.986664 -2.44125e-06
    outer loop
      vertex -1.75581 -8.82707 -34
      vertex -1.4135 -8.88358 -17.9445
      vertex -1.47224 -8.87389 -17.85
    endloop
  endfacet
  facet normal -0.162916 -0.98664 8.00296e-07
    outer loop
      vertex -1.75581 -8.82707 -34
      vertex -1.3487 -8.89428 -18.0349
      vertex -1.4135 -8.88358 -17.9445
    endloop
  endfacet
  facet normal -0.16288 -0.986646 -1.51352e-07
    outer loop
      vertex -1.75581 -8.82707 -34
      vertex -1.27813 -8.90593 -18.1209
      vertex -1.3487 -8.89428 -18.0349
    endloop
  endfacet
  facet normal -0.162945 -0.986635 1.86642e-06
    outer loop
      vertex -1.75581 -8.82707 -34
      vertex -1.20208 -8.91849 -18.2021
      vertex -1.27813 -8.90593 -18.1209
    endloop
  endfacet
  facet normal -0.162764 -0.986665 -4.6459e-06
    outer loop
      vertex -1.75581 -8.82707 -34
      vertex -1.17474 -8.923 -18.2277
      vertex -1.20208 -8.91849 -18.2021
    endloop
  endfacet
  facet normal -0.162887 -0.986645 -0
    outer loop
      vertex -1.17474 -8.923 -18.2277
      vertex -1.75581 -8.82707 -34
      vertex -1.17474 -8.923 -34
    endloop
  endfacet
  facet normal -0.995184 -0.0980222 0
    outer loop
      vertex -8.923 -1.17474 -34
      vertex -8.98073 -0.588628 0.0999994
      vertex -8.98073 -0.588628 -34
    endloop
  endfacet
  facet normal -0.995184 -0.0980222 0
    outer loop
      vertex -8.98073 -0.588628 0.0999994
      vertex -8.923 -1.17474 -34
      vertex -8.923 -1.17474 0.0999994
    endloop
  endfacet
  facet normal 0.999465 -0.0327196 0
    outer loop
      vertex 8.98073 -0.588628 0.0999994
      vertex 9 0 -0.0999994
      vertex 9 0 0.0999994
    endloop
  endfacet
  facet normal 0.999465 -0.0327196 0
    outer loop
      vertex 9 0 -0.0999994
      vertex 8.98073 -0.588628 0.0999994
      vertex 8.98073 -0.588628 -0.0999994
    endloop
  endfacet
  facet normal -0.986645 0.162887 0
    outer loop
      vertex -8.923 1.17474 -34
      vertex -8.82707 1.75581 0.0999994
      vertex -8.82707 1.75581 -34
    endloop
  endfacet
  facet normal -0.986645 0.162887 0
    outer loop
      vertex -8.82707 1.75581 0.0999994
      vertex -8.923 1.17474 -34
      vertex -8.923 1.17474 0.0999994
    endloop
  endfacet
  facet normal -0.528067 0.849203 0
    outer loop
      vertex -4.5 7.79423 -34
      vertex -5.00013 7.48323 0.0999994
      vertex -4.5 7.79423 0.0999994
    endloop
  endfacet
  facet normal -0.528067 0.849203 0
    outer loop
      vertex -5.00013 7.48323 0.0999994
      vertex -4.5 7.79423 -34
      vertex -5.00013 7.48323 -34
    endloop
  endfacet
  facet normal -0.729863 0.683594 0
    outer loop
      vertex -6.76656 5.93411 -34
      vertex -6.36396 6.36396 0.0999994
      vertex -6.36396 6.36396 -34
    endloop
  endfacet
  facet normal -0.729863 0.683594 0
    outer loop
      vertex -6.36396 6.36396 0.0999994
      vertex -6.76656 5.93411 -34
      vertex -6.76656 5.93411 0.0999994
    endloop
  endfacet
  facet normal -0.812843 -0.582482 0
    outer loop
      vertex -7.14018 -5.47885 -34
      vertex -7.48323 -5.00013 0.0999994
      vertex -7.48323 -5.00013 -34
    endloop
  endfacet
  facet normal -0.812843 -0.582482 0
    outer loop
      vertex -7.48323 -5.00013 0.0999994
      vertex -7.14018 -5.47885 -34
      vertex -7.14018 -5.47885 0.0999994
    endloop
  endfacet
  facet normal 0 0 1
    outer loop
      vertex 5.6 0 0.0999994
      vertex 9 0 0.0999994
      vertex 8.98073 0.588628 0.0999994
    endloop
  endfacet
  facet normal 0 0 1
    outer loop
      vertex 5.58801 0.366257 0.0999994
      vertex 8.98073 0.588628 0.0999994
      vertex 8.923 1.17474 0.0999994
    endloop
  endfacet
  facet normal 0 0 1
    outer loop
      vertex 9 0 0.0999994
      vertex 5.6 0 0.0999994
      vertex 8.98073 -0.588628 0.0999994
    endloop
  endfacet
  facet normal 0 0 1
    outer loop
      vertex 5.55209 0.730947 0.0999994
      vertex 8.923 1.17474 0.0999994
      vertex 8.82707 1.75581 0.0999994
    endloop
  endfacet
  facet normal -0 0 1
    outer loop
      vertex 5.58801 -0.366257 0.0999994
      vertex 8.98073 -0.588628 0.0999994
      vertex 5.6 0 0.0999994
    endloop
  endfacet
  facet normal 0 0 1
    outer loop
      vertex 5.4924 1.09251 0.0999994
      vertex 8.82707 1.75581 0.0999994
      vertex 8.69333 2.32937 0.0999994
    endloop
  endfacet
  facet normal 0 0 1
    outer loop
      vertex 8.98073 -0.588628 0.0999994
      vertex 5.58801 -0.366257 0.0999994
      vertex 8.923 -1.17474 0.0999994
    endloop
  endfacet
  facet normal 0 0 1
    outer loop
      vertex 5.40918 1.44939 0.0999994
      vertex 8.69333 2.32937 0.0999994
      vertex 8.52237 2.89295 0.0999994
    endloop
  endfacet
  facet normal -0 0 1
    outer loop
      vertex 5.55209 -0.730947 0.0999994
      vertex 8.923 -1.17474 0.0999994
      vertex 5.58801 -0.366257 0.0999994
    endloop
  endfacet
  facet normal 0 0 1
    outer loop
      vertex 5.30281 1.80006 0.0999994
      vertex 8.52237 2.89295 0.0999994
      vertex 8.31492 3.44415 0.0999994
    endloop
  endfacet
  facet normal 0 0 1
    outer loop
      vertex 8.923 -1.17474 0.0999994
      vertex 5.55209 -0.730947 0.0999994
      vertex 8.82707 -1.75581 0.0999994
    endloop
  endfacet
  facet normal 0 0 1
    outer loop
      vertex 5.17373 2.14303 0.0999994
      vertex 8.31492 3.44415 0.0999994
      vertex 8.07185 3.9806 0.0999994
    endloop
  endfacet
  facet normal -0 0 1
    outer loop
      vertex 5.4924 -1.09251 0.0999994
      vertex 8.82707 -1.75581 0.0999994
      vertex 5.55209 -0.730947 0.0999994
    endloop
  endfacet
  facet normal 0 0 1
    outer loop
      vertex 5.02249 2.47682 0.0999994
      vertex 8.07185 3.9806 0.0999994
      vertex 7.79423 4.5 0.0999994
    endloop
  endfacet
  facet normal 0 0 1
    outer loop
      vertex 8.82707 -1.75581 0.0999994
      vertex 5.4924 -1.09251 0.0999994
      vertex 8.69333 -2.32937 0.0999994
    endloop
  endfacet
  facet normal 0 0 1
    outer loop
      vertex 4.84974 2.8 0.0999994
      vertex 7.79423 4.5 0.0999994
      vertex 7.48323 5.00013 0.0999994
    endloop
  endfacet
  facet normal -0 0 1
    outer loop
      vertex 5.40918 -1.44939 0.0999994
      vertex 8.69333 -2.32937 0.0999994
      vertex 5.4924 -1.09251 0.0999994
    endloop
  endfacet
  facet normal 0 0 1
    outer loop
      vertex 4.65623 3.11119 0.0999994
      vertex 7.48323 5.00013 0.0999994
      vertex 7.14018 5.47885 0.0999994
    endloop
  endfacet
  facet normal 0 0 1
    outer loop
      vertex 8.69333 -2.32937 0.0999994
      vertex 5.40918 -1.44939 0.0999994
      vertex 8.52237 -2.89295 0.0999994
    endloop
  endfacet
  facet normal 0 0 1
    outer loop
      vertex 4.44278 3.40906 0.0999994
      vertex 7.14018 5.47885 0.0999994
      vertex 6.76656 5.93411 0.0999994
    endloop
  endfacet
  facet normal -0 0 1
    outer loop
      vertex 5.30281 -1.80006 0.0999994
      vertex 8.52237 -2.89295 0.0999994
      vertex 5.40918 -1.44939 0.0999994
    endloop
  endfacet
  facet normal 0 0 1
    outer loop
      vertex 4.2103 3.69234 0.0999994
      vertex 6.76656 5.93411 0.0999994
      vertex 6.36396 6.36396 0.0999994
    endloop
  endfacet
  facet normal 0 0 1
    outer loop
      vertex 8.52237 -2.89295 0.0999994
      vertex 5.30281 -1.80006 0.0999994
      vertex 8.31492 -3.44415 0.0999994
    endloop
  endfacet
  facet normal 0 0 1
    outer loop
      vertex 3.9598 3.9598 0.0999994
      vertex 6.36396 6.36396 0.0999994
      vertex 5.93411 6.76656 0.0999994
    endloop
  endfacet
  facet normal -0 0 1
    outer loop
      vertex 5.17373 -2.14303 0.0999994
      vertex 8.31492 -3.44415 0.0999994
      vertex 5.30281 -1.80006 0.0999994
    endloop
  endfacet
  facet normal 0 0 1
    outer loop
      vertex 8.31492 -3.44415 0.0999994
      vertex 5.17373 -2.14303 0.0999994
      vertex 8.07185 -3.9806 0.0999994
    endloop
  endfacet
  facet normal 0 0 1
    outer loop
      vertex 8.98073 0.588628 0.0999994
      vertex 5.58801 0.366257 0.0999994
      vertex 5.6 0 0.0999994
    endloop
  endfacet
  facet normal 0 0 1
    outer loop
      vertex 8.923 1.17474 0.0999994
      vertex 5.55209 0.730947 0.0999994
      vertex 5.58801 0.366257 0.0999994
    endloop
  endfacet
  facet normal 0 0 1
    outer loop
      vertex 8.82707 1.75581 0.0999994
      vertex 5.4924 1.09251 0.0999994
      vertex 5.55209 0.730947 0.0999994
    endloop
  endfacet
  facet normal 0 0 1
    outer loop
      vertex 3.69234 4.2103 0.0999994
      vertex 5.93411 6.76656 0.0999994
      vertex 5.47885 7.14018 0.0999994
    endloop
  endfacet
  facet normal 0 0 1
    outer loop
      vertex 8.69333 2.32937 0.0999994
      vertex 5.40918 1.44939 0.0999994
      vertex 5.4924 1.09251 0.0999994
    endloop
  endfacet
  facet normal 0 0 1
    outer loop
      vertex 8.52237 2.89295 0.0999994
      vertex 5.30281 1.80006 0.0999994
      vertex 5.40918 1.44939 0.0999994
    endloop
  endfacet
  facet normal 0 0 1
    outer loop
      vertex 8.31492 3.44415 0.0999994
      vertex 5.17373 2.14303 0.0999994
      vertex 5.30281 1.80006 0.0999994
    endloop
  endfacet
  facet normal 0 0 1
    outer loop
      vertex 8.07185 3.9806 0.0999994
      vertex 5.02249 2.47682 0.0999994
      vertex 5.17373 2.14303 0.0999994
    endloop
  endfacet
  facet normal 0 0 1
    outer loop
      vertex 3.40906 4.44278 0.0999994
      vertex 5.47885 7.14018 0.0999994
      vertex 5.00013 7.48323 0.0999994
    endloop
  endfacet
  facet normal 0 0 1
    outer loop
      vertex 7.79423 4.5 0.0999994
      vertex 4.84974 2.8 0.0999994
      vertex 5.02249 2.47682 0.0999994
    endloop
  endfacet
  facet normal 0 0 1
    outer loop
      vertex 7.48323 5.00013 0.0999994
      vertex 4.65623 3.11119 0.0999994
      vertex 4.84974 2.8 0.0999994
    endloop
  endfacet
  facet normal 0 0 1
    outer loop
      vertex 3.11119 4.65623 0.0999994
      vertex 5.00013 7.48323 0.0999994
      vertex 4.5 7.79423 0.0999994
    endloop
  endfacet
  facet normal 0 0 1
    outer loop
      vertex 7.14018 5.47885 0.0999994
      vertex 4.44278 3.40906 0.0999994
      vertex 4.65623 3.11119 0.0999994
    endloop
  endfacet
  facet normal 0 0 1
    outer loop
      vertex 6.76656 5.93411 0.0999994
      vertex 4.2103 3.69234 0.0999994
      vertex 4.44278 3.40906 0.0999994
    endloop
  endfacet
  facet normal 0 0 1
    outer loop
      vertex 2.8 4.84974 0.0999994
      vertex 4.5 7.79423 0.0999994
      vertex 3.9806 8.07185 0.0999994
    endloop
  endfacet
  facet normal 0 0 1
    outer loop
      vertex 6.36396 6.36396 0.0999994
      vertex 3.9598 3.9598 0.0999994
      vertex 4.2103 3.69234 0.0999994
    endloop
  endfacet
  facet normal 0 0 1
    outer loop
      vertex 5.93411 6.76656 0.0999994
      vertex 3.69234 4.2103 0.0999994
      vertex 3.9598 3.9598 0.0999994
    endloop
  endfacet
  facet normal 0 0 1
    outer loop
      vertex 2.47682 5.02249 0.0999994
      vertex 3.9806 8.07185 0.0999994
      vertex 3.44415 8.31492 0.0999994
    endloop
  endfacet
  facet normal 0 0 1
    outer loop
      vertex 5.47885 7.14018 0.0999994
      vertex 3.40906 4.44278 0.0999994
      vertex 3.69234 4.2103 0.0999994
    endloop
  endfacet
  facet normal 0 0 1
    outer loop
      vertex 5.00013 7.48323 0.0999994
      vertex 3.11119 4.65623 0.0999994
      vertex 3.40906 4.44278 0.0999994
    endloop
  endfacet
  facet normal 0 0 1
    outer loop
      vertex 2.14303 5.17373 0.0999994
      vertex 3.44415 8.31492 0.0999994
      vertex 2.89295 8.52237 0.0999994
    endloop
  endfacet
  facet normal 0 0 1
    outer loop
      vertex 4.5 7.79423 0.0999994
      vertex 2.8 4.84974 0.0999994
      vertex 3.11119 4.65623 0.0999994
    endloop
  endfacet
  facet normal 0 0 1
    outer loop
      vertex 3.9806 8.07185 0.0999994
      vertex 2.47682 5.02249 0.0999994
      vertex 2.8 4.84974 0.0999994
    endloop
  endfacet
  facet normal 0 0 1
    outer loop
      vertex 1.80006 5.30281 0.0999994
      vertex 2.89295 8.52237 0.0999994
      vertex 2.32937 8.69333 0.0999994
    endloop
  endfacet
  facet normal 0 0 1
    outer loop
      vertex 3.44415 8.31492 0.0999994
      vertex 2.14303 5.17373 0.0999994
      vertex 2.47682 5.02249 0.0999994
    endloop
  endfacet
  facet normal 0 0 1
    outer loop
      vertex 2.89295 8.52237 0.0999994
      vertex 1.80006 5.30281 0.0999994
      vertex 2.14303 5.17373 0.0999994
    endloop
  endfacet
  facet normal 0 0 1
    outer loop
      vertex 1.44939 5.40918 0.0999994
      vertex 2.32937 8.69333 0.0999994
      vertex 1.75581 8.82707 0.0999994
    endloop
  endfacet
  facet normal 0 0 1
    outer loop
      vertex 2.32937 8.69333 0.0999994
      vertex 1.44939 5.40918 0.0999994
      vertex 1.80006 5.30281 0.0999994
    endloop
  endfacet
  facet normal 0 0 1
    outer loop
      vertex 1.09251 5.4924 0.0999994
      vertex 1.75581 8.82707 0.0999994
      vertex 1.17474 8.923 0.0999994
    endloop
  endfacet
  facet normal 0 0 1
    outer loop
      vertex 1.75581 8.82707 0.0999994
      vertex 1.09251 5.4924 0.0999994
      vertex 1.44939 5.40918 0.0999994
    endloop
  endfacet
  facet normal 0 0 1
    outer loop
      vertex 1.17474 8.923 0.0999994
      vertex 0.730947 5.55209 0.0999994
      vertex 1.09251 5.4924 0.0999994
    endloop
  endfacet
  facet normal 0 0 1
    outer loop
      vertex 0.588628 8.98073 0.0999994
      vertex 0.730947 5.55209 0.0999994
      vertex 1.17474 8.923 0.0999994
    endloop
  endfacet
  facet normal 0 0 1
    outer loop
      vertex 0.588628 8.98073 0.0999994
      vertex 0.366257 5.58801 0.0999994
      vertex 0.730947 5.55209 0.0999994
    endloop
  endfacet
  facet normal 0 0 1
    outer loop
      vertex 0 9 0.0999994
      vertex 0.366257 5.58801 0.0999994
      vertex 0.588628 8.98073 0.0999994
    endloop
  endfacet
  facet normal 0 0 1
    outer loop
      vertex 0 9 0.0999994
      vertex 0 5.6 0.0999994
      vertex 0.366257 5.58801 0.0999994
    endloop
  endfacet
  facet normal 0 0 1
    outer loop
      vertex 0 9 0.0999994
      vertex -0.366257 5.58801 0.0999994
      vertex 0 5.6 0.0999994
    endloop
  endfacet
  facet normal -0 0 1
    outer loop
      vertex -0.588628 8.98073 0.0999994
      vertex -0.366257 5.58801 0.0999994
      vertex 0 9 0.0999994
    endloop
  endfacet
  facet normal 0 0 1
    outer loop
      vertex -0.588628 8.98073 0.0999994
      vertex -0.730947 5.55209 0.0999994
      vertex -0.366257 5.58801 0.0999994
    endloop
  endfacet
  facet normal -0 0 1
    outer loop
      vertex -1.17474 8.923 0.0999994
      vertex -0.730947 5.55209 0.0999994
      vertex -0.588628 8.98073 0.0999994
    endloop
  endfacet
  facet normal 0 0 1
    outer loop
      vertex -0.730947 5.55209 0.0999994
      vertex -1.17474 8.923 0.0999994
      vertex -1.09251 5.4924 0.0999994
    endloop
  endfacet
  facet normal -0 0 1
    outer loop
      vertex -1.75581 8.82707 0.0999994
      vertex -1.09251 5.4924 0.0999994
      vertex -1.17474 8.923 0.0999994
    endloop
  endfacet
  facet normal 0 0 1
    outer loop
      vertex -1.09251 5.4924 0.0999994
      vertex -1.75581 8.82707 0.0999994
      vertex -1.44939 5.40918 0.0999994
    endloop
  endfacet
  facet normal -0 0 1
    outer loop
      vertex -2.32937 8.69333 0.0999994
      vertex -1.44939 5.40918 0.0999994
      vertex -1.75581 8.82707 0.0999994
    endloop
  endfacet
  facet normal 0 0 1
    outer loop
      vertex -1.44939 5.40918 0.0999994
      vertex -2.32937 8.69333 0.0999994
      vertex -1.80006 5.30281 0.0999994
    endloop
  endfacet
  facet normal -0 0 1
    outer loop
      vertex -2.89295 8.52237 0.0999994
      vertex -1.80006 5.30281 0.0999994
      vertex -2.32937 8.69333 0.0999994
    endloop
  endfacet
  facet normal 0 0 1
    outer loop
      vertex -1.80006 5.30281 0.0999994
      vertex -2.89295 8.52237 0.0999994
      vertex -2.14303 5.17373 0.0999994
    endloop
  endfacet
  facet normal -0 0 1
    outer loop
      vertex -3.44415 8.31492 0.0999994
      vertex -2.14303 5.17373 0.0999994
      vertex -2.89295 8.52237 0.0999994
    endloop
  endfacet
  facet normal 0 0 1
    outer loop
      vertex -2.14303 5.17373 0.0999994
      vertex -3.44415 8.31492 0.0999994
      vertex -2.47682 5.02249 0.0999994
    endloop
  endfacet
  facet normal -0 0 1
    outer loop
      vertex -3.9806 8.07185 0.0999994
      vertex -2.47682 5.02249 0.0999994
      vertex -3.44415 8.31492 0.0999994
    endloop
  endfacet
  facet normal 0 0 1
    outer loop
      vertex -2.47682 5.02249 0.0999994
      vertex -3.9806 8.07185 0.0999994
      vertex -2.8 4.84974 0.0999994
    endloop
  endfacet
  facet normal -0 0 1
    outer loop
      vertex -4.5 7.79423 0.0999994
      vertex -2.8 4.84974 0.0999994
      vertex -3.9806 8.07185 0.0999994
    endloop
  endfacet
  facet normal 0 0 1
    outer loop
      vertex -2.8 4.84974 0.0999994
      vertex -4.5 7.79423 0.0999994
      vertex -3.11119 4.65623 0.0999994
    endloop
  endfacet
  facet normal -0 0 1
    outer loop
      vertex -5.00013 7.48323 0.0999994
      vertex -3.11119 4.65623 0.0999994
      vertex -4.5 7.79423 0.0999994
    endloop
  endfacet
  facet normal 0 0 1
    outer loop
      vertex -3.11119 4.65623 0.0999994
      vertex -5.00013 7.48323 0.0999994
      vertex -3.40906 4.44278 0.0999994
    endloop
  endfacet
  facet normal -0 0 1
    outer loop
      vertex -5.47885 7.14018 0.0999994
      vertex -3.40906 4.44278 0.0999994
      vertex -5.00013 7.48323 0.0999994
    endloop
  endfacet
  facet normal 0 0 1
    outer loop
      vertex -3.40906 4.44278 0.0999994
      vertex -5.47885 7.14018 0.0999994
      vertex -3.69234 4.2103 0.0999994
    endloop
  endfacet
  facet normal -0 0 1
    outer loop
      vertex -5.93411 6.76656 0.0999994
      vertex -3.69234 4.2103 0.0999994
      vertex -5.47885 7.14018 0.0999994
    endloop
  endfacet
  facet normal 0 0 1
    outer loop
      vertex -3.69234 4.2103 0.0999994
      vertex -5.93411 6.76656 0.0999994
      vertex -3.9598 3.9598 0.0999994
    endloop
  endfacet
  facet normal -0 0 1
    outer loop
      vertex -6.36396 6.36396 0.0999994
      vertex -3.9598 3.9598 0.0999994
      vertex -5.93411 6.76656 0.0999994
    endloop
  endfacet
  facet normal 0 0 1
    outer loop
      vertex -3.9598 3.9598 0.0999994
      vertex -6.36396 6.36396 0.0999994
      vertex -4.2103 3.69234 0.0999994
    endloop
  endfacet
  facet normal -0 0 1
    outer loop
      vertex -6.76656 5.93411 0.0999994
      vertex -4.2103 3.69234 0.0999994
      vertex -6.36396 6.36396 0.0999994
    endloop
  endfacet
  facet normal 0 0 1
    outer loop
      vertex -4.2103 3.69234 0.0999994
      vertex -6.76656 5.93411 0.0999994
      vertex -4.44278 3.40906 0.0999994
    endloop
  endfacet
  facet normal -0 0 1
    outer loop
      vertex -7.14018 5.47885 0.0999994
      vertex -4.44278 3.40906 0.0999994
      vertex -6.76656 5.93411 0.0999994
    endloop
  endfacet
  facet normal 0 0 1
    outer loop
      vertex -4.44278 3.40906 0.0999994
      vertex -7.14018 5.47885 0.0999994
      vertex -4.65623 3.11119 0.0999994
    endloop
  endfacet
  facet normal -0 0 1
    outer loop
      vertex -7.48323 5.00013 0.0999994
      vertex -4.65623 3.11119 0.0999994
      vertex -7.14018 5.47885 0.0999994
    endloop
  endfacet
  facet normal 0 0 1
    outer loop
      vertex -4.65623 3.11119 0.0999994
      vertex -7.48323 5.00013 0.0999994
      vertex -4.84974 2.8 0.0999994
    endloop
  endfacet
  facet normal -0 0 1
    outer loop
      vertex -7.79423 4.5 0.0999994
      vertex -4.84974 2.8 0.0999994
      vertex -7.48323 5.00013 0.0999994
    endloop
  endfacet
  facet normal 0 0 1
    outer loop
      vertex -4.84974 2.8 0.0999994
      vertex -7.79423 4.5 0.0999994
      vertex -5.02249 2.47682 0.0999994
    endloop
  endfacet
  facet normal -0 0 1
    outer loop
      vertex -8.07185 3.9806 0.0999994
      vertex -5.02249 2.47682 0.0999994
      vertex -7.79423 4.5 0.0999994
    endloop
  endfacet
  facet normal 0 0 1
    outer loop
      vertex -5.02249 2.47682 0.0999994
      vertex -8.07185 3.9806 0.0999994
      vertex -5.17373 2.14303 0.0999994
    endloop
  endfacet
  facet normal -0 0 1
    outer loop
      vertex 5.02249 -2.47682 0.0999994
      vertex 8.07185 -3.9806 0.0999994
      vertex 5.17373 -2.14303 0.0999994
    endloop
  endfacet
  facet normal 0 0 1
    outer loop
      vertex 8.07185 -3.9806 0.0999994
      vertex 5.02249 -2.47682 0.0999994
      vertex 7.79423 -4.5 0.0999994
    endloop
  endfacet
  facet normal -0 0 1
    outer loop
      vertex 4.84974 -2.8 0.0999994
      vertex 7.79423 -4.5 0.0999994
      vertex 5.02249 -2.47682 0.0999994
    endloop
  endfacet
  facet normal 0 0 1
    outer loop
      vertex 7.79423 -4.5 0.0999994
      vertex 4.84974 -2.8 0.0999994
      vertex 7.48323 -5.00013 0.0999994
    endloop
  endfacet
  facet normal -0 0 1
    outer loop
      vertex 4.65623 -3.11119 0.0999994
      vertex 7.48323 -5.00013 0.0999994
      vertex 4.84974 -2.8 0.0999994
    endloop
  endfacet
  facet normal 0 0 1
    outer loop
      vertex 7.48323 -5.00013 0.0999994
      vertex 4.65623 -3.11119 0.0999994
      vertex 7.14018 -5.47885 0.0999994
    endloop
  endfacet
  facet normal -0 0 1
    outer loop
      vertex 4.44278 -3.40906 0.0999994
      vertex 7.14018 -5.47885 0.0999994
      vertex 4.65623 -3.11119 0.0999994
    endloop
  endfacet
  facet normal 0 0 1
    outer loop
      vertex 7.14018 -5.47885 0.0999994
      vertex 4.44278 -3.40906 0.0999994
      vertex 6.76656 -5.93411 0.0999994
    endloop
  endfacet
  facet normal -0 0 1
    outer loop
      vertex 4.2103 -3.69234 0.0999994
      vertex 6.76656 -5.93411 0.0999994
      vertex 4.44278 -3.40906 0.0999994
    endloop
  endfacet
  facet normal 0 0 1
    outer loop
      vertex 6.76656 -5.93411 0.0999994
      vertex 4.2103 -3.69234 0.0999994
      vertex 6.36396 -6.36396 0.0999994
    endloop
  endfacet
  facet normal -0 0 1
    outer loop
      vertex 3.9598 -3.9598 0.0999994
      vertex 6.36396 -6.36396 0.0999994
      vertex 4.2103 -3.69234 0.0999994
    endloop
  endfacet
  facet normal 0 0 1
    outer loop
      vertex 6.36396 -6.36396 0.0999994
      vertex 3.9598 -3.9598 0.0999994
      vertex 5.93411 -6.76656 0.0999994
    endloop
  endfacet
  facet normal -0 0 1
    outer loop
      vertex 3.69234 -4.2103 0.0999994
      vertex 5.93411 -6.76656 0.0999994
      vertex 3.9598 -3.9598 0.0999994
    endloop
  endfacet
  facet normal 0 0 1
    outer loop
      vertex 5.93411 -6.76656 0.0999994
      vertex 3.69234 -4.2103 0.0999994
      vertex 5.47885 -7.14018 0.0999994
    endloop
  endfacet
  facet normal -0 0 1
    outer loop
      vertex 3.40906 -4.44278 0.0999994
      vertex 5.47885 -7.14018 0.0999994
      vertex 3.69234 -4.2103 0.0999994
    endloop
  endfacet
  facet normal 0 0 1
    outer loop
      vertex 5.47885 -7.14018 0.0999994
      vertex 3.40906 -4.44278 0.0999994
      vertex 5.00013 -7.48323 0.0999994
    endloop
  endfacet
  facet normal -0 0 1
    outer loop
      vertex 3.11119 -4.65623 0.0999994
      vertex 5.00013 -7.48323 0.0999994
      vertex 3.40906 -4.44278 0.0999994
    endloop
  endfacet
  facet normal 0 0 1
    outer loop
      vertex 5.00013 -7.48323 0.0999994
      vertex 3.11119 -4.65623 0.0999994
      vertex 4.5 -7.79423 0.0999994
    endloop
  endfacet
  facet normal -0 0 1
    outer loop
      vertex 2.8 -4.84974 0.0999994
      vertex 4.5 -7.79423 0.0999994
      vertex 3.11119 -4.65623 0.0999994
    endloop
  endfacet
  facet normal 0 0 1
    outer loop
      vertex 4.5 -7.79423 0.0999994
      vertex 2.8 -4.84974 0.0999994
      vertex 3.9806 -8.07185 0.0999994
    endloop
  endfacet
  facet normal -0 0 1
    outer loop
      vertex 2.47682 -5.02249 0.0999994
      vertex 3.9806 -8.07185 0.0999994
      vertex 2.8 -4.84974 0.0999994
    endloop
  endfacet
  facet normal 0 0 1
    outer loop
      vertex 3.9806 -8.07185 0.0999994
      vertex 2.47682 -5.02249 0.0999994
      vertex 3.44415 -8.31492 0.0999994
    endloop
  endfacet
  facet normal -0 0 1
    outer loop
      vertex 2.14303 -5.17373 0.0999994
      vertex 3.44415 -8.31492 0.0999994
      vertex 2.47682 -5.02249 0.0999994
    endloop
  endfacet
  facet normal 0 0 1
    outer loop
      vertex 3.44415 -8.31492 0.0999994
      vertex 2.14303 -5.17373 0.0999994
      vertex 2.89295 -8.52237 0.0999994
    endloop
  endfacet
  facet normal -0 0 1
    outer loop
      vertex 1.80006 -5.30281 0.0999994
      vertex 2.89295 -8.52237 0.0999994
      vertex 2.14303 -5.17373 0.0999994
    endloop
  endfacet
  facet normal 0 0 1
    outer loop
      vertex 2.89295 -8.52237 0.0999994
      vertex 1.80006 -5.30281 0.0999994
      vertex 2.32937 -8.69333 0.0999994
    endloop
  endfacet
  facet normal -0 0 1
    outer loop
      vertex 1.44939 -5.40918 0.0999994
      vertex 2.32937 -8.69333 0.0999994
      vertex 1.80006 -5.30281 0.0999994
    endloop
  endfacet
  facet normal 0 0 1
    outer loop
      vertex 2.32937 -8.69333 0.0999994
      vertex 1.44939 -5.40918 0.0999994
      vertex 1.75581 -8.82707 0.0999994
    endloop
  endfacet
  facet normal -0 0 1
    outer loop
      vertex 1.09251 -5.4924 0.0999994
      vertex 1.75581 -8.82707 0.0999994
      vertex 1.44939 -5.40918 0.0999994
    endloop
  endfacet
  facet normal 0 0 1
    outer loop
      vertex 1.75581 -8.82707 0.0999994
      vertex 1.09251 -5.4924 0.0999994
      vertex 1.17474 -8.923 0.0999994
    endloop
  endfacet
  facet normal -0 0 1
    outer loop
      vertex 0.730947 -5.55209 0.0999994
      vertex 1.17474 -8.923 0.0999994
      vertex 1.09251 -5.4924 0.0999994
    endloop
  endfacet
  facet normal 0 0 1
    outer loop
      vertex 0.730947 -5.55209 0.0999994
      vertex 0.588628 -8.98073 0.0999994
      vertex 1.17474 -8.923 0.0999994
    endloop
  endfacet
  facet normal -0 0 1
    outer loop
      vertex 0.366257 -5.58801 0.0999994
      vertex 0.588628 -8.98073 0.0999994
      vertex 0.730947 -5.55209 0.0999994
    endloop
  endfacet
  facet normal -0 0 1
    outer loop
      vertex 0 -5.6 0.0999994
      vertex 0.588628 -8.98073 0.0999994
      vertex 0.366257 -5.58801 0.0999994
    endloop
  endfacet
  facet normal 0 0 1
    outer loop
      vertex 0 -5.6 0.0999994
      vertex 0 -9 0.0999994
      vertex 0.588628 -8.98073 0.0999994
    endloop
  endfacet
  facet normal 0 0 1
    outer loop
      vertex -0.366257 -5.58801 0.0999994
      vertex 0 -9 0.0999994
      vertex 0 -5.6 0.0999994
    endloop
  endfacet
  facet normal 0 0 1
    outer loop
      vertex -0.366257 -5.58801 0.0999994
      vertex -0.588628 -8.98073 0.0999994
      vertex 0 -9 0.0999994
    endloop
  endfacet
  facet normal 0 0 1
    outer loop
      vertex -0.730947 -5.55209 0.0999994
      vertex -0.588628 -8.98073 0.0999994
      vertex -0.366257 -5.58801 0.0999994
    endloop
  endfacet
  facet normal 0 0 1
    outer loop
      vertex -1.17474 -8.923 0.0999994
      vertex -0.730947 -5.55209 0.0999994
      vertex -1.09251 -5.4924 0.0999994
    endloop
  endfacet
  facet normal 0 0 1
    outer loop
      vertex -0.730947 -5.55209 0.0999994
      vertex -1.17474 -8.923 0.0999994
      vertex -0.588628 -8.98073 0.0999994
    endloop
  endfacet
  facet normal 0 0 1
    outer loop
      vertex -1.75581 -8.82707 0.0999994
      vertex -1.09251 -5.4924 0.0999994
      vertex -1.44939 -5.40918 0.0999994
    endloop
  endfacet
  facet normal 0 0 1
    outer loop
      vertex -1.09251 -5.4924 0.0999994
      vertex -1.75581 -8.82707 0.0999994
      vertex -1.17474 -8.923 0.0999994
    endloop
  endfacet
  facet normal 0 0 1
    outer loop
      vertex -2.32937 -8.69333 0.0999994
      vertex -1.44939 -5.40918 0.0999994
      vertex -1.80006 -5.30281 0.0999994
    endloop
  endfacet
  facet normal 0 0 1
    outer loop
      vertex -2.89295 -8.52237 0.0999994
      vertex -1.80006 -5.30281 0.0999994
      vertex -2.14303 -5.17373 0.0999994
    endloop
  endfacet
  facet normal 0 0 1
    outer loop
      vertex -1.44939 -5.40918 0.0999994
      vertex -2.32937 -8.69333 0.0999994
      vertex -1.75581 -8.82707 0.0999994
    endloop
  endfacet
  facet normal 0 0 1
    outer loop
      vertex -3.44415 -8.31492 0.0999994
      vertex -2.14303 -5.17373 0.0999994
      vertex -2.47682 -5.02249 0.0999994
    endloop
  endfacet
  facet normal 0 0 1
    outer loop
      vertex -3.9806 -8.07185 0.0999994
      vertex -2.47682 -5.02249 0.0999994
      vertex -2.8 -4.84974 0.0999994
    endloop
  endfacet
  facet normal 0 0 1
    outer loop
      vertex -1.80006 -5.30281 0.0999994
      vertex -2.89295 -8.52237 0.0999994
      vertex -2.32937 -8.69333 0.0999994
    endloop
  endfacet
  facet normal 0 0 1
    outer loop
      vertex -4.5 -7.79423 0.0999994
      vertex -2.8 -4.84974 0.0999994
      vertex -3.11119 -4.65623 0.0999994
    endloop
  endfacet
  facet normal 0 0 1
    outer loop
      vertex -5.00013 -7.48323 0.0999994
      vertex -3.11119 -4.65623 0.0999994
      vertex -3.40906 -4.44278 0.0999994
    endloop
  endfacet
  facet normal 0 0 1
    outer loop
      vertex -2.14303 -5.17373 0.0999994
      vertex -3.44415 -8.31492 0.0999994
      vertex -2.89295 -8.52237 0.0999994
    endloop
  endfacet
  facet normal 0 0 1
    outer loop
      vertex -5.47885 -7.14018 0.0999994
      vertex -3.40906 -4.44278 0.0999994
      vertex -3.69234 -4.2103 0.0999994
    endloop
  endfacet
  facet normal 0 0 1
    outer loop
      vertex -5.93411 -6.76656 0.0999994
      vertex -3.69234 -4.2103 0.0999994
      vertex -3.9598 -3.9598 0.0999994
    endloop
  endfacet
  facet normal 0 0 1
    outer loop
      vertex -2.47682 -5.02249 0.0999994
      vertex -3.9806 -8.07185 0.0999994
      vertex -3.44415 -8.31492 0.0999994
    endloop
  endfacet
  facet normal 0 0 1
    outer loop
      vertex -6.36396 -6.36396 0.0999994
      vertex -3.9598 -3.9598 0.0999994
      vertex -4.2103 -3.69234 0.0999994
    endloop
  endfacet
  facet normal 0 0 1
    outer loop
      vertex -6.76656 -5.93411 0.0999994
      vertex -4.2103 -3.69234 0.0999994
      vertex -4.44278 -3.40906 0.0999994
    endloop
  endfacet
  facet normal 0 0 1
    outer loop
      vertex -2.8 -4.84974 0.0999994
      vertex -4.5 -7.79423 0.0999994
      vertex -3.9806 -8.07185 0.0999994
    endloop
  endfacet
  facet normal 0 0 1
    outer loop
      vertex -7.14018 -5.47885 0.0999994
      vertex -4.44278 -3.40906 0.0999994
      vertex -4.65623 -3.11119 0.0999994
    endloop
  endfacet
  facet normal 0 0 1
    outer loop
      vertex -7.48323 -5.00013 0.0999994
      vertex -4.65623 -3.11119 0.0999994
      vertex -4.84974 -2.8 0.0999994
    endloop
  endfacet
  facet normal 0 0 1
    outer loop
      vertex -3.11119 -4.65623 0.0999994
      vertex -5.00013 -7.48323 0.0999994
      vertex -4.5 -7.79423 0.0999994
    endloop
  endfacet
  facet normal 0 0 1
    outer loop
      vertex -7.79423 -4.5 0.0999994
      vertex -4.84974 -2.8 0.0999994
      vertex -5.02249 -2.47682 0.0999994
    endloop
  endfacet
  facet normal 0 0 1
    outer loop
      vertex -8.07185 -3.9806 0.0999994
      vertex -5.02249 -2.47682 0.0999994
      vertex -5.17373 -2.14303 0.0999994
    endloop
  endfacet
  facet normal 0 0 1
    outer loop
      vertex -8.31492 -3.44415 0.0999994
      vertex -5.17373 -2.14303 0.0999994
      vertex -5.30281 -1.80006 0.0999994
    endloop
  endfacet
  facet normal 0 0 1
    outer loop
      vertex -8.52237 -2.89295 0.0999994
      vertex -5.30281 -1.80006 0.0999994
      vertex -5.40918 -1.44939 0.0999994
    endloop
  endfacet
  facet normal 0 0 1
    outer loop
      vertex -3.40906 -4.44278 0.0999994
      vertex -5.47885 -7.14018 0.0999994
      vertex -5.00013 -7.48323 0.0999994
    endloop
  endfacet
  facet normal 0 0 1
    outer loop
      vertex -8.69333 -2.32937 0.0999994
      vertex -5.40918 -1.44939 0.0999994
      vertex -5.4924 -1.09251 0.0999994
    endloop
  endfacet
  facet normal 0 0 1
    outer loop
      vertex -8.82707 -1.75581 0.0999994
      vertex -5.4924 -1.09251 0.0999994
      vertex -5.55209 -0.730947 0.0999994
    endloop
  endfacet
  facet normal 0 0 1
    outer loop
      vertex -8.923 -1.17474 0.0999994
      vertex -5.55209 -0.730947 0.0999994
      vertex -5.58801 -0.366257 0.0999994
    endloop
  endfacet
  facet normal 0 0 1
    outer loop
      vertex -8.98073 -0.588628 0.0999994
      vertex -5.58801 -0.366257 0.0999994
      vertex -5.6 0 0.0999994
    endloop
  endfacet
  facet normal -0 0 1
    outer loop
      vertex -8.31492 3.44415 0.0999994
      vertex -5.17373 2.14303 0.0999994
      vertex -8.07185 3.9806 0.0999994
    endloop
  endfacet
  facet normal 0 0 1
    outer loop
      vertex -3.69234 -4.2103 0.0999994
      vertex -5.93411 -6.76656 0.0999994
      vertex -5.47885 -7.14018 0.0999994
    endloop
  endfacet
  facet normal 0 0 1
    outer loop
      vertex -5.17373 2.14303 0.0999994
      vertex -8.31492 3.44415 0.0999994
      vertex -5.30281 1.80006 0.0999994
    endloop
  endfacet
  facet normal 0 0 1
    outer loop
      vertex -3.9598 -3.9598 0.0999994
      vertex -6.36396 -6.36396 0.0999994
      vertex -5.93411 -6.76656 0.0999994
    endloop
  endfacet
  facet normal -0 0 1
    outer loop
      vertex -8.52237 2.89295 0.0999994
      vertex -5.30281 1.80006 0.0999994
      vertex -8.31492 3.44415 0.0999994
    endloop
  endfacet
  facet normal 0 0 1
    outer loop
      vertex -4.2103 -3.69234 0.0999994
      vertex -6.76656 -5.93411 0.0999994
      vertex -6.36396 -6.36396 0.0999994
    endloop
  endfacet
  facet normal 0 0 1
    outer loop
      vertex -5.30281 1.80006 0.0999994
      vertex -8.52237 2.89295 0.0999994
      vertex -5.40918 1.44939 0.0999994
    endloop
  endfacet
  facet normal 0 0 1
    outer loop
      vertex -4.44278 -3.40906 0.0999994
      vertex -7.14018 -5.47885 0.0999994
      vertex -6.76656 -5.93411 0.0999994
    endloop
  endfacet
  facet normal -0 0 1
    outer loop
      vertex -8.69333 2.32937 0.0999994
      vertex -5.40918 1.44939 0.0999994
      vertex -8.52237 2.89295 0.0999994
    endloop
  endfacet
  facet normal 0 0 1
    outer loop
      vertex -4.65623 -3.11119 0.0999994
      vertex -7.48323 -5.00013 0.0999994
      vertex -7.14018 -5.47885 0.0999994
    endloop
  endfacet
  facet normal 0 0 1
    outer loop
      vertex -5.40918 1.44939 0.0999994
      vertex -8.69333 2.32937 0.0999994
      vertex -5.4924 1.09251 0.0999994
    endloop
  endfacet
  facet normal 0 0 1
    outer loop
      vertex -4.84974 -2.8 0.0999994
      vertex -7.79423 -4.5 0.0999994
      vertex -7.48323 -5.00013 0.0999994
    endloop
  endfacet
  facet normal -0 0 1
    outer loop
      vertex -8.82707 1.75581 0.0999994
      vertex -5.4924 1.09251 0.0999994
      vertex -8.69333 2.32937 0.0999994
    endloop
  endfacet
  facet normal 0 0 1
    outer loop
      vertex -5.02249 -2.47682 0.0999994
      vertex -8.07185 -3.9806 0.0999994
      vertex -7.79423 -4.5 0.0999994
    endloop
  endfacet
  facet normal 0 0 1
    outer loop
      vertex -5.4924 1.09251 0.0999994
      vertex -8.82707 1.75581 0.0999994
      vertex -5.55209 0.730947 0.0999994
    endloop
  endfacet
  facet normal 0 0 1
    outer loop
      vertex -5.17373 -2.14303 0.0999994
      vertex -8.31492 -3.44415 0.0999994
      vertex -8.07185 -3.9806 0.0999994
    endloop
  endfacet
  facet normal -0 0 1
    outer loop
      vertex -8.923 1.17474 0.0999994
      vertex -5.55209 0.730947 0.0999994
      vertex -8.82707 1.75581 0.0999994
    endloop
  endfacet
  facet normal 0 0 1
    outer loop
      vertex -5.30281 -1.80006 0.0999994
      vertex -8.52237 -2.89295 0.0999994
      vertex -8.31492 -3.44415 0.0999994
    endloop
  endfacet
  facet normal 0 0 1
    outer loop
      vertex -5.55209 0.730947 0.0999994
      vertex -8.923 1.17474 0.0999994
      vertex -5.58801 0.366257 0.0999994
    endloop
  endfacet
  facet normal 0 0 1
    outer loop
      vertex -5.40918 -1.44939 0.0999994
      vertex -8.69333 -2.32937 0.0999994
      vertex -8.52237 -2.89295 0.0999994
    endloop
  endfacet
  facet normal -0 0 1
    outer loop
      vertex -8.98073 0.588628 0.0999994
      vertex -5.58801 0.366257 0.0999994
      vertex -8.923 1.17474 0.0999994
    endloop
  endfacet
  facet normal 0 0 1
    outer loop
      vertex -5.4924 -1.09251 0.0999994
      vertex -8.82707 -1.75581 0.0999994
      vertex -8.69333 -2.32937 0.0999994
    endloop
  endfacet
  facet normal 0 0 1
    outer loop
      vertex -5.58801 0.366257 0.0999994
      vertex -8.98073 0.588628 0.0999994
      vertex -5.6 0 0.0999994
    endloop
  endfacet
  facet normal 0 0 1
    outer loop
      vertex -5.55209 -0.730947 0.0999994
      vertex -8.923 -1.17474 0.0999994
      vertex -8.82707 -1.75581 0.0999994
    endloop
  endfacet
  facet normal 0 0 1
    outer loop
      vertex -9 0 0.0999994
      vertex -5.6 0 0.0999994
      vertex -8.98073 0.588628 0.0999994
    endloop
  endfacet
  facet normal 0 0 1
    outer loop
      vertex -5.58801 -0.366257 0.0999994
      vertex -8.98073 -0.588628 0.0999994
      vertex -8.923 -1.17474 0.0999994
    endloop
  endfacet
  facet normal 0 0 1
    outer loop
      vertex -5.6 0 0.0999994
      vertex -9 0 0.0999994
      vertex -8.98073 -0.588628 0.0999994
    endloop
  endfacet
  facet normal 0.162887 0.986645 0
    outer loop
      vertex 1.75581 8.82707 0.0999994
      vertex 1.17474 8.923 -15.7723
      vertex 1.17474 8.923 0.0999994
    endloop
  endfacet
  facet normal 0.162764 0.986665 4.6176e-06
    outer loop
      vertex 1.75581 8.82707 0.0999994
      vertex 1.20208 8.91849 -15.7979
      vertex 1.17474 8.923 -15.7723
    endloop
  endfacet
  facet normal 0.162945 0.986635 -1.8551e-06
    outer loop
      vertex 1.75581 8.82707 0.0999994
      vertex 1.27813 8.90593 -15.8791
      vertex 1.20208 8.91849 -15.7979
    endloop
  endfacet
  facet normal 0.16288 0.986646 1.50438e-07
    outer loop
      vertex 1.75581 8.82707 0.0999994
      vertex 1.3487 8.89428 -15.9651
      vertex 1.27813 8.90593 -15.8791
    endloop
  endfacet
  facet normal 0.162916 0.98664 -7.95485e-07
    outer loop
      vertex 1.75581 8.82707 0.0999994
      vertex 1.4135 8.88358 -16.0555
      vertex 1.3487 8.89428 -15.9651
    endloop
  endfacet
  facet normal 0.162768 0.986664 2.42664e-06
    outer loop
      vertex 1.75581 8.82707 0.0999994
      vertex 1.47224 8.87389 -16.15
      vertex 1.4135 8.88358 -16.0555
    endloop
  endfacet
  facet normal 0.162933 0.986637 -5.33028e-07
    outer loop
      vertex 1.75581 8.82707 0.0999994
      vertex 1.52468 8.86523 -16.2481
      vertex 1.47224 8.87389 -16.15
    endloop
  endfacet
  facet normal 0.1629 0.986643 -5.07373e-08
    outer loop
      vertex 1.75581 8.82707 0.0999994
      vertex 1.57059 8.85765 -16.3494
      vertex 1.52468 8.86523 -16.2481
    endloop
  endfacet
  facet normal 0.162888 0.986644 8.44058e-08
    outer loop
      vertex 1.75581 8.82707 0.0999994
      vertex 1.60978 8.85118 -16.4536
      vertex 1.57059 8.85765 -16.3494
    endloop
  endfacet
  facet normal 0.162864 0.986649 3.08522e-07
    outer loop
      vertex 1.75581 8.82707 0.0999994
      vertex 1.64207 8.84585 -16.56
      vertex 1.60978 8.85118 -16.4536
    endloop
  endfacet
  facet normal 0.163249 0.986585 -2.3925e-06
    outer loop
      vertex 1.75581 8.82707 0.0999994
      vertex 1.66733 8.84167 -16.6683
      vertex 1.64207 8.84585 -16.56
    endloop
  endfacet
  facet normal 0.162725 0.986672 4.4911e-07
    outer loop
      vertex 1.75581 8.82707 0.0999994
      vertex 1.68546 8.83868 -16.7781
      vertex 1.66733 8.84167 -16.6683
    endloop
  endfacet
  facet normal 0.162927 0.986638 -4.16761e-07
    outer loop
      vertex 1.75581 8.82707 0.0999994
      vertex 1.69636 8.83688 -16.8888
      vertex 1.68546 8.83868 -16.7781
    endloop
  endfacet
  facet normal 0.162657 0.986683 5.53522e-07
    outer loop
      vertex 1.75581 8.82707 0.0999994
      vertex 1.7 8.83628 -17
      vertex 1.69636 8.83688 -16.8888
    endloop
  endfacet
  facet normal 0.162822 0.986655 -0
    outer loop
      vertex 1.75581 8.82707 -34
      vertex 1.7 8.83628 -17
      vertex 1.75581 8.82707 0.0999994
    endloop
  endfacet
  facet normal 0.162657 0.986683 -5.56481e-07
    outer loop
      vertex 1.75581 8.82707 -34
      vertex 1.69636 8.83688 -17.1112
      vertex 1.7 8.83628 -17
    endloop
  endfacet
  facet normal 0.162927 0.986638 4.19144e-07
    outer loop
      vertex 1.75581 8.82707 -34
      vertex 1.68546 8.83868 -17.2219
      vertex 1.69636 8.83688 -17.1112
    endloop
  endfacet
  facet normal 0.162725 0.986672 -4.5172e-07
    outer loop
      vertex 1.75581 8.82707 -34
      vertex 1.66733 8.84167 -17.3317
      vertex 1.68546 8.83868 -17.2219
    endloop
  endfacet
  facet normal 0.163249 0.986585 2.40653e-06
    outer loop
      vertex 1.75581 8.82707 -34
      vertex 1.64207 8.84585 -17.44
      vertex 1.66733 8.84167 -17.3317
    endloop
  endfacet
  facet normal 0.162864 0.986649 -3.10344e-07
    outer loop
      vertex 1.75581 8.82707 -34
      vertex 1.60978 8.85118 -17.5464
      vertex 1.64207 8.84585 -17.44
    endloop
  endfacet
  facet normal 0.162888 0.986644 -8.4907e-08
    outer loop
      vertex 1.75581 8.82707 -34
      vertex 1.57059 8.85765 -17.6506
      vertex 1.60978 8.85118 -17.5464
    endloop
  endfacet
  facet normal 0.1629 0.986643 5.10401e-08
    outer loop
      vertex 1.75581 8.82707 -34
      vertex 1.52468 8.86523 -17.7519
      vertex 1.57059 8.85765 -17.6506
    endloop
  endfacet
  facet normal 0.162933 0.986637 5.36223e-07
    outer loop
      vertex 1.75581 8.82707 -34
      vertex 1.47224 8.87389 -17.85
      vertex 1.52468 8.86523 -17.7519
    endloop
  endfacet
  facet normal 0.162768 0.986664 -2.44125e-06
    outer loop
      vertex 1.75581 8.82707 -34
      vertex 1.4135 8.88358 -17.9445
      vertex 1.47224 8.87389 -17.85
    endloop
  endfacet
  facet normal 0.162916 0.98664 8.00296e-07
    outer loop
      vertex 1.75581 8.82707 -34
      vertex 1.3487 8.89428 -18.0349
      vertex 1.4135 8.88358 -17.9445
    endloop
  endfacet
  facet normal 0.16288 0.986646 -1.51352e-07
    outer loop
      vertex 1.75581 8.82707 -34
      vertex 1.27813 8.90593 -18.1209
      vertex 1.3487 8.89428 -18.0349
    endloop
  endfacet
  facet normal 0.162945 0.986635 1.86642e-06
    outer loop
      vertex 1.75581 8.82707 -34
      vertex 1.20208 8.91849 -18.2021
      vertex 1.27813 8.90593 -18.1209
    endloop
  endfacet
  facet normal 0.162764 0.986665 -4.6459e-06
    outer loop
      vertex 1.75581 8.82707 -34
      vertex 1.17474 8.923 -18.2277
      vertex 1.20208 8.91849 -18.2021
    endloop
  endfacet
  facet normal 0.162887 0.986645 0
    outer loop
      vertex 1.17474 8.923 -18.2277
      vertex 1.75581 8.82707 -34
      vertex 1.17474 8.923 -34
    endloop
  endfacet
  facet normal -0.999465 -0.0327196 0
    outer loop
      vertex -8.98073 -0.588628 -34
      vertex -9 0 0.0999994
      vertex -9 0 -34
    endloop
  endfacet
  facet normal -0.999465 -0.0327196 0
    outer loop
      vertex -9 0 0.0999994
      vertex -8.98073 -0.588628 -34
      vertex -8.98073 -0.588628 0.0999994
    endloop
  endfacet
  facet normal 0.973875 -0.227084 0
    outer loop
      vertex 8.69333 -2.32937 0.0999994
      vertex 8.82707 -1.75581 -34
      vertex 8.82707 -1.75581 0.0999994
    endloop
  endfacet
  facet normal 0.973875 -0.227084 0
    outer loop
      vertex 8.82707 -1.75581 -34
      vertex 8.69333 -2.32937 0.0999994
      vertex 8.69333 -2.32937 -34
    endloop
  endfacet
  facet normal 0.812843 0.582482 0
    outer loop
      vertex 7.48323 5.00013 0.0999994
      vertex 7.14018 5.47885 -34
      vertex 7.14018 5.47885 0.0999994
    endloop
  endfacet
  facet normal 0.812843 0.582482 0
    outer loop
      vertex 7.14018 5.47885 -34
      vertex 7.48323 5.00013 0.0999994
      vertex 7.48323 5.00013 -34
    endloop
  endfacet
  facet normal 0.290284 -0.95694 0
    outer loop
      vertex 2.32937 -8.69333 -34
      vertex 2.89295 -8.52237 0.0999994
      vertex 2.32937 -8.69333 0.0999994
    endloop
  endfacet
  facet normal 0.290284 -0.95694 0
    outer loop
      vertex 2.89295 -8.52237 0.0999994
      vertex 2.32937 -8.69333 -34
      vertex 2.89295 -8.52237 -34
    endloop
  endfacet
  facet normal 0.95694 0.290284 0
    outer loop
      vertex 8.69333 2.32937 0.0999994
      vertex 8.52237 2.89295 -34
      vertex 8.52237 2.89295 0.0999994
    endloop
  endfacet
  facet normal 0.95694 0.290284 0
    outer loop
      vertex 8.52237 2.89295 -34
      vertex 8.69333 2.32937 0.0999994
      vertex 8.69333 2.32937 -34
    endloop
  endfacet
  facet normal -0.683594 -0.729863 0
    outer loop
      vertex -6.36396 -6.36396 -34
      vertex -5.93411 -6.76656 0.0999994
      vertex -6.36396 -6.36396 0.0999994
    endloop
  endfacet
  facet normal -0.683594 -0.729863 -0
    outer loop
      vertex -5.93411 -6.76656 0.0999994
      vertex -6.36396 -6.36396 -34
      vertex -5.93411 -6.76656 -34
    endloop
  endfacet
  facet normal 0.773012 0.634391 0
    outer loop
      vertex 7.14018 5.47885 0.0999994
      vertex 6.76656 5.93411 -34
      vertex 6.76656 5.93411 0.0999994
    endloop
  endfacet
  facet normal 0.773012 0.634391 0
    outer loop
      vertex 6.76656 5.93411 -34
      vertex 7.14018 5.47885 0.0999994
      vertex 7.14018 5.47885 -34
    endloop
  endfacet
  facet normal -0.0327196 -0.999465 0
    outer loop
      vertex -0.588628 -8.98073 0.0999994
      vertex 0 -9 -15.3
      vertex 0 -9 0.0999994
    endloop
  endfacet
  facet normal -0.0327207 -0.999465 -4.1375e-08
    outer loop
      vertex -0.588628 -8.98073 0.0999994
      vertex -0.111185 -8.99636 -15.3036
      vertex 0 -9 -15.3
    endloop
  endfacet
  facet normal -0.032681 -0.999466 1.19082e-06
    outer loop
      vertex -0.588628 -8.98073 0.0999994
      vertex -0.221894 -8.99274 -15.3145
      vertex -0.111185 -8.99636 -15.3036
    endloop
  endfacet
  facet normal -0.0327813 -0.999463 -1.1985e-06
    outer loop
      vertex -0.588628 -8.98073 0.0999994
      vertex -0.331653 -8.98914 -15.3327
      vertex -0.221894 -8.99274 -15.3145
    endloop
  endfacet
  facet normal -0.032658 -0.999467 8.57179e-07
    outer loop
      vertex -0.588628 -8.98073 0.0999994
      vertex -0.439992 -8.9856 -15.3579
      vertex -0.331653 -8.98914 -15.3327
    endloop
  endfacet
  facet normal -0.0327661 -0.999463 -1.83975e-07
    outer loop
      vertex -0.588628 -8.98073 0.0999994
      vertex -0.546447 -8.98211 -15.3902
      vertex -0.439992 -8.9856 -15.3579
    endloop
  endfacet
  facet normal -0.0326987 -0.999465 0
    outer loop
      vertex -0.546447 -8.98211 -15.3902
      vertex -0.588628 -8.98073 0.0999994
      vertex -0.588628 -8.98073 -15.4061
    endloop
  endfacet
  facet normal -0.0326987 -0.999465 0
    outer loop
      vertex -0.588628 -8.98073 -34
      vertex -0.546447 -8.98211 -18.6098
      vertex -0.588628 -8.98073 -18.5939
    endloop
  endfacet
  facet normal -0.0327661 -0.999463 1.85169e-07
    outer loop
      vertex -0.588628 -8.98073 -34
      vertex -0.439992 -8.9856 -18.6421
      vertex -0.546447 -8.98211 -18.6098
    endloop
  endfacet
  facet normal -0.032658 -0.999467 -8.62747e-07
    outer loop
      vertex -0.588628 -8.98073 -34
      vertex -0.331653 -8.98914 -18.6673
      vertex -0.439992 -8.9856 -18.6421
    endloop
  endfacet
  facet normal -0.0327813 -0.999463 1.20629e-06
    outer loop
      vertex -0.588628 -8.98073 -34
      vertex -0.221894 -8.99274 -18.6855
      vertex -0.331653 -8.98914 -18.6673
    endloop
  endfacet
  facet normal -0.032681 -0.999466 -1.19858e-06
    outer loop
      vertex -0.588628 -8.98073 -34
      vertex -0.111185 -8.99636 -18.6964
      vertex -0.221894 -8.99274 -18.6855
    endloop
  endfacet
  facet normal -0.0327207 -0.999465 4.16451e-08
    outer loop
      vertex -0.588628 -8.98073 -34
      vertex 0 -9 -18.7
      vertex -0.111185 -8.99636 -18.6964
    endloop
  endfacet
  facet normal -0.0327196 -0.999465 -0
    outer loop
      vertex 0 -9 -18.7
      vertex -0.588628 -8.98073 -34
      vertex 0 -9 -34
    endloop
  endfacet
  facet normal -0.412718 0.910859 0
    outer loop
      vertex -3.44415 8.31492 -34
      vertex -3.9806 8.07185 0.0999994
      vertex -3.44415 8.31492 0.0999994
    endloop
  endfacet
  facet normal -0.412718 0.910859 0
    outer loop
      vertex -3.9806 8.07185 0.0999994
      vertex -3.44415 8.31492 -34
      vertex -3.9806 8.07185 -34
    endloop
  endfacet
  facet normal 0.290284 0.95694 -0
    outer loop
      vertex 2.89295 8.52237 -34
      vertex 2.32937 8.69333 0.0999994
      vertex 2.89295 8.52237 0.0999994
    endloop
  endfacet
  facet normal 0.290284 0.95694 0
    outer loop
      vertex 2.32937 8.69333 0.0999994
      vertex 2.89295 8.52237 -34
      vertex 2.32937 8.69333 -34
    endloop
  endfacet
  facet normal 0.93591 0.35224 0
    outer loop
      vertex 8.52237 2.89295 0.0999994
      vertex 8.31492 3.44415 -34
      vertex 8.31492 3.44415 0.0999994
    endloop
  endfacet
  facet normal 0.93591 0.35224 0
    outer loop
      vertex 8.31492 3.44415 -34
      vertex 8.52237 2.89295 0.0999994
      vertex 8.52237 2.89295 -34
    endloop
  endfacet
  facet normal -0.227084 0.973875 0
    outer loop
      vertex -1.75581 8.82707 -34
      vertex -2.32937 8.69333 0.0999994
      vertex -1.75581 8.82707 0.0999994
    endloop
  endfacet
  facet normal -0.227084 0.973875 0
    outer loop
      vertex -2.32937 8.69333 0.0999994
      vertex -1.75581 8.82707 -34
      vertex -2.32937 8.69333 -34
    endloop
  endfacet
  facet normal 0.812843 -0.582482 0
    outer loop
      vertex 7.14018 -5.47885 0.0999994
      vertex 7.48323 -5.00013 -34
      vertex 7.48323 -5.00013 0.0999994
    endloop
  endfacet
  facet normal 0.812843 -0.582482 0
    outer loop
      vertex 7.48323 -5.00013 -34
      vertex 7.14018 -5.47885 0.0999994
      vertex 7.14018 -5.47885 -34
    endloop
  endfacet
  facet normal -0.812843 0.582482 0
    outer loop
      vertex -7.48323 5.00013 -34
      vertex -7.14018 5.47885 0.0999994
      vertex -7.14018 5.47885 -34
    endloop
  endfacet
  facet normal -0.812843 0.582482 0
    outer loop
      vertex -7.14018 5.47885 0.0999994
      vertex -7.48323 5.00013 -34
      vertex -7.48323 5.00013 0.0999994
    endloop
  endfacet
  facet normal 0.528067 -0.849203 0
    outer loop
      vertex 4.5 -7.79423 -34
      vertex 5.00013 -7.48323 0.0999994
      vertex 4.5 -7.79423 0.0999994
    endloop
  endfacet
  facet normal 0.528067 -0.849203 0
    outer loop
      vertex 5.00013 -7.48323 0.0999994
      vertex 4.5 -7.79423 -34
      vertex 5.00013 -7.48323 -34
    endloop
  endfacet
  facet normal -0.634391 0.773012 0
    outer loop
      vertex -5.47885 7.14018 -34
      vertex -5.93411 6.76656 0.0999994
      vertex -5.47885 7.14018 0.0999994
    endloop
  endfacet
  facet normal -0.634391 0.773012 0
    outer loop
      vertex -5.93411 6.76656 0.0999994
      vertex -5.47885 7.14018 -34
      vertex -5.93411 6.76656 -34
    endloop
  endfacet
  facet normal 0.0980222 0.995184 0
    outer loop
      vertex 1.17474 8.923 0.0999994
      vertex 0.588628 8.98073 -15.4061
      vertex 0.588628 8.98073 0.0999994
    endloop
  endfacet
  facet normal 0.0980193 0.995185 1.11259e-07
    outer loop
      vertex 1.17474 8.923 0.0999994
      vertex 0.650561 8.97463 -15.4294
      vertex 0.588628 8.98073 -15.4061
    endloop
  endfacet
  facet normal 0.0980169 0.995185 1.93009e-07
    outer loop
      vertex 1.17474 8.923 0.0999994
      vertex 0.75189 8.96465 -15.4753
      vertex 0.650561 8.97463 -15.4294
    endloop
  endfacet
  facet normal 0.0979886 0.995188 9.68594e-07
    outer loop
      vertex 1.17474 8.923 0.0999994
      vertex 0.849999 8.95499 -15.5278
      vertex 0.75189 8.96465 -15.4753
    endloop
  endfacet
  facet normal 0.0980752 0.995179 -8.48768e-07
    outer loop
      vertex 1.17474 8.923 0.0999994
      vertex 0.944468 8.94568 -15.5865
      vertex 0.849999 8.95499 -15.5278
    endloop
  endfacet
  facet normal 0.0979547 0.995191 9.37447e-07
    outer loop
      vertex 1.17474 8.923 0.0999994
      vertex 1.03489 8.93678 -15.6513
      vertex 0.944468 8.94568 -15.5865
    endloop
  endfacet
  facet normal 0.0980145 0.995185 4.01506e-07
    outer loop
      vertex 1.17474 8.923 0.0999994
      vertex 1.12089 8.92831 -15.7219
      vertex 1.03489 8.93678 -15.6513
    endloop
  endfacet
  facet normal 0.0981313 0.995173 0
    outer loop
      vertex 1.12089 8.92831 -15.7219
      vertex 1.17474 8.923 0.0999994
      vertex 1.17474 8.923 -15.7723
    endloop
  endfacet
  facet normal 0.0981313 0.995173 -0
    outer loop
      vertex 1.17474 8.923 -34
      vertex 1.12089 8.92831 -18.2781
      vertex 1.17474 8.923 -18.2277
    endloop
  endfacet
  facet normal 0.0980145 0.995185 -4.04053e-07
    outer loop
      vertex 1.17474 8.923 -34
      vertex 1.03489 8.93678 -18.3487
      vertex 1.12089 8.92831 -18.2781
    endloop
  endfacet
  facet normal 0.0979547 0.995191 -9.43398e-07
    outer loop
      vertex 1.17474 8.923 -34
      vertex 0.944468 8.94568 -18.4135
      vertex 1.03489 8.93678 -18.3487
    endloop
  endfacet
  facet normal 0.0980752 0.995179 8.54164e-07
    outer loop
      vertex 1.17474 8.923 -34
      vertex 0.849999 8.95499 -18.4722
      vertex 0.944468 8.94568 -18.4135
    endloop
  endfacet
  facet normal 0.0979886 0.995188 -9.74763e-07
    outer loop
      vertex 1.17474 8.923 -34
      vertex 0.75189 8.96465 -18.5247
      vertex 0.849999 8.95499 -18.4722
    endloop
  endfacet
  facet normal 0.0980169 0.995185 -1.94241e-07
    outer loop
      vertex 1.17474 8.923 -34
      vertex 0.650561 8.97463 -18.5706
      vertex 0.75189 8.96465 -18.5247
    endloop
  endfacet
  facet normal 0.0980193 0.995185 -1.11971e-07
    outer loop
      vertex 1.17474 8.923 -34
      vertex 0.588628 8.98073 -18.5939
      vertex 0.650561 8.97463 -18.5706
    endloop
  endfacet
  facet normal 0.0980222 0.995184 0
    outer loop
      vertex 0.588628 8.98073 -18.5939
      vertex 1.17474 8.923 -34
      vertex 0.588628 8.98073 -34
    endloop
  endfacet
  facet normal -0.999465 0.0327196 0
    outer loop
      vertex -9 0 -34
      vertex -8.98073 0.588628 0.0999994
      vertex -8.98073 0.588628 -34
    endloop
  endfacet
  facet normal -0.999465 0.0327196 0
    outer loop
      vertex -8.98073 0.588628 0.0999994
      vertex -9 0 -34
      vertex -9 0 0.0999994
    endloop
  endfacet
  facet normal 0 0 -1
    outer loop
      vertex 5.94589 -0.799999 -34
      vertex 8.923 -1.17474 -34
      vertex 8.82707 -1.75581 -34
    endloop
  endfacet
  facet normal 0 0 -1
    outer loop
      vertex 5.88471 -1.17054 -34
      vertex 8.82707 -1.75581 -34
      vertex 8.69333 -2.32937 -34
    endloop
  endfacet
  facet normal 0 0 -1
    outer loop
      vertex 5.79555 -1.55291 -34
      vertex 8.69333 -2.32937 -34
      vertex 8.52237 -2.89295 -34
    endloop
  endfacet
  facet normal 0 0 -1
    outer loop
      vertex 5.68158 -1.92864 -34
      vertex 8.52237 -2.89295 -34
      vertex 8.31492 -3.44415 -34
    endloop
  endfacet
  facet normal 0 0 -1
    outer loop
      vertex 5.54328 -2.2961 -34
      vertex 8.31492 -3.44415 -34
      vertex 8.07185 -3.9806 -34
    endloop
  endfacet
  facet normal 0 0 -1
    outer loop
      vertex 5.38124 -2.65373 -34
      vertex 8.07185 -3.9806 -34
      vertex 7.79423 -4.5 -34
    endloop
  endfacet
  facet normal 0 0 -1
    outer loop
      vertex 5.19615 -3 -34
      vertex 7.79423 -4.5 -34
      vertex 7.48323 -5.00013 -34
    endloop
  endfacet
  facet normal 0 0 -1
    outer loop
      vertex 4.98882 -3.33342 -34
      vertex 7.48323 -5.00013 -34
      vertex 7.14018 -5.47885 -34
    endloop
  endfacet
  facet normal 0 0 -1
    outer loop
      vertex 4.76012 -3.65257 -34
      vertex 7.14018 -5.47885 -34
      vertex 6.76656 -5.93411 -34
    endloop
  endfacet
  facet normal 0 0 -1
    outer loop
      vertex 4.51104 -3.95607 -34
      vertex 6.76656 -5.93411 -34
      vertex 6.36396 -6.36396 -34
    endloop
  endfacet
  facet normal 0 0 -1
    outer loop
      vertex 8.07185 -3.9806 -34
      vertex 5.38124 -2.65373 -34
      vertex 5.54328 -2.2961 -34
    endloop
  endfacet
  facet normal 0 0 -1
    outer loop
      vertex 4.24264 -4.24264 -34
      vertex 6.36396 -6.36396 -34
      vertex 5.93411 -6.76656 -34
    endloop
  endfacet
  facet normal 0 0 -1
    outer loop
      vertex 8.923 -1.17474 -34
      vertex 5.94589 -0.799999 -34
      vertex 8.95991 -0.799999 -34
    endloop
  endfacet
  facet normal 0 -0 -1
    outer loop
      vertex 5.94589 -0.799999 -34
      vertex 8.82707 -1.75581 -34
      vertex 5.88471 -1.17054 -34
    endloop
  endfacet
  facet normal 0 0 -1
    outer loop
      vertex 8.69333 -2.32937 -34
      vertex 5.79555 -1.55291 -34
      vertex 5.88471 -1.17054 -34
    endloop
  endfacet
  facet normal 0 0 -1
    outer loop
      vertex 8.52237 -2.89295 -34
      vertex 5.68158 -1.92864 -34
      vertex 5.79555 -1.55291 -34
    endloop
  endfacet
  facet normal 0 0 -1
    outer loop
      vertex 3.95607 -4.51104 -34
      vertex 5.93411 -6.76656 -34
      vertex 5.47885 -7.14018 -34
    endloop
  endfacet
  facet normal 0 0 -1
    outer loop
      vertex 8.31492 -3.44415 -34
      vertex 5.54328 -2.2961 -34
      vertex 5.68158 -1.92864 -34
    endloop
  endfacet
  facet normal 0 0 -1
    outer loop
      vertex 7.79423 -4.5 -34
      vertex 5.19615 -3 -34
      vertex 5.38124 -2.65373 -34
    endloop
  endfacet
  facet normal 0 0 -1
    outer loop
      vertex 3.65257 -4.76012 -34
      vertex 5.47885 -7.14018 -34
      vertex 5.00013 -7.48323 -34
    endloop
  endfacet
  facet normal 0 0 -1
    outer loop
      vertex 7.48323 -5.00013 -34
      vertex 4.98882 -3.33342 -34
      vertex 5.19615 -3 -34
    endloop
  endfacet
  facet normal 0 0 -1
    outer loop
      vertex 7.14018 -5.47885 -34
      vertex 4.76012 -3.65257 -34
      vertex 4.98882 -3.33342 -34
    endloop
  endfacet
  facet normal 0 0 -1
    outer loop
      vertex 6.76656 -5.93411 -34
      vertex 4.51104 -3.95607 -34
      vertex 4.76012 -3.65257 -34
    endloop
  endfacet
  facet normal 0 0 -1
    outer loop
      vertex 3.33342 -4.98882 -34
      vertex 5.00013 -7.48323 -34
      vertex 4.5 -7.79423 -34
    endloop
  endfacet
  facet normal 0 0 -1
    outer loop
      vertex 6.36396 -6.36396 -34
      vertex 4.24264 -4.24264 -34
      vertex 4.51104 -3.95607 -34
    endloop
  endfacet
  facet normal 0 0 -1
    outer loop
      vertex 3 -5.19615 -34
      vertex 4.5 -7.79423 -34
      vertex 3.9806 -8.07185 -34
    endloop
  endfacet
  facet normal 0 0 -1
    outer loop
      vertex 5.93411 -6.76656 -34
      vertex 3.95607 -4.51104 -34
      vertex 4.24264 -4.24264 -34
    endloop
  endfacet
  facet normal 0 0 -1
    outer loop
      vertex 5.47885 -7.14018 -34
      vertex 3.65257 -4.76012 -34
      vertex 3.95607 -4.51104 -34
    endloop
  endfacet
  facet normal 0 0 -1
    outer loop
      vertex 2.65373 -5.38124 -34
      vertex 3.9806 -8.07185 -34
      vertex 3.44415 -8.31492 -34
    endloop
  endfacet
  facet normal 0 0 -1
    outer loop
      vertex 5.00013 -7.48323 -34
      vertex 3.33342 -4.98882 -34
      vertex 3.65257 -4.76012 -34
    endloop
  endfacet
  facet normal 0 0 -1
    outer loop
      vertex 4.5 -7.79423 -34
      vertex 3 -5.19615 -34
      vertex 3.33342 -4.98882 -34
    endloop
  endfacet
  facet normal 0 0 -1
    outer loop
      vertex 2.2961 -5.54328 -34
      vertex 3.44415 -8.31492 -34
      vertex 2.89295 -8.52237 -34
    endloop
  endfacet
  facet normal 0 0 -1
    outer loop
      vertex 3.9806 -8.07185 -34
      vertex 2.65373 -5.38124 -34
      vertex 3 -5.19615 -34
    endloop
  endfacet
  facet normal 0 0 -1
    outer loop
      vertex 1.92864 -5.68158 -34
      vertex 2.89295 -8.52237 -34
      vertex 2.32937 -8.69333 -34
    endloop
  endfacet
  facet normal 0 0 -1
    outer loop
      vertex 3.44415 -8.31492 -34
      vertex 2.2961 -5.54328 -34
      vertex 2.65373 -5.38124 -34
    endloop
  endfacet
  facet normal 0 0 -1
    outer loop
      vertex 2.89295 -8.52237 -34
      vertex 1.92864 -5.68158 -34
      vertex 2.2961 -5.54328 -34
    endloop
  endfacet
  facet normal 0 0 -1
    outer loop
      vertex 1.55291 -5.79555 -34
      vertex 2.32937 -8.69333 -34
      vertex 1.75581 -8.82707 -34
    endloop
  endfacet
  facet normal 0 0 -1
    outer loop
      vertex 2.32937 -8.69333 -34
      vertex 1.55291 -5.79555 -34
      vertex 1.92864 -5.68158 -34
    endloop
  endfacet
  facet normal 0 0 -1
    outer loop
      vertex 1.17054 -5.88471 -34
      vertex 1.75581 -8.82707 -34
      vertex 1.17474 -8.923 -34
    endloop
  endfacet
  facet normal 0 0 -1
    outer loop
      vertex 1.75581 -8.82707 -34
      vertex 1.17054 -5.88471 -34
      vertex 1.55291 -5.79555 -34
    endloop
  endfacet
  facet normal 0 0 -1
    outer loop
      vertex 1.17474 -8.923 -34
      vertex 0.783156 -5.94867 -34
      vertex 1.17054 -5.88471 -34
    endloop
  endfacet
  facet normal 0 0 -1
    outer loop
      vertex 0.588628 -8.98073 -34
      vertex 0.783156 -5.94867 -34
      vertex 1.17474 -8.923 -34
    endloop
  endfacet
  facet normal 0 0 -1
    outer loop
      vertex 0.588628 -8.98073 -34
      vertex 0.392418 -5.98715 -34
      vertex 0.783156 -5.94867 -34
    endloop
  endfacet
  facet normal 0 0 -1
    outer loop
      vertex 0 -9 -34
      vertex 0.392418 -5.98715 -34
      vertex 0.588628 -8.98073 -34
    endloop
  endfacet
  facet normal 0 0 -1
    outer loop
      vertex 0 -9 -34
      vertex 0 -6 -34
      vertex 0.392418 -5.98715 -34
    endloop
  endfacet
  facet normal 0 0 -1
    outer loop
      vertex 0 -9 -34
      vertex -0.392418 -5.98715 -34
      vertex 0 -6 -34
    endloop
  endfacet
  facet normal 0 0 -1
    outer loop
      vertex -0.588628 -8.98073 -34
      vertex -0.392418 -5.98715 -34
      vertex 0 -9 -34
    endloop
  endfacet
  facet normal 0 0 -1
    outer loop
      vertex -0.588628 -8.98073 -34
      vertex -0.783156 -5.94867 -34
      vertex -0.392418 -5.98715 -34
    endloop
  endfacet
  facet normal 0 0 -1
    outer loop
      vertex -1.17474 -8.923 -34
      vertex -0.783156 -5.94867 -34
      vertex -0.588628 -8.98073 -34
    endloop
  endfacet
  facet normal -0 0 -1
    outer loop
      vertex -0.783156 -5.94867 -34
      vertex -1.17474 -8.923 -34
      vertex -1.17054 -5.88471 -34
    endloop
  endfacet
  facet normal 0 0 -1
    outer loop
      vertex -1.75581 -8.82707 -34
      vertex -1.17054 -5.88471 -34
      vertex -1.17474 -8.923 -34
    endloop
  endfacet
  facet normal -0 0 -1
    outer loop
      vertex -1.17054 -5.88471 -34
      vertex -1.75581 -8.82707 -34
      vertex -1.55291 -5.79555 -34
    endloop
  endfacet
  facet normal 0 0 -1
    outer loop
      vertex -2.32937 -8.69333 -34
      vertex -1.55291 -5.79555 -34
      vertex -1.75581 -8.82707 -34
    endloop
  endfacet
  facet normal -0 0 -1
    outer loop
      vertex -1.55291 -5.79555 -34
      vertex -2.32937 -8.69333 -34
      vertex -1.92864 -5.68158 -34
    endloop
  endfacet
  facet normal 0 0 -1
    outer loop
      vertex -2.89295 -8.52237 -34
      vertex -1.92864 -5.68158 -34
      vertex -2.32937 -8.69333 -34
    endloop
  endfacet
  facet normal -0 0 -1
    outer loop
      vertex -1.92864 -5.68158 -34
      vertex -2.89295 -8.52237 -34
      vertex -2.2961 -5.54328 -34
    endloop
  endfacet
  facet normal 0 0 -1
    outer loop
      vertex -3.44415 -8.31492 -34
      vertex -2.2961 -5.54328 -34
      vertex -2.89295 -8.52237 -34
    endloop
  endfacet
  facet normal -0 0 -1
    outer loop
      vertex -2.2961 -5.54328 -34
      vertex -3.44415 -8.31492 -34
      vertex -2.65373 -5.38124 -34
    endloop
  endfacet
  facet normal 0 0 -1
    outer loop
      vertex -3.9806 -8.07185 -34
      vertex -2.65373 -5.38124 -34
      vertex -3.44415 -8.31492 -34
    endloop
  endfacet
  facet normal -0 0 -1
    outer loop
      vertex -2.65373 -5.38124 -34
      vertex -3.9806 -8.07185 -34
      vertex -3 -5.19615 -34
    endloop
  endfacet
  facet normal 0 0 -1
    outer loop
      vertex -4.5 -7.79423 -34
      vertex -3 -5.19615 -34
      vertex -3.9806 -8.07185 -34
    endloop
  endfacet
  facet normal -0 0 -1
    outer loop
      vertex -3 -5.19615 -34
      vertex -4.5 -7.79423 -34
      vertex -3.33342 -4.98882 -34
    endloop
  endfacet
  facet normal 0 0 -1
    outer loop
      vertex -5.00013 -7.48323 -34
      vertex -3.33342 -4.98882 -34
      vertex -4.5 -7.79423 -34
    endloop
  endfacet
  facet normal -0 0 -1
    outer loop
      vertex -3.33342 -4.98882 -34
      vertex -5.00013 -7.48323 -34
      vertex -3.65257 -4.76012 -34
    endloop
  endfacet
  facet normal 0 0 -1
    outer loop
      vertex -5.47885 -7.14018 -34
      vertex -3.65257 -4.76012 -34
      vertex -5.00013 -7.48323 -34
    endloop
  endfacet
  facet normal -0 0 -1
    outer loop
      vertex -3.65257 -4.76012 -34
      vertex -5.47885 -7.14018 -34
      vertex -3.95607 -4.51104 -34
    endloop
  endfacet
  facet normal 0 0 -1
    outer loop
      vertex -5.93411 -6.76656 -34
      vertex -3.95607 -4.51104 -34
      vertex -5.47885 -7.14018 -34
    endloop
  endfacet
  facet normal -0 0 -1
    outer loop
      vertex -3.95607 -4.51104 -34
      vertex -5.93411 -6.76656 -34
      vertex -4.24264 -4.24264 -34
    endloop
  endfacet
  facet normal 0 0 -1
    outer loop
      vertex -6.36396 -6.36396 -34
      vertex -4.24264 -4.24264 -34
      vertex -5.93411 -6.76656 -34
    endloop
  endfacet
  facet normal -0 0 -1
    outer loop
      vertex -4.24264 -4.24264 -34
      vertex -6.36396 -6.36396 -34
      vertex -4.51104 -3.95607 -34
    endloop
  endfacet
  facet normal 0 0 -1
    outer loop
      vertex -6.76656 -5.93411 -34
      vertex -4.51104 -3.95607 -34
      vertex -6.36396 -6.36396 -34
    endloop
  endfacet
  facet normal -0 0 -1
    outer loop
      vertex -4.51104 -3.95607 -34
      vertex -6.76656 -5.93411 -34
      vertex -4.76012 -3.65257 -34
    endloop
  endfacet
  facet normal 0 0 -1
    outer loop
      vertex -7.14018 -5.47885 -34
      vertex -4.76012 -3.65257 -34
      vertex -6.76656 -5.93411 -34
    endloop
  endfacet
  facet normal -0 0 -1
    outer loop
      vertex -4.76012 -3.65257 -34
      vertex -7.14018 -5.47885 -34
      vertex -4.98882 -3.33342 -34
    endloop
  endfacet
  facet normal 0 0 -1
    outer loop
      vertex -7.48323 -5.00013 -34
      vertex -4.98882 -3.33342 -34
      vertex -7.14018 -5.47885 -34
    endloop
  endfacet
  facet normal -0 0 -1
    outer loop
      vertex -4.98882 -3.33342 -34
      vertex -7.48323 -5.00013 -34
      vertex -5.19615 -3 -34
    endloop
  endfacet
  facet normal 0 0 -1
    outer loop
      vertex -7.79423 -4.5 -34
      vertex -5.19615 -3 -34
      vertex -7.48323 -5.00013 -34
    endloop
  endfacet
  facet normal -0 0 -1
    outer loop
      vertex -5.19615 -3 -34
      vertex -7.79423 -4.5 -34
      vertex -5.38124 -2.65373 -34
    endloop
  endfacet
  facet normal 0 0 -1
    outer loop
      vertex -8.07185 -3.9806 -34
      vertex -5.38124 -2.65373 -34
      vertex -7.79423 -4.5 -34
    endloop
  endfacet
  facet normal -0 0 -1
    outer loop
      vertex -5.38124 -2.65373 -34
      vertex -8.07185 -3.9806 -34
      vertex -5.54328 -2.2961 -34
    endloop
  endfacet
  facet normal 0 0 -1
    outer loop
      vertex -8.31492 -3.44415 -34
      vertex -5.54328 -2.2961 -34
      vertex -8.07185 -3.9806 -34
    endloop
  endfacet
  facet normal 0 0 -1
    outer loop
      vertex 5.94589 0.799999 -34
      vertex 8.923 1.17474 -34
      vertex 8.95991 0.799999 -34
    endloop
  endfacet
  facet normal -0 0 -1
    outer loop
      vertex 8.923 1.17474 -34
      vertex 5.94589 0.799999 -34
      vertex 8.82707 1.75581 -34
    endloop
  endfacet
  facet normal -0 0 -1
    outer loop
      vertex 8.82707 1.75581 -34
      vertex 5.88471 1.17054 -34
      vertex 8.69333 2.32937 -34
    endloop
  endfacet
  facet normal 0 0 -1
    outer loop
      vertex 5.79555 1.55291 -34
      vertex 8.69333 2.32937 -34
      vertex 5.88471 1.17054 -34
    endloop
  endfacet
  facet normal 0 0 -1
    outer loop
      vertex 5.68158 1.92864 -34
      vertex 8.52237 2.89295 -34
      vertex 5.79555 1.55291 -34
    endloop
  endfacet
  facet normal -0 0 -1
    outer loop
      vertex 8.52237 2.89295 -34
      vertex 5.68158 1.92864 -34
      vertex 8.31492 3.44415 -34
    endloop
  endfacet
  facet normal -0 0 -1
    outer loop
      vertex 8.31492 3.44415 -34
      vertex 5.54328 2.2961 -34
      vertex 8.07185 3.9806 -34
    endloop
  endfacet
  facet normal 0 0 -1
    outer loop
      vertex 5.38124 2.65373 -34
      vertex 8.07185 3.9806 -34
      vertex 5.54328 2.2961 -34
    endloop
  endfacet
  facet normal 0 0 -1
    outer loop
      vertex 5.19615 3 -34
      vertex 7.79423 4.5 -34
      vertex 5.38124 2.65373 -34
    endloop
  endfacet
  facet normal -0 0 -1
    outer loop
      vertex 7.79423 4.5 -34
      vertex 5.19615 3 -34
      vertex 7.48323 5.00013 -34
    endloop
  endfacet
  facet normal 0 0 -1
    outer loop
      vertex 8.82707 1.75581 -34
      vertex 5.94589 0.799999 -34
      vertex 5.88471 1.17054 -34
    endloop
  endfacet
  facet normal -0 0 -1
    outer loop
      vertex 8.69333 2.32937 -34
      vertex 5.79555 1.55291 -34
      vertex 8.52237 2.89295 -34
    endloop
  endfacet
  facet normal 0 0 -1
    outer loop
      vertex 5.54328 2.2961 -34
      vertex 8.31492 3.44415 -34
      vertex 5.68158 1.92864 -34
    endloop
  endfacet
  facet normal -0 0 -1
    outer loop
      vertex 8.07185 3.9806 -34
      vertex 5.38124 2.65373 -34
      vertex 7.79423 4.5 -34
    endloop
  endfacet
  facet normal 0 0 -1
    outer loop
      vertex 4.98882 3.33342 -34
      vertex 7.48323 5.00013 -34
      vertex 5.19615 3 -34
    endloop
  endfacet
  facet normal -0 0 -1
    outer loop
      vertex 7.48323 5.00013 -34
      vertex 4.98882 3.33342 -34
      vertex 7.14018 5.47885 -34
    endloop
  endfacet
  facet normal 0 0 -1
    outer loop
      vertex 4.76012 3.65257 -34
      vertex 7.14018 5.47885 -34
      vertex 4.98882 3.33342 -34
    endloop
  endfacet
  facet normal -0 0 -1
    outer loop
      vertex 7.14018 5.47885 -34
      vertex 4.76012 3.65257 -34
      vertex 6.76656 5.93411 -34
    endloop
  endfacet
  facet normal 0 0 -1
    outer loop
      vertex 4.51104 3.95607 -34
      vertex 6.76656 5.93411 -34
      vertex 4.76012 3.65257 -34
    endloop
  endfacet
  facet normal -0 0 -1
    outer loop
      vertex 6.76656 5.93411 -34
      vertex 4.51104 3.95607 -34
      vertex 6.36396 6.36396 -34
    endloop
  endfacet
  facet normal 0 0 -1
    outer loop
      vertex 4.24264 4.24264 -34
      vertex 6.36396 6.36396 -34
      vertex 4.51104 3.95607 -34
    endloop
  endfacet
  facet normal -0 0 -1
    outer loop
      vertex 6.36396 6.36396 -34
      vertex 4.24264 4.24264 -34
      vertex 5.93411 6.76656 -34
    endloop
  endfacet
  facet normal 0 0 -1
    outer loop
      vertex 3.95607 4.51104 -34
      vertex 5.93411 6.76656 -34
      vertex 4.24264 4.24264 -34
    endloop
  endfacet
  facet normal -0 0 -1
    outer loop
      vertex 5.93411 6.76656 -34
      vertex 3.95607 4.51104 -34
      vertex 5.47885 7.14018 -34
    endloop
  endfacet
  facet normal 0 0 -1
    outer loop
      vertex 3.65257 4.76012 -34
      vertex 5.47885 7.14018 -34
      vertex 3.95607 4.51104 -34
    endloop
  endfacet
  facet normal -0 0 -1
    outer loop
      vertex 5.47885 7.14018 -34
      vertex 3.65257 4.76012 -34
      vertex 5.00013 7.48323 -34
    endloop
  endfacet
  facet normal 0 0 -1
    outer loop
      vertex 3.33342 4.98882 -34
      vertex 5.00013 7.48323 -34
      vertex 3.65257 4.76012 -34
    endloop
  endfacet
  facet normal -0 0 -1
    outer loop
      vertex 5.00013 7.48323 -34
      vertex 3.33342 4.98882 -34
      vertex 4.5 7.79423 -34
    endloop
  endfacet
  facet normal 0 0 -1
    outer loop
      vertex 3 5.19615 -34
      vertex 4.5 7.79423 -34
      vertex 3.33342 4.98882 -34
    endloop
  endfacet
  facet normal -0 0 -1
    outer loop
      vertex 4.5 7.79423 -34
      vertex 3 5.19615 -34
      vertex 3.9806 8.07185 -34
    endloop
  endfacet
  facet normal 0 0 -1
    outer loop
      vertex 2.65373 5.38124 -34
      vertex 3.9806 8.07185 -34
      vertex 3 5.19615 -34
    endloop
  endfacet
  facet normal -0 0 -1
    outer loop
      vertex 3.9806 8.07185 -34
      vertex 2.65373 5.38124 -34
      vertex 3.44415 8.31492 -34
    endloop
  endfacet
  facet normal 0 0 -1
    outer loop
      vertex 2.2961 5.54328 -34
      vertex 3.44415 8.31492 -34
      vertex 2.65373 5.38124 -34
    endloop
  endfacet
  facet normal -0 0 -1
    outer loop
      vertex 3.44415 8.31492 -34
      vertex 2.2961 5.54328 -34
      vertex 2.89295 8.52237 -34
    endloop
  endfacet
  facet normal 0 0 -1
    outer loop
      vertex 1.92864 5.68158 -34
      vertex 2.89295 8.52237 -34
      vertex 2.2961 5.54328 -34
    endloop
  endfacet
  facet normal -0 0 -1
    outer loop
      vertex 2.89295 8.52237 -34
      vertex 1.92864 5.68158 -34
      vertex 2.32937 8.69333 -34
    endloop
  endfacet
  facet normal 0 0 -1
    outer loop
      vertex 1.55291 5.79555 -34
      vertex 2.32937 8.69333 -34
      vertex 1.92864 5.68158 -34
    endloop
  endfacet
  facet normal -0 0 -1
    outer loop
      vertex 2.32937 8.69333 -34
      vertex 1.55291 5.79555 -34
      vertex 1.75581 8.82707 -34
    endloop
  endfacet
  facet normal 0 0 -1
    outer loop
      vertex 1.17054 5.88471 -34
      vertex 1.75581 8.82707 -34
      vertex 1.55291 5.79555 -34
    endloop
  endfacet
  facet normal -0 0 -1
    outer loop
      vertex 1.75581 8.82707 -34
      vertex 1.17054 5.88471 -34
      vertex 1.17474 8.923 -34
    endloop
  endfacet
  facet normal 0 0 -1
    outer loop
      vertex 0.783156 5.94867 -34
      vertex 1.17474 8.923 -34
      vertex 1.17054 5.88471 -34
    endloop
  endfacet
  facet normal 0 0 -1
    outer loop
      vertex 0.783156 5.94867 -34
      vertex 0.588628 8.98073 -34
      vertex 1.17474 8.923 -34
    endloop
  endfacet
  facet normal 0 0 -1
    outer loop
      vertex 0.392418 5.98715 -34
      vertex 0.588628 8.98073 -34
      vertex 0.783156 5.94867 -34
    endloop
  endfacet
  facet normal 0 0 -1
    outer loop
      vertex 0 6 -34
      vertex 0.588628 8.98073 -34
      vertex 0.392418 5.98715 -34
    endloop
  endfacet
  facet normal 0 0 -1
    outer loop
      vertex 0 6 -34
      vertex 0 9 -34
      vertex 0.588628 8.98073 -34
    endloop
  endfacet
  facet normal 0 0 -1
    outer loop
      vertex -0.392418 5.98715 -34
      vertex 0 9 -34
      vertex 0 6 -34
    endloop
  endfacet
  facet normal 0 0 -1
    outer loop
      vertex -0.392418 5.98715 -34
      vertex -0.588628 8.98073 -34
      vertex 0 9 -34
    endloop
  endfacet
  facet normal 0 0 -1
    outer loop
      vertex -0.783156 5.94867 -34
      vertex -0.588628 8.98073 -34
      vertex -0.392418 5.98715 -34
    endloop
  endfacet
  facet normal 0 0 -1
    outer loop
      vertex -1.17474 8.923 -34
      vertex -0.783156 5.94867 -34
      vertex -1.17054 5.88471 -34
    endloop
  endfacet
  facet normal 0 0 -1
    outer loop
      vertex -0.783156 5.94867 -34
      vertex -1.17474 8.923 -34
      vertex -0.588628 8.98073 -34
    endloop
  endfacet
  facet normal 0 0 -1
    outer loop
      vertex -1.75581 8.82707 -34
      vertex -1.17054 5.88471 -34
      vertex -1.55291 5.79555 -34
    endloop
  endfacet
  facet normal 0 0 -1
    outer loop
      vertex -1.17054 5.88471 -34
      vertex -1.75581 8.82707 -34
      vertex -1.17474 8.923 -34
    endloop
  endfacet
  facet normal 0 0 -1
    outer loop
      vertex -2.32937 8.69333 -34
      vertex -1.55291 5.79555 -34
      vertex -1.92864 5.68158 -34
    endloop
  endfacet
  facet normal 0 0 -1
    outer loop
      vertex -2.89295 8.52237 -34
      vertex -1.92864 5.68158 -34
      vertex -2.2961 5.54328 -34
    endloop
  endfacet
  facet normal 0 0 -1
    outer loop
      vertex -1.55291 5.79555 -34
      vertex -2.32937 8.69333 -34
      vertex -1.75581 8.82707 -34
    endloop
  endfacet
  facet normal 0 0 -1
    outer loop
      vertex -3.44415 8.31492 -34
      vertex -2.2961 5.54328 -34
      vertex -2.65373 5.38124 -34
    endloop
  endfacet
  facet normal 0 0 -1
    outer loop
      vertex -1.92864 5.68158 -34
      vertex -2.89295 8.52237 -34
      vertex -2.32937 8.69333 -34
    endloop
  endfacet
  facet normal 0 0 -1
    outer loop
      vertex -3.9806 8.07185 -34
      vertex -2.65373 5.38124 -34
      vertex -3 5.19615 -34
    endloop
  endfacet
  facet normal 0 0 -1
    outer loop
      vertex -4.5 7.79423 -34
      vertex -3 5.19615 -34
      vertex -3.33342 4.98882 -34
    endloop
  endfacet
  facet normal 0 0 -1
    outer loop
      vertex -2.2961 5.54328 -34
      vertex -3.44415 8.31492 -34
      vertex -2.89295 8.52237 -34
    endloop
  endfacet
  facet normal 0 0 -1
    outer loop
      vertex -5.00013 7.48323 -34
      vertex -3.33342 4.98882 -34
      vertex -3.65257 4.76012 -34
    endloop
  endfacet
  facet normal 0 0 -1
    outer loop
      vertex -5.47885 7.14018 -34
      vertex -3.65257 4.76012 -34
      vertex -3.95607 4.51104 -34
    endloop
  endfacet
  facet normal 0 0 -1
    outer loop
      vertex -2.65373 5.38124 -34
      vertex -3.9806 8.07185 -34
      vertex -3.44415 8.31492 -34
    endloop
  endfacet
  facet normal 0 0 -1
    outer loop
      vertex -5.93411 6.76656 -34
      vertex -3.95607 4.51104 -34
      vertex -4.24264 4.24264 -34
    endloop
  endfacet
  facet normal 0 0 -1
    outer loop
      vertex -3 5.19615 -34
      vertex -4.5 7.79423 -34
      vertex -3.9806 8.07185 -34
    endloop
  endfacet
  facet normal 0 0 -1
    outer loop
      vertex -6.36396 6.36396 -34
      vertex -4.24264 4.24264 -34
      vertex -4.51104 3.95607 -34
    endloop
  endfacet
  facet normal 0 0 -1
    outer loop
      vertex -6.76656 5.93411 -34
      vertex -4.51104 3.95607 -34
      vertex -4.76012 3.65257 -34
    endloop
  endfacet
  facet normal 0 0 -1
    outer loop
      vertex -7.14018 5.47885 -34
      vertex -4.76012 3.65257 -34
      vertex -4.98882 3.33342 -34
    endloop
  endfacet
  facet normal 0 0 -1
    outer loop
      vertex -3.33342 4.98882 -34
      vertex -5.00013 7.48323 -34
      vertex -4.5 7.79423 -34
    endloop
  endfacet
  facet normal 0 0 -1
    outer loop
      vertex -7.48323 5.00013 -34
      vertex -4.98882 3.33342 -34
      vertex -5.19615 3 -34
    endloop
  endfacet
  facet normal 0 0 -1
    outer loop
      vertex -7.79423 4.5 -34
      vertex -5.19615 3 -34
      vertex -5.38124 2.65373 -34
    endloop
  endfacet
  facet normal 0 0 -1
    outer loop
      vertex -3.65257 4.76012 -34
      vertex -5.47885 7.14018 -34
      vertex -5.00013 7.48323 -34
    endloop
  endfacet
  facet normal 0 0 -1
    outer loop
      vertex -8.07185 3.9806 -34
      vertex -5.38124 2.65373 -34
      vertex -5.54328 2.2961 -34
    endloop
  endfacet
  facet normal 0 0 -1
    outer loop
      vertex -8.31492 3.44415 -34
      vertex -5.54328 2.2961 -34
      vertex -5.68158 1.92864 -34
    endloop
  endfacet
  facet normal 0 0 -1
    outer loop
      vertex -8.52237 2.89295 -34
      vertex -5.68158 1.92864 -34
      vertex -5.79555 1.55291 -34
    endloop
  endfacet
  facet normal 0 0 -1
    outer loop
      vertex -8.69333 2.32937 -34
      vertex -5.79555 1.55291 -34
      vertex -5.88471 1.17054 -34
    endloop
  endfacet
  facet normal 0 0 -1
    outer loop
      vertex -3.95607 4.51104 -34
      vertex -5.93411 6.76656 -34
      vertex -5.47885 7.14018 -34
    endloop
  endfacet
  facet normal 0 0 -1
    outer loop
      vertex -8.82707 1.75581 -34
      vertex -5.88471 1.17054 -34
      vertex -5.94867 0.783156 -34
    endloop
  endfacet
  facet normal 0 0 -1
    outer loop
      vertex -8.923 1.17474 -34
      vertex -5.94867 0.783156 -34
      vertex -5.98715 0.392418 -34
    endloop
  endfacet
  facet normal 0 0 -1
    outer loop
      vertex -8.98073 0.588628 -34
      vertex -5.98715 0.392418 -34
      vertex -6 0 -34
    endloop
  endfacet
  facet normal -0 0 -1
    outer loop
      vertex -5.54328 -2.2961 -34
      vertex -8.31492 -3.44415 -34
      vertex -5.68158 -1.92864 -34
    endloop
  endfacet
  facet normal 0 0 -1
    outer loop
      vertex -4.24264 4.24264 -34
      vertex -6.36396 6.36396 -34
      vertex -5.93411 6.76656 -34
    endloop
  endfacet
  facet normal 0 0 -1
    outer loop
      vertex -8.52237 -2.89295 -34
      vertex -5.68158 -1.92864 -34
      vertex -8.31492 -3.44415 -34
    endloop
  endfacet
  facet normal 0 0 -1
    outer loop
      vertex -4.51104 3.95607 -34
      vertex -6.76656 5.93411 -34
      vertex -6.36396 6.36396 -34
    endloop
  endfacet
  facet normal -0 0 -1
    outer loop
      vertex -5.68158 -1.92864 -34
      vertex -8.52237 -2.89295 -34
      vertex -5.79555 -1.55291 -34
    endloop
  endfacet
  facet normal 0 0 -1
    outer loop
      vertex -4.76012 3.65257 -34
      vertex -7.14018 5.47885 -34
      vertex -6.76656 5.93411 -34
    endloop
  endfacet
  facet normal 0 0 -1
    outer loop
      vertex -8.69333 -2.32937 -34
      vertex -5.79555 -1.55291 -34
      vertex -8.52237 -2.89295 -34
    endloop
  endfacet
  facet normal 0 0 -1
    outer loop
      vertex -4.98882 3.33342 -34
      vertex -7.48323 5.00013 -34
      vertex -7.14018 5.47885 -34
    endloop
  endfacet
  facet normal -0 0 -1
    outer loop
      vertex -5.79555 -1.55291 -34
      vertex -8.69333 -2.32937 -34
      vertex -5.88471 -1.17054 -34
    endloop
  endfacet
  facet normal 0 0 -1
    outer loop
      vertex -5.19615 3 -34
      vertex -7.79423 4.5 -34
      vertex -7.48323 5.00013 -34
    endloop
  endfacet
  facet normal 0 0 -1
    outer loop
      vertex -8.82707 -1.75581 -34
      vertex -5.88471 -1.17054 -34
      vertex -8.69333 -2.32937 -34
    endloop
  endfacet
  facet normal 0 0 -1
    outer loop
      vertex -5.38124 2.65373 -34
      vertex -8.07185 3.9806 -34
      vertex -7.79423 4.5 -34
    endloop
  endfacet
  facet normal -0 0 -1
    outer loop
      vertex -5.88471 -1.17054 -34
      vertex -8.82707 -1.75581 -34
      vertex -5.94867 -0.783156 -34
    endloop
  endfacet
  facet normal 0 0 -1
    outer loop
      vertex -5.54328 2.2961 -34
      vertex -8.31492 3.44415 -34
      vertex -8.07185 3.9806 -34
    endloop
  endfacet
  facet normal 0 0 -1
    outer loop
      vertex -8.923 -1.17474 -34
      vertex -5.94867 -0.783156 -34
      vertex -8.82707 -1.75581 -34
    endloop
  endfacet
  facet normal 0 0 -1
    outer loop
      vertex -5.68158 1.92864 -34
      vertex -8.52237 2.89295 -34
      vertex -8.31492 3.44415 -34
    endloop
  endfacet
  facet normal -0 0 -1
    outer loop
      vertex -5.94867 -0.783156 -34
      vertex -8.923 -1.17474 -34
      vertex -5.98715 -0.392418 -34
    endloop
  endfacet
  facet normal 0 0 -1
    outer loop
      vertex -5.79555 1.55291 -34
      vertex -8.69333 2.32937 -34
      vertex -8.52237 2.89295 -34
    endloop
  endfacet
  facet normal 0 0 -1
    outer loop
      vertex -8.98073 -0.588628 -34
      vertex -5.98715 -0.392418 -34
      vertex -8.923 -1.17474 -34
    endloop
  endfacet
  facet normal 0 0 -1
    outer loop
      vertex -5.88471 1.17054 -34
      vertex -8.82707 1.75581 -34
      vertex -8.69333 2.32937 -34
    endloop
  endfacet
  facet normal -0 0 -1
    outer loop
      vertex -5.98715 -0.392418 -34
      vertex -8.98073 -0.588628 -34
      vertex -6 0 -34
    endloop
  endfacet
  facet normal 0 0 -1
    outer loop
      vertex -5.94867 0.783156 -34
      vertex -8.923 1.17474 -34
      vertex -8.82707 1.75581 -34
    endloop
  endfacet
  facet normal 0 0 -1
    outer loop
      vertex -9 0 -34
      vertex -6 0 -34
      vertex -8.98073 -0.588628 -34
    endloop
  endfacet
  facet normal 0 0 -1
    outer loop
      vertex -5.98715 0.392418 -34
      vertex -8.98073 0.588628 -34
      vertex -8.923 1.17474 -34
    endloop
  endfacet
  facet normal 0 0 -1
    outer loop
      vertex -6 0 -34
      vertex -9 0 -34
      vertex -8.98073 0.588628 -34
    endloop
  endfacet
  facet normal -0.773012 -0.634391 0
    outer loop
      vertex -6.76656 -5.93411 -34
      vertex -7.14018 -5.47885 0.0999994
      vertex -7.14018 -5.47885 -34
    endloop
  endfacet
  facet normal -0.773012 -0.634391 0
    outer loop
      vertex -7.14018 -5.47885 0.0999994
      vertex -6.76656 -5.93411 -34
      vertex -6.76656 -5.93411 0.0999994
    endloop
  endfacet
  facet normal 0.0980222 -0.995184 0
    outer loop
      vertex 0.588628 -8.98073 -15.4061
      vertex 1.17474 -8.923 0.0999994
      vertex 0.588628 -8.98073 0.0999994
    endloop
  endfacet
  facet normal 0.0980193 -0.995185 1.11259e-07
    outer loop
      vertex 0.650561 -8.97463 -15.4294
      vertex 1.17474 -8.923 0.0999994
      vertex 0.588628 -8.98073 -15.4061
    endloop
  endfacet
  facet normal 0.0980169 -0.995185 1.93009e-07
    outer loop
      vertex 0.75189 -8.96465 -15.4753
      vertex 1.17474 -8.923 0.0999994
      vertex 0.650561 -8.97463 -15.4294
    endloop
  endfacet
  facet normal 0.0979886 -0.995188 9.68594e-07
    outer loop
      vertex 0.849999 -8.95499 -15.5278
      vertex 1.17474 -8.923 0.0999994
      vertex 0.75189 -8.96465 -15.4753
    endloop
  endfacet
  facet normal 0.0980752 -0.995179 -8.48768e-07
    outer loop
      vertex 0.944468 -8.94568 -15.5865
      vertex 1.17474 -8.923 0.0999994
      vertex 0.849999 -8.95499 -15.5278
    endloop
  endfacet
  facet normal 0.0979547 -0.995191 9.37447e-07
    outer loop
      vertex 1.03489 -8.93678 -15.6513
      vertex 1.17474 -8.923 0.0999994
      vertex 0.944468 -8.94568 -15.5865
    endloop
  endfacet
  facet normal 0.0980145 -0.995185 4.01506e-07
    outer loop
      vertex 1.12089 -8.92831 -15.7219
      vertex 1.17474 -8.923 0.0999994
      vertex 1.03489 -8.93678 -15.6513
    endloop
  endfacet
  facet normal 0.0981313 -0.995173 0
    outer loop
      vertex 1.17474 -8.923 0.0999994
      vertex 1.12089 -8.92831 -15.7219
      vertex 1.17474 -8.923 -15.7723
    endloop
  endfacet
  facet normal 0.0980222 -0.995184 0
    outer loop
      vertex 1.17474 -8.923 -34
      vertex 0.588628 -8.98073 -18.5939
      vertex 0.588628 -8.98073 -34
    endloop
  endfacet
  facet normal 0.0980193 -0.995185 -1.11971e-07
    outer loop
      vertex 0.588628 -8.98073 -18.5939
      vertex 1.17474 -8.923 -34
      vertex 0.650561 -8.97463 -18.5706
    endloop
  endfacet
  facet normal 0.0980169 -0.995185 -1.94241e-07
    outer loop
      vertex 0.650561 -8.97463 -18.5706
      vertex 1.17474 -8.923 -34
      vertex 0.75189 -8.96465 -18.5247
    endloop
  endfacet
  facet normal 0.0979886 -0.995188 -9.74763e-07
    outer loop
      vertex 0.75189 -8.96465 -18.5247
      vertex 1.17474 -8.923 -34
      vertex 0.849999 -8.95499 -18.4722
    endloop
  endfacet
  facet normal 0.0980752 -0.995179 8.54164e-07
    outer loop
      vertex 0.849999 -8.95499 -18.4722
      vertex 1.17474 -8.923 -34
      vertex 0.944468 -8.94568 -18.4135
    endloop
  endfacet
  facet normal 0.0979547 -0.995191 -9.43398e-07
    outer loop
      vertex 0.944468 -8.94568 -18.4135
      vertex 1.17474 -8.923 -34
      vertex 1.03489 -8.93678 -18.3487
    endloop
  endfacet
  facet normal 0.0980145 -0.995185 -4.04053e-07
    outer loop
      vertex 1.03489 -8.93678 -18.3487
      vertex 1.17474 -8.923 -34
      vertex 1.12089 -8.92831 -18.2781
    endloop
  endfacet
  facet normal 0.0981313 -0.995173 0
    outer loop
      vertex 1.12089 -8.92831 -18.2781
      vertex 1.17474 -8.923 -34
      vertex 1.17474 -8.923 -18.2277
    endloop
  endfacet
  facet normal 0.634391 -0.773012 0
    outer loop
      vertex 5.47885 -7.14018 -34
      vertex 5.93411 -6.76656 0.0999994
      vertex 5.47885 -7.14018 0.0999994
    endloop
  endfacet
  facet normal 0.634391 -0.773012 0
    outer loop
      vertex 5.93411 -6.76656 0.0999994
      vertex 5.47885 -7.14018 -34
      vertex 5.93411 -6.76656 -34
    endloop
  endfacet
  facet normal 0.849203 -0.528067 0
    outer loop
      vertex 7.48323 -5.00013 0.0999994
      vertex 7.79423 -4.5 -34
      vertex 7.79423 -4.5 0.0999994
    endloop
  endfacet
  facet normal 0.849203 -0.528067 0
    outer loop
      vertex 7.79423 -4.5 -34
      vertex 7.48323 -5.00013 0.0999994
      vertex 7.48323 -5.00013 -34
    endloop
  endfacet
  facet normal -0.95694 -0.290284 0
    outer loop
      vertex -8.52237 -2.89295 -34
      vertex -8.69333 -2.32937 0.0999994
      vertex -8.69333 -2.32937 -34
    endloop
  endfacet
  facet normal -0.95694 -0.290284 0
    outer loop
      vertex -8.69333 -2.32937 0.0999994
      vertex -8.52237 -2.89295 -34
      vertex -8.52237 -2.89295 0.0999994
    endloop
  endfacet
  facet normal -0.582482 -0.812843 0
    outer loop
      vertex -5.47885 -7.14018 -34
      vertex -5.00013 -7.48323 0.0999994
      vertex -5.47885 -7.14018 0.0999994
    endloop
  endfacet
  facet normal -0.582482 -0.812843 -0
    outer loop
      vertex -5.00013 -7.48323 0.0999994
      vertex -5.47885 -7.14018 -34
      vertex -5.00013 -7.48323 -34
    endloop
  endfacet
  facet normal -0.910859 -0.412718 0
    outer loop
      vertex -8.07185 -3.9806 -34
      vertex -8.31492 -3.44415 0.0999994
      vertex -8.31492 -3.44415 -34
    endloop
  endfacet
  facet normal -0.910859 -0.412718 0
    outer loop
      vertex -8.31492 -3.44415 0.0999994
      vertex -8.07185 -3.9806 -34
      vertex -8.07185 -3.9806 0.0999994
    endloop
  endfacet
  facet normal 0.95694 -0.290284 0
    outer loop
      vertex 8.52237 -2.89295 0.0999994
      vertex 8.69333 -2.32937 -34
      vertex 8.69333 -2.32937 0.0999994
    endloop
  endfacet
  facet normal 0.95694 -0.290284 0
    outer loop
      vertex 8.69333 -2.32937 -34
      vertex 8.52237 -2.89295 0.0999994
      vertex 8.52237 -2.89295 -34
    endloop
  endfacet
  facet normal -0.973875 0.227084 0
    outer loop
      vertex -8.82707 1.75581 -34
      vertex -8.69333 2.32937 0.0999994
      vertex -8.69333 2.32937 -34
    endloop
  endfacet
  facet normal -0.973875 0.227084 0
    outer loop
      vertex -8.69333 2.32937 0.0999994
      vertex -8.82707 1.75581 -34
      vertex -8.82707 1.75581 0.0999994
    endloop
  endfacet
  facet normal -0.95694 0.290284 0
    outer loop
      vertex -8.69333 2.32937 -34
      vertex -8.52237 2.89295 0.0999994
      vertex -8.52237 2.89295 -34
    endloop
  endfacet
  facet normal -0.95694 0.290284 0
    outer loop
      vertex -8.52237 2.89295 0.0999994
      vertex -8.69333 2.32937 -34
      vertex -8.69333 2.32937 0.0999994
    endloop
  endfacet
  facet normal -0.227084 -0.973875 0
    outer loop
      vertex -2.32937 -8.69333 -34
      vertex -1.75581 -8.82707 0.0999994
      vertex -2.32937 -8.69333 0.0999994
    endloop
  endfacet
  facet normal -0.227084 -0.973875 -0
    outer loop
      vertex -1.75581 -8.82707 0.0999994
      vertex -2.32937 -8.69333 -34
      vertex -1.75581 -8.82707 -34
    endloop
  endfacet
  facet normal 0.227084 0.973875 -0
    outer loop
      vertex 2.32937 8.69333 -34
      vertex 1.75581 8.82707 0.0999994
      vertex 2.32937 8.69333 0.0999994
    endloop
  endfacet
  facet normal 0.227084 0.973875 0
    outer loop
      vertex 1.75581 8.82707 0.0999994
      vertex 2.32937 8.69333 -34
      vertex 1.75581 8.82707 -34
    endloop
  endfacet
  facet normal 0.683594 -0.729863 0
    outer loop
      vertex 5.93411 -6.76656 -34
      vertex 6.36396 -6.36396 0.0999994
      vertex 5.93411 -6.76656 0.0999994
    endloop
  endfacet
  facet normal 0.683594 -0.729863 0
    outer loop
      vertex 6.36396 -6.36396 0.0999994
      vertex 5.93411 -6.76656 -34
      vertex 6.36396 -6.36396 -34
    endloop
  endfacet
  facet normal 0.729863 -0.683594 0
    outer loop
      vertex 6.36396 -6.36396 0.0999994
      vertex 6.76656 -5.93411 -34
      vertex 6.76656 -5.93411 0.0999994
    endloop
  endfacet
  facet normal 0.729863 -0.683594 0
    outer loop
      vertex 6.76656 -5.93411 -34
      vertex 6.36396 -6.36396 0.0999994
      vertex 6.36396 -6.36396 -34
    endloop
  endfacet
  facet normal -0.47139 0.881925 0
    outer loop
      vertex -3.9806 8.07185 -34
      vertex -4.5 7.79423 0.0999994
      vertex -3.9806 8.07185 0.0999994
    endloop
  endfacet
  facet normal -0.47139 0.881925 0
    outer loop
      vertex -4.5 7.79423 0.0999994
      vertex -3.9806 8.07185 -34
      vertex -4.5 7.79423 -34
    endloop
  endfacet
  facet normal -0.47139 -0.881925 0
    outer loop
      vertex -4.5 -7.79423 -34
      vertex -3.9806 -8.07185 0.0999994
      vertex -4.5 -7.79423 0.0999994
    endloop
  endfacet
  facet normal -0.47139 -0.881925 -0
    outer loop
      vertex -3.9806 -8.07185 0.0999994
      vertex -4.5 -7.79423 -34
      vertex -3.9806 -8.07185 -34
    endloop
  endfacet
  facet normal 0.910862 -0.412711 0
    outer loop
      vertex 5.02249 -2.47682 13
      vertex 5.17373 -2.14303 0.0999994
      vertex 5.17373 -2.14303 13
    endloop
  endfacet
  facet normal 0.910862 -0.412711 0
    outer loop
      vertex 5.17373 -2.14303 0.0999994
      vertex 5.02249 -2.47682 13
      vertex 5.02249 -2.47682 0.0999994
    endloop
  endfacet
  facet normal 0.995184 0.0980203 0
    outer loop
      vertex 5.58801 0.366257 13
      vertex 5.55209 0.730947 4
      vertex 5.55209 0.730947 13
    endloop
  endfacet
  facet normal 0.995184 0.0980203 0
    outer loop
      vertex 5.55209 0.730947 4
      vertex 5.58801 0.366257 13
      vertex 5.58801 0.366257 4
    endloop
  endfacet
  facet normal 0.995184 0.0980203 0
    outer loop
      vertex 5.58801 0.366257 1
      vertex 5.55209 0.730947 0.0999994
      vertex 5.55209 0.730947 1
    endloop
  endfacet
  facet normal 0.995184 0.0980203 0
    outer loop
      vertex 5.55209 0.730947 0.0999994
      vertex 5.58801 0.366257 1
      vertex 5.58801 0.366257 0.0999994
    endloop
  endfacet
  facet normal 0.999465 0.032719 0
    outer loop
      vertex 5.6 0 13
      vertex 5.58801 0.366257 4
      vertex 5.58801 0.366257 13
    endloop
  endfacet
  facet normal 0.999465 0.032719 0
    outer loop
      vertex 5.58801 0.366257 4
      vertex 5.6 0 13
      vertex 5.6 0 4
    endloop
  endfacet
  facet normal 0.999465 0.032719 0
    outer loop
      vertex 5.6 0 1
      vertex 5.58801 0.366257 0.0999994
      vertex 5.58801 0.366257 1
    endloop
  endfacet
  facet normal 0.999465 0.032719 0
    outer loop
      vertex 5.58801 0.366257 0.0999994
      vertex 5.6 0 1
      vertex 5.6 0 0.0999994
    endloop
  endfacet
  facet normal 0.986645 0.162884 0
    outer loop
      vertex 5.55209 0.730947 13
      vertex 5.4924 1.09251 4
      vertex 5.4924 1.09251 13
    endloop
  endfacet
  facet normal 0.986645 0.162884 0
    outer loop
      vertex 5.4924 1.09251 4
      vertex 5.55209 0.730947 13
      vertex 5.55209 0.730947 4
    endloop
  endfacet
  facet normal 0.986645 0.162884 0
    outer loop
      vertex 5.55209 0.730947 1
      vertex 5.4924 1.09251 0.0999994
      vertex 5.4924 1.09251 1
    endloop
  endfacet
  facet normal 0.986645 0.162884 0
    outer loop
      vertex 5.4924 1.09251 0.0999994
      vertex 5.55209 0.730947 1
      vertex 5.55209 0.730947 0.0999994
    endloop
  endfacet
  facet normal 0.973873 0.227095 0
    outer loop
      vertex 5.4924 1.09251 13
      vertex 5.40918 1.44939 4
      vertex 5.40918 1.44939 13
    endloop
  endfacet
  facet normal 0.973873 0.227095 0
    outer loop
      vertex 5.40918 1.44939 4
      vertex 5.4924 1.09251 13
      vertex 5.4924 1.09251 4
    endloop
  endfacet
  facet normal 0.973873 0.227095 0
    outer loop
      vertex 5.4924 1.09251 1
      vertex 5.40918 1.44939 0.0999994
      vertex 5.40918 1.44939 1
    endloop
  endfacet
  facet normal 0.973873 0.227095 0
    outer loop
      vertex 5.40918 1.44939 0.0999994
      vertex 5.4924 1.09251 1
      vertex 5.4924 1.09251 0.0999994
    endloop
  endfacet
  facet normal -0.0980203 0.995184 0
    outer loop
      vertex -0.366257 5.58801 0.0999994
      vertex -0.730947 5.55209 13
      vertex -0.366257 5.58801 13
    endloop
  endfacet
  facet normal -0.0980203 0.995184 0
    outer loop
      vertex -0.730947 5.55209 13
      vertex -0.366257 5.58801 0.0999994
      vertex -0.730947 5.55209 0.0999994
    endloop
  endfacet
  facet normal -0.999465 -0.032719 0
    outer loop
      vertex -5.58801 -0.366257 0.0999994
      vertex -5.6 0 13
      vertex -5.6 0 0.0999994
    endloop
  endfacet
  facet normal -0.999465 -0.032719 0
    outer loop
      vertex -5.6 0 13
      vertex -5.58801 -0.366257 0.0999994
      vertex -5.58801 -0.366257 13
    endloop
  endfacet
  facet normal -0.63439 0.773013 0
    outer loop
      vertex -3.40906 4.44278 0.0999994
      vertex -3.69234 4.2103 13
      vertex -3.40906 4.44278 13
    endloop
  endfacet
  facet normal -0.63439 0.773013 0
    outer loop
      vertex -3.69234 4.2103 13
      vertex -3.40906 4.44278 0.0999994
      vertex -3.69234 4.2103 0.0999994
    endloop
  endfacet
  facet normal -0.352239 0.93591 0
    outer loop
      vertex -1.80006 5.30281 0.0999994
      vertex -2.14303 5.17373 13
      vertex -1.80006 5.30281 13
    endloop
  endfacet
  facet normal -0.352239 0.93591 0
    outer loop
      vertex -2.14303 5.17373 13
      vertex -1.80006 5.30281 0.0999994
      vertex -2.14303 5.17373 0.0999994
    endloop
  endfacet
  facet normal 0.0980203 0.995184 -0
    outer loop
      vertex 0.730947 5.55209 0.0999994
      vertex 0.366257 5.58801 13
      vertex 0.730947 5.55209 13
    endloop
  endfacet
  facet normal 0.0980203 0.995184 0
    outer loop
      vertex 0.366257 5.58801 13
      vertex 0.730947 5.55209 0.0999994
      vertex 0.366257 5.58801 0.0999994
    endloop
  endfacet
  facet normal 0.412711 0.910862 -0
    outer loop
      vertex 2.47682 5.02249 0.0999994
      vertex 2.14303 5.17373 13
      vertex 2.47682 5.02249 13
    endloop
  endfacet
  facet normal 0.412711 0.910862 0
    outer loop
      vertex 2.14303 5.17373 13
      vertex 2.47682 5.02249 0.0999994
      vertex 2.14303 5.17373 0.0999994
    endloop
  endfacet
  facet normal 0.773013 -0.63439 0
    outer loop
      vertex 4.2103 -3.69234 13
      vertex 4.44278 -3.40906 0.0999994
      vertex 4.44278 -3.40906 13
    endloop
  endfacet
  facet normal 0.773013 -0.63439 0
    outer loop
      vertex 4.44278 -3.40906 0.0999994
      vertex 4.2103 -3.69234 13
      vertex 4.2103 -3.69234 0.0999994
    endloop
  endfacet
  facet normal 0.935909 -0.352241 0
    outer loop
      vertex 5.30281 -1.80006 13
      vertex 5.22756 -2 4
      vertex 5.30281 -1.80006 4
    endloop
  endfacet
  facet normal 0.935912 -0.352235 0
    outer loop
      vertex 5.17373 -2.14303 0.0999994
      vertex 5.22756 -2 4
      vertex 5.17373 -2.14303 13
    endloop
  endfacet
  facet normal 0.93591 -0.352239 -7.19504e-08
    outer loop
      vertex 5.17373 -2.14303 13
      vertex 5.22756 -2 4
      vertex 5.30281 -1.80006 13
    endloop
  endfacet
  facet normal 0.935909 -0.352241 0
    outer loop
      vertex 5.22756 -2 1
      vertex 5.30281 -1.80006 0.0999994
      vertex 5.30281 -1.80006 1
    endloop
  endfacet
  facet normal 0.93591 -0.352239 7.19504e-07
    outer loop
      vertex 5.22756 -2 1
      vertex 5.17373 -2.14303 0.0999994
      vertex 5.30281 -1.80006 0.0999994
    endloop
  endfacet
  facet normal 0.935912 -0.352235 0
    outer loop
      vertex 5.22756 -2 4
      vertex 5.17373 -2.14303 0.0999994
      vertex 5.22756 -2 1
    endloop
  endfacet
  facet normal -0.032719 -0.999465 0
    outer loop
      vertex -0.366257 -5.58801 0.0999994
      vertex 0 -5.6 13
      vertex -0.366257 -5.58801 13
    endloop
  endfacet
  facet normal -0.032719 -0.999465 -0
    outer loop
      vertex 0 -5.6 13
      vertex -0.366257 -5.58801 0.0999994
      vertex 0 -5.6 0.0999994
    endloop
  endfacet
  facet normal 0.582477 -0.812847 0
    outer loop
      vertex 3.11119 -4.65623 0.0999994
      vertex 3.40906 -4.44278 13
      vertex 3.11119 -4.65623 13
    endloop
  endfacet
  facet normal 0.582477 -0.812847 0
    outer loop
      vertex 3.40906 -4.44278 13
      vertex 3.11119 -4.65623 0.0999994
      vertex 3.40906 -4.44278 0.0999994
    endloop
  endfacet
  facet normal -0.227095 0.973873 0
    outer loop
      vertex -1.09251 5.4924 0.0999994
      vertex -1.44939 5.40918 13
      vertex -1.09251 5.4924 13
    endloop
  endfacet
  facet normal -0.227095 0.973873 0
    outer loop
      vertex -1.44939 5.40918 13
      vertex -1.09251 5.4924 0.0999994
      vertex -1.44939 5.40918 0.0999994
    endloop
  endfacet
  facet normal -0.910862 -0.412711 0
    outer loop
      vertex -5.02249 -2.47682 0.0999994
      vertex -5.17373 -2.14303 13
      vertex -5.17373 -2.14303 0.0999994
    endloop
  endfacet
  facet normal -0.910862 -0.412711 0
    outer loop
      vertex -5.17373 -2.14303 13
      vertex -5.02249 -2.47682 0.0999994
      vertex -5.02249 -2.47682 13
    endloop
  endfacet
  facet normal -0.63439 -0.773013 0
    outer loop
      vertex -3.69234 -4.2103 0.0999994
      vertex -3.40906 -4.44278 13
      vertex -3.69234 -4.2103 13
    endloop
  endfacet
  facet normal -0.63439 -0.773013 -0
    outer loop
      vertex -3.40906 -4.44278 13
      vertex -3.69234 -4.2103 0.0999994
      vertex -3.40906 -4.44278 0.0999994
    endloop
  endfacet
  facet normal -0.973873 -0.227095 0
    outer loop
      vertex -5.40918 -1.44939 0.0999994
      vertex -5.4924 -1.09251 13
      vertex -5.4924 -1.09251 0.0999994
    endloop
  endfacet
  facet normal -0.973873 -0.227095 0
    outer loop
      vertex -5.4924 -1.09251 13
      vertex -5.40918 -1.44939 0.0999994
      vertex -5.40918 -1.44939 13
    endloop
  endfacet
  facet normal -0.849203 -0.528067 0
    outer loop
      vertex -4.65623 -3.11119 0.0999994
      vertex -4.84974 -2.8 13
      vertex -4.84974 -2.8 0.0999994
    endloop
  endfacet
  facet normal -0.849203 -0.528067 0
    outer loop
      vertex -4.84974 -2.8 13
      vertex -4.65623 -3.11119 0.0999994
      vertex -4.65623 -3.11119 13
    endloop
  endfacet
  facet normal 0.63439 0.773013 -0
    outer loop
      vertex 3.69234 4.2103 0.0999994
      vertex 3.40906 4.44278 13
      vertex 3.69234 4.2103 13
    endloop
  endfacet
  facet normal 0.63439 0.773013 0
    outer loop
      vertex 3.40906 4.44278 13
      vertex 3.69234 4.2103 0.0999994
      vertex 3.40906 4.44278 0.0999994
    endloop
  endfacet
  facet normal 0.956944 0.290273 0
    outer loop
      vertex 5.40918 1.44939 13
      vertex 5.30281 1.80006 4
      vertex 5.30281 1.80006 13
    endloop
  endfacet
  facet normal 0.956944 0.290273 0
    outer loop
      vertex 5.30281 1.80006 4
      vertex 5.40918 1.44939 13
      vertex 5.40918 1.44939 4
    endloop
  endfacet
  facet normal 0.956944 0.290273 0
    outer loop
      vertex 5.40918 1.44939 1
      vertex 5.30281 1.80006 0.0999994
      vertex 5.30281 1.80006 1
    endloop
  endfacet
  facet normal 0.956944 0.290273 0
    outer loop
      vertex 5.30281 1.80006 0.0999994
      vertex 5.40918 1.44939 1
      vertex 5.40918 1.44939 0.0999994
    endloop
  endfacet
  facet normal 0.0980203 -0.995184 0
    outer loop
      vertex 0.366257 -5.58801 0.0999994
      vertex 0.730947 -5.55209 13
      vertex 0.366257 -5.58801 13
    endloop
  endfacet
  facet normal 0.0980203 -0.995184 0
    outer loop
      vertex 0.730947 -5.55209 13
      vertex 0.366257 -5.58801 0.0999994
      vertex 0.730947 -5.55209 0.0999994
    endloop
  endfacet
  facet normal 0.999465 -0.032719 0
    outer loop
      vertex 5.58801 -0.366257 13
      vertex 5.6 0 4
      vertex 5.6 0 13
    endloop
  endfacet
  facet normal 0.999465 -0.032719 0
    outer loop
      vertex 5.6 0 4
      vertex 5.58801 -0.366257 13
      vertex 5.58801 -0.366257 4
    endloop
  endfacet
  facet normal 0.999465 -0.032719 0
    outer loop
      vertex 5.58801 -0.366257 1
      vertex 5.6 0 0.0999994
      vertex 5.6 0 1
    endloop
  endfacet
  facet normal 0.999465 -0.032719 0
    outer loop
      vertex 5.6 0 0.0999994
      vertex 5.58801 -0.366257 1
      vertex 5.58801 -0.366257 0.0999994
    endloop
  endfacet
  facet normal -0.290273 0.956944 0
    outer loop
      vertex -1.44939 5.40918 0.0999994
      vertex -1.80006 5.30281 13
      vertex -1.44939 5.40918 13
    endloop
  endfacet
  facet normal -0.290273 0.956944 0
    outer loop
      vertex -1.80006 5.30281 13
      vertex -1.44939 5.40918 0.0999994
      vertex -1.80006 5.30281 0.0999994
    endloop
  endfacet
  facet normal 0.995184 -0.0980203 0
    outer loop
      vertex 5.55209 -0.730947 13
      vertex 5.58801 -0.366257 4
      vertex 5.58801 -0.366257 13
    endloop
  endfacet
  facet normal 0.995184 -0.0980203 0
    outer loop
      vertex 5.58801 -0.366257 4
      vertex 5.55209 -0.730947 13
      vertex 5.55209 -0.730947 4
    endloop
  endfacet
  facet normal 0.995184 -0.0980203 0
    outer loop
      vertex 5.55209 -0.730947 1
      vertex 5.58801 -0.366257 0.0999994
      vertex 5.58801 -0.366257 1
    endloop
  endfacet
  facet normal 0.995184 -0.0980203 0
    outer loop
      vertex 5.58801 -0.366257 0.0999994
      vertex 5.55209 -0.730947 1
      vertex 5.55209 -0.730947 0.0999994
    endloop
  endfacet
  facet normal 0.881914 0.471411 0
    outer loop
      vertex 5.02249 2.47682 13
      vertex 4.84974 2.8 0.0999994
      vertex 4.84974 2.8 13
    endloop
  endfacet
  facet normal 0.881914 0.471411 0
    outer loop
      vertex 4.84974 2.8 0.0999994
      vertex 5.02249 2.47682 13
      vertex 5.02249 2.47682 0.0999994
    endloop
  endfacet
  facet normal -0.986645 -0.162884 0
    outer loop
      vertex -5.4924 -1.09251 0.0999994
      vertex -5.55209 -0.730947 13
      vertex -5.55209 -0.730947 0.0999994
    endloop
  endfacet
  facet normal -0.986645 -0.162884 0
    outer loop
      vertex -5.55209 -0.730947 13
      vertex -5.4924 -1.09251 0.0999994
      vertex -5.4924 -1.09251 13
    endloop
  endfacet
  facet normal 0.910862 0.412711 0
    outer loop
      vertex 5.17373 2.14303 13
      vertex 5.02249 2.47682 0.0999994
      vertex 5.02249 2.47682 13
    endloop
  endfacet
  facet normal 0.910862 0.412711 0
    outer loop
      vertex 5.02249 2.47682 0.0999994
      vertex 5.17373 2.14303 13
      vertex 5.17373 2.14303 0.0999994
    endloop
  endfacet
  facet normal -0.582477 0.812847 0
    outer loop
      vertex -3.11119 4.65623 0.0999994
      vertex -3.40906 4.44278 13
      vertex -3.11119 4.65623 13
    endloop
  endfacet
  facet normal -0.582477 0.812847 0
    outer loop
      vertex -3.40906 4.44278 13
      vertex -3.11119 4.65623 0.0999994
      vertex -3.40906 4.44278 0.0999994
    endloop
  endfacet
  facet normal 0.162884 0.986645 -0
    outer loop
      vertex 1.09251 5.4924 0.0999994
      vertex 0.730947 5.55209 13
      vertex 1.09251 5.4924 13
    endloop
  endfacet
  facet normal 0.162884 0.986645 0
    outer loop
      vertex 0.730947 5.55209 13
      vertex 1.09251 5.4924 0.0999994
      vertex 0.730947 5.55209 0.0999994
    endloop
  endfacet
  facet normal 0.729869 -0.683587 0
    outer loop
      vertex 3.9598 -3.9598 13
      vertex 4.2103 -3.69234 0.0999994
      vertex 4.2103 -3.69234 13
    endloop
  endfacet
  facet normal 0.729869 -0.683587 0
    outer loop
      vertex 4.2103 -3.69234 0.0999994
      vertex 3.9598 -3.9598 13
      vertex 3.9598 -3.9598 0.0999994
    endloop
  endfacet
  facet normal 0.471411 0.881914 -0
    outer loop
      vertex 2.8 4.84974 0.0999994
      vertex 2.47682 5.02249 13
      vertex 2.8 4.84974 13
    endloop
  endfacet
  facet normal 0.471411 0.881914 0
    outer loop
      vertex 2.47682 5.02249 13
      vertex 2.8 4.84974 0.0999994
      vertex 2.47682 5.02249 0.0999994
    endloop
  endfacet
  facet normal -0.849203 0.528067 0
    outer loop
      vertex -4.84974 2.8 0.0999994
      vertex -4.65623 3.11119 13
      vertex -4.65623 3.11119 0.0999994
    endloop
  endfacet
  facet normal -0.849203 0.528067 0
    outer loop
      vertex -4.65623 3.11119 13
      vertex -4.84974 2.8 0.0999994
      vertex -4.84974 2.8 13
    endloop
  endfacet
  facet normal 0.032719 -0.999465 0
    outer loop
      vertex 0 -5.6 0.0999994
      vertex 0.366257 -5.58801 13
      vertex 0 -5.6 13
    endloop
  endfacet
  facet normal 0.032719 -0.999465 0
    outer loop
      vertex 0.366257 -5.58801 13
      vertex 0 -5.6 0.0999994
      vertex 0.366257 -5.58801 0.0999994
    endloop
  endfacet
  facet normal -0.290273 -0.956944 0
    outer loop
      vertex -1.80006 -5.30281 0.0999994
      vertex -1.44939 -5.40918 13
      vertex -1.80006 -5.30281 13
    endloop
  endfacet
  facet normal -0.290273 -0.956944 -0
    outer loop
      vertex -1.44939 -5.40918 13
      vertex -1.80006 -5.30281 0.0999994
      vertex -1.44939 -5.40918 0.0999994
    endloop
  endfacet
  facet normal 0.849203 0.528067 0
    outer loop
      vertex 4.84974 2.8 13
      vertex 4.65623 3.11119 0.0999994
      vertex 4.65623 3.11119 13
    endloop
  endfacet
  facet normal 0.849203 0.528067 0
    outer loop
      vertex 4.65623 3.11119 0.0999994
      vertex 4.84974 2.8 13
      vertex 4.84974 2.8 0.0999994
    endloop
  endfacet
  facet normal 0.227095 -0.973873 0
    outer loop
      vertex 1.09251 -5.4924 0.0999994
      vertex 1.44939 -5.40918 13
      vertex 1.09251 -5.4924 13
    endloop
  endfacet
  facet normal 0.227095 -0.973873 0
    outer loop
      vertex 1.44939 -5.40918 13
      vertex 1.09251 -5.4924 0.0999994
      vertex 1.44939 -5.40918 0.0999994
    endloop
  endfacet
  facet normal 0.032719 0.999465 -0
    outer loop
      vertex 0.366257 5.58801 0.0999994
      vertex 0 5.6 13
      vertex 0.366257 5.58801 13
    endloop
  endfacet
  facet normal 0.032719 0.999465 0
    outer loop
      vertex 0 5.6 13
      vertex 0.366257 5.58801 0.0999994
      vertex 0 5.6 0.0999994
    endloop
  endfacet
  facet normal 0.352239 0.93591 -0
    outer loop
      vertex 2.14303 5.17373 0.0999994
      vertex 1.80006 5.30281 13
      vertex 2.14303 5.17373 13
    endloop
  endfacet
  facet normal 0.352239 0.93591 0
    outer loop
      vertex 1.80006 5.30281 13
      vertex 2.14303 5.17373 0.0999994
      vertex 1.80006 5.30281 0.0999994
    endloop
  endfacet
  facet normal 0.290273 -0.956944 0
    outer loop
      vertex 1.44939 -5.40918 0.0999994
      vertex 1.80006 -5.30281 13
      vertex 1.44939 -5.40918 13
    endloop
  endfacet
  facet normal 0.290273 -0.956944 0
    outer loop
      vertex 1.80006 -5.30281 13
      vertex 1.44939 -5.40918 0.0999994
      vertex 1.80006 -5.30281 0.0999994
    endloop
  endfacet
  facet normal 0.471411 -0.881914 0
    outer loop
      vertex 2.47682 -5.02249 0.0999994
      vertex 2.8 -4.84974 13
      vertex 2.47682 -5.02249 13
    endloop
  endfacet
  facet normal 0.471411 -0.881914 0
    outer loop
      vertex 2.8 -4.84974 13
      vertex 2.47682 -5.02249 0.0999994
      vertex 2.8 -4.84974 0.0999994
    endloop
  endfacet
  facet normal -0.986645 0.162884 0
    outer loop
      vertex -5.55209 0.730947 0.0999994
      vertex -5.4924 1.09251 13
      vertex -5.4924 1.09251 0.0999994
    endloop
  endfacet
  facet normal -0.986645 0.162884 0
    outer loop
      vertex -5.4924 1.09251 13
      vertex -5.55209 0.730947 0.0999994
      vertex -5.55209 0.730947 13
    endloop
  endfacet
  facet normal 0.412711 -0.910862 0
    outer loop
      vertex 2.14303 -5.17373 0.0999994
      vertex 2.47682 -5.02249 13
      vertex 2.14303 -5.17373 13
    endloop
  endfacet
  facet normal 0.412711 -0.910862 0
    outer loop
      vertex 2.47682 -5.02249 13
      vertex 2.14303 -5.17373 0.0999994
      vertex 2.47682 -5.02249 0.0999994
    endloop
  endfacet
  facet normal -0.93591 -0.352239 0
    outer loop
      vertex -5.17373 -2.14303 0.0999994
      vertex -5.30281 -1.80006 13
      vertex -5.30281 -1.80006 0.0999994
    endloop
  endfacet
  facet normal -0.93591 -0.352239 0
    outer loop
      vertex -5.30281 -1.80006 13
      vertex -5.17373 -2.14303 0.0999994
      vertex -5.17373 -2.14303 13
    endloop
  endfacet
  facet normal 0.528067 0.849203 -0
    outer loop
      vertex 3.11119 4.65623 0.0999994
      vertex 2.8 4.84974 13
      vertex 3.11119 4.65623 13
    endloop
  endfacet
  facet normal 0.528067 0.849203 0
    outer loop
      vertex 2.8 4.84974 13
      vertex 3.11119 4.65623 0.0999994
      vertex 2.8 4.84974 0.0999994
    endloop
  endfacet
  facet normal 0.528067 -0.849203 0
    outer loop
      vertex 2.8 -4.84974 0.0999994
      vertex 3.11119 -4.65623 13
      vertex 2.8 -4.84974 13
    endloop
  endfacet
  facet normal 0.528067 -0.849203 0
    outer loop
      vertex 3.11119 -4.65623 13
      vertex 2.8 -4.84974 0.0999994
      vertex 3.11119 -4.65623 0.0999994
    endloop
  endfacet
  facet normal -0.812847 -0.582477 0
    outer loop
      vertex -4.44278 -3.40906 0.0999994
      vertex -4.65623 -3.11119 13
      vertex -4.65623 -3.11119 0.0999994
    endloop
  endfacet
  facet normal -0.812847 -0.582477 0
    outer loop
      vertex -4.65623 -3.11119 13
      vertex -4.44278 -3.40906 0.0999994
      vertex -4.44278 -3.40906 13
    endloop
  endfacet
  facet normal -0.956944 0.290273 0
    outer loop
      vertex -5.40918 1.44939 0.0999994
      vertex -5.30281 1.80006 13
      vertex -5.30281 1.80006 0.0999994
    endloop
  endfacet
  facet normal -0.956944 0.290273 0
    outer loop
      vertex -5.30281 1.80006 13
      vertex -5.40918 1.44939 0.0999994
      vertex -5.40918 1.44939 13
    endloop
  endfacet
  facet normal 0.956944 -0.290273 0
    outer loop
      vertex 5.30281 -1.80006 13
      vertex 5.40918 -1.44939 4
      vertex 5.40918 -1.44939 13
    endloop
  endfacet
  facet normal 0.956944 -0.290273 0
    outer loop
      vertex 5.40918 -1.44939 4
      vertex 5.30281 -1.80006 13
      vertex 5.30281 -1.80006 4
    endloop
  endfacet
  facet normal 0.956944 -0.290273 0
    outer loop
      vertex 5.30281 -1.80006 1
      vertex 5.40918 -1.44939 0.0999994
      vertex 5.40918 -1.44939 1
    endloop
  endfacet
  facet normal 0.956944 -0.290273 0
    outer loop
      vertex 5.40918 -1.44939 0.0999994
      vertex 5.30281 -1.80006 1
      vertex 5.30281 -1.80006 0.0999994
    endloop
  endfacet
  facet normal -0.412711 -0.910862 0
    outer loop
      vertex -2.47682 -5.02249 0.0999994
      vertex -2.14303 -5.17373 13
      vertex -2.47682 -5.02249 13
    endloop
  endfacet
  facet normal -0.412711 -0.910862 -0
    outer loop
      vertex -2.14303 -5.17373 13
      vertex -2.47682 -5.02249 0.0999994
      vertex -2.14303 -5.17373 0.0999994
    endloop
  endfacet
  facet normal 0.63439 -0.773013 0
    outer loop
      vertex 3.40906 -4.44278 0.0999994
      vertex 3.69234 -4.2103 13
      vertex 3.40906 -4.44278 13
    endloop
  endfacet
  facet normal 0.63439 -0.773013 0
    outer loop
      vertex 3.69234 -4.2103 13
      vertex 3.40906 -4.44278 0.0999994
      vertex 3.69234 -4.2103 0.0999994
    endloop
  endfacet
  facet normal -0.881914 -0.471411 0
    outer loop
      vertex -4.84974 -2.8 0.0999994
      vertex -5.02249 -2.47682 13
      vertex -5.02249 -2.47682 0.0999994
    endloop
  endfacet
  facet normal -0.881914 -0.471411 0
    outer loop
      vertex -5.02249 -2.47682 13
      vertex -4.84974 -2.8 0.0999994
      vertex -4.84974 -2.8 13
    endloop
  endfacet
  facet normal -0.93591 0.352239 0
    outer loop
      vertex -5.30281 1.80006 0.0999994
      vertex -5.17373 2.14303 13
      vertex -5.17373 2.14303 0.0999994
    endloop
  endfacet
  facet normal -0.93591 0.352239 0
    outer loop
      vertex -5.17373 2.14303 13
      vertex -5.30281 1.80006 0.0999994
      vertex -5.30281 1.80006 13
    endloop
  endfacet
  facet normal 0.729869 0.683587 0
    outer loop
      vertex 4.2103 3.69234 13
      vertex 3.9598 3.9598 0.0999994
      vertex 3.9598 3.9598 13
    endloop
  endfacet
  facet normal 0.729869 0.683587 0
    outer loop
      vertex 3.9598 3.9598 0.0999994
      vertex 4.2103 3.69234 13
      vertex 4.2103 3.69234 0.0999994
    endloop
  endfacet
  facet normal 0.849203 -0.528067 0
    outer loop
      vertex 4.65623 -3.11119 13
      vertex 4.84974 -2.8 0.0999994
      vertex 4.84974 -2.8 13
    endloop
  endfacet
  facet normal 0.849203 -0.528067 0
    outer loop
      vertex 4.84974 -2.8 0.0999994
      vertex 4.65623 -3.11119 13
      vertex 4.65623 -3.11119 0.0999994
    endloop
  endfacet
  facet normal 0.683587 0.729869 -0
    outer loop
      vertex 3.9598 3.9598 0.0999994
      vertex 3.69234 4.2103 13
      vertex 3.9598 3.9598 13
    endloop
  endfacet
  facet normal 0.683587 0.729869 0
    outer loop
      vertex 3.69234 4.2103 13
      vertex 3.9598 3.9598 0.0999994
      vertex 3.69234 4.2103 0.0999994
    endloop
  endfacet
  facet normal -0.162884 0.986645 0
    outer loop
      vertex -0.730947 5.55209 0.0999994
      vertex -1.09251 5.4924 13
      vertex -0.730947 5.55209 13
    endloop
  endfacet
  facet normal -0.162884 0.986645 0
    outer loop
      vertex -1.09251 5.4924 13
      vertex -0.730947 5.55209 0.0999994
      vertex -1.09251 5.4924 0.0999994
    endloop
  endfacet
  facet normal 0.683587 -0.729869 0
    outer loop
      vertex 3.69234 -4.2103 0.0999994
      vertex 3.9598 -3.9598 13
      vertex 3.69234 -4.2103 13
    endloop
  endfacet
  facet normal 0.683587 -0.729869 0
    outer loop
      vertex 3.9598 -3.9598 13
      vertex 3.69234 -4.2103 0.0999994
      vertex 3.9598 -3.9598 0.0999994
    endloop
  endfacet
  facet normal 0.812847 -0.582477 0
    outer loop
      vertex 4.44278 -3.40906 13
      vertex 4.65623 -3.11119 0.0999994
      vertex 4.65623 -3.11119 13
    endloop
  endfacet
  facet normal 0.812847 -0.582477 0
    outer loop
      vertex 4.65623 -3.11119 0.0999994
      vertex 4.44278 -3.40906 13
      vertex 4.44278 -3.40906 0.0999994
    endloop
  endfacet
  facet normal 0.773013 0.63439 0
    outer loop
      vertex 4.44278 3.40906 13
      vertex 4.2103 3.69234 0.0999994
      vertex 4.2103 3.69234 13
    endloop
  endfacet
  facet normal 0.773013 0.63439 0
    outer loop
      vertex 4.2103 3.69234 0.0999994
      vertex 4.44278 3.40906 13
      vertex 4.44278 3.40906 0.0999994
    endloop
  endfacet
  facet normal -0.995184 -0.0980203 0
    outer loop
      vertex -5.55209 -0.730947 0.0999994
      vertex -5.58801 -0.366257 13
      vertex -5.58801 -0.366257 0.0999994
    endloop
  endfacet
  facet normal -0.995184 -0.0980203 0
    outer loop
      vertex -5.58801 -0.366257 13
      vertex -5.55209 -0.730947 0.0999994
      vertex -5.55209 -0.730947 13
    endloop
  endfacet
  facet normal -0.910862 0.412711 0
    outer loop
      vertex -5.17373 2.14303 0.0999994
      vertex -5.02249 2.47682 13
      vertex -5.02249 2.47682 0.0999994
    endloop
  endfacet
  facet normal -0.910862 0.412711 0
    outer loop
      vertex -5.02249 2.47682 13
      vertex -5.17373 2.14303 0.0999994
      vertex -5.17373 2.14303 13
    endloop
  endfacet
  facet normal -0.471411 0.881914 0
    outer loop
      vertex -2.47682 5.02249 0.0999994
      vertex -2.8 4.84974 13
      vertex -2.47682 5.02249 13
    endloop
  endfacet
  facet normal -0.471411 0.881914 0
    outer loop
      vertex -2.8 4.84974 13
      vertex -2.47682 5.02249 0.0999994
      vertex -2.8 4.84974 0.0999994
    endloop
  endfacet
  facet normal -0.973873 0.227095 0
    outer loop
      vertex -5.4924 1.09251 0.0999994
      vertex -5.40918 1.44939 13
      vertex -5.40918 1.44939 0.0999994
    endloop
  endfacet
  facet normal -0.973873 0.227095 0
    outer loop
      vertex -5.40918 1.44939 13
      vertex -5.4924 1.09251 0.0999994
      vertex -5.4924 1.09251 13
    endloop
  endfacet
  facet normal 0.352239 -0.93591 0
    outer loop
      vertex 1.80006 -5.30281 0.0999994
      vertex 2.14303 -5.17373 13
      vertex 1.80006 -5.30281 13
    endloop
  endfacet
  facet normal 0.352239 -0.93591 0
    outer loop
      vertex 2.14303 -5.17373 13
      vertex 1.80006 -5.30281 0.0999994
      vertex 2.14303 -5.17373 0.0999994
    endloop
  endfacet
  facet normal 0.935912 0.352235 0
    outer loop
      vertex 5.17373 2.14303 13
      vertex 5.22756 2 4
      vertex 5.17373 2.14303 0.0999994
    endloop
  endfacet
  facet normal 0.93591 0.352239 -7.19504e-08
    outer loop
      vertex 5.30281 1.80006 13
      vertex 5.22756 2 4
      vertex 5.17373 2.14303 13
    endloop
  endfacet
  facet normal 0.935909 0.352241 0
    outer loop
      vertex 5.22756 2 4
      vertex 5.30281 1.80006 13
      vertex 5.30281 1.80006 4
    endloop
  endfacet
  facet normal 0.935912 0.352235 -0
    outer loop
      vertex 5.22756 2 1
      vertex 5.17373 2.14303 0.0999994
      vertex 5.22756 2 4
    endloop
  endfacet
  facet normal 0.935909 0.352241 -0
    outer loop
      vertex 5.30281 1.80006 0.0999994
      vertex 5.22756 2 1
      vertex 5.30281 1.80006 1
    endloop
  endfacet
  facet normal 0.93591 0.352239 7.19504e-07
    outer loop
      vertex 5.22756 2 1
      vertex 5.30281 1.80006 0.0999994
      vertex 5.17373 2.14303 0.0999994
    endloop
  endfacet
  facet normal -0.528067 0.849203 0
    outer loop
      vertex -2.8 4.84974 0.0999994
      vertex -3.11119 4.65623 13
      vertex -2.8 4.84974 13
    endloop
  endfacet
  facet normal -0.528067 0.849203 0
    outer loop
      vertex -3.11119 4.65623 13
      vertex -2.8 4.84974 0.0999994
      vertex -3.11119 4.65623 0.0999994
    endloop
  endfacet
  facet normal -0.881914 0.471411 0
    outer loop
      vertex -5.02249 2.47682 0.0999994
      vertex -4.84974 2.8 13
      vertex -4.84974 2.8 0.0999994
    endloop
  endfacet
  facet normal -0.881914 0.471411 0
    outer loop
      vertex -4.84974 2.8 13
      vertex -5.02249 2.47682 0.0999994
      vertex -5.02249 2.47682 13
    endloop
  endfacet
  facet normal -0.0980203 -0.995184 0
    outer loop
      vertex -0.730947 -5.55209 0.0999994
      vertex -0.366257 -5.58801 13
      vertex -0.730947 -5.55209 13
    endloop
  endfacet
  facet normal -0.0980203 -0.995184 -0
    outer loop
      vertex -0.366257 -5.58801 13
      vertex -0.730947 -5.55209 0.0999994
      vertex -0.366257 -5.58801 0.0999994
    endloop
  endfacet
  facet normal 0.812847 0.582477 0
    outer loop
      vertex 4.65623 3.11119 13
      vertex 4.44278 3.40906 0.0999994
      vertex 4.44278 3.40906 13
    endloop
  endfacet
  facet normal 0.812847 0.582477 0
    outer loop
      vertex 4.44278 3.40906 0.0999994
      vertex 4.65623 3.11119 13
      vertex 4.65623 3.11119 0.0999994
    endloop
  endfacet
  facet normal 0.582477 0.812847 -0
    outer loop
      vertex 3.40906 4.44278 0.0999994
      vertex 3.11119 4.65623 13
      vertex 3.40906 4.44278 13
    endloop
  endfacet
  facet normal 0.582477 0.812847 0
    outer loop
      vertex 3.11119 4.65623 13
      vertex 3.40906 4.44278 0.0999994
      vertex 3.11119 4.65623 0.0999994
    endloop
  endfacet
  facet normal 0.973873 -0.227095 0
    outer loop
      vertex 5.40918 -1.44939 13
      vertex 5.4924 -1.09251 4
      vertex 5.4924 -1.09251 13
    endloop
  endfacet
  facet normal 0.973873 -0.227095 0
    outer loop
      vertex 5.4924 -1.09251 4
      vertex 5.40918 -1.44939 13
      vertex 5.40918 -1.44939 4
    endloop
  endfacet
  facet normal 0.973873 -0.227095 0
    outer loop
      vertex 5.40918 -1.44939 1
      vertex 5.4924 -1.09251 0.0999994
      vertex 5.4924 -1.09251 1
    endloop
  endfacet
  facet normal 0.973873 -0.227095 0
    outer loop
      vertex 5.4924 -1.09251 0.0999994
      vertex 5.40918 -1.44939 1
      vertex 5.40918 -1.44939 0.0999994
    endloop
  endfacet
  facet normal 0.881914 -0.471411 0
    outer loop
      vertex 4.84974 -2.8 13
      vertex 5.02249 -2.47682 0.0999994
      vertex 5.02249 -2.47682 13
    endloop
  endfacet
  facet normal 0.881914 -0.471411 0
    outer loop
      vertex 5.02249 -2.47682 0.0999994
      vertex 4.84974 -2.8 13
      vertex 4.84974 -2.8 0.0999994
    endloop
  endfacet
  facet normal -0.352239 -0.93591 0
    outer loop
      vertex -2.14303 -5.17373 0.0999994
      vertex -1.80006 -5.30281 13
      vertex -2.14303 -5.17373 13
    endloop
  endfacet
  facet normal -0.352239 -0.93591 -0
    outer loop
      vertex -1.80006 -5.30281 13
      vertex -2.14303 -5.17373 0.0999994
      vertex -1.80006 -5.30281 0.0999994
    endloop
  endfacet
  facet normal -0.227095 -0.973873 0
    outer loop
      vertex -1.44939 -5.40918 0.0999994
      vertex -1.09251 -5.4924 13
      vertex -1.44939 -5.40918 13
    endloop
  endfacet
  facet normal -0.227095 -0.973873 -0
    outer loop
      vertex -1.09251 -5.4924 13
      vertex -1.44939 -5.40918 0.0999994
      vertex -1.09251 -5.4924 0.0999994
    endloop
  endfacet
  facet normal -0.812847 0.582477 0
    outer loop
      vertex -4.65623 3.11119 0.0999994
      vertex -4.44278 3.40906 13
      vertex -4.44278 3.40906 0.0999994
    endloop
  endfacet
  facet normal -0.812847 0.582477 0
    outer loop
      vertex -4.44278 3.40906 13
      vertex -4.65623 3.11119 0.0999994
      vertex -4.65623 3.11119 13
    endloop
  endfacet
  facet normal 0.986645 -0.162884 0
    outer loop
      vertex 5.4924 -1.09251 13
      vertex 5.55209 -0.730947 4
      vertex 5.55209 -0.730947 13
    endloop
  endfacet
  facet normal 0.986645 -0.162884 0
    outer loop
      vertex 5.55209 -0.730947 4
      vertex 5.4924 -1.09251 13
      vertex 5.4924 -1.09251 4
    endloop
  endfacet
  facet normal 0.986645 -0.162884 0
    outer loop
      vertex 5.4924 -1.09251 1
      vertex 5.55209 -0.730947 0.0999994
      vertex 5.55209 -0.730947 1
    endloop
  endfacet
  facet normal 0.986645 -0.162884 0
    outer loop
      vertex 5.55209 -0.730947 0.0999994
      vertex 5.4924 -1.09251 1
      vertex 5.4924 -1.09251 0.0999994
    endloop
  endfacet
  facet normal -0.773013 -0.63439 0
    outer loop
      vertex -4.2103 -3.69234 0.0999994
      vertex -4.44278 -3.40906 13
      vertex -4.44278 -3.40906 0.0999994
    endloop
  endfacet
  facet normal -0.773013 -0.63439 0
    outer loop
      vertex -4.44278 -3.40906 13
      vertex -4.2103 -3.69234 0.0999994
      vertex -4.2103 -3.69234 13
    endloop
  endfacet
  facet normal 0.290273 0.956944 -0
    outer loop
      vertex 1.80006 5.30281 0.0999994
      vertex 1.44939 5.40918 13
      vertex 1.80006 5.30281 13
    endloop
  endfacet
  facet normal 0.290273 0.956944 0
    outer loop
      vertex 1.44939 5.40918 13
      vertex 1.80006 5.30281 0.0999994
      vertex 1.44939 5.40918 0.0999994
    endloop
  endfacet
  facet normal -0.999465 0.032719 0
    outer loop
      vertex -5.6 0 0.0999994
      vertex -5.58801 0.366257 13
      vertex -5.58801 0.366257 0.0999994
    endloop
  endfacet
  facet normal -0.999465 0.032719 0
    outer loop
      vertex -5.58801 0.366257 13
      vertex -5.6 0 0.0999994
      vertex -5.6 0 13
    endloop
  endfacet
  facet normal -0.683587 0.729869 0
    outer loop
      vertex -3.69234 4.2103 0.0999994
      vertex -3.9598 3.9598 13
      vertex -3.69234 4.2103 13
    endloop
  endfacet
  facet normal -0.683587 0.729869 0
    outer loop
      vertex -3.9598 3.9598 13
      vertex -3.69234 4.2103 0.0999994
      vertex -3.9598 3.9598 0.0999994
    endloop
  endfacet
  facet normal -0.032719 0.999465 0
    outer loop
      vertex 0 5.6 0.0999994
      vertex -0.366257 5.58801 13
      vertex 0 5.6 13
    endloop
  endfacet
  facet normal -0.032719 0.999465 0
    outer loop
      vertex -0.366257 5.58801 13
      vertex 0 5.6 0.0999994
      vertex -0.366257 5.58801 0.0999994
    endloop
  endfacet
  facet normal -0.162884 -0.986645 0
    outer loop
      vertex -1.09251 -5.4924 0.0999994
      vertex -0.730947 -5.55209 13
      vertex -1.09251 -5.4924 13
    endloop
  endfacet
  facet normal -0.162884 -0.986645 -0
    outer loop
      vertex -0.730947 -5.55209 13
      vertex -1.09251 -5.4924 0.0999994
      vertex -0.730947 -5.55209 0.0999994
    endloop
  endfacet
  facet normal -0.956944 -0.290273 0
    outer loop
      vertex -5.30281 -1.80006 0.0999994
      vertex -5.40918 -1.44939 13
      vertex -5.40918 -1.44939 0.0999994
    endloop
  endfacet
  facet normal -0.956944 -0.290273 0
    outer loop
      vertex -5.40918 -1.44939 13
      vertex -5.30281 -1.80006 0.0999994
      vertex -5.30281 -1.80006 13
    endloop
  endfacet
  facet normal 0 0 1
    outer loop
      vertex 2.2 0 13
      vertex 5.6 0 13
      vertex 5.58801 0.366257 13
    endloop
  endfacet
  facet normal 0 0 1
    outer loop
      vertex 2.19529 0.143887 13
      vertex 5.58801 0.366257 13
      vertex 5.55209 0.730947 13
    endloop
  endfacet
  facet normal 0 0 1
    outer loop
      vertex 5.6 0 13
      vertex 2.2 0 13
      vertex 5.58801 -0.366257 13
    endloop
  endfacet
  facet normal 0 0 1
    outer loop
      vertex 2.18118 0.287157 13
      vertex 5.55209 0.730947 13
      vertex 5.4924 1.09251 13
    endloop
  endfacet
  facet normal -0 0 1
    outer loop
      vertex 2.19529 -0.143887 13
      vertex 5.58801 -0.366257 13
      vertex 2.2 0 13
    endloop
  endfacet
  facet normal 0 0 1
    outer loop
      vertex 2.15773 0.429198 13
      vertex 5.4924 1.09251 13
      vertex 5.40918 1.44939 13
    endloop
  endfacet
  facet normal 0 0 1
    outer loop
      vertex 5.58801 -0.366257 13
      vertex 2.19529 -0.143887 13
      vertex 5.55209 -0.730947 13
    endloop
  endfacet
  facet normal 0 0 1
    outer loop
      vertex 2.12504 0.569402 13
      vertex 5.40918 1.44939 13
      vertex 5.30281 1.80006 13
    endloop
  endfacet
  facet normal -0 0 1
    outer loop
      vertex 2.18118 -0.287157 13
      vertex 5.55209 -0.730947 13
      vertex 2.19529 -0.143887 13
    endloop
  endfacet
  facet normal 0 0 1
    outer loop
      vertex 2.08325 0.707167 13
      vertex 5.30281 1.80006 13
      vertex 5.17373 2.14303 13
    endloop
  endfacet
  facet normal 0 0 1
    outer loop
      vertex 5.55209 -0.730947 13
      vertex 2.18118 -0.287157 13
      vertex 5.4924 -1.09251 13
    endloop
  endfacet
  facet normal 0 0 1
    outer loop
      vertex 2.03253 0.841903 13
      vertex 5.17373 2.14303 13
      vertex 5.02249 2.47682 13
    endloop
  endfacet
  facet normal -0 0 1
    outer loop
      vertex 2.15773 -0.429198 13
      vertex 5.4924 -1.09251 13
      vertex 2.18118 -0.287157 13
    endloop
  endfacet
  facet normal 0 0 1
    outer loop
      vertex 1.97312 0.973035 13
      vertex 5.02249 2.47682 13
      vertex 4.84974 2.8 13
    endloop
  endfacet
  facet normal 0 0 1
    outer loop
      vertex 5.4924 -1.09251 13
      vertex 2.15773 -0.429198 13
      vertex 5.40918 -1.44939 13
    endloop
  endfacet
  facet normal 0 0 1
    outer loop
      vertex 1.90526 1.1 13
      vertex 4.84974 2.8 13
      vertex 4.65623 3.11119 13
    endloop
  endfacet
  facet normal -0 0 1
    outer loop
      vertex 2.12504 -0.569402 13
      vertex 5.40918 -1.44939 13
      vertex 2.15773 -0.429198 13
    endloop
  endfacet
  facet normal 0 0 1
    outer loop
      vertex 1.82923 1.22225 13
      vertex 4.65623 3.11119 13
      vertex 4.44278 3.40906 13
    endloop
  endfacet
  facet normal 0 0 1
    outer loop
      vertex 5.40918 -1.44939 13
      vertex 2.12504 -0.569402 13
      vertex 5.30281 -1.80006 13
    endloop
  endfacet
  facet normal 0 0 1
    outer loop
      vertex 1.74538 1.33927 13
      vertex 4.44278 3.40906 13
      vertex 4.2103 3.69234 13
    endloop
  endfacet
  facet normal -0 0 1
    outer loop
      vertex 2.08325 -0.707167 13
      vertex 5.30281 -1.80006 13
      vertex 2.12504 -0.569402 13
    endloop
  endfacet
  facet normal 0 0 1
    outer loop
      vertex 1.65405 1.45056 13
      vertex 4.2103 3.69234 13
      vertex 3.9598 3.9598 13
    endloop
  endfacet
  facet normal 0 0 1
    outer loop
      vertex 5.30281 -1.80006 13
      vertex 2.08325 -0.707167 13
      vertex 5.17373 -2.14303 13
    endloop
  endfacet
  facet normal 0 0 1
    outer loop
      vertex 1.55563 1.55563 13
      vertex 3.9598 3.9598 13
      vertex 3.69234 4.2103 13
    endloop
  endfacet
  facet normal -0 0 1
    outer loop
      vertex 2.03253 -0.841903 13
      vertex 5.17373 -2.14303 13
      vertex 2.08325 -0.707167 13
    endloop
  endfacet
  facet normal 0 0 1
    outer loop
      vertex 1.45056 1.65405 13
      vertex 3.69234 4.2103 13
      vertex 3.40906 4.44278 13
    endloop
  endfacet
  facet normal 0 0 1
    outer loop
      vertex 5.17373 -2.14303 13
      vertex 2.03253 -0.841903 13
      vertex 5.02249 -2.47682 13
    endloop
  endfacet
  facet normal 0 0 1
    outer loop
      vertex 1.33927 1.74538 13
      vertex 3.40906 4.44278 13
      vertex 3.11119 4.65623 13
    endloop
  endfacet
  facet normal -0 0 1
    outer loop
      vertex 1.97312 -0.973035 13
      vertex 5.02249 -2.47682 13
      vertex 2.03253 -0.841903 13
    endloop
  endfacet
  facet normal 0 0 1
    outer loop
      vertex 1.22225 1.82923 13
      vertex 3.11119 4.65623 13
      vertex 2.8 4.84974 13
    endloop
  endfacet
  facet normal 0 0 1
    outer loop
      vertex 5.02249 -2.47682 13
      vertex 1.97312 -0.973035 13
      vertex 4.84974 -2.8 13
    endloop
  endfacet
  facet normal 0 0 1
    outer loop
      vertex 1.1 1.90526 13
      vertex 2.8 4.84974 13
      vertex 2.47682 5.02249 13
    endloop
  endfacet
  facet normal -0 0 1
    outer loop
      vertex 1.90526 -1.1 13
      vertex 4.84974 -2.8 13
      vertex 1.97312 -0.973035 13
    endloop
  endfacet
  facet normal 0 0 1
    outer loop
      vertex 4.84974 -2.8 13
      vertex 1.90526 -1.1 13
      vertex 4.65623 -3.11119 13
    endloop
  endfacet
  facet normal 0 0 1
    outer loop
      vertex 5.58801 0.366257 13
      vertex 2.19529 0.143887 13
      vertex 2.2 0 13
    endloop
  endfacet
  facet normal 0 0 1
    outer loop
      vertex 5.55209 0.730947 13
      vertex 2.18118 0.287157 13
      vertex 2.19529 0.143887 13
    endloop
  endfacet
  facet normal 0 0 1
    outer loop
      vertex 5.4924 1.09251 13
      vertex 2.15773 0.429198 13
      vertex 2.18118 0.287157 13
    endloop
  endfacet
  facet normal 0 0 1
    outer loop
      vertex 0.973035 1.97312 13
      vertex 2.47682 5.02249 13
      vertex 2.14303 5.17373 13
    endloop
  endfacet
  facet normal 0 0 1
    outer loop
      vertex 5.40918 1.44939 13
      vertex 2.12504 0.569402 13
      vertex 2.15773 0.429198 13
    endloop
  endfacet
  facet normal 0 0 1
    outer loop
      vertex 5.30281 1.80006 13
      vertex 2.08325 0.707167 13
      vertex 2.12504 0.569402 13
    endloop
  endfacet
  facet normal 0 0 1
    outer loop
      vertex 5.17373 2.14303 13
      vertex 2.03253 0.841903 13
      vertex 2.08325 0.707167 13
    endloop
  endfacet
  facet normal 0 0 1
    outer loop
      vertex 5.02249 2.47682 13
      vertex 1.97312 0.973035 13
      vertex 2.03253 0.841903 13
    endloop
  endfacet
  facet normal 0 0 1
    outer loop
      vertex 4.84974 2.8 13
      vertex 1.90526 1.1 13
      vertex 1.97312 0.973035 13
    endloop
  endfacet
  facet normal 0 0 1
    outer loop
      vertex 4.65623 3.11119 13
      vertex 1.82923 1.22225 13
      vertex 1.90526 1.1 13
    endloop
  endfacet
  facet normal 0 0 1
    outer loop
      vertex 0.841903 2.03253 13
      vertex 2.14303 5.17373 13
      vertex 1.80006 5.30281 13
    endloop
  endfacet
  facet normal 0 0 1
    outer loop
      vertex 4.44278 3.40906 13
      vertex 1.74538 1.33927 13
      vertex 1.82923 1.22225 13
    endloop
  endfacet
  facet normal 0 0 1
    outer loop
      vertex 4.2103 3.69234 13
      vertex 1.65405 1.45056 13
      vertex 1.74538 1.33927 13
    endloop
  endfacet
  facet normal 0 0 1
    outer loop
      vertex 3.9598 3.9598 13
      vertex 1.55563 1.55563 13
      vertex 1.65405 1.45056 13
    endloop
  endfacet
  facet normal 0 0 1
    outer loop
      vertex 3.69234 4.2103 13
      vertex 1.45056 1.65405 13
      vertex 1.55563 1.55563 13
    endloop
  endfacet
  facet normal 0 0 1
    outer loop
      vertex 0.707167 2.08325 13
      vertex 1.80006 5.30281 13
      vertex 1.44939 5.40918 13
    endloop
  endfacet
  facet normal 0 0 1
    outer loop
      vertex 3.40906 4.44278 13
      vertex 1.33927 1.74538 13
      vertex 1.45056 1.65405 13
    endloop
  endfacet
  facet normal 0 0 1
    outer loop
      vertex 3.11119 4.65623 13
      vertex 1.22225 1.82923 13
      vertex 1.33927 1.74538 13
    endloop
  endfacet
  facet normal 0 0 1
    outer loop
      vertex 2.8 4.84974 13
      vertex 1.1 1.90526 13
      vertex 1.22225 1.82923 13
    endloop
  endfacet
  facet normal 0 0 1
    outer loop
      vertex 0.569402 2.12504 13
      vertex 1.44939 5.40918 13
      vertex 1.09251 5.4924 13
    endloop
  endfacet
  facet normal 0 0 1
    outer loop
      vertex 2.47682 5.02249 13
      vertex 0.973035 1.97312 13
      vertex 1.1 1.90526 13
    endloop
  endfacet
  facet normal 0 0 1
    outer loop
      vertex 2.14303 5.17373 13
      vertex 0.841903 2.03253 13
      vertex 0.973035 1.97312 13
    endloop
  endfacet
  facet normal 0 0 1
    outer loop
      vertex 0.429198 2.15773 13
      vertex 1.09251 5.4924 13
      vertex 0.730947 5.55209 13
    endloop
  endfacet
  facet normal 0 0 1
    outer loop
      vertex 1.80006 5.30281 13
      vertex 0.707167 2.08325 13
      vertex 0.841903 2.03253 13
    endloop
  endfacet
  facet normal 0 0 1
    outer loop
      vertex 1.44939 5.40918 13
      vertex 0.569402 2.12504 13
      vertex 0.707167 2.08325 13
    endloop
  endfacet
  facet normal 0 0 1
    outer loop
      vertex 1.09251 5.4924 13
      vertex 0.429198 2.15773 13
      vertex 0.569402 2.12504 13
    endloop
  endfacet
  facet normal 0 0 1
    outer loop
      vertex 0.287157 2.18118 13
      vertex 0.730947 5.55209 13
      vertex 0.366257 5.58801 13
    endloop
  endfacet
  facet normal 0 0 1
    outer loop
      vertex 0.730947 5.55209 13
      vertex 0.287157 2.18118 13
      vertex 0.429198 2.15773 13
    endloop
  endfacet
  facet normal 0 0 1
    outer loop
      vertex 0.366257 5.58801 13
      vertex 0.143887 2.19529 13
      vertex 0.287157 2.18118 13
    endloop
  endfacet
  facet normal 0 0 1
    outer loop
      vertex 0 5.6 13
      vertex 0.143887 2.19529 13
      vertex 0.366257 5.58801 13
    endloop
  endfacet
  facet normal 0 0 1
    outer loop
      vertex 0 5.6 13
      vertex 0 2.2 13
      vertex 0.143887 2.19529 13
    endloop
  endfacet
  facet normal 0 0 1
    outer loop
      vertex 0 5.6 13
      vertex -0.143887 2.19529 13
      vertex 0 2.2 13
    endloop
  endfacet
  facet normal -0 0 1
    outer loop
      vertex -0.366257 5.58801 13
      vertex -0.143887 2.19529 13
      vertex 0 5.6 13
    endloop
  endfacet
  facet normal 0 0 1
    outer loop
      vertex -0.143887 2.19529 13
      vertex -0.366257 5.58801 13
      vertex -0.287157 2.18118 13
    endloop
  endfacet
  facet normal -0 0 1
    outer loop
      vertex -0.730947 5.55209 13
      vertex -0.287157 2.18118 13
      vertex -0.366257 5.58801 13
    endloop
  endfacet
  facet normal 0 0 1
    outer loop
      vertex -0.287157 2.18118 13
      vertex -0.730947 5.55209 13
      vertex -0.429198 2.15773 13
    endloop
  endfacet
  facet normal -0 0 1
    outer loop
      vertex -1.09251 5.4924 13
      vertex -0.429198 2.15773 13
      vertex -0.730947 5.55209 13
    endloop
  endfacet
  facet normal 0 0 1
    outer loop
      vertex -0.429198 2.15773 13
      vertex -1.09251 5.4924 13
      vertex -0.569402 2.12504 13
    endloop
  endfacet
  facet normal -0 0 1
    outer loop
      vertex -1.44939 5.40918 13
      vertex -0.569402 2.12504 13
      vertex -1.09251 5.4924 13
    endloop
  endfacet
  facet normal 0 0 1
    outer loop
      vertex -0.569402 2.12504 13
      vertex -1.44939 5.40918 13
      vertex -0.707167 2.08325 13
    endloop
  endfacet
  facet normal -0 0 1
    outer loop
      vertex -1.80006 5.30281 13
      vertex -0.707167 2.08325 13
      vertex -1.44939 5.40918 13
    endloop
  endfacet
  facet normal 0 0 1
    outer loop
      vertex -0.707167 2.08325 13
      vertex -1.80006 5.30281 13
      vertex -0.841903 2.03253 13
    endloop
  endfacet
  facet normal -0 0 1
    outer loop
      vertex -2.14303 5.17373 13
      vertex -0.841903 2.03253 13
      vertex -1.80006 5.30281 13
    endloop
  endfacet
  facet normal 0 0 1
    outer loop
      vertex -0.841903 2.03253 13
      vertex -2.14303 5.17373 13
      vertex -0.973035 1.97312 13
    endloop
  endfacet
  facet normal -0 0 1
    outer loop
      vertex -2.47682 5.02249 13
      vertex -0.973035 1.97312 13
      vertex -2.14303 5.17373 13
    endloop
  endfacet
  facet normal 0 0 1
    outer loop
      vertex -0.973035 1.97312 13
      vertex -2.47682 5.02249 13
      vertex -1.1 1.90526 13
    endloop
  endfacet
  facet normal -0 0 1
    outer loop
      vertex -2.8 4.84974 13
      vertex -1.1 1.90526 13
      vertex -2.47682 5.02249 13
    endloop
  endfacet
  facet normal 0 0 1
    outer loop
      vertex -1.1 1.90526 13
      vertex -2.8 4.84974 13
      vertex -1.22225 1.82923 13
    endloop
  endfacet
  facet normal -0 0 1
    outer loop
      vertex -3.11119 4.65623 13
      vertex -1.22225 1.82923 13
      vertex -2.8 4.84974 13
    endloop
  endfacet
  facet normal 0 0 1
    outer loop
      vertex -1.22225 1.82923 13
      vertex -3.11119 4.65623 13
      vertex -1.33927 1.74538 13
    endloop
  endfacet
  facet normal -0 0 1
    outer loop
      vertex -3.40906 4.44278 13
      vertex -1.33927 1.74538 13
      vertex -3.11119 4.65623 13
    endloop
  endfacet
  facet normal 0 0 1
    outer loop
      vertex -1.33927 1.74538 13
      vertex -3.40906 4.44278 13
      vertex -1.45056 1.65405 13
    endloop
  endfacet
  facet normal -0 0 1
    outer loop
      vertex -3.69234 4.2103 13
      vertex -1.45056 1.65405 13
      vertex -3.40906 4.44278 13
    endloop
  endfacet
  facet normal 0 0 1
    outer loop
      vertex -1.45056 1.65405 13
      vertex -3.69234 4.2103 13
      vertex -1.55563 1.55563 13
    endloop
  endfacet
  facet normal -0 0 1
    outer loop
      vertex -3.9598 3.9598 13
      vertex -1.55563 1.55563 13
      vertex -3.69234 4.2103 13
    endloop
  endfacet
  facet normal 0 0 1
    outer loop
      vertex -1.55563 1.55563 13
      vertex -3.9598 3.9598 13
      vertex -1.65405 1.45056 13
    endloop
  endfacet
  facet normal -0 0 1
    outer loop
      vertex -4.2103 3.69234 13
      vertex -1.65405 1.45056 13
      vertex -3.9598 3.9598 13
    endloop
  endfacet
  facet normal 0 0 1
    outer loop
      vertex -1.65405 1.45056 13
      vertex -4.2103 3.69234 13
      vertex -1.74538 1.33927 13
    endloop
  endfacet
  facet normal -0 0 1
    outer loop
      vertex -4.44278 3.40906 13
      vertex -1.74538 1.33927 13
      vertex -4.2103 3.69234 13
    endloop
  endfacet
  facet normal 0 0 1
    outer loop
      vertex -1.74538 1.33927 13
      vertex -4.44278 3.40906 13
      vertex -1.82923 1.22225 13
    endloop
  endfacet
  facet normal -0 0 1
    outer loop
      vertex -4.65623 3.11119 13
      vertex -1.82923 1.22225 13
      vertex -4.44278 3.40906 13
    endloop
  endfacet
  facet normal 0 0 1
    outer loop
      vertex -1.82923 1.22225 13
      vertex -4.65623 3.11119 13
      vertex -1.90526 1.1 13
    endloop
  endfacet
  facet normal -0 0 1
    outer loop
      vertex 1.82923 -1.22225 13
      vertex 4.65623 -3.11119 13
      vertex 1.90526 -1.1 13
    endloop
  endfacet
  facet normal 0 0 1
    outer loop
      vertex 4.65623 -3.11119 13
      vertex 1.82923 -1.22225 13
      vertex 4.44278 -3.40906 13
    endloop
  endfacet
  facet normal -0 0 1
    outer loop
      vertex 1.74538 -1.33927 13
      vertex 4.44278 -3.40906 13
      vertex 1.82923 -1.22225 13
    endloop
  endfacet
  facet normal 0 0 1
    outer loop
      vertex 4.44278 -3.40906 13
      vertex 1.74538 -1.33927 13
      vertex 4.2103 -3.69234 13
    endloop
  endfacet
  facet normal -0 0 1
    outer loop
      vertex 1.65405 -1.45056 13
      vertex 4.2103 -3.69234 13
      vertex 1.74538 -1.33927 13
    endloop
  endfacet
  facet normal 0 0 1
    outer loop
      vertex 4.2103 -3.69234 13
      vertex 1.65405 -1.45056 13
      vertex 3.9598 -3.9598 13
    endloop
  endfacet
  facet normal -0 0 1
    outer loop
      vertex 1.55563 -1.55563 13
      vertex 3.9598 -3.9598 13
      vertex 1.65405 -1.45056 13
    endloop
  endfacet
  facet normal 0 0 1
    outer loop
      vertex 3.9598 -3.9598 13
      vertex 1.55563 -1.55563 13
      vertex 3.69234 -4.2103 13
    endloop
  endfacet
  facet normal -0 0 1
    outer loop
      vertex 1.45056 -1.65405 13
      vertex 3.69234 -4.2103 13
      vertex 1.55563 -1.55563 13
    endloop
  endfacet
  facet normal 0 0 1
    outer loop
      vertex 3.69234 -4.2103 13
      vertex 1.45056 -1.65405 13
      vertex 3.40906 -4.44278 13
    endloop
  endfacet
  facet normal -0 0 1
    outer loop
      vertex 1.33927 -1.74538 13
      vertex 3.40906 -4.44278 13
      vertex 1.45056 -1.65405 13
    endloop
  endfacet
  facet normal 0 0 1
    outer loop
      vertex 3.40906 -4.44278 13
      vertex 1.33927 -1.74538 13
      vertex 3.11119 -4.65623 13
    endloop
  endfacet
  facet normal -0 0 1
    outer loop
      vertex 1.22225 -1.82923 13
      vertex 3.11119 -4.65623 13
      vertex 1.33927 -1.74538 13
    endloop
  endfacet
  facet normal 0 0 1
    outer loop
      vertex 3.11119 -4.65623 13
      vertex 1.22225 -1.82923 13
      vertex 2.8 -4.84974 13
    endloop
  endfacet
  facet normal -0 0 1
    outer loop
      vertex 1.1 -1.90526 13
      vertex 2.8 -4.84974 13
      vertex 1.22225 -1.82923 13
    endloop
  endfacet
  facet normal 0 0 1
    outer loop
      vertex 2.8 -4.84974 13
      vertex 1.1 -1.90526 13
      vertex 2.47682 -5.02249 13
    endloop
  endfacet
  facet normal -0 0 1
    outer loop
      vertex 0.973035 -1.97312 13
      vertex 2.47682 -5.02249 13
      vertex 1.1 -1.90526 13
    endloop
  endfacet
  facet normal 0 0 1
    outer loop
      vertex 2.47682 -5.02249 13
      vertex 0.973035 -1.97312 13
      vertex 2.14303 -5.17373 13
    endloop
  endfacet
  facet normal -0 0 1
    outer loop
      vertex 0.841903 -2.03253 13
      vertex 2.14303 -5.17373 13
      vertex 0.973035 -1.97312 13
    endloop
  endfacet
  facet normal 0 0 1
    outer loop
      vertex 2.14303 -5.17373 13
      vertex 0.841903 -2.03253 13
      vertex 1.80006 -5.30281 13
    endloop
  endfacet
  facet normal -0 0 1
    outer loop
      vertex 0.707167 -2.08325 13
      vertex 1.80006 -5.30281 13
      vertex 0.841903 -2.03253 13
    endloop
  endfacet
  facet normal 0 0 1
    outer loop
      vertex 1.80006 -5.30281 13
      vertex 0.707167 -2.08325 13
      vertex 1.44939 -5.40918 13
    endloop
  endfacet
  facet normal -0 0 1
    outer loop
      vertex 0.569402 -2.12504 13
      vertex 1.44939 -5.40918 13
      vertex 0.707167 -2.08325 13
    endloop
  endfacet
  facet normal 0 0 1
    outer loop
      vertex 1.44939 -5.40918 13
      vertex 0.569402 -2.12504 13
      vertex 1.09251 -5.4924 13
    endloop
  endfacet
  facet normal -0 0 1
    outer loop
      vertex 0.429198 -2.15773 13
      vertex 1.09251 -5.4924 13
      vertex 0.569402 -2.12504 13
    endloop
  endfacet
  facet normal 0 0 1
    outer loop
      vertex 1.09251 -5.4924 13
      vertex 0.429198 -2.15773 13
      vertex 0.730947 -5.55209 13
    endloop
  endfacet
  facet normal -0 0 1
    outer loop
      vertex 0.287157 -2.18118 13
      vertex 0.730947 -5.55209 13
      vertex 0.429198 -2.15773 13
    endloop
  endfacet
  facet normal 0 0 1
    outer loop
      vertex 0.730947 -5.55209 13
      vertex 0.287157 -2.18118 13
      vertex 0.366257 -5.58801 13
    endloop
  endfacet
  facet normal -0 0 1
    outer loop
      vertex 0.143887 -2.19529 13
      vertex 0.366257 -5.58801 13
      vertex 0.287157 -2.18118 13
    endloop
  endfacet
  facet normal -0 0 1
    outer loop
      vertex 0 -2.2 13
      vertex 0.366257 -5.58801 13
      vertex 0.143887 -2.19529 13
    endloop
  endfacet
  facet normal 0 0 1
    outer loop
      vertex 0 -2.2 13
      vertex 0 -5.6 13
      vertex 0.366257 -5.58801 13
    endloop
  endfacet
  facet normal 0 0 1
    outer loop
      vertex -0.143887 -2.19529 13
      vertex 0 -5.6 13
      vertex 0 -2.2 13
    endloop
  endfacet
  facet normal 0 0 1
    outer loop
      vertex -0.366257 -5.58801 13
      vertex -0.143887 -2.19529 13
      vertex -0.287157 -2.18118 13
    endloop
  endfacet
  facet normal 0 0 1
    outer loop
      vertex -0.143887 -2.19529 13
      vertex -0.366257 -5.58801 13
      vertex 0 -5.6 13
    endloop
  endfacet
  facet normal 0 0 1
    outer loop
      vertex -0.730947 -5.55209 13
      vertex -0.287157 -2.18118 13
      vertex -0.429198 -2.15773 13
    endloop
  endfacet
  facet normal 0 0 1
    outer loop
      vertex -1.09251 -5.4924 13
      vertex -0.429198 -2.15773 13
      vertex -0.569402 -2.12504 13
    endloop
  endfacet
  facet normal 0 0 1
    outer loop
      vertex -1.44939 -5.40918 13
      vertex -0.569402 -2.12504 13
      vertex -0.707167 -2.08325 13
    endloop
  endfacet
  facet normal 0 0 1
    outer loop
      vertex -0.287157 -2.18118 13
      vertex -0.730947 -5.55209 13
      vertex -0.366257 -5.58801 13
    endloop
  endfacet
  facet normal 0 0 1
    outer loop
      vertex -1.80006 -5.30281 13
      vertex -0.707167 -2.08325 13
      vertex -0.841903 -2.03253 13
    endloop
  endfacet
  facet normal 0 0 1
    outer loop
      vertex -2.14303 -5.17373 13
      vertex -0.841903 -2.03253 13
      vertex -0.973035 -1.97312 13
    endloop
  endfacet
  facet normal 0 0 1
    outer loop
      vertex -0.429198 -2.15773 13
      vertex -1.09251 -5.4924 13
      vertex -0.730947 -5.55209 13
    endloop
  endfacet
  facet normal 0 0 1
    outer loop
      vertex -2.47682 -5.02249 13
      vertex -0.973035 -1.97312 13
      vertex -1.1 -1.90526 13
    endloop
  endfacet
  facet normal 0 0 1
    outer loop
      vertex -2.8 -4.84974 13
      vertex -1.1 -1.90526 13
      vertex -1.22225 -1.82923 13
    endloop
  endfacet
  facet normal 0 0 1
    outer loop
      vertex -3.11119 -4.65623 13
      vertex -1.22225 -1.82923 13
      vertex -1.33927 -1.74538 13
    endloop
  endfacet
  facet normal 0 0 1
    outer loop
      vertex -0.569402 -2.12504 13
      vertex -1.44939 -5.40918 13
      vertex -1.09251 -5.4924 13
    endloop
  endfacet
  facet normal 0 0 1
    outer loop
      vertex -3.40906 -4.44278 13
      vertex -1.33927 -1.74538 13
      vertex -1.45056 -1.65405 13
    endloop
  endfacet
  facet normal 0 0 1
    outer loop
      vertex -3.69234 -4.2103 13
      vertex -1.45056 -1.65405 13
      vertex -1.55563 -1.55563 13
    endloop
  endfacet
  facet normal 0 0 1
    outer loop
      vertex -3.9598 -3.9598 13
      vertex -1.55563 -1.55563 13
      vertex -1.65405 -1.45056 13
    endloop
  endfacet
  facet normal 0 0 1
    outer loop
      vertex -4.2103 -3.69234 13
      vertex -1.65405 -1.45056 13
      vertex -1.74538 -1.33927 13
    endloop
  endfacet
  facet normal 0 0 1
    outer loop
      vertex -0.707167 -2.08325 13
      vertex -1.80006 -5.30281 13
      vertex -1.44939 -5.40918 13
    endloop
  endfacet
  facet normal 0 0 1
    outer loop
      vertex -4.44278 -3.40906 13
      vertex -1.74538 -1.33927 13
      vertex -1.82923 -1.22225 13
    endloop
  endfacet
  facet normal 0 0 1
    outer loop
      vertex -4.65623 -3.11119 13
      vertex -1.82923 -1.22225 13
      vertex -1.90526 -1.1 13
    endloop
  endfacet
  facet normal 0 0 1
    outer loop
      vertex -4.84974 -2.8 13
      vertex -1.90526 -1.1 13
      vertex -1.97312 -0.973035 13
    endloop
  endfacet
  facet normal 0 0 1
    outer loop
      vertex -5.02249 -2.47682 13
      vertex -1.97312 -0.973035 13
      vertex -2.03253 -0.841903 13
    endloop
  endfacet
  facet normal 0 0 1
    outer loop
      vertex -5.17373 -2.14303 13
      vertex -2.03253 -0.841903 13
      vertex -2.08325 -0.707167 13
    endloop
  endfacet
  facet normal 0 0 1
    outer loop
      vertex -5.30281 -1.80006 13
      vertex -2.08325 -0.707167 13
      vertex -2.12504 -0.569402 13
    endloop
  endfacet
  facet normal 0 0 1
    outer loop
      vertex -0.841903 -2.03253 13
      vertex -2.14303 -5.17373 13
      vertex -1.80006 -5.30281 13
    endloop
  endfacet
  facet normal 0 0 1
    outer loop
      vertex -5.40918 -1.44939 13
      vertex -2.12504 -0.569402 13
      vertex -2.15773 -0.429198 13
    endloop
  endfacet
  facet normal 0 0 1
    outer loop
      vertex -5.4924 -1.09251 13
      vertex -2.15773 -0.429198 13
      vertex -2.18118 -0.287157 13
    endloop
  endfacet
  facet normal 0 0 1
    outer loop
      vertex -5.55209 -0.730947 13
      vertex -2.18118 -0.287157 13
      vertex -2.19529 -0.143887 13
    endloop
  endfacet
  facet normal 0 0 1
    outer loop
      vertex -5.58801 -0.366257 13
      vertex -2.19529 -0.143887 13
      vertex -2.2 0 13
    endloop
  endfacet
  facet normal -0 0 1
    outer loop
      vertex -4.84974 2.8 13
      vertex -1.90526 1.1 13
      vertex -4.65623 3.11119 13
    endloop
  endfacet
  facet normal 0 0 1
    outer loop
      vertex -0.973035 -1.97312 13
      vertex -2.47682 -5.02249 13
      vertex -2.14303 -5.17373 13
    endloop
  endfacet
  facet normal 0 0 1
    outer loop
      vertex -1.90526 1.1 13
      vertex -4.84974 2.8 13
      vertex -1.97312 0.973035 13
    endloop
  endfacet
  facet normal 0 0 1
    outer loop
      vertex -1.1 -1.90526 13
      vertex -2.8 -4.84974 13
      vertex -2.47682 -5.02249 13
    endloop
  endfacet
  facet normal -0 0 1
    outer loop
      vertex -5.02249 2.47682 13
      vertex -1.97312 0.973035 13
      vertex -4.84974 2.8 13
    endloop
  endfacet
  facet normal 0 0 1
    outer loop
      vertex -1.22225 -1.82923 13
      vertex -3.11119 -4.65623 13
      vertex -2.8 -4.84974 13
    endloop
  endfacet
  facet normal 0 0 1
    outer loop
      vertex -1.97312 0.973035 13
      vertex -5.02249 2.47682 13
      vertex -2.03253 0.841903 13
    endloop
  endfacet
  facet normal 0 0 1
    outer loop
      vertex -1.33927 -1.74538 13
      vertex -3.40906 -4.44278 13
      vertex -3.11119 -4.65623 13
    endloop
  endfacet
  facet normal -0 0 1
    outer loop
      vertex -5.17373 2.14303 13
      vertex -2.03253 0.841903 13
      vertex -5.02249 2.47682 13
    endloop
  endfacet
  facet normal 0 0 1
    outer loop
      vertex -1.45056 -1.65405 13
      vertex -3.69234 -4.2103 13
      vertex -3.40906 -4.44278 13
    endloop
  endfacet
  facet normal 0 0 1
    outer loop
      vertex -2.03253 0.841903 13
      vertex -5.17373 2.14303 13
      vertex -2.08325 0.707167 13
    endloop
  endfacet
  facet normal 0 0 1
    outer loop
      vertex -1.55563 -1.55563 13
      vertex -3.9598 -3.9598 13
      vertex -3.69234 -4.2103 13
    endloop
  endfacet
  facet normal -0 0 1
    outer loop
      vertex -5.30281 1.80006 13
      vertex -2.08325 0.707167 13
      vertex -5.17373 2.14303 13
    endloop
  endfacet
  facet normal 0 0 1
    outer loop
      vertex -1.65405 -1.45056 13
      vertex -4.2103 -3.69234 13
      vertex -3.9598 -3.9598 13
    endloop
  endfacet
  facet normal 0 0 1
    outer loop
      vertex -2.08325 0.707167 13
      vertex -5.30281 1.80006 13
      vertex -2.12504 0.569402 13
    endloop
  endfacet
  facet normal 0 0 1
    outer loop
      vertex -1.74538 -1.33927 13
      vertex -4.44278 -3.40906 13
      vertex -4.2103 -3.69234 13
    endloop
  endfacet
  facet normal -0 0 1
    outer loop
      vertex -5.40918 1.44939 13
      vertex -2.12504 0.569402 13
      vertex -5.30281 1.80006 13
    endloop
  endfacet
  facet normal 0 0 1
    outer loop
      vertex -1.82923 -1.22225 13
      vertex -4.65623 -3.11119 13
      vertex -4.44278 -3.40906 13
    endloop
  endfacet
  facet normal 0 0 1
    outer loop
      vertex -2.12504 0.569402 13
      vertex -5.40918 1.44939 13
      vertex -2.15773 0.429198 13
    endloop
  endfacet
  facet normal 0 0 1
    outer loop
      vertex -1.90526 -1.1 13
      vertex -4.84974 -2.8 13
      vertex -4.65623 -3.11119 13
    endloop
  endfacet
  facet normal -0 0 1
    outer loop
      vertex -5.4924 1.09251 13
      vertex -2.15773 0.429198 13
      vertex -5.40918 1.44939 13
    endloop
  endfacet
  facet normal 0 0 1
    outer loop
      vertex -1.97312 -0.973035 13
      vertex -5.02249 -2.47682 13
      vertex -4.84974 -2.8 13
    endloop
  endfacet
  facet normal 0 0 1
    outer loop
      vertex -2.15773 0.429198 13
      vertex -5.4924 1.09251 13
      vertex -2.18118 0.287157 13
    endloop
  endfacet
  facet normal 0 0 1
    outer loop
      vertex -2.03253 -0.841903 13
      vertex -5.17373 -2.14303 13
      vertex -5.02249 -2.47682 13
    endloop
  endfacet
  facet normal -0 0 1
    outer loop
      vertex -5.55209 0.730947 13
      vertex -2.18118 0.287157 13
      vertex -5.4924 1.09251 13
    endloop
  endfacet
  facet normal 0 0 1
    outer loop
      vertex -2.08325 -0.707167 13
      vertex -5.30281 -1.80006 13
      vertex -5.17373 -2.14303 13
    endloop
  endfacet
  facet normal 0 0 1
    outer loop
      vertex -2.18118 0.287157 13
      vertex -5.55209 0.730947 13
      vertex -2.19529 0.143887 13
    endloop
  endfacet
  facet normal 0 0 1
    outer loop
      vertex -2.12504 -0.569402 13
      vertex -5.40918 -1.44939 13
      vertex -5.30281 -1.80006 13
    endloop
  endfacet
  facet normal -0 0 1
    outer loop
      vertex -5.58801 0.366257 13
      vertex -2.19529 0.143887 13
      vertex -5.55209 0.730947 13
    endloop
  endfacet
  facet normal 0 0 1
    outer loop
      vertex -2.15773 -0.429198 13
      vertex -5.4924 -1.09251 13
      vertex -5.40918 -1.44939 13
    endloop
  endfacet
  facet normal 0 0 1
    outer loop
      vertex -2.19529 0.143887 13
      vertex -5.58801 0.366257 13
      vertex -2.2 0 13
    endloop
  endfacet
  facet normal 0 0 1
    outer loop
      vertex -2.18118 -0.287157 13
      vertex -5.55209 -0.730947 13
      vertex -5.4924 -1.09251 13
    endloop
  endfacet
  facet normal 0 0 1
    outer loop
      vertex -5.6 0 13
      vertex -2.2 0 13
      vertex -5.58801 0.366257 13
    endloop
  endfacet
  facet normal 0 0 1
    outer loop
      vertex -2.19529 -0.143887 13
      vertex -5.58801 -0.366257 13
      vertex -5.55209 -0.730947 13
    endloop
  endfacet
  facet normal 0 0 1
    outer loop
      vertex -2.2 0 13
      vertex -5.6 0 13
      vertex -5.58801 -0.366257 13
    endloop
  endfacet
  facet normal -0.773013 0.63439 0
    outer loop
      vertex -4.44278 3.40906 0.0999994
      vertex -4.2103 3.69234 13
      vertex -4.2103 3.69234 0.0999994
    endloop
  endfacet
  facet normal -0.773013 0.63439 0
    outer loop
      vertex -4.2103 3.69234 13
      vertex -4.44278 3.40906 0.0999994
      vertex -4.44278 3.40906 13
    endloop
  endfacet
  facet normal -0.729869 -0.683587 0
    outer loop
      vertex -3.9598 -3.9598 0.0999994
      vertex -4.2103 -3.69234 13
      vertex -4.2103 -3.69234 0.0999994
    endloop
  endfacet
  facet normal -0.729869 -0.683587 0
    outer loop
      vertex -4.2103 -3.69234 13
      vertex -3.9598 -3.9598 0.0999994
      vertex -3.9598 -3.9598 13
    endloop
  endfacet
  facet normal -0.683587 -0.729869 0
    outer loop
      vertex -3.9598 -3.9598 0.0999994
      vertex -3.69234 -4.2103 13
      vertex -3.9598 -3.9598 13
    endloop
  endfacet
  facet normal -0.683587 -0.729869 -0
    outer loop
      vertex -3.69234 -4.2103 13
      vertex -3.9598 -3.9598 0.0999994
      vertex -3.69234 -4.2103 0.0999994
    endloop
  endfacet
  facet normal -0.582477 -0.812847 0
    outer loop
      vertex -3.40906 -4.44278 0.0999994
      vertex -3.11119 -4.65623 13
      vertex -3.40906 -4.44278 13
    endloop
  endfacet
  facet normal -0.582477 -0.812847 -0
    outer loop
      vertex -3.11119 -4.65623 13
      vertex -3.40906 -4.44278 0.0999994
      vertex -3.11119 -4.65623 0.0999994
    endloop
  endfacet
  facet normal 0.162884 -0.986645 0
    outer loop
      vertex 0.730947 -5.55209 0.0999994
      vertex 1.09251 -5.4924 13
      vertex 0.730947 -5.55209 13
    endloop
  endfacet
  facet normal 0.162884 -0.986645 0
    outer loop
      vertex 1.09251 -5.4924 13
      vertex 0.730947 -5.55209 0.0999994
      vertex 1.09251 -5.4924 0.0999994
    endloop
  endfacet
  facet normal -0.995184 0.0980203 0
    outer loop
      vertex -5.58801 0.366257 0.0999994
      vertex -5.55209 0.730947 13
      vertex -5.55209 0.730947 0.0999994
    endloop
  endfacet
  facet normal -0.995184 0.0980203 0
    outer loop
      vertex -5.55209 0.730947 13
      vertex -5.58801 0.366257 0.0999994
      vertex -5.58801 0.366257 13
    endloop
  endfacet
  facet normal -0.729869 0.683587 0
    outer loop
      vertex -4.2103 3.69234 0.0999994
      vertex -3.9598 3.9598 13
      vertex -3.9598 3.9598 0.0999994
    endloop
  endfacet
  facet normal -0.729869 0.683587 0
    outer loop
      vertex -3.9598 3.9598 13
      vertex -4.2103 3.69234 0.0999994
      vertex -4.2103 3.69234 13
    endloop
  endfacet
  facet normal 0.227095 0.973873 -0
    outer loop
      vertex 1.44939 5.40918 0.0999994
      vertex 1.09251 5.4924 13
      vertex 1.44939 5.40918 13
    endloop
  endfacet
  facet normal 0.227095 0.973873 0
    outer loop
      vertex 1.09251 5.4924 13
      vertex 1.44939 5.40918 0.0999994
      vertex 1.09251 5.4924 0.0999994
    endloop
  endfacet
  facet normal -0.528067 -0.849203 0
    outer loop
      vertex -3.11119 -4.65623 0.0999994
      vertex -2.8 -4.84974 13
      vertex -3.11119 -4.65623 13
    endloop
  endfacet
  facet normal -0.528067 -0.849203 -0
    outer loop
      vertex -2.8 -4.84974 13
      vertex -3.11119 -4.65623 0.0999994
      vertex -2.8 -4.84974 0.0999994
    endloop
  endfacet
  facet normal -0.412711 0.910862 0
    outer loop
      vertex -2.14303 5.17373 0.0999994
      vertex -2.47682 5.02249 13
      vertex -2.14303 5.17373 13
    endloop
  endfacet
  facet normal -0.412711 0.910862 0
    outer loop
      vertex -2.47682 5.02249 13
      vertex -2.14303 5.17373 0.0999994
      vertex -2.47682 5.02249 0.0999994
    endloop
  endfacet
  facet normal -0.471411 -0.881914 0
    outer loop
      vertex -2.8 -4.84974 0.0999994
      vertex -2.47682 -5.02249 13
      vertex -2.8 -4.84974 13
    endloop
  endfacet
  facet normal -0.471411 -0.881914 -0
    outer loop
      vertex -2.47682 -5.02249 13
      vertex -2.8 -4.84974 0.0999994
      vertex -2.47682 -5.02249 0.0999994
    endloop
  endfacet
  facet normal -0.986645 -0.162888 0
    outer loop
      vertex -2.15773 -0.429198 13
      vertex -2.18118 -0.287157 28
      vertex -2.18118 -0.287157 13
    endloop
  endfacet
  facet normal -0.986645 -0.162888 0
    outer loop
      vertex -2.18118 -0.287157 28
      vertex -2.15773 -0.429198 13
      vertex -2.15773 -0.429198 28
    endloop
  endfacet
  facet normal 0.995185 0.0980112 0
    outer loop
      vertex 2.19529 0.143887 28
      vertex 2.18118 0.287157 13
      vertex 2.18118 0.287157 28
    endloop
  endfacet
  facet normal 0.995185 0.0980112 0
    outer loop
      vertex 2.18118 0.287157 13
      vertex 2.19529 0.143887 28
      vertex 2.19529 0.143887 13
    endloop
  endfacet
  facet normal 0.999465 0.0327165 0
    outer loop
      vertex 2.2 0 28
      vertex 2.19529 0.143887 13
      vertex 2.19529 0.143887 28
    endloop
  endfacet
  facet normal 0.999465 0.0327165 0
    outer loop
      vertex 2.19529 0.143887 13
      vertex 2.2 0 28
      vertex 2.2 0 13
    endloop
  endfacet
  facet normal 0.986645 0.162888 0
    outer loop
      vertex 2.18118 0.287157 28
      vertex 2.15773 0.429198 13
      vertex 2.15773 0.429198 28
    endloop
  endfacet
  facet normal 0.986645 0.162888 0
    outer loop
      vertex 2.15773 0.429198 13
      vertex 2.18118 0.287157 28
      vertex 2.18118 0.287157 13
    endloop
  endfacet
  facet normal 0.973878 0.22707 0
    outer loop
      vertex 2.15773 0.429198 28
      vertex 2.12504 0.569402 13
      vertex 2.12504 0.569402 28
    endloop
  endfacet
  facet normal 0.973878 0.22707 0
    outer loop
      vertex 2.12504 0.569402 13
      vertex 2.15773 0.429198 28
      vertex 2.15773 0.429198 13
    endloop
  endfacet
  facet normal 0.0980112 0.995185 -0
    outer loop
      vertex 0.287157 2.18118 13
      vertex 0.143887 2.19529 28
      vertex 0.287157 2.18118 28
    endloop
  endfacet
  facet normal 0.0980112 0.995185 0
    outer loop
      vertex 0.143887 2.19529 28
      vertex 0.287157 2.18118 13
      vertex 0.143887 2.19529 13
    endloop
  endfacet
  facet normal 0.582453 -0.812864 0
    outer loop
      vertex 1.22225 -1.82923 13
      vertex 1.33927 -1.74538 28
      vertex 1.22225 -1.82923 28
    endloop
  endfacet
  facet normal 0.582453 -0.812864 0
    outer loop
      vertex 1.33927 -1.74538 28
      vertex 1.22225 -1.82923 13
      vertex 1.33927 -1.74538 13
    endloop
  endfacet
  facet normal 0.986645 -0.162888 0
    outer loop
      vertex 2.15773 -0.429198 28
      vertex 2.18118 -0.287157 13
      vertex 2.18118 -0.287157 28
    endloop
  endfacet
  facet normal 0.986645 -0.162888 0
    outer loop
      vertex 2.18118 -0.287157 13
      vertex 2.15773 -0.429198 28
      vertex 2.15773 -0.429198 13
    endloop
  endfacet
  facet normal -0.471374 -0.881933 0
    outer loop
      vertex -1.1 -1.90526 13
      vertex -0.973035 -1.97312 28
      vertex -1.1 -1.90526 28
    endloop
  endfacet
  facet normal -0.471374 -0.881933 -0
    outer loop
      vertex -0.973035 -1.97312 28
      vertex -1.1 -1.90526 13
      vertex -0.973035 -1.97312 13
    endloop
  endfacet
  facet normal -0.683634 0.729825 0
    outer loop
      vertex -1.45056 1.65405 13
      vertex -1.55563 1.55563 28
      vertex -1.45056 1.65405 28
    endloop
  endfacet
  facet normal -0.683634 0.729825 0
    outer loop
      vertex -1.55563 1.55563 28
      vertex -1.45056 1.65405 13
      vertex -1.55563 1.55563 13
    endloop
  endfacet
  facet normal -0.729825 -0.683634 0
    outer loop
      vertex -1.55563 -1.55563 13
      vertex -1.65405 -1.45056 28
      vertex -1.65405 -1.45056 13
    endloop
  endfacet
  facet normal -0.729825 -0.683634 0
    outer loop
      vertex -1.65405 -1.45056 28
      vertex -1.55563 -1.55563 13
      vertex -1.55563 -1.55563 28
    endloop
  endfacet
  facet normal -0.999465 -0.0327165 0
    outer loop
      vertex -2.19529 -0.143887 13
      vertex -2.2 0 28
      vertex -2.2 0 13
    endloop
  endfacet
  facet normal -0.999465 -0.0327165 0
    outer loop
      vertex -2.2 0 28
      vertex -2.19529 -0.143887 13
      vertex -2.19529 -0.143887 28
    endloop
  endfacet
  facet normal -0.995185 0.0980112 0
    outer loop
      vertex -2.19529 0.143887 13
      vertex -2.18118 0.287157 28
      vertex -2.18118 0.287157 13
    endloop
  endfacet
  facet normal -0.995185 0.0980112 0
    outer loop
      vertex -2.18118 0.287157 28
      vertex -2.19529 0.143887 13
      vertex -2.19529 0.143887 28
    endloop
  endfacet
  facet normal 0.634379 -0.773022 0
    outer loop
      vertex 1.33927 -1.74538 13
      vertex 1.45056 -1.65405 28
      vertex 1.33927 -1.74538 28
    endloop
  endfacet
  facet normal 0.634379 -0.773022 0
    outer loop
      vertex 1.45056 -1.65405 28
      vertex 1.33927 -1.74538 13
      vertex 1.45056 -1.65405 13
    endloop
  endfacet
  facet normal 0.729825 0.683634 0
    outer loop
      vertex 1.65405 1.45056 28
      vertex 1.55563 1.55563 13
      vertex 1.55563 1.55563 28
    endloop
  endfacet
  facet normal 0.729825 0.683634 0
    outer loop
      vertex 1.55563 1.55563 13
      vertex 1.65405 1.45056 28
      vertex 1.65405 1.45056 13
    endloop
  endfacet
  facet normal 0.910877 0.412677 0
    outer loop
      vertex 2.03253 0.841903 28
      vertex 1.97312 0.973035 13
      vertex 1.97312 0.973035 28
    endloop
  endfacet
  facet normal 0.910877 0.412677 0
    outer loop
      vertex 1.97312 0.973035 13
      vertex 2.03253 0.841903 28
      vertex 2.03253 0.841903 13
    endloop
  endfacet
  facet normal -0.162888 -0.986645 0
    outer loop
      vertex -0.429198 -2.15773 13
      vertex -0.287157 -2.18118 28
      vertex -0.429198 -2.15773 28
    endloop
  endfacet
  facet normal -0.162888 -0.986645 -0
    outer loop
      vertex -0.287157 -2.18118 28
      vertex -0.429198 -2.15773 13
      vertex -0.287157 -2.18118 13
    endloop
  endfacet
  facet normal -0.910877 -0.412677 0
    outer loop
      vertex -1.97312 -0.973035 13
      vertex -2.03253 -0.841903 28
      vertex -2.03253 -0.841903 13
    endloop
  endfacet
  facet normal -0.910877 -0.412677 0
    outer loop
      vertex -2.03253 -0.841903 28
      vertex -1.97312 -0.973035 13
      vertex -1.97312 -0.973035 28
    endloop
  endfacet
  facet normal 0.773022 0.634379 0
    outer loop
      vertex 1.74538 1.33927 28
      vertex 1.65405 1.45056 13
      vertex 1.65405 1.45056 28
    endloop
  endfacet
  facet normal 0.773022 0.634379 0
    outer loop
      vertex 1.65405 1.45056 13
      vertex 1.74538 1.33927 28
      vertex 1.74538 1.33927 13
    endloop
  endfacet
  facet normal 0.352305 0.935885 -0
    outer loop
      vertex 0.841903 2.03253 13
      vertex 0.707167 2.08325 28
      vertex 0.841903 2.03253 28
    endloop
  endfacet
  facet normal 0.352305 0.935885 0
    outer loop
      vertex 0.707167 2.08325 28
      vertex 0.841903 2.03253 13
      vertex 0.707167 2.08325 13
    endloop
  endfacet
  facet normal -0.849171 -0.528118 0
    outer loop
      vertex -1.82923 -1.22225 13
      vertex -1.90526 -1.1 28
      vertex -1.90526 -1.1 13
    endloop
  endfacet
  facet normal -0.849171 -0.528118 0
    outer loop
      vertex -1.90526 -1.1 28
      vertex -1.82923 -1.22225 13
      vertex -1.82923 -1.22225 28
    endloop
  endfacet
  facet normal -0.412677 0.910877 0
    outer loop
      vertex -0.841903 2.03253 13
      vertex -0.973035 1.97312 28
      vertex -0.841903 2.03253 28
    endloop
  endfacet
  facet normal -0.412677 0.910877 0
    outer loop
      vertex -0.973035 1.97312 28
      vertex -0.841903 2.03253 13
      vertex -0.973035 1.97312 13
    endloop
  endfacet
  facet normal -0.812864 0.582453 0
    outer loop
      vertex -1.82923 1.22225 13
      vertex -1.74538 1.33927 28
      vertex -1.74538 1.33927 13
    endloop
  endfacet
  facet normal -0.812864 0.582453 0
    outer loop
      vertex -1.74538 1.33927 28
      vertex -1.82923 1.22225 13
      vertex -1.82923 1.22225 28
    endloop
  endfacet
  facet normal -0.995185 -0.0980112 0
    outer loop
      vertex -2.18118 -0.287157 13
      vertex -2.19529 -0.143887 28
      vertex -2.19529 -0.143887 13
    endloop
  endfacet
  facet normal -0.995185 -0.0980112 0
    outer loop
      vertex -2.19529 -0.143887 28
      vertex -2.18118 -0.287157 13
      vertex -2.18118 -0.287157 28
    endloop
  endfacet
  facet normal -0.634379 0.773022 0
    outer loop
      vertex -1.33927 1.74538 13
      vertex -1.45056 1.65405 28
      vertex -1.33927 1.74538 28
    endloop
  endfacet
  facet normal -0.634379 0.773022 0
    outer loop
      vertex -1.45056 1.65405 28
      vertex -1.33927 1.74538 13
      vertex -1.45056 1.65405 13
    endloop
  endfacet
  facet normal 0.973878 -0.22707 0
    outer loop
      vertex 2.12504 -0.569402 28
      vertex 2.15773 -0.429198 13
      vertex 2.15773 -0.429198 28
    endloop
  endfacet
  facet normal 0.973878 -0.22707 0
    outer loop
      vertex 2.15773 -0.429198 13
      vertex 2.12504 -0.569402 28
      vertex 2.12504 -0.569402 13
    endloop
  endfacet
  facet normal 0.471374 0.881933 -0
    outer loop
      vertex 1.1 1.90526 13
      vertex 0.973035 1.97312 28
      vertex 1.1 1.90526 28
    endloop
  endfacet
  facet normal 0.471374 0.881933 0
    outer loop
      vertex 0.973035 1.97312 28
      vertex 1.1 1.90526 13
      vertex 0.973035 1.97312 13
    endloop
  endfacet
  facet normal 0.683634 -0.729825 0
    outer loop
      vertex 1.45056 -1.65405 13
      vertex 1.55563 -1.55563 28
      vertex 1.45056 -1.65405 28
    endloop
  endfacet
  facet normal 0.683634 -0.729825 0
    outer loop
      vertex 1.55563 -1.55563 28
      vertex 1.45056 -1.65405 13
      vertex 1.55563 -1.55563 13
    endloop
  endfacet
  facet normal 0.290281 -0.956941 0
    outer loop
      vertex 0.569402 -2.12504 13
      vertex 0.707167 -2.08325 28
      vertex 0.569402 -2.12504 28
    endloop
  endfacet
  facet normal 0.290281 -0.956941 0
    outer loop
      vertex 0.707167 -2.08325 28
      vertex 0.569402 -2.12504 13
      vertex 0.707167 -2.08325 13
    endloop
  endfacet
  facet normal 0.412677 -0.910877 0
    outer loop
      vertex 0.841903 -2.03253 13
      vertex 0.973035 -1.97312 28
      vertex 0.841903 -2.03253 28
    endloop
  endfacet
  facet normal 0.412677 -0.910877 0
    outer loop
      vertex 0.973035 -1.97312 28
      vertex 0.841903 -2.03253 13
      vertex 0.973035 -1.97312 13
    endloop
  endfacet
  facet normal -0.582453 0.812864 0
    outer loop
      vertex -1.22225 1.82923 13
      vertex -1.33927 1.74538 28
      vertex -1.22225 1.82923 28
    endloop
  endfacet
  facet normal -0.582453 0.812864 0
    outer loop
      vertex -1.33927 1.74538 28
      vertex -1.22225 1.82923 13
      vertex -1.33927 1.74538 13
    endloop
  endfacet
  facet normal 0.956941 0.290281 0
    outer loop
      vertex 2.12504 0.569402 28
      vertex 2.08325 0.707167 13
      vertex 2.08325 0.707167 28
    endloop
  endfacet
  facet normal 0.956941 0.290281 0
    outer loop
      vertex 2.08325 0.707167 13
      vertex 2.12504 0.569402 28
      vertex 2.12504 0.569402 13
    endloop
  endfacet
  facet normal 0.849171 -0.528118 0
    outer loop
      vertex 1.82923 -1.22225 28
      vertex 1.90526 -1.1 13
      vertex 1.90526 -1.1 28
    endloop
  endfacet
  facet normal 0.849171 -0.528118 0
    outer loop
      vertex 1.90526 -1.1 13
      vertex 1.82923 -1.22225 28
      vertex 1.82923 -1.22225 13
    endloop
  endfacet
  facet normal 0.412677 0.910877 -0
    outer loop
      vertex 0.973035 1.97312 13
      vertex 0.841903 2.03253 28
      vertex 0.973035 1.97312 28
    endloop
  endfacet
  facet normal 0.412677 0.910877 0
    outer loop
      vertex 0.841903 2.03253 28
      vertex 0.973035 1.97312 13
      vertex 0.841903 2.03253 13
    endloop
  endfacet
  facet normal 0.22707 0.973878 -0
    outer loop
      vertex 0.569402 2.12504 13
      vertex 0.429198 2.15773 28
      vertex 0.569402 2.12504 28
    endloop
  endfacet
  facet normal 0.22707 0.973878 0
    outer loop
      vertex 0.429198 2.15773 28
      vertex 0.569402 2.12504 13
      vertex 0.429198 2.15773 13
    endloop
  endfacet
  facet normal 0.0980112 -0.995185 0
    outer loop
      vertex 0.143887 -2.19529 13
      vertex 0.287157 -2.18118 28
      vertex 0.143887 -2.19529 28
    endloop
  endfacet
  facet normal 0.0980112 -0.995185 0
    outer loop
      vertex 0.287157 -2.18118 28
      vertex 0.143887 -2.19529 13
      vertex 0.287157 -2.18118 13
    endloop
  endfacet
  facet normal 0.881933 0.471374 0
    outer loop
      vertex 1.97312 0.973035 28
      vertex 1.90526 1.1 13
      vertex 1.90526 1.1 28
    endloop
  endfacet
  facet normal 0.881933 0.471374 0
    outer loop
      vertex 1.90526 1.1 13
      vertex 1.97312 0.973035 28
      vertex 1.97312 0.973035 13
    endloop
  endfacet
  facet normal 0.773022 -0.634379 0
    outer loop
      vertex 1.65405 -1.45056 28
      vertex 1.74538 -1.33927 13
      vertex 1.74538 -1.33927 28
    endloop
  endfacet
  facet normal 0.773022 -0.634379 0
    outer loop
      vertex 1.74538 -1.33927 13
      vertex 1.65405 -1.45056 28
      vertex 1.65405 -1.45056 13
    endloop
  endfacet
  facet normal -0.162888 0.986645 0
    outer loop
      vertex -0.287157 2.18118 13
      vertex -0.429198 2.15773 28
      vertex -0.287157 2.18118 28
    endloop
  endfacet
  facet normal -0.162888 0.986645 0
    outer loop
      vertex -0.429198 2.15773 28
      vertex -0.287157 2.18118 13
      vertex -0.429198 2.15773 13
    endloop
  endfacet
  facet normal 0.634379 0.773022 -0
    outer loop
      vertex 1.45056 1.65405 13
      vertex 1.33927 1.74538 28
      vertex 1.45056 1.65405 28
    endloop
  endfacet
  facet normal 0.634379 0.773022 0
    outer loop
      vertex 1.33927 1.74538 28
      vertex 1.45056 1.65405 13
      vertex 1.33927 1.74538 13
    endloop
  endfacet
  facet normal 0.582453 0.812864 -0
    outer loop
      vertex 1.33927 1.74538 13
      vertex 1.22225 1.82923 28
      vertex 1.33927 1.74538 28
    endloop
  endfacet
  facet normal 0.582453 0.812864 0
    outer loop
      vertex 1.22225 1.82923 28
      vertex 1.33927 1.74538 13
      vertex 1.22225 1.82923 13
    endloop
  endfacet
  facet normal -0.986645 0.162888 0
    outer loop
      vertex -2.18118 0.287157 13
      vertex -2.15773 0.429198 28
      vertex -2.15773 0.429198 13
    endloop
  endfacet
  facet normal -0.986645 0.162888 0
    outer loop
      vertex -2.15773 0.429198 28
      vertex -2.18118 0.287157 13
      vertex -2.18118 0.287157 28
    endloop
  endfacet
  facet normal 0.881933 -0.471374 0
    outer loop
      vertex 1.90526 -1.1 28
      vertex 1.97312 -0.973035 13
      vertex 1.97312 -0.973035 28
    endloop
  endfacet
  facet normal 0.881933 -0.471374 0
    outer loop
      vertex 1.97312 -0.973035 13
      vertex 1.90526 -1.1 28
      vertex 1.90526 -1.1 13
    endloop
  endfacet
  facet normal 0.0327165 0.999465 -0
    outer loop
      vertex 0.143887 2.19529 13
      vertex 0 2.2 28
      vertex 0.143887 2.19529 28
    endloop
  endfacet
  facet normal 0.0327165 0.999465 0
    outer loop
      vertex 0 2.2 28
      vertex 0.143887 2.19529 13
      vertex 0 2.2 13
    endloop
  endfacet
  facet normal -0.22707 0.973878 0
    outer loop
      vertex -0.429198 2.15773 13
      vertex -0.569402 2.12504 28
      vertex -0.429198 2.15773 28
    endloop
  endfacet
  facet normal -0.22707 0.973878 0
    outer loop
      vertex -0.569402 2.12504 28
      vertex -0.429198 2.15773 13
      vertex -0.569402 2.12504 13
    endloop
  endfacet
  facet normal 0.162888 -0.986645 0
    outer loop
      vertex 0.287157 -2.18118 13
      vertex 0.429198 -2.15773 28
      vertex 0.287157 -2.18118 28
    endloop
  endfacet
  facet normal 0.162888 -0.986645 0
    outer loop
      vertex 0.429198 -2.15773 28
      vertex 0.287157 -2.18118 13
      vertex 0.429198 -2.15773 13
    endloop
  endfacet
  facet normal -0.956941 -0.290281 0
    outer loop
      vertex -2.08325 -0.707167 13
      vertex -2.12504 -0.569402 28
      vertex -2.12504 -0.569402 13
    endloop
  endfacet
  facet normal -0.956941 -0.290281 0
    outer loop
      vertex -2.12504 -0.569402 28
      vertex -2.08325 -0.707167 13
      vertex -2.08325 -0.707167 28
    endloop
  endfacet
  facet normal 0.352305 -0.935885 0
    outer loop
      vertex 0.707167 -2.08325 13
      vertex 0.841903 -2.03253 28
      vertex 0.707167 -2.08325 28
    endloop
  endfacet
  facet normal 0.352305 -0.935885 0
    outer loop
      vertex 0.841903 -2.03253 28
      vertex 0.707167 -2.08325 13
      vertex 0.841903 -2.03253 13
    endloop
  endfacet
  facet normal 0.0327165 -0.999465 0
    outer loop
      vertex 0 -2.2 13
      vertex 0.143887 -2.19529 28
      vertex 0 -2.2 28
    endloop
  endfacet
  facet normal 0.0327165 -0.999465 0
    outer loop
      vertex 0.143887 -2.19529 28
      vertex 0 -2.2 13
      vertex 0.143887 -2.19529 13
    endloop
  endfacet
  facet normal 0.935885 -0.352305 0
    outer loop
      vertex 2.03253 -0.841903 28
      vertex 2.08325 -0.707167 13
      vertex 2.08325 -0.707167 28
    endloop
  endfacet
  facet normal 0.935885 -0.352305 0
    outer loop
      vertex 2.08325 -0.707167 13
      vertex 2.03253 -0.841903 28
      vertex 2.03253 -0.841903 13
    endloop
  endfacet
  facet normal -0.0980112 0.995185 0
    outer loop
      vertex -0.143887 2.19529 13
      vertex -0.287157 2.18118 28
      vertex -0.143887 2.19529 28
    endloop
  endfacet
  facet normal -0.0980112 0.995185 0
    outer loop
      vertex -0.287157 2.18118 28
      vertex -0.143887 2.19529 13
      vertex -0.287157 2.18118 13
    endloop
  endfacet
  facet normal -0.290281 0.956941 0
    outer loop
      vertex -0.569402 2.12504 13
      vertex -0.707167 2.08325 28
      vertex -0.569402 2.12504 28
    endloop
  endfacet
  facet normal -0.290281 0.956941 0
    outer loop
      vertex -0.707167 2.08325 28
      vertex -0.569402 2.12504 13
      vertex -0.707167 2.08325 13
    endloop
  endfacet
  facet normal -0.935885 0.352305 0
    outer loop
      vertex -2.08325 0.707167 13
      vertex -2.03253 0.841903 28
      vertex -2.03253 0.841903 13
    endloop
  endfacet
  facet normal -0.935885 0.352305 0
    outer loop
      vertex -2.03253 0.841903 28
      vertex -2.08325 0.707167 13
      vertex -2.08325 0.707167 28
    endloop
  endfacet
  facet normal -0.999465 0.0327165 0
    outer loop
      vertex -2.2 0 13
      vertex -2.19529 0.143887 28
      vertex -2.19529 0.143887 13
    endloop
  endfacet
  facet normal -0.999465 0.0327165 0
    outer loop
      vertex -2.19529 0.143887 28
      vertex -2.2 0 13
      vertex -2.2 0 28
    endloop
  endfacet
  facet normal -0.352305 0.935885 0
    outer loop
      vertex -0.707167 2.08325 13
      vertex -0.841903 2.03253 28
      vertex -0.707167 2.08325 28
    endloop
  endfacet
  facet normal -0.352305 0.935885 0
    outer loop
      vertex -0.841903 2.03253 28
      vertex -0.707167 2.08325 13
      vertex -0.841903 2.03253 13
    endloop
  endfacet
  facet normal -0.528118 -0.849171 0
    outer loop
      vertex -1.22225 -1.82923 13
      vertex -1.1 -1.90526 28
      vertex -1.22225 -1.82923 28
    endloop
  endfacet
  facet normal -0.528118 -0.849171 -0
    outer loop
      vertex -1.1 -1.90526 28
      vertex -1.22225 -1.82923 13
      vertex -1.1 -1.90526 13
    endloop
  endfacet
  facet normal 0.995185 -0.0980112 0
    outer loop
      vertex 2.18118 -0.287157 28
      vertex 2.19529 -0.143887 13
      vertex 2.19529 -0.143887 28
    endloop
  endfacet
  facet normal 0.995185 -0.0980112 0
    outer loop
      vertex 2.19529 -0.143887 13
      vertex 2.18118 -0.287157 28
      vertex 2.18118 -0.287157 13
    endloop
  endfacet
  facet normal 0.999465 -0.0327165 0
    outer loop
      vertex 2.19529 -0.143887 28
      vertex 2.2 0 13
      vertex 2.2 0 28
    endloop
  endfacet
  facet normal 0.999465 -0.0327165 0
    outer loop
      vertex 2.2 0 13
      vertex 2.19529 -0.143887 28
      vertex 2.19529 -0.143887 13
    endloop
  endfacet
  facet normal -0.290281 -0.956941 0
    outer loop
      vertex -0.707167 -2.08325 13
      vertex -0.569402 -2.12504 28
      vertex -0.707167 -2.08325 28
    endloop
  endfacet
  facet normal -0.290281 -0.956941 -0
    outer loop
      vertex -0.569402 -2.12504 28
      vertex -0.707167 -2.08325 13
      vertex -0.569402 -2.12504 13
    endloop
  endfacet
  facet normal 0.849171 0.528118 0
    outer loop
      vertex 1.90526 1.1 28
      vertex 1.82923 1.22225 13
      vertex 1.82923 1.22225 28
    endloop
  endfacet
  facet normal 0.849171 0.528118 0
    outer loop
      vertex 1.82923 1.22225 13
      vertex 1.90526 1.1 28
      vertex 1.90526 1.1 13
    endloop
  endfacet
  facet normal 0.956941 -0.290281 0
    outer loop
      vertex 2.08325 -0.707167 28
      vertex 2.12504 -0.569402 13
      vertex 2.12504 -0.569402 28
    endloop
  endfacet
  facet normal 0.956941 -0.290281 0
    outer loop
      vertex 2.12504 -0.569402 13
      vertex 2.08325 -0.707167 28
      vertex 2.08325 -0.707167 13
    endloop
  endfacet
  facet normal -0.352305 -0.935885 0
    outer loop
      vertex -0.841903 -2.03253 13
      vertex -0.707167 -2.08325 28
      vertex -0.841903 -2.03253 28
    endloop
  endfacet
  facet normal -0.352305 -0.935885 -0
    outer loop
      vertex -0.707167 -2.08325 28
      vertex -0.841903 -2.03253 13
      vertex -0.707167 -2.08325 13
    endloop
  endfacet
  facet normal -0.910877 0.412677 0
    outer loop
      vertex -2.03253 0.841903 13
      vertex -1.97312 0.973035 28
      vertex -1.97312 0.973035 13
    endloop
  endfacet
  facet normal -0.910877 0.412677 0
    outer loop
      vertex -1.97312 0.973035 28
      vertex -2.03253 0.841903 13
      vertex -2.03253 0.841903 28
    endloop
  endfacet
  facet normal -0.528118 0.849171 0
    outer loop
      vertex -1.1 1.90526 13
      vertex -1.22225 1.82923 28
      vertex -1.1 1.90526 28
    endloop
  endfacet
  facet normal -0.528118 0.849171 0
    outer loop
      vertex -1.22225 1.82923 28
      vertex -1.1 1.90526 13
      vertex -1.22225 1.82923 13
    endloop
  endfacet
  facet normal 0.683634 0.729825 -0
    outer loop
      vertex 1.55563 1.55563 13
      vertex 1.45056 1.65405 28
      vertex 1.55563 1.55563 28
    endloop
  endfacet
  facet normal 0.683634 0.729825 0
    outer loop
      vertex 1.45056 1.65405 28
      vertex 1.55563 1.55563 13
      vertex 1.45056 1.65405 13
    endloop
  endfacet
  facet normal -0.773022 0.634379 0
    outer loop
      vertex -1.74538 1.33927 13
      vertex -1.65405 1.45056 28
      vertex -1.65405 1.45056 13
    endloop
  endfacet
  facet normal -0.773022 0.634379 0
    outer loop
      vertex -1.65405 1.45056 28
      vertex -1.74538 1.33927 13
      vertex -1.74538 1.33927 28
    endloop
  endfacet
  facet normal -0.849171 0.528118 0
    outer loop
      vertex -1.90526 1.1 13
      vertex -1.82923 1.22225 28
      vertex -1.82923 1.22225 13
    endloop
  endfacet
  facet normal -0.849171 0.528118 0
    outer loop
      vertex -1.82923 1.22225 28
      vertex -1.90526 1.1 13
      vertex -1.90526 1.1 28
    endloop
  endfacet
  facet normal 0.812864 0.582453 0
    outer loop
      vertex 1.82923 1.22225 28
      vertex 1.74538 1.33927 13
      vertex 1.74538 1.33927 28
    endloop
  endfacet
  facet normal 0.812864 0.582453 0
    outer loop
      vertex 1.74538 1.33927 13
      vertex 1.82923 1.22225 28
      vertex 1.82923 1.22225 13
    endloop
  endfacet
  facet normal 0.528118 0.849171 -0
    outer loop
      vertex 1.22225 1.82923 13
      vertex 1.1 1.90526 28
      vertex 1.22225 1.82923 28
    endloop
  endfacet
  facet normal 0.528118 0.849171 0
    outer loop
      vertex 1.1 1.90526 28
      vertex 1.22225 1.82923 13
      vertex 1.1 1.90526 13
    endloop
  endfacet
  facet normal 0.471374 -0.881933 0
    outer loop
      vertex 0.973035 -1.97312 13
      vertex 1.1 -1.90526 28
      vertex 0.973035 -1.97312 28
    endloop
  endfacet
  facet normal 0.471374 -0.881933 0
    outer loop
      vertex 1.1 -1.90526 28
      vertex 0.973035 -1.97312 13
      vertex 1.1 -1.90526 13
    endloop
  endfacet
  facet normal -0.471374 0.881933 0
    outer loop
      vertex -0.973035 1.97312 13
      vertex -1.1 1.90526 28
      vertex -0.973035 1.97312 28
    endloop
  endfacet
  facet normal -0.471374 0.881933 0
    outer loop
      vertex -1.1 1.90526 28
      vertex -0.973035 1.97312 13
      vertex -1.1 1.90526 13
    endloop
  endfacet
  facet normal -0.773022 -0.634379 0
    outer loop
      vertex -1.65405 -1.45056 13
      vertex -1.74538 -1.33927 28
      vertex -1.74538 -1.33927 13
    endloop
  endfacet
  facet normal -0.773022 -0.634379 0
    outer loop
      vertex -1.74538 -1.33927 28
      vertex -1.65405 -1.45056 13
      vertex -1.65405 -1.45056 28
    endloop
  endfacet
  facet normal -0.935885 -0.352305 0
    outer loop
      vertex -2.03253 -0.841903 13
      vertex -2.08325 -0.707167 28
      vertex -2.08325 -0.707167 13
    endloop
  endfacet
  facet normal -0.935885 -0.352305 0
    outer loop
      vertex -2.08325 -0.707167 28
      vertex -2.03253 -0.841903 13
      vertex -2.03253 -0.841903 28
    endloop
  endfacet
  facet normal -0.0327165 -0.999465 0
    outer loop
      vertex -0.143887 -2.19529 13
      vertex 0 -2.2 28
      vertex -0.143887 -2.19529 28
    endloop
  endfacet
  facet normal -0.0327165 -0.999465 -0
    outer loop
      vertex 0 -2.2 28
      vertex -0.143887 -2.19529 13
      vertex 0 -2.2 13
    endloop
  endfacet
  facet normal 0.910877 -0.412677 0
    outer loop
      vertex 1.97312 -0.973035 28
      vertex 2.03253 -0.841903 13
      vertex 2.03253 -0.841903 28
    endloop
  endfacet
  facet normal 0.910877 -0.412677 0
    outer loop
      vertex 2.03253 -0.841903 13
      vertex 1.97312 -0.973035 28
      vertex 1.97312 -0.973035 13
    endloop
  endfacet
  facet normal -0.956941 0.290281 0
    outer loop
      vertex -2.12504 0.569402 13
      vertex -2.08325 0.707167 28
      vertex -2.08325 0.707167 13
    endloop
  endfacet
  facet normal -0.956941 0.290281 0
    outer loop
      vertex -2.08325 0.707167 28
      vertex -2.12504 0.569402 13
      vertex -2.12504 0.569402 28
    endloop
  endfacet
  facet normal -0.973878 0.22707 0
    outer loop
      vertex -2.15773 0.429198 13
      vertex -2.12504 0.569402 28
      vertex -2.12504 0.569402 13
    endloop
  endfacet
  facet normal -0.973878 0.22707 0
    outer loop
      vertex -2.12504 0.569402 28
      vertex -2.15773 0.429198 13
      vertex -2.15773 0.429198 28
    endloop
  endfacet
  facet normal -0.729825 0.683634 0
    outer loop
      vertex -1.65405 1.45056 13
      vertex -1.55563 1.55563 28
      vertex -1.55563 1.55563 13
    endloop
  endfacet
  facet normal -0.729825 0.683634 0
    outer loop
      vertex -1.55563 1.55563 28
      vertex -1.65405 1.45056 13
      vertex -1.65405 1.45056 28
    endloop
  endfacet
  facet normal 0.935885 0.352305 0
    outer loop
      vertex 2.08325 0.707167 28
      vertex 2.03253 0.841903 13
      vertex 2.03253 0.841903 28
    endloop
  endfacet
  facet normal 0.935885 0.352305 0
    outer loop
      vertex 2.03253 0.841903 13
      vertex 2.08325 0.707167 28
      vertex 2.08325 0.707167 13
    endloop
  endfacet
  facet normal 0.22707 -0.973878 0
    outer loop
      vertex 0.429198 -2.15773 13
      vertex 0.569402 -2.12504 28
      vertex 0.429198 -2.15773 28
    endloop
  endfacet
  facet normal 0.22707 -0.973878 0
    outer loop
      vertex 0.569402 -2.12504 28
      vertex 0.429198 -2.15773 13
      vertex 0.569402 -2.12504 13
    endloop
  endfacet
  facet normal 0.162888 0.986645 -0
    outer loop
      vertex 0.429198 2.15773 13
      vertex 0.287157 2.18118 28
      vertex 0.429198 2.15773 28
    endloop
  endfacet
  facet normal 0.162888 0.986645 0
    outer loop
      vertex 0.287157 2.18118 28
      vertex 0.429198 2.15773 13
      vertex 0.287157 2.18118 13
    endloop
  endfacet
  facet normal -0.683634 -0.729825 0
    outer loop
      vertex -1.55563 -1.55563 13
      vertex -1.45056 -1.65405 28
      vertex -1.55563 -1.55563 28
    endloop
  endfacet
  facet normal -0.683634 -0.729825 -0
    outer loop
      vertex -1.45056 -1.65405 28
      vertex -1.55563 -1.55563 13
      vertex -1.45056 -1.65405 13
    endloop
  endfacet
  facet normal -0.22707 -0.973878 0
    outer loop
      vertex -0.569402 -2.12504 13
      vertex -0.429198 -2.15773 28
      vertex -0.569402 -2.12504 28
    endloop
  endfacet
  facet normal -0.22707 -0.973878 -0
    outer loop
      vertex -0.429198 -2.15773 28
      vertex -0.569402 -2.12504 13
      vertex -0.429198 -2.15773 13
    endloop
  endfacet
  facet normal -0.812864 -0.582453 0
    outer loop
      vertex -1.74538 -1.33927 13
      vertex -1.82923 -1.22225 28
      vertex -1.82923 -1.22225 13
    endloop
  endfacet
  facet normal -0.812864 -0.582453 0
    outer loop
      vertex -1.82923 -1.22225 28
      vertex -1.74538 -1.33927 13
      vertex -1.74538 -1.33927 28
    endloop
  endfacet
  facet normal -0.973878 -0.22707 0
    outer loop
      vertex -2.12504 -0.569402 13
      vertex -2.15773 -0.429198 28
      vertex -2.15773 -0.429198 13
    endloop
  endfacet
  facet normal -0.973878 -0.22707 0
    outer loop
      vertex -2.15773 -0.429198 28
      vertex -2.12504 -0.569402 13
      vertex -2.12504 -0.569402 28
    endloop
  endfacet
  facet normal 0.290281 0.956941 -0
    outer loop
      vertex 0.707167 2.08325 13
      vertex 0.569402 2.12504 28
      vertex 0.707167 2.08325 28
    endloop
  endfacet
  facet normal 0.290281 0.956941 0
    outer loop
      vertex 0.569402 2.12504 28
      vertex 0.707167 2.08325 13
      vertex 0.569402 2.12504 13
    endloop
  endfacet
  facet normal 0.528118 -0.849171 0
    outer loop
      vertex 1.1 -1.90526 13
      vertex 1.22225 -1.82923 28
      vertex 1.1 -1.90526 28
    endloop
  endfacet
  facet normal 0.528118 -0.849171 0
    outer loop
      vertex 1.22225 -1.82923 28
      vertex 1.1 -1.90526 13
      vertex 1.22225 -1.82923 13
    endloop
  endfacet
  facet normal -0.0327165 0.999465 0
    outer loop
      vertex 0 2.2 13
      vertex -0.143887 2.19529 28
      vertex 0 2.2 28
    endloop
  endfacet
  facet normal -0.0327165 0.999465 0
    outer loop
      vertex -0.143887 2.19529 28
      vertex 0 2.2 13
      vertex -0.143887 2.19529 13
    endloop
  endfacet
  facet normal 0.729825 -0.683634 0
    outer loop
      vertex 1.55563 -1.55563 28
      vertex 1.65405 -1.45056 13
      vertex 1.65405 -1.45056 28
    endloop
  endfacet
  facet normal 0.729825 -0.683634 0
    outer loop
      vertex 1.65405 -1.45056 13
      vertex 1.55563 -1.55563 28
      vertex 1.55563 -1.55563 13
    endloop
  endfacet
  facet normal -0.881933 -0.471374 0
    outer loop
      vertex -1.90526 -1.1 13
      vertex -1.97312 -0.973035 28
      vertex -1.97312 -0.973035 13
    endloop
  endfacet
  facet normal -0.881933 -0.471374 0
    outer loop
      vertex -1.97312 -0.973035 28
      vertex -1.90526 -1.1 13
      vertex -1.90526 -1.1 28
    endloop
  endfacet
  facet normal -0.634379 -0.773022 0
    outer loop
      vertex -1.45056 -1.65405 13
      vertex -1.33927 -1.74538 28
      vertex -1.45056 -1.65405 28
    endloop
  endfacet
  facet normal -0.634379 -0.773022 -0
    outer loop
      vertex -1.33927 -1.74538 28
      vertex -1.45056 -1.65405 13
      vertex -1.33927 -1.74538 13
    endloop
  endfacet
  facet normal -0.0980112 -0.995185 0
    outer loop
      vertex -0.287157 -2.18118 13
      vertex -0.143887 -2.19529 28
      vertex -0.287157 -2.18118 28
    endloop
  endfacet
  facet normal -0.0980112 -0.995185 -0
    outer loop
      vertex -0.143887 -2.19529 28
      vertex -0.287157 -2.18118 13
      vertex -0.143887 -2.19529 13
    endloop
  endfacet
  facet normal 0.812864 -0.582453 0
    outer loop
      vertex 1.74538 -1.33927 28
      vertex 1.82923 -1.22225 13
      vertex 1.82923 -1.22225 28
    endloop
  endfacet
  facet normal 0.812864 -0.582453 0
    outer loop
      vertex 1.82923 -1.22225 13
      vertex 1.74538 -1.33927 28
      vertex 1.74538 -1.33927 13
    endloop
  endfacet
  facet normal -0.582453 -0.812864 0
    outer loop
      vertex -1.33927 -1.74538 13
      vertex -1.22225 -1.82923 28
      vertex -1.33927 -1.74538 28
    endloop
  endfacet
  facet normal -0.582453 -0.812864 -0
    outer loop
      vertex -1.22225 -1.82923 28
      vertex -1.33927 -1.74538 13
      vertex -1.22225 -1.82923 13
    endloop
  endfacet
  facet normal -0.881933 0.471374 0
    outer loop
      vertex -1.97312 0.973035 13
      vertex -1.90526 1.1 28
      vertex -1.90526 1.1 13
    endloop
  endfacet
  facet normal -0.881933 0.471374 0
    outer loop
      vertex -1.90526 1.1 28
      vertex -1.97312 0.973035 13
      vertex -1.97312 0.973035 28
    endloop
  endfacet
  facet normal -0.412677 -0.910877 0
    outer loop
      vertex -0.973035 -1.97312 13
      vertex -0.841903 -2.03253 28
      vertex -0.973035 -1.97312 28
    endloop
  endfacet
  facet normal -0.412677 -0.910877 -0
    outer loop
      vertex -0.841903 -2.03253 28
      vertex -0.973035 -1.97312 13
      vertex -0.841903 -2.03253 13
    endloop
  endfacet
  facet normal 0 0 1
    outer loop
      vertex 2.19529 0.143887 28
      vertex 2.19529 -0.143887 28
      vertex 2.2 0 28
    endloop
  endfacet
  facet normal 0 0 1
    outer loop
      vertex 2.18118 0.287157 28
      vertex 2.19529 -0.143887 28
      vertex 2.19529 0.143887 28
    endloop
  endfacet
  facet normal 0 0 1
    outer loop
      vertex 2.18118 0.287157 28
      vertex 2.18118 -0.287157 28
      vertex 2.19529 -0.143887 28
    endloop
  endfacet
  facet normal 0 0 1
    outer loop
      vertex 2.15773 0.429198 28
      vertex 2.18118 -0.287157 28
      vertex 2.18118 0.287157 28
    endloop
  endfacet
  facet normal 0 0 1
    outer loop
      vertex 2.15773 0.429198 28
      vertex 2.15773 -0.429198 28
      vertex 2.18118 -0.287157 28
    endloop
  endfacet
  facet normal 0 0 1
    outer loop
      vertex 2.12504 0.569402 28
      vertex 2.15773 -0.429198 28
      vertex 2.15773 0.429198 28
    endloop
  endfacet
  facet normal 0 0 1
    outer loop
      vertex 2.12504 0.569402 28
      vertex 2.12504 -0.569402 28
      vertex 2.15773 -0.429198 28
    endloop
  endfacet
  facet normal 0 0 1
    outer loop
      vertex 2.08325 0.707167 28
      vertex 2.12504 -0.569402 28
      vertex 2.12504 0.569402 28
    endloop
  endfacet
  facet normal 0 0 1
    outer loop
      vertex 2.08325 0.707167 28
      vertex 2.08325 -0.707167 28
      vertex 2.12504 -0.569402 28
    endloop
  endfacet
  facet normal 0 0 1
    outer loop
      vertex 2.03253 0.841903 28
      vertex 2.08325 -0.707167 28
      vertex 2.08325 0.707167 28
    endloop
  endfacet
  facet normal 0 0 1
    outer loop
      vertex 2.03253 0.841903 28
      vertex 2.03253 -0.841903 28
      vertex 2.08325 -0.707167 28
    endloop
  endfacet
  facet normal 0 0 1
    outer loop
      vertex 1.97312 0.973035 28
      vertex 2.03253 -0.841903 28
      vertex 2.03253 0.841903 28
    endloop
  endfacet
  facet normal 0 0 1
    outer loop
      vertex 1.97312 0.973035 28
      vertex 1.97312 -0.973035 28
      vertex 2.03253 -0.841903 28
    endloop
  endfacet
  facet normal 0 0 1
    outer loop
      vertex 1.90526 1.1 28
      vertex 1.97312 -0.973035 28
      vertex 1.97312 0.973035 28
    endloop
  endfacet
  facet normal 0 0 1
    outer loop
      vertex 1.90526 1.1 28
      vertex 1.90526 -1.1 28
      vertex 1.97312 -0.973035 28
    endloop
  endfacet
  facet normal 0 0 1
    outer loop
      vertex 1.82923 1.22225 28
      vertex 1.90526 -1.1 28
      vertex 1.90526 1.1 28
    endloop
  endfacet
  facet normal 0 0 1
    outer loop
      vertex 1.82923 1.22225 28
      vertex 1.82923 -1.22225 28
      vertex 1.90526 -1.1 28
    endloop
  endfacet
  facet normal 0 0 1
    outer loop
      vertex 1.74538 1.33927 28
      vertex 1.82923 -1.22225 28
      vertex 1.82923 1.22225 28
    endloop
  endfacet
  facet normal 0 0 1
    outer loop
      vertex 1.74538 1.33927 28
      vertex 1.74538 -1.33927 28
      vertex 1.82923 -1.22225 28
    endloop
  endfacet
  facet normal 0 0 1
    outer loop
      vertex 1.65405 1.45056 28
      vertex 1.74538 -1.33927 28
      vertex 1.74538 1.33927 28
    endloop
  endfacet
  facet normal 0 0 1
    outer loop
      vertex 1.65405 1.45056 28
      vertex 1.65405 -1.45056 28
      vertex 1.74538 -1.33927 28
    endloop
  endfacet
  facet normal 0 0 1
    outer loop
      vertex 1.55563 1.55563 28
      vertex 1.65405 -1.45056 28
      vertex 1.65405 1.45056 28
    endloop
  endfacet
  facet normal 0 0 1
    outer loop
      vertex 1.55563 1.55563 28
      vertex 1.55563 -1.55563 28
      vertex 1.65405 -1.45056 28
    endloop
  endfacet
  facet normal 0 0 1
    outer loop
      vertex 1.45056 1.65405 28
      vertex 1.55563 -1.55563 28
      vertex 1.55563 1.55563 28
    endloop
  endfacet
  facet normal 0 0 1
    outer loop
      vertex 1.45056 1.65405 28
      vertex 1.45056 -1.65405 28
      vertex 1.55563 -1.55563 28
    endloop
  endfacet
  facet normal 0 0 1
    outer loop
      vertex 1.33927 1.74538 28
      vertex 1.45056 -1.65405 28
      vertex 1.45056 1.65405 28
    endloop
  endfacet
  facet normal 0 0 1
    outer loop
      vertex 1.33927 1.74538 28
      vertex 1.33927 -1.74538 28
      vertex 1.45056 -1.65405 28
    endloop
  endfacet
  facet normal 0 0 1
    outer loop
      vertex 1.22225 1.82923 28
      vertex 1.33927 -1.74538 28
      vertex 1.33927 1.74538 28
    endloop
  endfacet
  facet normal 0 0 1
    outer loop
      vertex 1.22225 1.82923 28
      vertex 1.22225 -1.82923 28
      vertex 1.33927 -1.74538 28
    endloop
  endfacet
  facet normal 0 0 1
    outer loop
      vertex 1.1 1.90526 28
      vertex 1.22225 -1.82923 28
      vertex 1.22225 1.82923 28
    endloop
  endfacet
  facet normal 0 0 1
    outer loop
      vertex 1.1 1.90526 28
      vertex 1.1 -1.90526 28
      vertex 1.22225 -1.82923 28
    endloop
  endfacet
  facet normal 0 0 1
    outer loop
      vertex 0.973035 1.97312 28
      vertex 1.1 -1.90526 28
      vertex 1.1 1.90526 28
    endloop
  endfacet
  facet normal 0 0 1
    outer loop
      vertex 0.973035 1.97312 28
      vertex 0.973035 -1.97312 28
      vertex 1.1 -1.90526 28
    endloop
  endfacet
  facet normal 0 0 1
    outer loop
      vertex 0.841903 2.03253 28
      vertex 0.973035 -1.97312 28
      vertex 0.973035 1.97312 28
    endloop
  endfacet
  facet normal 0 0 1
    outer loop
      vertex 0.841903 2.03253 28
      vertex 0.841903 -2.03253 28
      vertex 0.973035 -1.97312 28
    endloop
  endfacet
  facet normal 0 0 1
    outer loop
      vertex 0.707167 2.08325 28
      vertex 0.841903 -2.03253 28
      vertex 0.841903 2.03253 28
    endloop
  endfacet
  facet normal 0 0 1
    outer loop
      vertex 0.707167 2.08325 28
      vertex 0.707167 -2.08325 28
      vertex 0.841903 -2.03253 28
    endloop
  endfacet
  facet normal 0 0 1
    outer loop
      vertex 0.569402 2.12504 28
      vertex 0.707167 -2.08325 28
      vertex 0.707167 2.08325 28
    endloop
  endfacet
  facet normal 0 0 1
    outer loop
      vertex 0.569402 2.12504 28
      vertex 0.569402 -2.12504 28
      vertex 0.707167 -2.08325 28
    endloop
  endfacet
  facet normal 0 0 1
    outer loop
      vertex 0.429198 2.15773 28
      vertex 0.569402 -2.12504 28
      vertex 0.569402 2.12504 28
    endloop
  endfacet
  facet normal 0 0 1
    outer loop
      vertex 0.429198 2.15773 28
      vertex 0.429198 -2.15773 28
      vertex 0.569402 -2.12504 28
    endloop
  endfacet
  facet normal 0 0 1
    outer loop
      vertex 0.287157 2.18118 28
      vertex 0.429198 -2.15773 28
      vertex 0.429198 2.15773 28
    endloop
  endfacet
  facet normal 0 0 1
    outer loop
      vertex 0.287157 2.18118 28
      vertex 0.287157 -2.18118 28
      vertex 0.429198 -2.15773 28
    endloop
  endfacet
  facet normal 0 0 1
    outer loop
      vertex 0.143887 2.19529 28
      vertex 0.287157 -2.18118 28
      vertex 0.287157 2.18118 28
    endloop
  endfacet
  facet normal 0 0 1
    outer loop
      vertex 0.143887 2.19529 28
      vertex 0.143887 -2.19529 28
      vertex 0.287157 -2.18118 28
    endloop
  endfacet
  facet normal 0 0 1
    outer loop
      vertex 0 2.2 28
      vertex 0.143887 -2.19529 28
      vertex 0.143887 2.19529 28
    endloop
  endfacet
  facet normal 0 0 1
    outer loop
      vertex 0 2.2 28
      vertex 0 -2.2 28
      vertex 0.143887 -2.19529 28
    endloop
  endfacet
  facet normal -0 0 1
    outer loop
      vertex -0.143887 2.19529 28
      vertex 0 -2.2 28
      vertex 0 2.2 28
    endloop
  endfacet
  facet normal 0 0 1
    outer loop
      vertex -0.143887 2.19529 28
      vertex -0.143887 -2.19529 28
      vertex 0 -2.2 28
    endloop
  endfacet
  facet normal -0 0 1
    outer loop
      vertex -0.287157 2.18118 28
      vertex -0.143887 -2.19529 28
      vertex -0.143887 2.19529 28
    endloop
  endfacet
  facet normal 0 0 1
    outer loop
      vertex -0.287157 2.18118 28
      vertex -0.287157 -2.18118 28
      vertex -0.143887 -2.19529 28
    endloop
  endfacet
  facet normal -0 0 1
    outer loop
      vertex -0.429198 2.15773 28
      vertex -0.287157 -2.18118 28
      vertex -0.287157 2.18118 28
    endloop
  endfacet
  facet normal 0 0 1
    outer loop
      vertex -0.429198 2.15773 28
      vertex -0.429198 -2.15773 28
      vertex -0.287157 -2.18118 28
    endloop
  endfacet
  facet normal -0 0 1
    outer loop
      vertex -0.569402 2.12504 28
      vertex -0.429198 -2.15773 28
      vertex -0.429198 2.15773 28
    endloop
  endfacet
  facet normal 0 0 1
    outer loop
      vertex -0.569402 2.12504 28
      vertex -0.569402 -2.12504 28
      vertex -0.429198 -2.15773 28
    endloop
  endfacet
  facet normal -0 0 1
    outer loop
      vertex -0.707167 2.08325 28
      vertex -0.569402 -2.12504 28
      vertex -0.569402 2.12504 28
    endloop
  endfacet
  facet normal 0 0 1
    outer loop
      vertex -0.707167 2.08325 28
      vertex -0.707167 -2.08325 28
      vertex -0.569402 -2.12504 28
    endloop
  endfacet
  facet normal -0 0 1
    outer loop
      vertex -0.841903 2.03253 28
      vertex -0.707167 -2.08325 28
      vertex -0.707167 2.08325 28
    endloop
  endfacet
  facet normal 0 0 1
    outer loop
      vertex -0.841903 2.03253 28
      vertex -0.841903 -2.03253 28
      vertex -0.707167 -2.08325 28
    endloop
  endfacet
  facet normal -0 0 1
    outer loop
      vertex -0.973035 1.97312 28
      vertex -0.841903 -2.03253 28
      vertex -0.841903 2.03253 28
    endloop
  endfacet
  facet normal 0 0 1
    outer loop
      vertex -0.973035 1.97312 28
      vertex -0.973035 -1.97312 28
      vertex -0.841903 -2.03253 28
    endloop
  endfacet
  facet normal -0 0 1
    outer loop
      vertex -1.1 1.90526 28
      vertex -0.973035 -1.97312 28
      vertex -0.973035 1.97312 28
    endloop
  endfacet
  facet normal 0 0 1
    outer loop
      vertex -1.1 1.90526 28
      vertex -1.1 -1.90526 28
      vertex -0.973035 -1.97312 28
    endloop
  endfacet
  facet normal -0 0 1
    outer loop
      vertex -1.22225 1.82923 28
      vertex -1.1 -1.90526 28
      vertex -1.1 1.90526 28
    endloop
  endfacet
  facet normal 0 0 1
    outer loop
      vertex -1.22225 1.82923 28
      vertex -1.22225 -1.82923 28
      vertex -1.1 -1.90526 28
    endloop
  endfacet
  facet normal -0 0 1
    outer loop
      vertex -1.33927 1.74538 28
      vertex -1.22225 -1.82923 28
      vertex -1.22225 1.82923 28
    endloop
  endfacet
  facet normal 0 0 1
    outer loop
      vertex -1.33927 1.74538 28
      vertex -1.33927 -1.74538 28
      vertex -1.22225 -1.82923 28
    endloop
  endfacet
  facet normal -0 0 1
    outer loop
      vertex -1.45056 1.65405 28
      vertex -1.33927 -1.74538 28
      vertex -1.33927 1.74538 28
    endloop
  endfacet
  facet normal 0 0 1
    outer loop
      vertex -1.45056 1.65405 28
      vertex -1.45056 -1.65405 28
      vertex -1.33927 -1.74538 28
    endloop
  endfacet
  facet normal -0 0 1
    outer loop
      vertex -1.55563 1.55563 28
      vertex -1.45056 -1.65405 28
      vertex -1.45056 1.65405 28
    endloop
  endfacet
  facet normal 0 0 1
    outer loop
      vertex -1.55563 1.55563 28
      vertex -1.55563 -1.55563 28
      vertex -1.45056 -1.65405 28
    endloop
  endfacet
  facet normal -0 0 1
    outer loop
      vertex -1.65405 1.45056 28
      vertex -1.55563 -1.55563 28
      vertex -1.55563 1.55563 28
    endloop
  endfacet
  facet normal 0 0 1
    outer loop
      vertex -1.65405 1.45056 28
      vertex -1.65405 -1.45056 28
      vertex -1.55563 -1.55563 28
    endloop
  endfacet
  facet normal -0 0 1
    outer loop
      vertex -1.74538 1.33927 28
      vertex -1.65405 -1.45056 28
      vertex -1.65405 1.45056 28
    endloop
  endfacet
  facet normal 0 0 1
    outer loop
      vertex -1.74538 1.33927 28
      vertex -1.74538 -1.33927 28
      vertex -1.65405 -1.45056 28
    endloop
  endfacet
  facet normal -0 0 1
    outer loop
      vertex -1.82923 1.22225 28
      vertex -1.74538 -1.33927 28
      vertex -1.74538 1.33927 28
    endloop
  endfacet
  facet normal 0 0 1
    outer loop
      vertex -1.82923 1.22225 28
      vertex -1.82923 -1.22225 28
      vertex -1.74538 -1.33927 28
    endloop
  endfacet
  facet normal -0 0 1
    outer loop
      vertex -1.90526 1.1 28
      vertex -1.82923 -1.22225 28
      vertex -1.82923 1.22225 28
    endloop
  endfacet
  facet normal 0 0 1
    outer loop
      vertex -1.90526 1.1 28
      vertex -1.90526 -1.1 28
      vertex -1.82923 -1.22225 28
    endloop
  endfacet
  facet normal -0 0 1
    outer loop
      vertex -1.97312 0.973035 28
      vertex -1.90526 -1.1 28
      vertex -1.90526 1.1 28
    endloop
  endfacet
  facet normal 0 0 1
    outer loop
      vertex -1.97312 0.973035 28
      vertex -1.97312 -0.973035 28
      vertex -1.90526 -1.1 28
    endloop
  endfacet
  facet normal -0 0 1
    outer loop
      vertex -2.03253 0.841903 28
      vertex -1.97312 -0.973035 28
      vertex -1.97312 0.973035 28
    endloop
  endfacet
  facet normal 0 0 1
    outer loop
      vertex -2.03253 0.841903 28
      vertex -2.03253 -0.841903 28
      vertex -1.97312 -0.973035 28
    endloop
  endfacet
  facet normal -0 0 1
    outer loop
      vertex -2.08325 0.707167 28
      vertex -2.03253 -0.841903 28
      vertex -2.03253 0.841903 28
    endloop
  endfacet
  facet normal 0 0 1
    outer loop
      vertex -2.08325 0.707167 28
      vertex -2.08325 -0.707167 28
      vertex -2.03253 -0.841903 28
    endloop
  endfacet
  facet normal -0 0 1
    outer loop
      vertex -2.12504 0.569402 28
      vertex -2.08325 -0.707167 28
      vertex -2.08325 0.707167 28
    endloop
  endfacet
  facet normal 0 0 1
    outer loop
      vertex -2.12504 0.569402 28
      vertex -2.12504 -0.569402 28
      vertex -2.08325 -0.707167 28
    endloop
  endfacet
  facet normal -0 0 1
    outer loop
      vertex -2.15773 0.429198 28
      vertex -2.12504 -0.569402 28
      vertex -2.12504 0.569402 28
    endloop
  endfacet
  facet normal 0 0 1
    outer loop
      vertex -2.15773 0.429198 28
      vertex -2.15773 -0.429198 28
      vertex -2.12504 -0.569402 28
    endloop
  endfacet
  facet normal -0 0 1
    outer loop
      vertex -2.18118 0.287157 28
      vertex -2.15773 -0.429198 28
      vertex -2.15773 0.429198 28
    endloop
  endfacet
  facet normal 0 0 1
    outer loop
      vertex -2.18118 0.287157 28
      vertex -2.18118 -0.287157 28
      vertex -2.15773 -0.429198 28
    endloop
  endfacet
  facet normal -0 0 1
    outer loop
      vertex -2.19529 0.143887 28
      vertex -2.18118 -0.287157 28
      vertex -2.18118 0.287157 28
    endloop
  endfacet
  facet normal 0 0 1
    outer loop
      vertex -2.19529 0.143887 28
      vertex -2.19529 -0.143887 28
      vertex -2.18118 -0.287157 28
    endloop
  endfacet
  facet normal 0 -0 1
    outer loop
      vertex -2.19529 -0.143887 28
      vertex -2.19529 0.143887 28
      vertex -2.2 0 28
    endloop
  endfacet
  facet normal 1 -0 0
    outer loop
      vertex 6.8 -2 4
      vertex 6.8 2 1
      vertex 6.8 2 4
    endloop
  endfacet
  facet normal 1 0 0
    outer loop
      vertex 6.8 2 1
      vertex 6.8 -2 4
      vertex 6.8 -2 1
    endloop
  endfacet
  facet normal 0 0 1
    outer loop
      vertex 6.8 2 4
      vertex 5.6 0 4
      vertex 6.8 -2 4
    endloop
  endfacet
  facet normal 0 0 1
    outer loop
      vertex 6.8 2 4
      vertex 5.58801 0.366257 4
      vertex 5.6 0 4
    endloop
  endfacet
  facet normal 0 0 1
    outer loop
      vertex 6.8 2 4
      vertex 5.55209 0.730947 4
      vertex 5.58801 0.366257 4
    endloop
  endfacet
  facet normal 0 0 1
    outer loop
      vertex 6.8 2 4
      vertex 5.4924 1.09251 4
      vertex 5.55209 0.730947 4
    endloop
  endfacet
  facet normal 0 0 1
    outer loop
      vertex 6.8 2 4
      vertex 5.40918 1.44939 4
      vertex 5.4924 1.09251 4
    endloop
  endfacet
  facet normal 0 0 1
    outer loop
      vertex 6.8 2 4
      vertex 5.30281 1.80006 4
      vertex 5.40918 1.44939 4
    endloop
  endfacet
  facet normal 0 -0 1
    outer loop
      vertex 5.30281 1.80006 4
      vertex 6.8 2 4
      vertex 5.22756 2 4
    endloop
  endfacet
  facet normal -0 0 1
    outer loop
      vertex 5.58801 -0.366257 4
      vertex 6.8 -2 4
      vertex 5.6 0 4
    endloop
  endfacet
  facet normal -0 0 1
    outer loop
      vertex 5.55209 -0.730947 4
      vertex 6.8 -2 4
      vertex 5.58801 -0.366257 4
    endloop
  endfacet
  facet normal -0 0 1
    outer loop
      vertex 5.4924 -1.09251 4
      vertex 6.8 -2 4
      vertex 5.55209 -0.730947 4
    endloop
  endfacet
  facet normal -0 0 1
    outer loop
      vertex 5.40918 -1.44939 4
      vertex 6.8 -2 4
      vertex 5.4924 -1.09251 4
    endloop
  endfacet
  facet normal -0 0 1
    outer loop
      vertex 5.30281 -1.80006 4
      vertex 6.8 -2 4
      vertex 5.40918 -1.44939 4
    endloop
  endfacet
  facet normal 0 0 1
    outer loop
      vertex 6.8 -2 4
      vertex 5.30281 -1.80006 4
      vertex 5.22756 -2 4
    endloop
  endfacet
  facet normal 0 0 -1
    outer loop
      vertex 6.8 -2 1
      vertex 5.6 0 1
      vertex 6.8 2 1
    endloop
  endfacet
  facet normal 0 0 -1
    outer loop
      vertex 6.8 -2 1
      vertex 5.58801 -0.366257 1
      vertex 5.6 0 1
    endloop
  endfacet
  facet normal 0 0 -1
    outer loop
      vertex 6.8 -2 1
      vertex 5.55209 -0.730947 1
      vertex 5.58801 -0.366257 1
    endloop
  endfacet
  facet normal 0 0 -1
    outer loop
      vertex 6.8 -2 1
      vertex 5.4924 -1.09251 1
      vertex 5.55209 -0.730947 1
    endloop
  endfacet
  facet normal 0 0 -1
    outer loop
      vertex 6.8 -2 1
      vertex 5.40918 -1.44939 1
      vertex 5.4924 -1.09251 1
    endloop
  endfacet
  facet normal 0 0 -1
    outer loop
      vertex 6.8 -2 1
      vertex 5.30281 -1.80006 1
      vertex 5.40918 -1.44939 1
    endloop
  endfacet
  facet normal 0 -0 -1
    outer loop
      vertex 5.30281 -1.80006 1
      vertex 6.8 -2 1
      vertex 5.22756 -2 1
    endloop
  endfacet
  facet normal 0 0 -1
    outer loop
      vertex 5.58801 0.366257 1
      vertex 6.8 2 1
      vertex 5.6 0 1
    endloop
  endfacet
  facet normal 0 0 -1
    outer loop
      vertex 5.55209 0.730947 1
      vertex 6.8 2 1
      vertex 5.58801 0.366257 1
    endloop
  endfacet
  facet normal 0 0 -1
    outer loop
      vertex 5.4924 1.09251 1
      vertex 6.8 2 1
      vertex 5.55209 0.730947 1
    endloop
  endfacet
  facet normal 0 0 -1
    outer loop
      vertex 5.40918 1.44939 1
      vertex 6.8 2 1
      vertex 5.4924 1.09251 1
    endloop
  endfacet
  facet normal 0 0 -1
    outer loop
      vertex 5.30281 1.80006 1
      vertex 6.8 2 1
      vertex 5.40918 1.44939 1
    endloop
  endfacet
  facet normal -0 0 -1
    outer loop
      vertex 6.8 2 1
      vertex 5.30281 1.80006 1
      vertex 5.22756 2 1
    endloop
  endfacet
  facet normal 0 1 -0
    outer loop
      vertex 6.8 2 1
      vertex 5.22756 2 4
      vertex 6.8 2 4
    endloop
  endfacet
  facet normal 0 1 0
    outer loop
      vertex 5.22756 2 4
      vertex 6.8 2 1
      vertex 5.22756 2 1
    endloop
  endfacet
  facet normal 0 -1 0
    outer loop
      vertex 5.22756 -2 1
      vertex 6.8 -2 4
      vertex 5.22756 -2 4
    endloop
  endfacet
  facet normal 0 -1 -0
    outer loop
      vertex 6.8 -2 4
      vertex 5.22756 -2 1
      vertex 6.8 -2 1
    endloop
  endfacet
  facet normal -0.986642 -0.162904 0
    outer loop
      vertex 5.94589 0.799999 -34
      vertex 5.88471 1.17054 -2
      vertex 5.88471 1.17054 -34
    endloop
  endfacet
  facet normal -0.986642 -0.162904 0
    outer loop
      vertex 5.88471 1.17054 -2
      vertex 5.94589 0.799999 -34
      vertex 5.94589 0.799999 -2
    endloop
  endfacet
  facet normal 0.812846 0.582478 0
    outer loop
      vertex -4.76012 -3.65257 -2
      vertex -4.98882 -3.33342 -34
      vertex -4.98882 -3.33342 -2
    endloop
  endfacet
  facet normal 0.812846 0.582478 0
    outer loop
      vertex -4.98882 -3.33342 -34
      vertex -4.76012 -3.65257 -2
      vertex -4.76012 -3.65257 -34
    endloop
  endfacet
  facet normal -0.773005 0.634399 0
    outer loop
      vertex 4.51104 -3.95607 -34
      vertex 4.76012 -3.65257 -2
      vertex 4.76012 -3.65257 -34
    endloop
  endfacet
  facet normal -0.773005 0.634399 0
    outer loop
      vertex 4.76012 -3.65257 -2
      vertex 4.51104 -3.95607 -34
      vertex 4.51104 -3.95607 -2
    endloop
  endfacet
  facet normal -0.935908 -0.352245 0
    outer loop
      vertex 5.68158 1.92864 -34
      vertex 5.54328 2.2961 -2
      vertex 5.54328 2.2961 -34
    endloop
  endfacet
  facet normal -0.935908 -0.352245 0
    outer loop
      vertex 5.54328 2.2961 -2
      vertex 5.68158 1.92864 -34
      vertex 5.68158 1.92864 -2
    endloop
  endfacet
  facet normal -0.973875 -0.227085 0
    outer loop
      vertex 5.88471 1.17054 -34
      vertex 5.79555 1.55291 -2
      vertex 5.79555 1.55291 -34
    endloop
  endfacet
  facet normal -0.973875 -0.227085 0
    outer loop
      vertex 5.79555 1.55291 -2
      vertex 5.88471 1.17054 -34
      vertex 5.88471 1.17054 -2
    endloop
  endfacet
  facet normal 0.935908 -0.352245 0
    outer loop
      vertex -5.68158 1.92864 -2
      vertex -5.54328 2.2961 -34
      vertex -5.54328 2.2961 -2
    endloop
  endfacet
  facet normal 0.935908 -0.352245 0
    outer loop
      vertex -5.54328 2.2961 -34
      vertex -5.68158 1.92864 -2
      vertex -5.68158 1.92864 -34
    endloop
  endfacet
  facet normal -0.471406 -0.881916 0
    outer loop
      vertex 2.65373 5.38124 -34
      vertex 3 5.19615 -2
      vertex 2.65373 5.38124 -2
    endloop
  endfacet
  facet normal -0.471406 -0.881916 -0
    outer loop
      vertex 3 5.19615 -2
      vertex 2.65373 5.38124 -34
      vertex 3 5.19615 -34
    endloop
  endfacet
  facet normal -0.0327282 0.999464 0
    outer loop
      vertex 0.392418 -5.98715 -2
      vertex 0 -6 -15.3
      vertex 0 -6 -2
    endloop
  endfacet
  facet normal -0.0327207 0.999465 -2.19944e-07
    outer loop
      vertex 0.392418 -5.98715 -2
      vertex 0.111185 -5.99636 -15.3036
      vertex 0 -6 -15.3
    endloop
  endfacet
  facet normal -0.032681 0.999466 -1.06078e-06
    outer loop
      vertex 0.392418 -5.98715 -2
      vertex 0.221894 -5.99274 -15.3145
      vertex 0.111185 -5.99636 -15.3036
    endloop
  endfacet
  facet normal -0.0327815 0.999463 2.27663e-07
    outer loop
      vertex 0.392418 -5.98715 -2
      vertex 0.331653 -5.98914 -15.3327
      vertex 0.221894 -5.99274 -15.3145
    endloop
  endfacet
  facet normal -0.0327316 0.999464 0
    outer loop
      vertex 0.331653 -5.98914 -15.3327
      vertex 0.392418 -5.98715 -2
      vertex 0.392418 -5.98715 -15.3468
    endloop
  endfacet
  facet normal -0.0327316 0.999464 0
    outer loop
      vertex 0.392418 -5.98715 -34
      vertex 0.331653 -5.98914 -18.6673
      vertex 0.392418 -5.98715 -18.6532
    endloop
  endfacet
  facet normal -0.0327815 0.999463 -1.97986e-07
    outer loop
      vertex 0.392418 -5.98715 -34
      vertex 0.221894 -5.99274 -18.6855
      vertex 0.331653 -5.98914 -18.6673
    endloop
  endfacet
  facet normal -0.032681 0.999466 9.22396e-07
    outer loop
      vertex 0.392418 -5.98715 -34
      vertex 0.111185 -5.99636 -18.6964
      vertex 0.221894 -5.99274 -18.6855
    endloop
  endfacet
  facet normal -0.0327207 0.999465 1.91217e-07
    outer loop
      vertex 0.392418 -5.98715 -34
      vertex 0 -6 -18.7
      vertex 0.111185 -5.99636 -18.6964
    endloop
  endfacet
  facet normal -0.0327282 0.999464 0
    outer loop
      vertex 0 -6 -18.7
      vertex 0.392418 -5.98715 -34
      vertex 0 -6 -34
    endloop
  endfacet
  facet normal 0.634399 0.773005 -0
    outer loop
      vertex -3.65257 -4.76012 -34
      vertex -3.95607 -4.51104 -2
      vertex -3.65257 -4.76012 -2
    endloop
  endfacet
  facet normal 0.634399 0.773005 0
    outer loop
      vertex -3.95607 -4.51104 -2
      vertex -3.65257 -4.76012 -34
      vertex -3.95607 -4.51104 -34
    endloop
  endfacet
  facet normal -0.729867 0.683589 0
    outer loop
      vertex 4.24264 -4.24264 -34
      vertex 4.51104 -3.95607 -2
      vertex 4.51104 -3.95607 -34
    endloop
  endfacet
  facet normal -0.729867 0.683589 0
    outer loop
      vertex 4.51104 -3.95607 -2
      vertex 4.24264 -4.24264 -34
      vertex 4.24264 -4.24264 -2
    endloop
  endfacet
  facet normal 0.973875 -0.227085 0
    outer loop
      vertex -5.88471 1.17054 -2
      vertex -5.79555 1.55291 -34
      vertex -5.79555 1.55291 -2
    endloop
  endfacet
  facet normal 0.973875 -0.227085 0
    outer loop
      vertex -5.79555 1.55291 -34
      vertex -5.88471 1.17054 -2
      vertex -5.88471 1.17054 -34
    endloop
  endfacet
  facet normal -0.910864 -0.412707 0
    outer loop
      vertex 5.54328 2.2961 -34
      vertex 5.38124 2.65373 -2
      vertex 5.38124 2.65373 -34
    endloop
  endfacet
  facet normal -0.910864 -0.412707 0
    outer loop
      vertex 5.38124 2.65373 -2
      vertex 5.54328 2.2961 -34
      vertex 5.54328 2.2961 -2
    endloop
  endfacet
  facet normal -0.986642 0.162904 0
    outer loop
      vertex 5.88471 -1.17054 -34
      vertex 5.94589 -0.799999 -2
      vertex 5.94589 -0.799999 -34
    endloop
  endfacet
  facet normal -0.986642 0.162904 0
    outer loop
      vertex 5.94589 -0.799999 -2
      vertex 5.88471 -1.17054 -34
      vertex 5.88471 -1.17054 -2
    endloop
  endfacet
  facet normal -0.773005 -0.634399 0
    outer loop
      vertex 4.76012 3.65257 -34
      vertex 4.51104 3.95607 -2
      vertex 4.51104 3.95607 -34
    endloop
  endfacet
  facet normal -0.773005 -0.634399 0
    outer loop
      vertex 4.51104 3.95607 -2
      vertex 4.76012 3.65257 -34
      vertex 4.76012 3.65257 -2
    endloop
  endfacet
  facet normal -0.412707 -0.910864 0
    outer loop
      vertex 2.2961 5.54328 -34
      vertex 2.65373 5.38124 -2
      vertex 2.2961 5.54328 -2
    endloop
  endfacet
  facet normal -0.412707 -0.910864 -0
    outer loop
      vertex 2.65373 5.38124 -2
      vertex 2.2961 5.54328 -34
      vertex 2.65373 5.38124 -34
    endloop
  endfacet
  facet normal 0.528061 0.849207 -0
    outer loop
      vertex -3 -5.19615 -34
      vertex -3.33342 -4.98882 -2
      vertex -3 -5.19615 -2
    endloop
  endfacet
  facet normal 0.528061 0.849207 0
    outer loop
      vertex -3.33342 -4.98882 -2
      vertex -3 -5.19615 -34
      vertex -3.33342 -4.98882 -34
    endloop
  endfacet
  facet normal -0.812846 0.582478 0
    outer loop
      vertex 4.76012 -3.65257 -34
      vertex 4.98882 -3.33342 -2
      vertex 4.98882 -3.33342 -34
    endloop
  endfacet
  facet normal -0.812846 0.582478 0
    outer loop
      vertex 4.98882 -3.33342 -2
      vertex 4.76012 -3.65257 -34
      vertex 4.76012 -3.65257 -2
    endloop
  endfacet
  facet normal -0.973875 0.227085 0
    outer loop
      vertex 5.79555 -1.55291 -34
      vertex 5.88471 -1.17054 -2
      vertex 5.88471 -1.17054 -34
    endloop
  endfacet
  facet normal -0.973875 0.227085 0
    outer loop
      vertex 5.88471 -1.17054 -2
      vertex 5.79555 -1.55291 -34
      vertex 5.79555 -1.55291 -2
    endloop
  endfacet
  facet normal 0.999464 0.0327282 0
    outer loop
      vertex -5.98715 -0.392418 -2
      vertex -6 0 -34
      vertex -6 0 -2
    endloop
  endfacet
  facet normal 0.999464 0.0327282 0
    outer loop
      vertex -6 0 -34
      vertex -5.98715 -0.392418 -2
      vertex -5.98715 -0.392418 -34
    endloop
  endfacet
  facet normal 0.935908 0.352245 0
    outer loop
      vertex -5.54328 -2.2961 -2
      vertex -5.68158 -1.92864 -34
      vertex -5.68158 -1.92864 -2
    endloop
  endfacet
  facet normal 0.935908 0.352245 0
    outer loop
      vertex -5.68158 -1.92864 -34
      vertex -5.54328 -2.2961 -2
      vertex -5.54328 -2.2961 -34
    endloop
  endfacet
  facet normal 0.973875 0.227085 0
    outer loop
      vertex -5.79555 -1.55291 -2
      vertex -5.88471 -1.17054 -34
      vertex -5.88471 -1.17054 -2
    endloop
  endfacet
  facet normal 0.973875 0.227085 0
    outer loop
      vertex -5.88471 -1.17054 -34
      vertex -5.79555 -1.55291 -2
      vertex -5.79555 -1.55291 -34
    endloop
  endfacet
  facet normal 0.881916 0.471406 0
    outer loop
      vertex -5.19615 -3 -2
      vertex -5.38124 -2.65373 -34
      vertex -5.38124 -2.65373 -2
    endloop
  endfacet
  facet normal 0.881916 0.471406 0
    outer loop
      vertex -5.38124 -2.65373 -34
      vertex -5.19615 -3 -2
      vertex -5.19615 -3 -34
    endloop
  endfacet
  facet normal -0.227085 -0.973875 0
    outer loop
      vertex 1.17054 5.88471 -15.7684
      vertex 1.55291 5.79555 -2
      vertex 1.17054 5.88471 -2
    endloop
  endfacet
  facet normal -0.22696 -0.973904 -3.68743e-06
    outer loop
      vertex 1.20208 5.87736 -15.7979
      vertex 1.55291 5.79555 -2
      vertex 1.17054 5.88471 -15.7684
    endloop
  endfacet
  facet normal -0.227049 -0.973883 -1.29626e-06
    outer loop
      vertex 1.27813 5.85963 -15.8791
      vertex 1.55291 5.79555 -2
      vertex 1.20208 5.87736 -15.7979
    endloop
  endfacet
  facet normal -0.227146 -0.973861 7.3126e-07
    outer loop
      vertex 1.3487 5.84317 -15.9651
      vertex 1.55291 5.79555 -2
      vertex 1.27813 5.85963 -15.8791
    endloop
  endfacet
  facet normal -0.227087 -0.973874 -1.71805e-07
    outer loop
      vertex 1.4135 5.82806 -16.0555
      vertex 1.55291 5.79555 -2
      vertex 1.3487 5.84317 -15.9651
    endloop
  endfacet
  facet normal -0.227135 -0.973863 3.24623e-07
    outer loop
      vertex 1.47224 5.81436 -16.15
      vertex 1.55291 5.79555 -2
      vertex 1.4135 5.82806 -16.0555
    endloop
  endfacet
  facet normal -0.226949 -0.973907 -7.90876e-07
    outer loop
      vertex 1.52468 5.80214 -16.2481
      vertex 1.55291 5.79555 -2
      vertex 1.47224 5.81436 -16.15
    endloop
  endfacet
  facet normal -0.227328 -0.973818 -0
    outer loop
      vertex 1.55291 5.79555 -2
      vertex 1.52468 5.80214 -16.2481
      vertex 1.55291 5.79555 -16.3104
    endloop
  endfacet
  facet normal -0.227085 -0.973875 0
    outer loop
      vertex 1.55291 5.79555 -34
      vertex 1.17054 5.88471 -18.2316
      vertex 1.17054 5.88471 -34
    endloop
  endfacet
  facet normal -0.226959 -0.973904 3.2301e-06
    outer loop
      vertex 1.17054 5.88471 -18.2316
      vertex 1.55291 5.79555 -34
      vertex 1.20208 5.87736 -18.2021
    endloop
  endfacet
  facet normal -0.227049 -0.973883 1.13596e-06
    outer loop
      vertex 1.20208 5.87736 -18.2021
      vertex 1.55291 5.79555 -34
      vertex 1.27813 5.85963 -18.1209
    endloop
  endfacet
  facet normal -0.227146 -0.973861 -6.41059e-07
    outer loop
      vertex 1.27813 5.85963 -18.1209
      vertex 1.55291 5.79555 -34
      vertex 1.3487 5.84317 -18.0349
    endloop
  endfacet
  facet normal -0.227087 -0.973874 1.50659e-07
    outer loop
      vertex 1.3487 5.84317 -18.0349
      vertex 1.55291 5.79555 -34
      vertex 1.4135 5.82806 -17.9445
    endloop
  endfacet
  facet normal -0.227135 -0.973863 -2.84743e-07
    outer loop
      vertex 1.4135 5.82806 -17.9445
      vertex 1.55291 5.79555 -34
      vertex 1.47224 5.81436 -17.85
    endloop
  endfacet
  facet normal -0.226949 -0.973907 6.93841e-07
    outer loop
      vertex 1.47224 5.81436 -17.85
      vertex 1.55291 5.79555 -34
      vertex 1.52468 5.80214 -17.7519
    endloop
  endfacet
  facet normal -0.227328 -0.973818 0
    outer loop
      vertex 1.52468 5.80214 -17.7519
      vertex 1.55291 5.79555 -34
      vertex 1.55291 5.79555 -17.6896
    endloop
  endfacet
  facet normal 0.0327282 0.999464 -0
    outer loop
      vertex 0 -6 -15.3
      vertex -0.392418 -5.98715 -2
      vertex 0 -6 -2
    endloop
  endfacet
  facet normal 0.0327207 0.999465 -2.19944e-07
    outer loop
      vertex -0.111185 -5.99636 -15.3036
      vertex -0.392418 -5.98715 -2
      vertex 0 -6 -15.3
    endloop
  endfacet
  facet normal 0.032681 0.999466 -1.06078e-06
    outer loop
      vertex -0.221894 -5.99274 -15.3145
      vertex -0.392418 -5.98715 -2
      vertex -0.111185 -5.99636 -15.3036
    endloop
  endfacet
  facet normal 0.0327815 0.999463 2.27663e-07
    outer loop
      vertex -0.331653 -5.98914 -15.3327
      vertex -0.392418 -5.98715 -2
      vertex -0.221894 -5.99274 -15.3145
    endloop
  endfacet
  facet normal 0.0327316 0.999464 0
    outer loop
      vertex -0.392418 -5.98715 -2
      vertex -0.331653 -5.98914 -15.3327
      vertex -0.392418 -5.98715 -15.3468
    endloop
  endfacet
  facet normal 0.0327282 0.999464 0
    outer loop
      vertex -0.392418 -5.98715 -34
      vertex 0 -6 -18.7
      vertex 0 -6 -34
    endloop
  endfacet
  facet normal 0.0327207 0.999465 1.91217e-07
    outer loop
      vertex 0 -6 -18.7
      vertex -0.392418 -5.98715 -34
      vertex -0.111185 -5.99636 -18.6964
    endloop
  endfacet
  facet normal 0.032681 0.999466 9.22396e-07
    outer loop
      vertex -0.111185 -5.99636 -18.6964
      vertex -0.392418 -5.98715 -34
      vertex -0.221894 -5.99274 -18.6855
    endloop
  endfacet
  facet normal 0.0327815 0.999463 -1.97986e-07
    outer loop
      vertex -0.221894 -5.99274 -18.6855
      vertex -0.392418 -5.98715 -34
      vertex -0.331653 -5.98914 -18.6673
    endloop
  endfacet
  facet normal 0.0327316 0.999464 0
    outer loop
      vertex -0.331653 -5.98914 -18.6673
      vertex -0.392418 -5.98715 -34
      vertex -0.392418 -5.98715 -18.6532
    endloop
  endfacet
  facet normal 0.956945 0.29027 0
    outer loop
      vertex -5.68158 -1.92864 -2
      vertex -5.79555 -1.55291 -34
      vertex -5.79555 -1.55291 -2
    endloop
  endfacet
  facet normal 0.956945 0.29027 0
    outer loop
      vertex -5.79555 -1.55291 -34
      vertex -5.68158 -1.92864 -2
      vertex -5.68158 -1.92864 -34
    endloop
  endfacet
  facet normal 0.812846 -0.582478 0
    outer loop
      vertex -4.98882 3.33342 -2
      vertex -4.76012 3.65257 -34
      vertex -4.76012 3.65257 -2
    endloop
  endfacet
  facet normal 0.812846 -0.582478 0
    outer loop
      vertex -4.76012 3.65257 -34
      vertex -4.98882 3.33342 -2
      vertex -4.98882 3.33342 -34
    endloop
  endfacet
  facet normal -0.352245 0.935908 0
    outer loop
      vertex 2.2961 -5.54328 -34
      vertex 1.92864 -5.68158 -2
      vertex 2.2961 -5.54328 -2
    endloop
  endfacet
  facet normal -0.352245 0.935908 0
    outer loop
      vertex 1.92864 -5.68158 -2
      vertex 2.2961 -5.54328 -34
      vertex 1.92864 -5.68158 -34
    endloop
  endfacet
  facet normal 0.683589 0.729867 -0
    outer loop
      vertex -3.95607 -4.51104 -34
      vertex -4.24264 -4.24264 -2
      vertex -3.95607 -4.51104 -2
    endloop
  endfacet
  facet normal 0.683589 0.729867 0
    outer loop
      vertex -4.24264 -4.24264 -2
      vertex -3.95607 -4.51104 -34
      vertex -4.24264 -4.24264 -34
    endloop
  endfacet
  facet normal -0.29027 -0.956945 0
    outer loop
      vertex 1.55291 5.79555 -16.3104
      vertex 1.92864 5.68158 -2
      vertex 1.55291 5.79555 -2
    endloop
  endfacet
  facet normal -0.290135 -0.956986 -3.84995e-06
    outer loop
      vertex 1.57059 5.79019 -16.3494
      vertex 1.92864 5.68158 -2
      vertex 1.55291 5.79555 -16.3104
    endloop
  endfacet
  facet normal -0.290323 -0.956929 1.25843e-06
    outer loop
      vertex 1.60978 5.7783 -16.4536
      vertex 1.92864 5.68158 -2
      vertex 1.57059 5.79019 -16.3494
    endloop
  endfacet
  facet normal -0.290156 -0.956979 -2.77058e-06
    outer loop
      vertex 1.64207 5.76851 -16.56
      vertex 1.92864 5.68158 -2
      vertex 1.60978 5.7783 -16.4536
    endloop
  endfacet
  facet normal -0.290203 -0.956965 -1.74107e-06
    outer loop
      vertex 1.66733 5.76085 -16.6683
      vertex 1.92864 5.68158 -2
      vertex 1.64207 5.76851 -16.56
    endloop
  endfacet
  facet normal -0.2903 -0.956936 1.29593e-07
    outer loop
      vertex 1.68546 5.75535 -16.7781
      vertex 1.92864 5.68158 -2
      vertex 1.66733 5.76085 -16.6683
    endloop
  endfacet
  facet normal -0.290528 -0.956866 4.23868e-06
    outer loop
      vertex 1.69636 5.75204 -16.8888
      vertex 1.92864 5.68158 -2
      vertex 1.68546 5.75535 -16.7781
    endloop
  endfacet
  facet normal -0.289601 -0.957147 -1.15588e-05
    outer loop
      vertex 1.7 5.75094 -17
      vertex 1.92864 5.68158 -2
      vertex 1.69636 5.75204 -16.8888
    endloop
  endfacet
  facet normal -0.29027 -0.956945 0
    outer loop
      vertex 1.92864 5.68158 -34
      vertex 1.55291 5.79555 -17.6896
      vertex 1.55291 5.79555 -34
    endloop
  endfacet
  facet normal -0.290134 -0.956986 3.40069e-06
    outer loop
      vertex 1.55291 5.79555 -17.6896
      vertex 1.92864 5.68158 -34
      vertex 1.57059 5.79019 -17.6506
    endloop
  endfacet
  facet normal -0.290323 -0.956929 -1.11296e-06
    outer loop
      vertex 1.57059 5.79019 -17.6506
      vertex 1.92864 5.68158 -34
      vertex 1.60978 5.7783 -17.5464
    endloop
  endfacet
  facet normal -0.290155 -0.95698 2.45402e-06
    outer loop
      vertex 1.60978 5.7783 -17.5464
      vertex 1.92864 5.68158 -34
      vertex 1.64207 5.76851 -17.44
    endloop
  endfacet
  facet normal -0.290203 -0.956965 1.54532e-06
    outer loop
      vertex 1.64207 5.76851 -17.44
      vertex 1.92864 5.68158 -34
      vertex 1.66733 5.76085 -17.3317
    endloop
  endfacet
  facet normal -0.2903 -0.956936 -1.15392e-07
    outer loop
      vertex 1.66733 5.76085 -17.3317
      vertex 1.92864 5.68158 -34
      vertex 1.68546 5.75535 -17.2219
    endloop
  endfacet
  facet normal -0.290532 -0.956865 -3.79825e-06
    outer loop
      vertex 1.68546 5.75535 -17.2219
      vertex 1.92864 5.68158 -34
      vertex 1.69636 5.75204 -17.1112
    endloop
  endfacet
  facet normal -0.289574 -0.957156 1.0595e-05
    outer loop
      vertex 1.69636 5.75204 -17.1112
      vertex 1.92864 5.68158 -34
      vertex 1.7 5.75094 -17
    endloop
  endfacet
  facet normal -0.290295 -0.956937 0
    outer loop
      vertex 1.7 5.75094 -17
      vertex 1.92864 5.68158 -34
      vertex 1.92864 5.68158 -2
    endloop
  endfacet
  facet normal 0.0980062 -0.995186 0
    outer loop
      vertex -0.783156 5.94867 -2
      vertex -0.392418 5.98715 -15.3468
      vertex -0.392418 5.98715 -2
    endloop
  endfacet
  facet normal 0.0979012 -0.995196 -3.10357e-06
    outer loop
      vertex -0.783156 5.94867 -2
      vertex -0.439992 5.98247 -15.3579
      vertex -0.392418 5.98715 -15.3468
    endloop
  endfacet
  facet normal 0.098064 -0.99518 1.11897e-06
    outer loop
      vertex -0.783156 5.94867 -2
      vertex -0.546447 5.97198 -15.3902
      vertex -0.439992 5.98247 -15.3579
    endloop
  endfacet
  facet normal 0.0979763 -0.995189 -4.46818e-07
    outer loop
      vertex -0.783156 5.94867 -2
      vertex -0.650561 5.96173 -15.4294
      vertex -0.546447 5.97198 -15.3902
    endloop
  endfacet
  facet normal 0.0980168 -0.995185 -4.26942e-08
    outer loop
      vertex -0.783156 5.94867 -2
      vertex -0.75189 5.95175 -15.4753
      vertex -0.650561 5.96173 -15.4294
    endloop
  endfacet
  facet normal 0.098035 -0.995183 0
    outer loop
      vertex -0.75189 5.95175 -15.4753
      vertex -0.783156 5.94867 -2
      vertex -0.783156 5.94867 -15.492
    endloop
  endfacet
  facet normal 0.098035 -0.995183 0
    outer loop
      vertex -0.783156 5.94867 -34
      vertex -0.75189 5.95175 -18.5247
      vertex -0.783156 5.94867 -18.508
    endloop
  endfacet
  facet normal 0.0980168 -0.995185 3.71816e-08
    outer loop
      vertex -0.783156 5.94867 -34
      vertex -0.650561 5.96173 -18.5706
      vertex -0.75189 5.95175 -18.5247
    endloop
  endfacet
  facet normal 0.0979763 -0.995189 3.89087e-07
    outer loop
      vertex -0.783156 5.94867 -34
      vertex -0.546447 5.97198 -18.6098
      vertex -0.650561 5.96173 -18.5706
    endloop
  endfacet
  facet normal 0.098064 -0.99518 -9.74231e-07
    outer loop
      vertex -0.783156 5.94867 -34
      vertex -0.439992 5.98247 -18.6421
      vertex -0.546447 5.97198 -18.6098
    endloop
  endfacet
  facet normal 0.0979011 -0.995196 2.7015e-06
    outer loop
      vertex -0.783156 5.94867 -34
      vertex -0.392418 5.98715 -18.6532
      vertex -0.439992 5.98247 -18.6421
    endloop
  endfacet
  facet normal 0.0980062 -0.995186 0
    outer loop
      vertex -0.392418 5.98715 -18.6532
      vertex -0.783156 5.94867 -34
      vertex -0.392418 5.98715 -34
    endloop
  endfacet
  facet normal -0.528061 -0.849207 0
    outer loop
      vertex 3 5.19615 -34
      vertex 3.33342 4.98882 -2
      vertex 3 5.19615 -2
    endloop
  endfacet
  facet normal -0.528061 -0.849207 -0
    outer loop
      vertex 3.33342 4.98882 -2
      vertex 3 5.19615 -34
      vertex 3.33342 4.98882 -34
    endloop
  endfacet
  facet normal -0.881916 -0.471406 0
    outer loop
      vertex 5.38124 2.65373 -34
      vertex 5.19615 3 -2
      vertex 5.19615 3 -34
    endloop
  endfacet
  facet normal -0.881916 -0.471406 0
    outer loop
      vertex 5.19615 3 -2
      vertex 5.38124 2.65373 -34
      vertex 5.38124 2.65373 -2
    endloop
  endfacet
  facet normal 0.528061 -0.849207 0
    outer loop
      vertex -3.33342 4.98882 -34
      vertex -3 5.19615 -2
      vertex -3.33342 4.98882 -2
    endloop
  endfacet
  facet normal 0.528061 -0.849207 0
    outer loop
      vertex -3 5.19615 -2
      vertex -3.33342 4.98882 -34
      vertex -3 5.19615 -34
    endloop
  endfacet
  facet normal 0.412707 -0.910864 0
    outer loop
      vertex -2.65373 5.38124 -34
      vertex -2.2961 5.54328 -2
      vertex -2.65373 5.38124 -2
    endloop
  endfacet
  facet normal 0.412707 -0.910864 0
    outer loop
      vertex -2.2961 5.54328 -2
      vertex -2.65373 5.38124 -34
      vertex -2.2961 5.54328 -34
    endloop
  endfacet
  facet normal -0.582478 -0.812846 0
    outer loop
      vertex 3.33342 4.98882 -34
      vertex 3.65257 4.76012 -2
      vertex 3.33342 4.98882 -2
    endloop
  endfacet
  facet normal -0.582478 -0.812846 -0
    outer loop
      vertex 3.65257 4.76012 -2
      vertex 3.33342 4.98882 -34
      vertex 3.65257 4.76012 -34
    endloop
  endfacet
  facet normal -0.812846 -0.582478 0
    outer loop
      vertex 4.98882 3.33342 -34
      vertex 4.76012 3.65257 -2
      vertex 4.76012 3.65257 -34
    endloop
  endfacet
  facet normal -0.812846 -0.582478 0
    outer loop
      vertex 4.76012 3.65257 -2
      vertex 4.98882 3.33342 -34
      vertex 4.98882 3.33342 -2
    endloop
  endfacet
  facet normal -0.729867 -0.683589 0
    outer loop
      vertex 4.51104 3.95607 -34
      vertex 4.24264 4.24264 -2
      vertex 4.24264 4.24264 -34
    endloop
  endfacet
  facet normal -0.729867 -0.683589 0
    outer loop
      vertex 4.24264 4.24264 -2
      vertex 4.51104 3.95607 -34
      vertex 4.51104 3.95607 -2
    endloop
  endfacet
  facet normal 0.582478 -0.812846 0
    outer loop
      vertex -3.65257 4.76012 -34
      vertex -3.33342 4.98882 -2
      vertex -3.65257 4.76012 -2
    endloop
  endfacet
  facet normal 0.582478 -0.812846 0
    outer loop
      vertex -3.33342 4.98882 -2
      vertex -3.65257 4.76012 -34
      vertex -3.33342 4.98882 -34
    endloop
  endfacet
  facet normal 0.986642 0.162902 0
    outer loop
      vertex -5.88471 -1.17054 -2
      vertex -5.94867 -0.783156 -34
      vertex -5.94867 -0.783156 -2
    endloop
  endfacet
  facet normal 0.986642 0.162902 0
    outer loop
      vertex -5.94867 -0.783156 -34
      vertex -5.88471 -1.17054 -2
      vertex -5.88471 -1.17054 -34
    endloop
  endfacet
  facet normal -0.849207 0.528061 0
    outer loop
      vertex 4.98882 -3.33342 -34
      vertex 5.19615 -3 -2
      vertex 5.19615 -3 -34
    endloop
  endfacet
  facet normal -0.849207 0.528061 0
    outer loop
      vertex 5.19615 -3 -2
      vertex 4.98882 -3.33342 -34
      vertex 4.98882 -3.33342 -2
    endloop
  endfacet
  facet normal 0.910864 0.412707 0
    outer loop
      vertex -5.38124 -2.65373 -2
      vertex -5.54328 -2.2961 -34
      vertex -5.54328 -2.2961 -2
    endloop
  endfacet
  facet normal 0.910864 0.412707 0
    outer loop
      vertex -5.54328 -2.2961 -34
      vertex -5.38124 -2.65373 -2
      vertex -5.38124 -2.65373 -34
    endloop
  endfacet
  facet normal -0.956945 -0.29027 0
    outer loop
      vertex 5.79555 1.55291 -34
      vertex 5.68158 1.92864 -2
      vertex 5.68158 1.92864 -34
    endloop
  endfacet
  facet normal -0.956945 -0.29027 0
    outer loop
      vertex 5.68158 1.92864 -2
      vertex 5.79555 1.55291 -34
      vertex 5.79555 1.55291 -2
    endloop
  endfacet
  facet normal 0.0980062 0.995186 -0
    outer loop
      vertex -0.392418 -5.98715 -15.3468
      vertex -0.783156 -5.94867 -2
      vertex -0.392418 -5.98715 -2
    endloop
  endfacet
  facet normal 0.0979012 0.995196 -3.10357e-06
    outer loop
      vertex -0.439992 -5.98247 -15.3579
      vertex -0.783156 -5.94867 -2
      vertex -0.392418 -5.98715 -15.3468
    endloop
  endfacet
  facet normal 0.098064 0.99518 1.11897e-06
    outer loop
      vertex -0.546447 -5.97198 -15.3902
      vertex -0.783156 -5.94867 -2
      vertex -0.439992 -5.98247 -15.3579
    endloop
  endfacet
  facet normal 0.0979763 0.995189 -4.46818e-07
    outer loop
      vertex -0.650561 -5.96173 -15.4294
      vertex -0.783156 -5.94867 -2
      vertex -0.546447 -5.97198 -15.3902
    endloop
  endfacet
  facet normal 0.0980168 0.995185 -4.26942e-08
    outer loop
      vertex -0.75189 -5.95175 -15.4753
      vertex -0.783156 -5.94867 -2
      vertex -0.650561 -5.96173 -15.4294
    endloop
  endfacet
  facet normal 0.098035 0.995183 0
    outer loop
      vertex -0.783156 -5.94867 -2
      vertex -0.75189 -5.95175 -15.4753
      vertex -0.783156 -5.94867 -15.492
    endloop
  endfacet
  facet normal 0.0980062 0.995186 0
    outer loop
      vertex -0.783156 -5.94867 -34
      vertex -0.392418 -5.98715 -18.6532
      vertex -0.392418 -5.98715 -34
    endloop
  endfacet
  facet normal 0.0979011 0.995196 2.7015e-06
    outer loop
      vertex -0.392418 -5.98715 -18.6532
      vertex -0.783156 -5.94867 -34
      vertex -0.439992 -5.98247 -18.6421
    endloop
  endfacet
  facet normal 0.098064 0.99518 -9.74231e-07
    outer loop
      vertex -0.439992 -5.98247 -18.6421
      vertex -0.783156 -5.94867 -34
      vertex -0.546447 -5.97198 -18.6098
    endloop
  endfacet
  facet normal 0.0979763 0.995189 3.89087e-07
    outer loop
      vertex -0.546447 -5.97198 -18.6098
      vertex -0.783156 -5.94867 -34
      vertex -0.650561 -5.96173 -18.5706
    endloop
  endfacet
  facet normal 0.0980168 0.995185 3.71816e-08
    outer loop
      vertex -0.650561 -5.96173 -18.5706
      vertex -0.783156 -5.94867 -34
      vertex -0.75189 -5.95175 -18.5247
    endloop
  endfacet
  facet normal 0.098035 0.995183 0
    outer loop
      vertex -0.75189 -5.95175 -18.5247
      vertex -0.783156 -5.94867 -34
      vertex -0.783156 -5.94867 -18.508
    endloop
  endfacet
  facet normal -0.352245 -0.935908 0
    outer loop
      vertex 1.92864 5.68158 -34
      vertex 2.2961 5.54328 -2
      vertex 1.92864 5.68158 -2
    endloop
  endfacet
  facet normal -0.352245 -0.935908 -0
    outer loop
      vertex 2.2961 5.54328 -2
      vertex 1.92864 5.68158 -34
      vertex 2.2961 5.54328 -34
    endloop
  endfacet
  facet normal 0.683589 -0.729867 0
    outer loop
      vertex -4.24264 4.24264 -34
      vertex -3.95607 4.51104 -2
      vertex -4.24264 4.24264 -2
    endloop
  endfacet
  facet normal 0.683589 -0.729867 0
    outer loop
      vertex -3.95607 4.51104 -2
      vertex -4.24264 4.24264 -34
      vertex -3.95607 4.51104 -34
    endloop
  endfacet
  facet normal -0.683589 -0.729867 0
    outer loop
      vertex 3.95607 4.51104 -34
      vertex 4.24264 4.24264 -2
      vertex 3.95607 4.51104 -2
    endloop
  endfacet
  facet normal -0.683589 -0.729867 -0
    outer loop
      vertex 4.24264 4.24264 -2
      vertex 3.95607 4.51104 -34
      vertex 4.24264 4.24264 -34
    endloop
  endfacet
  facet normal -0.471406 0.881916 0
    outer loop
      vertex 3 -5.19615 -34
      vertex 2.65373 -5.38124 -2
      vertex 3 -5.19615 -2
    endloop
  endfacet
  facet normal -0.471406 0.881916 0
    outer loop
      vertex 2.65373 -5.38124 -2
      vertex 3 -5.19615 -34
      vertex 2.65373 -5.38124 -34
    endloop
  endfacet
  facet normal 0.162902 0.986642 -0
    outer loop
      vertex -0.783156 -5.94867 -15.492
      vertex -1.17054 -5.88471 -2
      vertex -0.783156 -5.94867 -2
    endloop
  endfacet
  facet normal 0.162955 0.986634 1.55269e-06
    outer loop
      vertex -0.849999 -5.93763 -15.5278
      vertex -1.17054 -5.88471 -2
      vertex -0.783156 -5.94867 -15.492
    endloop
  endfacet
  facet normal 0.162826 0.986655 -1.57138e-06
    outer loop
      vertex -0.944468 -5.92204 -15.5865
      vertex -1.17054 -5.88471 -2
      vertex -0.849999 -5.93763 -15.5278
    endloop
  endfacet
  facet normal 0.162909 0.986641 -1.57381e-07
    outer loop
      vertex -1.03489 -5.90711 -15.6513
      vertex -1.17054 -5.88471 -2
      vertex -0.944468 -5.92204 -15.5865
    endloop
  endfacet
  facet normal 0.162911 0.986641 -1.41712e-07
    outer loop
      vertex -1.12089 -5.89291 -15.7219
      vertex -1.17054 -5.88471 -2
      vertex -1.03489 -5.90711 -15.6513
    endloop
  endfacet
  facet normal 0.162949 0.986635 0
    outer loop
      vertex -1.17054 -5.88471 -2
      vertex -1.12089 -5.89291 -15.7219
      vertex -1.17054 -5.88471 -15.7684
    endloop
  endfacet
  facet normal 0.162902 0.986642 0
    outer loop
      vertex -1.17054 -5.88471 -34
      vertex -0.783156 -5.94867 -18.508
      vertex -0.783156 -5.94867 -34
    endloop
  endfacet
  facet normal 0.162955 0.986634 -1.35489e-06
    outer loop
      vertex -0.783156 -5.94867 -18.508
      vertex -1.17054 -5.88471 -34
      vertex -0.849999 -5.93763 -18.4722
    endloop
  endfacet
  facet normal 0.162826 0.986655 1.37155e-06
    outer loop
      vertex -0.849999 -5.93763 -18.4722
      vertex -1.17054 -5.88471 -34
      vertex -0.944468 -5.92204 -18.4135
    endloop
  endfacet
  facet normal 0.162909 0.986641 1.37394e-07
    outer loop
      vertex -0.944468 -5.92204 -18.4135
      vertex -1.17054 -5.88471 -34
      vertex -1.03489 -5.90711 -18.3487
    endloop
  endfacet
  facet normal 0.162911 0.986641 1.23731e-07
    outer loop
      vertex -1.03489 -5.90711 -18.3487
      vertex -1.17054 -5.88471 -34
      vertex -1.12089 -5.89291 -18.2781
    endloop
  endfacet
  facet normal 0.162949 0.986635 0
    outer loop
      vertex -1.12089 -5.89291 -18.2781
      vertex -1.17054 -5.88471 -34
      vertex -1.17054 -5.88471 -18.2316
    endloop
  endfacet
  facet normal -0.0327282 -0.999464 0
    outer loop
      vertex 0 6 -15.3
      vertex 0.392418 5.98715 -2
      vertex 0 6 -2
    endloop
  endfacet
  facet normal -0.0327207 -0.999465 -2.19944e-07
    outer loop
      vertex 0.111185 5.99636 -15.3036
      vertex 0.392418 5.98715 -2
      vertex 0 6 -15.3
    endloop
  endfacet
  facet normal -0.032681 -0.999466 -1.06078e-06
    outer loop
      vertex 0.221894 5.99274 -15.3145
      vertex 0.392418 5.98715 -2
      vertex 0.111185 5.99636 -15.3036
    endloop
  endfacet
  facet normal -0.0327815 -0.999463 2.27663e-07
    outer loop
      vertex 0.331653 5.98914 -15.3327
      vertex 0.392418 5.98715 -2
      vertex 0.221894 5.99274 -15.3145
    endloop
  endfacet
  facet normal -0.0327316 -0.999464 -0
    outer loop
      vertex 0.392418 5.98715 -2
      vertex 0.331653 5.98914 -15.3327
      vertex 0.392418 5.98715 -15.3468
    endloop
  endfacet
  facet normal -0.0327282 -0.999464 0
    outer loop
      vertex 0.392418 5.98715 -34
      vertex 0 6 -18.7
      vertex 0 6 -34
    endloop
  endfacet
  facet normal -0.0327207 -0.999465 1.91217e-07
    outer loop
      vertex 0 6 -18.7
      vertex 0.392418 5.98715 -34
      vertex 0.111185 5.99636 -18.6964
    endloop
  endfacet
  facet normal -0.032681 -0.999466 9.22396e-07
    outer loop
      vertex 0.111185 5.99636 -18.6964
      vertex 0.392418 5.98715 -34
      vertex 0.221894 5.99274 -18.6855
    endloop
  endfacet
  facet normal -0.0327815 -0.999463 -1.97986e-07
    outer loop
      vertex 0.221894 5.99274 -18.6855
      vertex 0.392418 5.98715 -34
      vertex 0.331653 5.98914 -18.6673
    endloop
  endfacet
  facet normal -0.0327316 -0.999464 0
    outer loop
      vertex 0.331653 5.98914 -18.6673
      vertex 0.392418 5.98715 -34
      vertex 0.392418 5.98715 -18.6532
    endloop
  endfacet
  facet normal 0.352245 -0.935908 0
    outer loop
      vertex -2.2961 5.54328 -34
      vertex -1.92864 5.68158 -2
      vertex -2.2961 5.54328 -2
    endloop
  endfacet
  facet normal 0.352245 -0.935908 0
    outer loop
      vertex -1.92864 5.68158 -2
      vertex -2.2961 5.54328 -34
      vertex -1.92864 5.68158 -34
    endloop
  endfacet
  facet normal 0.162902 -0.986642 0
    outer loop
      vertex -1.17054 5.88471 -2
      vertex -0.783156 5.94867 -15.492
      vertex -0.783156 5.94867 -2
    endloop
  endfacet
  facet normal 0.162955 -0.986634 1.55269e-06
    outer loop
      vertex -1.17054 5.88471 -2
      vertex -0.849999 5.93763 -15.5278
      vertex -0.783156 5.94867 -15.492
    endloop
  endfacet
  facet normal 0.162826 -0.986655 -1.57138e-06
    outer loop
      vertex -1.17054 5.88471 -2
      vertex -0.944468 5.92204 -15.5865
      vertex -0.849999 5.93763 -15.5278
    endloop
  endfacet
  facet normal 0.162909 -0.986641 -1.57381e-07
    outer loop
      vertex -1.17054 5.88471 -2
      vertex -1.03489 5.90711 -15.6513
      vertex -0.944468 5.92204 -15.5865
    endloop
  endfacet
  facet normal 0.162911 -0.986641 -1.41712e-07
    outer loop
      vertex -1.17054 5.88471 -2
      vertex -1.12089 5.89291 -15.7219
      vertex -1.03489 5.90711 -15.6513
    endloop
  endfacet
  facet normal 0.162949 -0.986635 0
    outer loop
      vertex -1.12089 5.89291 -15.7219
      vertex -1.17054 5.88471 -2
      vertex -1.17054 5.88471 -15.7684
    endloop
  endfacet
  facet normal 0.162949 -0.986635 0
    outer loop
      vertex -1.17054 5.88471 -34
      vertex -1.12089 5.89291 -18.2781
      vertex -1.17054 5.88471 -18.2316
    endloop
  endfacet
  facet normal 0.162911 -0.986641 1.23731e-07
    outer loop
      vertex -1.17054 5.88471 -34
      vertex -1.03489 5.90711 -18.3487
      vertex -1.12089 5.89291 -18.2781
    endloop
  endfacet
  facet normal 0.162909 -0.986641 1.37394e-07
    outer loop
      vertex -1.17054 5.88471 -34
      vertex -0.944468 5.92204 -18.4135
      vertex -1.03489 5.90711 -18.3487
    endloop
  endfacet
  facet normal 0.162826 -0.986655 1.37155e-06
    outer loop
      vertex -1.17054 5.88471 -34
      vertex -0.849999 5.93763 -18.4722
      vertex -0.944468 5.92204 -18.4135
    endloop
  endfacet
  facet normal 0.162955 -0.986634 -1.35489e-06
    outer loop
      vertex -1.17054 5.88471 -34
      vertex -0.783156 5.94867 -18.508
      vertex -0.849999 5.93763 -18.4722
    endloop
  endfacet
  facet normal 0.162902 -0.986642 0
    outer loop
      vertex -0.783156 5.94867 -18.508
      vertex -1.17054 5.88471 -34
      vertex -0.783156 5.94867 -34
    endloop
  endfacet
  facet normal -0.634399 -0.773005 0
    outer loop
      vertex 3.65257 4.76012 -34
      vertex 3.95607 4.51104 -2
      vertex 3.65257 4.76012 -2
    endloop
  endfacet
  facet normal -0.634399 -0.773005 -0
    outer loop
      vertex 3.95607 4.51104 -2
      vertex 3.65257 4.76012 -34
      vertex 3.95607 4.51104 -34
    endloop
  endfacet
  facet normal 0.0327282 -0.999464 0
    outer loop
      vertex -0.392418 5.98715 -2
      vertex 0 6 -15.3
      vertex 0 6 -2
    endloop
  endfacet
  facet normal 0.0327207 -0.999465 -2.19944e-07
    outer loop
      vertex -0.392418 5.98715 -2
      vertex -0.111185 5.99636 -15.3036
      vertex 0 6 -15.3
    endloop
  endfacet
  facet normal 0.032681 -0.999466 -1.06078e-06
    outer loop
      vertex -0.392418 5.98715 -2
      vertex -0.221894 5.99274 -15.3145
      vertex -0.111185 5.99636 -15.3036
    endloop
  endfacet
  facet normal 0.0327815 -0.999463 2.27663e-07
    outer loop
      vertex -0.392418 5.98715 -2
      vertex -0.331653 5.98914 -15.3327
      vertex -0.221894 5.99274 -15.3145
    endloop
  endfacet
  facet normal 0.0327316 -0.999464 0
    outer loop
      vertex -0.331653 5.98914 -15.3327
      vertex -0.392418 5.98715 -2
      vertex -0.392418 5.98715 -15.3468
    endloop
  endfacet
  facet normal 0.0327316 -0.999464 0
    outer loop
      vertex -0.392418 5.98715 -34
      vertex -0.331653 5.98914 -18.6673
      vertex -0.392418 5.98715 -18.6532
    endloop
  endfacet
  facet normal 0.0327815 -0.999463 -1.97986e-07
    outer loop
      vertex -0.392418 5.98715 -34
      vertex -0.221894 5.99274 -18.6855
      vertex -0.331653 5.98914 -18.6673
    endloop
  endfacet
  facet normal 0.032681 -0.999466 9.22396e-07
    outer loop
      vertex -0.392418 5.98715 -34
      vertex -0.111185 5.99636 -18.6964
      vertex -0.221894 5.99274 -18.6855
    endloop
  endfacet
  facet normal 0.0327207 -0.999465 1.91217e-07
    outer loop
      vertex -0.392418 5.98715 -34
      vertex 0 6 -18.7
      vertex -0.111185 5.99636 -18.6964
    endloop
  endfacet
  facet normal 0.0327282 -0.999464 0
    outer loop
      vertex 0 6 -18.7
      vertex -0.392418 5.98715 -34
      vertex 0 6 -34
    endloop
  endfacet
  facet normal 0.729867 0.683589 0
    outer loop
      vertex -4.24264 -4.24264 -2
      vertex -4.51104 -3.95607 -34
      vertex -4.51104 -3.95607 -2
    endloop
  endfacet
  facet normal 0.729867 0.683589 0
    outer loop
      vertex -4.51104 -3.95607 -34
      vertex -4.24264 -4.24264 -2
      vertex -4.24264 -4.24264 -34
    endloop
  endfacet
  facet normal 0.29027 -0.956945 0
    outer loop
      vertex -1.92864 5.68158 -2
      vertex -1.55291 5.79555 -16.3104
      vertex -1.55291 5.79555 -2
    endloop
  endfacet
  facet normal 0.290135 -0.956986 -3.84995e-06
    outer loop
      vertex -1.92864 5.68158 -2
      vertex -1.57059 5.79019 -16.3494
      vertex -1.55291 5.79555 -16.3104
    endloop
  endfacet
  facet normal 0.290323 -0.956929 1.25843e-06
    outer loop
      vertex -1.92864 5.68158 -2
      vertex -1.60978 5.7783 -16.4536
      vertex -1.57059 5.79019 -16.3494
    endloop
  endfacet
  facet normal 0.290156 -0.956979 -2.77058e-06
    outer loop
      vertex -1.92864 5.68158 -2
      vertex -1.64207 5.76851 -16.56
      vertex -1.60978 5.7783 -16.4536
    endloop
  endfacet
  facet normal 0.290203 -0.956965 -1.74107e-06
    outer loop
      vertex -1.92864 5.68158 -2
      vertex -1.66733 5.76085 -16.6683
      vertex -1.64207 5.76851 -16.56
    endloop
  endfacet
  facet normal 0.2903 -0.956936 1.29593e-07
    outer loop
      vertex -1.92864 5.68158 -2
      vertex -1.68546 5.75535 -16.7781
      vertex -1.66733 5.76085 -16.6683
    endloop
  endfacet
  facet normal 0.290528 -0.956866 4.23868e-06
    outer loop
      vertex -1.92864 5.68158 -2
      vertex -1.69636 5.75204 -16.8888
      vertex -1.68546 5.75535 -16.7781
    endloop
  endfacet
  facet normal 0.289601 -0.957147 -1.15588e-05
    outer loop
      vertex -1.92864 5.68158 -2
      vertex -1.7 5.75094 -17
      vertex -1.69636 5.75204 -16.8888
    endloop
  endfacet
  facet normal 0.290295 -0.956937 0
    outer loop
      vertex -1.92864 5.68158 -34
      vertex -1.7 5.75094 -17
      vertex -1.92864 5.68158 -2
    endloop
  endfacet
  facet normal 0.289574 -0.957156 1.0595e-05
    outer loop
      vertex -1.92864 5.68158 -34
      vertex -1.69636 5.75204 -17.1112
      vertex -1.7 5.75094 -17
    endloop
  endfacet
  facet normal 0.290532 -0.956865 -3.79825e-06
    outer loop
      vertex -1.92864 5.68158 -34
      vertex -1.68546 5.75535 -17.2219
      vertex -1.69636 5.75204 -17.1112
    endloop
  endfacet
  facet normal 0.2903 -0.956936 -1.15392e-07
    outer loop
      vertex -1.92864 5.68158 -34
      vertex -1.66733 5.76085 -17.3317
      vertex -1.68546 5.75535 -17.2219
    endloop
  endfacet
  facet normal 0.290203 -0.956965 1.54532e-06
    outer loop
      vertex -1.92864 5.68158 -34
      vertex -1.64207 5.76851 -17.44
      vertex -1.66733 5.76085 -17.3317
    endloop
  endfacet
  facet normal 0.290155 -0.95698 2.45402e-06
    outer loop
      vertex -1.92864 5.68158 -34
      vertex -1.60978 5.7783 -17.5464
      vertex -1.64207 5.76851 -17.44
    endloop
  endfacet
  facet normal 0.290323 -0.956929 -1.11296e-06
    outer loop
      vertex -1.92864 5.68158 -34
      vertex -1.57059 5.79019 -17.6506
      vertex -1.60978 5.7783 -17.5464
    endloop
  endfacet
  facet normal 0.290134 -0.956986 3.40069e-06
    outer loop
      vertex -1.92864 5.68158 -34
      vertex -1.55291 5.79555 -17.6896
      vertex -1.57059 5.79019 -17.6506
    endloop
  endfacet
  facet normal 0.29027 -0.956945 0
    outer loop
      vertex -1.55291 5.79555 -17.6896
      vertex -1.92864 5.68158 -34
      vertex -1.55291 5.79555 -34
    endloop
  endfacet
  facet normal -0.849207 -0.528061 0
    outer loop
      vertex 5.19615 3 -34
      vertex 4.98882 3.33342 -2
      vertex 4.98882 3.33342 -34
    endloop
  endfacet
  facet normal -0.849207 -0.528061 0
    outer loop
      vertex 4.98882 3.33342 -2
      vertex 5.19615 3 -34
      vertex 5.19615 3 -2
    endloop
  endfacet
  facet normal -0.881916 0.471406 0
    outer loop
      vertex 5.19615 -3 -34
      vertex 5.38124 -2.65373 -2
      vertex 5.38124 -2.65373 -34
    endloop
  endfacet
  facet normal -0.881916 0.471406 0
    outer loop
      vertex 5.38124 -2.65373 -2
      vertex 5.19615 -3 -34
      vertex 5.19615 -3 -2
    endloop
  endfacet
  facet normal 0.227085 -0.973875 0
    outer loop
      vertex -1.55291 5.79555 -2
      vertex -1.17054 5.88471 -15.7684
      vertex -1.17054 5.88471 -2
    endloop
  endfacet
  facet normal 0.22696 -0.973904 -3.68743e-06
    outer loop
      vertex -1.55291 5.79555 -2
      vertex -1.20208 5.87736 -15.7979
      vertex -1.17054 5.88471 -15.7684
    endloop
  endfacet
  facet normal 0.227049 -0.973883 -1.29626e-06
    outer loop
      vertex -1.55291 5.79555 -2
      vertex -1.27813 5.85963 -15.8791
      vertex -1.20208 5.87736 -15.7979
    endloop
  endfacet
  facet normal 0.227146 -0.973861 7.3126e-07
    outer loop
      vertex -1.55291 5.79555 -2
      vertex -1.3487 5.84317 -15.9651
      vertex -1.27813 5.85963 -15.8791
    endloop
  endfacet
  facet normal 0.227087 -0.973874 -1.71805e-07
    outer loop
      vertex -1.55291 5.79555 -2
      vertex -1.4135 5.82806 -16.0555
      vertex -1.3487 5.84317 -15.9651
    endloop
  endfacet
  facet normal 0.227135 -0.973863 3.24623e-07
    outer loop
      vertex -1.55291 5.79555 -2
      vertex -1.47224 5.81436 -16.15
      vertex -1.4135 5.82806 -16.0555
    endloop
  endfacet
  facet normal 0.226949 -0.973907 -7.90876e-07
    outer loop
      vertex -1.55291 5.79555 -2
      vertex -1.52468 5.80214 -16.2481
      vertex -1.47224 5.81436 -16.15
    endloop
  endfacet
  facet normal 0.227328 -0.973818 0
    outer loop
      vertex -1.52468 5.80214 -16.2481
      vertex -1.55291 5.79555 -2
      vertex -1.55291 5.79555 -16.3104
    endloop
  endfacet
  facet normal 0.227328 -0.973818 0
    outer loop
      vertex -1.55291 5.79555 -34
      vertex -1.52468 5.80214 -17.7519
      vertex -1.55291 5.79555 -17.6896
    endloop
  endfacet
  facet normal 0.226949 -0.973907 6.93841e-07
    outer loop
      vertex -1.55291 5.79555 -34
      vertex -1.47224 5.81436 -17.85
      vertex -1.52468 5.80214 -17.7519
    endloop
  endfacet
  facet normal 0.227135 -0.973863 -2.84743e-07
    outer loop
      vertex -1.55291 5.79555 -34
      vertex -1.4135 5.82806 -17.9445
      vertex -1.47224 5.81436 -17.85
    endloop
  endfacet
  facet normal 0.227087 -0.973874 1.50659e-07
    outer loop
      vertex -1.55291 5.79555 -34
      vertex -1.3487 5.84317 -18.0349
      vertex -1.4135 5.82806 -17.9445
    endloop
  endfacet
  facet normal 0.227146 -0.973861 -6.41059e-07
    outer loop
      vertex -1.55291 5.79555 -34
      vertex -1.27813 5.85963 -18.1209
      vertex -1.3487 5.84317 -18.0349
    endloop
  endfacet
  facet normal 0.227049 -0.973883 1.13596e-06
    outer loop
      vertex -1.55291 5.79555 -34
      vertex -1.20208 5.87736 -18.2021
      vertex -1.27813 5.85963 -18.1209
    endloop
  endfacet
  facet normal 0.226959 -0.973904 3.2301e-06
    outer loop
      vertex -1.55291 5.79555 -34
      vertex -1.17054 5.88471 -18.2316
      vertex -1.20208 5.87736 -18.2021
    endloop
  endfacet
  facet normal 0.227085 -0.973875 0
    outer loop
      vertex -1.17054 5.88471 -18.2316
      vertex -1.55291 5.79555 -34
      vertex -1.17054 5.88471 -34
    endloop
  endfacet
  facet normal -0.910864 0.412707 0
    outer loop
      vertex 5.38124 -2.65373 -34
      vertex 5.54328 -2.2961 -2
      vertex 5.54328 -2.2961 -34
    endloop
  endfacet
  facet normal -0.910864 0.412707 0
    outer loop
      vertex 5.54328 -2.2961 -2
      vertex 5.38124 -2.65373 -34
      vertex 5.38124 -2.65373 -2
    endloop
  endfacet
  facet normal -0.956945 0.29027 0
    outer loop
      vertex 5.68158 -1.92864 -34
      vertex 5.79555 -1.55291 -2
      vertex 5.79555 -1.55291 -34
    endloop
  endfacet
  facet normal -0.956945 0.29027 0
    outer loop
      vertex 5.79555 -1.55291 -2
      vertex 5.68158 -1.92864 -34
      vertex 5.68158 -1.92864 -2
    endloop
  endfacet
  facet normal 0.881916 -0.471406 0
    outer loop
      vertex -5.38124 2.65373 -2
      vertex -5.19615 3 -34
      vertex -5.19615 3 -2
    endloop
  endfacet
  facet normal 0.881916 -0.471406 0
    outer loop
      vertex -5.19615 3 -34
      vertex -5.38124 2.65373 -2
      vertex -5.38124 2.65373 -34
    endloop
  endfacet
  facet normal 0.910864 -0.412707 0
    outer loop
      vertex -5.54328 2.2961 -2
      vertex -5.38124 2.65373 -34
      vertex -5.38124 2.65373 -2
    endloop
  endfacet
  facet normal 0.910864 -0.412707 0
    outer loop
      vertex -5.38124 2.65373 -34
      vertex -5.54328 2.2961 -2
      vertex -5.54328 2.2961 -34
    endloop
  endfacet
  facet normal 0.986642 -0.162902 0
    outer loop
      vertex -5.94867 0.783156 -2
      vertex -5.88471 1.17054 -34
      vertex -5.88471 1.17054 -2
    endloop
  endfacet
  facet normal 0.986642 -0.162902 0
    outer loop
      vertex -5.88471 1.17054 -34
      vertex -5.94867 0.783156 -2
      vertex -5.94867 0.783156 -34
    endloop
  endfacet
  facet normal -0.582478 0.812846 0
    outer loop
      vertex 3.65257 -4.76012 -34
      vertex 3.33342 -4.98882 -2
      vertex 3.65257 -4.76012 -2
    endloop
  endfacet
  facet normal -0.582478 0.812846 0
    outer loop
      vertex 3.33342 -4.98882 -2
      vertex 3.65257 -4.76012 -34
      vertex 3.33342 -4.98882 -34
    endloop
  endfacet
  facet normal -0.0980062 -0.995186 0
    outer loop
      vertex 0.392418 5.98715 -15.3468
      vertex 0.783156 5.94867 -2
      vertex 0.392418 5.98715 -2
    endloop
  endfacet
  facet normal -0.0979012 -0.995196 -3.10357e-06
    outer loop
      vertex 0.439992 5.98247 -15.3579
      vertex 0.783156 5.94867 -2
      vertex 0.392418 5.98715 -15.3468
    endloop
  endfacet
  facet normal -0.098064 -0.99518 1.11897e-06
    outer loop
      vertex 0.546447 5.97198 -15.3902
      vertex 0.783156 5.94867 -2
      vertex 0.439992 5.98247 -15.3579
    endloop
  endfacet
  facet normal -0.0979763 -0.995189 -4.46818e-07
    outer loop
      vertex 0.650561 5.96173 -15.4294
      vertex 0.783156 5.94867 -2
      vertex 0.546447 5.97198 -15.3902
    endloop
  endfacet
  facet normal -0.0980168 -0.995185 -4.26942e-08
    outer loop
      vertex 0.75189 5.95175 -15.4753
      vertex 0.783156 5.94867 -2
      vertex 0.650561 5.96173 -15.4294
    endloop
  endfacet
  facet normal -0.098035 -0.995183 -0
    outer loop
      vertex 0.783156 5.94867 -2
      vertex 0.75189 5.95175 -15.4753
      vertex 0.783156 5.94867 -15.492
    endloop
  endfacet
  facet normal -0.0980062 -0.995186 0
    outer loop
      vertex 0.783156 5.94867 -34
      vertex 0.392418 5.98715 -18.6532
      vertex 0.392418 5.98715 -34
    endloop
  endfacet
  facet normal -0.0979011 -0.995196 2.7015e-06
    outer loop
      vertex 0.392418 5.98715 -18.6532
      vertex 0.783156 5.94867 -34
      vertex 0.439992 5.98247 -18.6421
    endloop
  endfacet
  facet normal -0.098064 -0.99518 -9.74231e-07
    outer loop
      vertex 0.439992 5.98247 -18.6421
      vertex 0.783156 5.94867 -34
      vertex 0.546447 5.97198 -18.6098
    endloop
  endfacet
  facet normal -0.0979763 -0.995189 3.89087e-07
    outer loop
      vertex 0.546447 5.97198 -18.6098
      vertex 0.783156 5.94867 -34
      vertex 0.650561 5.96173 -18.5706
    endloop
  endfacet
  facet normal -0.0980168 -0.995185 3.71816e-08
    outer loop
      vertex 0.650561 5.96173 -18.5706
      vertex 0.783156 5.94867 -34
      vertex 0.75189 5.95175 -18.5247
    endloop
  endfacet
  facet normal -0.098035 -0.995183 0
    outer loop
      vertex 0.75189 5.95175 -18.5247
      vertex 0.783156 5.94867 -34
      vertex 0.783156 5.94867 -18.508
    endloop
  endfacet
  facet normal 0.849207 0.528061 0
    outer loop
      vertex -4.98882 -3.33342 -2
      vertex -5.19615 -3 -34
      vertex -5.19615 -3 -2
    endloop
  endfacet
  facet normal 0.849207 0.528061 0
    outer loop
      vertex -5.19615 -3 -34
      vertex -4.98882 -3.33342 -2
      vertex -4.98882 -3.33342 -34
    endloop
  endfacet
  facet normal -0.162902 0.986642 0
    outer loop
      vertex 1.17054 -5.88471 -2
      vertex 0.783156 -5.94867 -15.492
      vertex 0.783156 -5.94867 -2
    endloop
  endfacet
  facet normal -0.162955 0.986634 1.55269e-06
    outer loop
      vertex 1.17054 -5.88471 -2
      vertex 0.849999 -5.93763 -15.5278
      vertex 0.783156 -5.94867 -15.492
    endloop
  endfacet
  facet normal -0.162826 0.986655 -1.57138e-06
    outer loop
      vertex 1.17054 -5.88471 -2
      vertex 0.944468 -5.92204 -15.5865
      vertex 0.849999 -5.93763 -15.5278
    endloop
  endfacet
  facet normal -0.162909 0.986641 -1.57381e-07
    outer loop
      vertex 1.17054 -5.88471 -2
      vertex 1.03489 -5.90711 -15.6513
      vertex 0.944468 -5.92204 -15.5865
    endloop
  endfacet
  facet normal -0.162911 0.986641 -1.41712e-07
    outer loop
      vertex 1.17054 -5.88471 -2
      vertex 1.12089 -5.89291 -15.7219
      vertex 1.03489 -5.90711 -15.6513
    endloop
  endfacet
  facet normal -0.162949 0.986635 0
    outer loop
      vertex 1.12089 -5.89291 -15.7219
      vertex 1.17054 -5.88471 -2
      vertex 1.17054 -5.88471 -15.7684
    endloop
  endfacet
  facet normal -0.162949 0.986635 0
    outer loop
      vertex 1.17054 -5.88471 -34
      vertex 1.12089 -5.89291 -18.2781
      vertex 1.17054 -5.88471 -18.2316
    endloop
  endfacet
  facet normal -0.162911 0.986641 1.23731e-07
    outer loop
      vertex 1.17054 -5.88471 -34
      vertex 1.03489 -5.90711 -18.3487
      vertex 1.12089 -5.89291 -18.2781
    endloop
  endfacet
  facet normal -0.162909 0.986641 1.37394e-07
    outer loop
      vertex 1.17054 -5.88471 -34
      vertex 0.944468 -5.92204 -18.4135
      vertex 1.03489 -5.90711 -18.3487
    endloop
  endfacet
  facet normal -0.162826 0.986655 1.37155e-06
    outer loop
      vertex 1.17054 -5.88471 -34
      vertex 0.849999 -5.93763 -18.4722
      vertex 0.944468 -5.92204 -18.4135
    endloop
  endfacet
  facet normal -0.162955 0.986634 -1.35489e-06
    outer loop
      vertex 1.17054 -5.88471 -34
      vertex 0.783156 -5.94867 -18.508
      vertex 0.849999 -5.93763 -18.4722
    endloop
  endfacet
  facet normal -0.162902 0.986642 0
    outer loop
      vertex 0.783156 -5.94867 -18.508
      vertex 1.17054 -5.88471 -34
      vertex 0.783156 -5.94867 -34
    endloop
  endfacet
  facet normal 0.634399 -0.773005 0
    outer loop
      vertex -3.95607 4.51104 -34
      vertex -3.65257 4.76012 -2
      vertex -3.95607 4.51104 -2
    endloop
  endfacet
  facet normal 0.634399 -0.773005 0
    outer loop
      vertex -3.65257 4.76012 -2
      vertex -3.95607 4.51104 -34
      vertex -3.65257 4.76012 -34
    endloop
  endfacet
  facet normal -0.29027 0.956945 0
    outer loop
      vertex 1.92864 -5.68158 -2
      vertex 1.55291 -5.79555 -16.3104
      vertex 1.55291 -5.79555 -2
    endloop
  endfacet
  facet normal -0.290135 0.956986 -3.84995e-06
    outer loop
      vertex 1.92864 -5.68158 -2
      vertex 1.57059 -5.79019 -16.3494
      vertex 1.55291 -5.79555 -16.3104
    endloop
  endfacet
  facet normal -0.290323 0.956929 1.25843e-06
    outer loop
      vertex 1.92864 -5.68158 -2
      vertex 1.60978 -5.7783 -16.4536
      vertex 1.57059 -5.79019 -16.3494
    endloop
  endfacet
  facet normal -0.290156 0.956979 -2.77058e-06
    outer loop
      vertex 1.92864 -5.68158 -2
      vertex 1.64207 -5.76851 -16.56
      vertex 1.60978 -5.7783 -16.4536
    endloop
  endfacet
  facet normal -0.290203 0.956965 -1.74107e-06
    outer loop
      vertex 1.92864 -5.68158 -2
      vertex 1.66733 -5.76085 -16.6683
      vertex 1.64207 -5.76851 -16.56
    endloop
  endfacet
  facet normal -0.2903 0.956936 1.29593e-07
    outer loop
      vertex 1.92864 -5.68158 -2
      vertex 1.68546 -5.75535 -16.7781
      vertex 1.66733 -5.76085 -16.6683
    endloop
  endfacet
  facet normal -0.290528 0.956866 4.23868e-06
    outer loop
      vertex 1.92864 -5.68158 -2
      vertex 1.69636 -5.75204 -16.8888
      vertex 1.68546 -5.75535 -16.7781
    endloop
  endfacet
  facet normal -0.289601 0.957147 -1.15588e-05
    outer loop
      vertex 1.92864 -5.68158 -2
      vertex 1.7 -5.75094 -17
      vertex 1.69636 -5.75204 -16.8888
    endloop
  endfacet
  facet normal -0.290295 0.956937 0
    outer loop
      vertex 1.92864 -5.68158 -34
      vertex 1.7 -5.75094 -17
      vertex 1.92864 -5.68158 -2
    endloop
  endfacet
  facet normal -0.289574 0.957156 1.0595e-05
    outer loop
      vertex 1.92864 -5.68158 -34
      vertex 1.69636 -5.75204 -17.1112
      vertex 1.7 -5.75094 -17
    endloop
  endfacet
  facet normal -0.290532 0.956865 -3.79825e-06
    outer loop
      vertex 1.92864 -5.68158 -34
      vertex 1.68546 -5.75535 -17.2219
      vertex 1.69636 -5.75204 -17.1112
    endloop
  endfacet
  facet normal -0.2903 0.956936 -1.15392e-07
    outer loop
      vertex 1.92864 -5.68158 -34
      vertex 1.66733 -5.76085 -17.3317
      vertex 1.68546 -5.75535 -17.2219
    endloop
  endfacet
  facet normal -0.290203 0.956965 1.54532e-06
    outer loop
      vertex 1.92864 -5.68158 -34
      vertex 1.64207 -5.76851 -17.44
      vertex 1.66733 -5.76085 -17.3317
    endloop
  endfacet
  facet normal -0.290155 0.95698 2.45402e-06
    outer loop
      vertex 1.92864 -5.68158 -34
      vertex 1.60978 -5.7783 -17.5464
      vertex 1.64207 -5.76851 -17.44
    endloop
  endfacet
  facet normal -0.290323 0.956929 -1.11296e-06
    outer loop
      vertex 1.92864 -5.68158 -34
      vertex 1.57059 -5.79019 -17.6506
      vertex 1.60978 -5.7783 -17.5464
    endloop
  endfacet
  facet normal -0.290134 0.956986 3.40069e-06
    outer loop
      vertex 1.92864 -5.68158 -34
      vertex 1.55291 -5.79555 -17.6896
      vertex 1.57059 -5.79019 -17.6506
    endloop
  endfacet
  facet normal -0.29027 0.956945 0
    outer loop
      vertex 1.55291 -5.79555 -17.6896
      vertex 1.92864 -5.68158 -34
      vertex 1.55291 -5.79555 -34
    endloop
  endfacet
  facet normal -0.528061 0.849207 0
    outer loop
      vertex 3.33342 -4.98882 -34
      vertex 3 -5.19615 -2
      vertex 3.33342 -4.98882 -2
    endloop
  endfacet
  facet normal -0.528061 0.849207 0
    outer loop
      vertex 3 -5.19615 -2
      vertex 3.33342 -4.98882 -34
      vertex 3 -5.19615 -34
    endloop
  endfacet
  facet normal 0.773005 0.634399 0
    outer loop
      vertex -4.51104 -3.95607 -2
      vertex -4.76012 -3.65257 -34
      vertex -4.76012 -3.65257 -2
    endloop
  endfacet
  facet normal 0.773005 0.634399 0
    outer loop
      vertex -4.76012 -3.65257 -34
      vertex -4.51104 -3.95607 -2
      vertex -4.51104 -3.95607 -34
    endloop
  endfacet
  facet normal -0.227085 0.973875 0
    outer loop
      vertex 1.55291 -5.79555 -2
      vertex 1.17054 -5.88471 -15.7684
      vertex 1.17054 -5.88471 -2
    endloop
  endfacet
  facet normal -0.22696 0.973904 -3.68743e-06
    outer loop
      vertex 1.55291 -5.79555 -2
      vertex 1.20208 -5.87736 -15.7979
      vertex 1.17054 -5.88471 -15.7684
    endloop
  endfacet
  facet normal -0.227049 0.973883 -1.29626e-06
    outer loop
      vertex 1.55291 -5.79555 -2
      vertex 1.27813 -5.85963 -15.8791
      vertex 1.20208 -5.87736 -15.7979
    endloop
  endfacet
  facet normal -0.227146 0.973861 7.3126e-07
    outer loop
      vertex 1.55291 -5.79555 -2
      vertex 1.3487 -5.84317 -15.9651
      vertex 1.27813 -5.85963 -15.8791
    endloop
  endfacet
  facet normal -0.227087 0.973874 -1.71805e-07
    outer loop
      vertex 1.55291 -5.79555 -2
      vertex 1.4135 -5.82806 -16.0555
      vertex 1.3487 -5.84317 -15.9651
    endloop
  endfacet
  facet normal -0.227135 0.973863 3.24623e-07
    outer loop
      vertex 1.55291 -5.79555 -2
      vertex 1.47224 -5.81436 -16.15
      vertex 1.4135 -5.82806 -16.0555
    endloop
  endfacet
  facet normal -0.226949 0.973907 -7.90876e-07
    outer loop
      vertex 1.55291 -5.79555 -2
      vertex 1.52468 -5.80214 -16.2481
      vertex 1.47224 -5.81436 -16.15
    endloop
  endfacet
  facet normal -0.227328 0.973818 0
    outer loop
      vertex 1.52468 -5.80214 -16.2481
      vertex 1.55291 -5.79555 -2
      vertex 1.55291 -5.79555 -16.3104
    endloop
  endfacet
  facet normal -0.227328 0.973818 0
    outer loop
      vertex 1.55291 -5.79555 -34
      vertex 1.52468 -5.80214 -17.7519
      vertex 1.55291 -5.79555 -17.6896
    endloop
  endfacet
  facet normal -0.226949 0.973907 6.93841e-07
    outer loop
      vertex 1.55291 -5.79555 -34
      vertex 1.47224 -5.81436 -17.85
      vertex 1.52468 -5.80214 -17.7519
    endloop
  endfacet
  facet normal -0.227135 0.973863 -2.84743e-07
    outer loop
      vertex 1.55291 -5.79555 -34
      vertex 1.4135 -5.82806 -17.9445
      vertex 1.47224 -5.81436 -17.85
    endloop
  endfacet
  facet normal -0.227087 0.973874 1.50659e-07
    outer loop
      vertex 1.55291 -5.79555 -34
      vertex 1.3487 -5.84317 -18.0349
      vertex 1.4135 -5.82806 -17.9445
    endloop
  endfacet
  facet normal -0.227146 0.973861 -6.41059e-07
    outer loop
      vertex 1.55291 -5.79555 -34
      vertex 1.27813 -5.85963 -18.1209
      vertex 1.3487 -5.84317 -18.0349
    endloop
  endfacet
  facet normal -0.227049 0.973883 1.13596e-06
    outer loop
      vertex 1.55291 -5.79555 -34
      vertex 1.20208 -5.87736 -18.2021
      vertex 1.27813 -5.85963 -18.1209
    endloop
  endfacet
  facet normal -0.226959 0.973904 3.2301e-06
    outer loop
      vertex 1.55291 -5.79555 -34
      vertex 1.17054 -5.88471 -18.2316
      vertex 1.20208 -5.87736 -18.2021
    endloop
  endfacet
  facet normal -0.227085 0.973875 0
    outer loop
      vertex 1.17054 -5.88471 -18.2316
      vertex 1.55291 -5.79555 -34
      vertex 1.17054 -5.88471 -34
    endloop
  endfacet
  facet normal 0.995186 0.0980062 0
    outer loop
      vertex -5.94867 -0.783156 -2
      vertex -5.98715 -0.392418 -34
      vertex -5.98715 -0.392418 -2
    endloop
  endfacet
  facet normal 0.995186 0.0980062 0
    outer loop
      vertex -5.98715 -0.392418 -34
      vertex -5.94867 -0.783156 -2
      vertex -5.94867 -0.783156 -34
    endloop
  endfacet
  facet normal 0.999464 -0.0327282 0
    outer loop
      vertex -6 0 -2
      vertex -5.98715 0.392418 -34
      vertex -5.98715 0.392418 -2
    endloop
  endfacet
  facet normal 0.999464 -0.0327282 0
    outer loop
      vertex -5.98715 0.392418 -34
      vertex -6 0 -2
      vertex -6 0 -34
    endloop
  endfacet
  facet normal 0.352245 0.935908 -0
    outer loop
      vertex -1.92864 -5.68158 -34
      vertex -2.2961 -5.54328 -2
      vertex -1.92864 -5.68158 -2
    endloop
  endfacet
  facet normal 0.352245 0.935908 0
    outer loop
      vertex -2.2961 -5.54328 -2
      vertex -1.92864 -5.68158 -34
      vertex -2.2961 -5.54328 -34
    endloop
  endfacet
  facet normal -0.0980062 0.995186 0
    outer loop
      vertex 0.783156 -5.94867 -2
      vertex 0.392418 -5.98715 -15.3468
      vertex 0.392418 -5.98715 -2
    endloop
  endfacet
  facet normal -0.0979012 0.995196 -3.10357e-06
    outer loop
      vertex 0.783156 -5.94867 -2
      vertex 0.439992 -5.98247 -15.3579
      vertex 0.392418 -5.98715 -15.3468
    endloop
  endfacet
  facet normal -0.098064 0.99518 1.11897e-06
    outer loop
      vertex 0.783156 -5.94867 -2
      vertex 0.546447 -5.97198 -15.3902
      vertex 0.439992 -5.98247 -15.3579
    endloop
  endfacet
  facet normal -0.0979763 0.995189 -4.46818e-07
    outer loop
      vertex 0.783156 -5.94867 -2
      vertex 0.650561 -5.96173 -15.4294
      vertex 0.546447 -5.97198 -15.3902
    endloop
  endfacet
  facet normal -0.0980168 0.995185 -4.26942e-08
    outer loop
      vertex 0.783156 -5.94867 -2
      vertex 0.75189 -5.95175 -15.4753
      vertex 0.650561 -5.96173 -15.4294
    endloop
  endfacet
  facet normal -0.098035 0.995183 0
    outer loop
      vertex 0.75189 -5.95175 -15.4753
      vertex 0.783156 -5.94867 -2
      vertex 0.783156 -5.94867 -15.492
    endloop
  endfacet
  facet normal -0.098035 0.995183 0
    outer loop
      vertex 0.783156 -5.94867 -34
      vertex 0.75189 -5.95175 -18.5247
      vertex 0.783156 -5.94867 -18.508
    endloop
  endfacet
  facet normal -0.0980168 0.995185 3.71816e-08
    outer loop
      vertex 0.783156 -5.94867 -34
      vertex 0.650561 -5.96173 -18.5706
      vertex 0.75189 -5.95175 -18.5247
    endloop
  endfacet
  facet normal -0.0979763 0.995189 3.89087e-07
    outer loop
      vertex 0.783156 -5.94867 -34
      vertex 0.546447 -5.97198 -18.6098
      vertex 0.650561 -5.96173 -18.5706
    endloop
  endfacet
  facet normal -0.098064 0.99518 -9.74231e-07
    outer loop
      vertex 0.783156 -5.94867 -34
      vertex 0.439992 -5.98247 -18.6421
      vertex 0.546447 -5.97198 -18.6098
    endloop
  endfacet
  facet normal -0.0979011 0.995196 2.7015e-06
    outer loop
      vertex 0.783156 -5.94867 -34
      vertex 0.392418 -5.98715 -18.6532
      vertex 0.439992 -5.98247 -18.6421
    endloop
  endfacet
  facet normal -0.0980062 0.995186 0
    outer loop
      vertex 0.392418 -5.98715 -18.6532
      vertex 0.783156 -5.94867 -34
      vertex 0.392418 -5.98715 -34
    endloop
  endfacet
  facet normal -0.634399 0.773005 0
    outer loop
      vertex 3.95607 -4.51104 -34
      vertex 3.65257 -4.76012 -2
      vertex 3.95607 -4.51104 -2
    endloop
  endfacet
  facet normal -0.634399 0.773005 0
    outer loop
      vertex 3.65257 -4.76012 -2
      vertex 3.95607 -4.51104 -34
      vertex 3.65257 -4.76012 -34
    endloop
  endfacet
  facet normal -0.412707 0.910864 0
    outer loop
      vertex 2.65373 -5.38124 -34
      vertex 2.2961 -5.54328 -2
      vertex 2.65373 -5.38124 -2
    endloop
  endfacet
  facet normal -0.412707 0.910864 0
    outer loop
      vertex 2.2961 -5.54328 -2
      vertex 2.65373 -5.38124 -34
      vertex 2.2961 -5.54328 -34
    endloop
  endfacet
  facet normal -0.162902 -0.986642 0
    outer loop
      vertex 0.783156 5.94867 -15.492
      vertex 1.17054 5.88471 -2
      vertex 0.783156 5.94867 -2
    endloop
  endfacet
  facet normal -0.162955 -0.986634 1.55269e-06
    outer loop
      vertex 0.849999 5.93763 -15.5278
      vertex 1.17054 5.88471 -2
      vertex 0.783156 5.94867 -15.492
    endloop
  endfacet
  facet normal -0.162826 -0.986655 -1.57138e-06
    outer loop
      vertex 0.944468 5.92204 -15.5865
      vertex 1.17054 5.88471 -2
      vertex 0.849999 5.93763 -15.5278
    endloop
  endfacet
  facet normal -0.162909 -0.986641 -1.57381e-07
    outer loop
      vertex 1.03489 5.90711 -15.6513
      vertex 1.17054 5.88471 -2
      vertex 0.944468 5.92204 -15.5865
    endloop
  endfacet
  facet normal -0.162911 -0.986641 -1.41712e-07
    outer loop
      vertex 1.12089 5.89291 -15.7219
      vertex 1.17054 5.88471 -2
      vertex 1.03489 5.90711 -15.6513
    endloop
  endfacet
  facet normal -0.162949 -0.986635 -0
    outer loop
      vertex 1.17054 5.88471 -2
      vertex 1.12089 5.89291 -15.7219
      vertex 1.17054 5.88471 -15.7684
    endloop
  endfacet
  facet normal -0.162902 -0.986642 0
    outer loop
      vertex 1.17054 5.88471 -34
      vertex 0.783156 5.94867 -18.508
      vertex 0.783156 5.94867 -34
    endloop
  endfacet
  facet normal -0.162955 -0.986634 -1.35489e-06
    outer loop
      vertex 0.783156 5.94867 -18.508
      vertex 1.17054 5.88471 -34
      vertex 0.849999 5.93763 -18.4722
    endloop
  endfacet
  facet normal -0.162826 -0.986655 1.37155e-06
    outer loop
      vertex 0.849999 5.93763 -18.4722
      vertex 1.17054 5.88471 -34
      vertex 0.944468 5.92204 -18.4135
    endloop
  endfacet
  facet normal -0.162909 -0.986641 1.37394e-07
    outer loop
      vertex 0.944468 5.92204 -18.4135
      vertex 1.17054 5.88471 -34
      vertex 1.03489 5.90711 -18.3487
    endloop
  endfacet
  facet normal -0.162911 -0.986641 1.23731e-07
    outer loop
      vertex 1.03489 5.90711 -18.3487
      vertex 1.17054 5.88471 -34
      vertex 1.12089 5.89291 -18.2781
    endloop
  endfacet
  facet normal -0.162949 -0.986635 0
    outer loop
      vertex 1.12089 5.89291 -18.2781
      vertex 1.17054 5.88471 -34
      vertex 1.17054 5.88471 -18.2316
    endloop
  endfacet
  facet normal 0.729867 -0.683589 0
    outer loop
      vertex -4.51104 3.95607 -2
      vertex -4.24264 4.24264 -34
      vertex -4.24264 4.24264 -2
    endloop
  endfacet
  facet normal 0.729867 -0.683589 0
    outer loop
      vertex -4.24264 4.24264 -34
      vertex -4.51104 3.95607 -2
      vertex -4.51104 3.95607 -34
    endloop
  endfacet
  facet normal -0.683589 0.729867 0
    outer loop
      vertex 4.24264 -4.24264 -34
      vertex 3.95607 -4.51104 -2
      vertex 4.24264 -4.24264 -2
    endloop
  endfacet
  facet normal -0.683589 0.729867 0
    outer loop
      vertex 3.95607 -4.51104 -2
      vertex 4.24264 -4.24264 -34
      vertex 3.95607 -4.51104 -34
    endloop
  endfacet
  facet normal 0.773005 -0.634399 0
    outer loop
      vertex -4.76012 3.65257 -2
      vertex -4.51104 3.95607 -34
      vertex -4.51104 3.95607 -2
    endloop
  endfacet
  facet normal 0.773005 -0.634399 0
    outer loop
      vertex -4.51104 3.95607 -34
      vertex -4.76012 3.65257 -2
      vertex -4.76012 3.65257 -34
    endloop
  endfacet
  facet normal 0.227085 0.973875 -0
    outer loop
      vertex -1.17054 -5.88471 -15.7684
      vertex -1.55291 -5.79555 -2
      vertex -1.17054 -5.88471 -2
    endloop
  endfacet
  facet normal 0.22696 0.973904 -3.68743e-06
    outer loop
      vertex -1.20208 -5.87736 -15.7979
      vertex -1.55291 -5.79555 -2
      vertex -1.17054 -5.88471 -15.7684
    endloop
  endfacet
  facet normal 0.227049 0.973883 -1.29626e-06
    outer loop
      vertex -1.27813 -5.85963 -15.8791
      vertex -1.55291 -5.79555 -2
      vertex -1.20208 -5.87736 -15.7979
    endloop
  endfacet
  facet normal 0.227146 0.973861 7.3126e-07
    outer loop
      vertex -1.3487 -5.84317 -15.9651
      vertex -1.55291 -5.79555 -2
      vertex -1.27813 -5.85963 -15.8791
    endloop
  endfacet
  facet normal 0.227087 0.973874 -1.71805e-07
    outer loop
      vertex -1.4135 -5.82806 -16.0555
      vertex -1.55291 -5.79555 -2
      vertex -1.3487 -5.84317 -15.9651
    endloop
  endfacet
  facet normal 0.227135 0.973863 3.24623e-07
    outer loop
      vertex -1.47224 -5.81436 -16.15
      vertex -1.55291 -5.79555 -2
      vertex -1.4135 -5.82806 -16.0555
    endloop
  endfacet
  facet normal 0.226949 0.973907 -7.90876e-07
    outer loop
      vertex -1.52468 -5.80214 -16.2481
      vertex -1.55291 -5.79555 -2
      vertex -1.47224 -5.81436 -16.15
    endloop
  endfacet
  facet normal 0.227328 0.973818 0
    outer loop
      vertex -1.55291 -5.79555 -2
      vertex -1.52468 -5.80214 -16.2481
      vertex -1.55291 -5.79555 -16.3104
    endloop
  endfacet
  facet normal 0.227085 0.973875 0
    outer loop
      vertex -1.55291 -5.79555 -34
      vertex -1.17054 -5.88471 -18.2316
      vertex -1.17054 -5.88471 -34
    endloop
  endfacet
  facet normal 0.226959 0.973904 3.2301e-06
    outer loop
      vertex -1.17054 -5.88471 -18.2316
      vertex -1.55291 -5.79555 -34
      vertex -1.20208 -5.87736 -18.2021
    endloop
  endfacet
  facet normal 0.227049 0.973883 1.13596e-06
    outer loop
      vertex -1.20208 -5.87736 -18.2021
      vertex -1.55291 -5.79555 -34
      vertex -1.27813 -5.85963 -18.1209
    endloop
  endfacet
  facet normal 0.227146 0.973861 -6.41059e-07
    outer loop
      vertex -1.27813 -5.85963 -18.1209
      vertex -1.55291 -5.79555 -34
      vertex -1.3487 -5.84317 -18.0349
    endloop
  endfacet
  facet normal 0.227087 0.973874 1.50659e-07
    outer loop
      vertex -1.3487 -5.84317 -18.0349
      vertex -1.55291 -5.79555 -34
      vertex -1.4135 -5.82806 -17.9445
    endloop
  endfacet
  facet normal 0.227135 0.973863 -2.84743e-07
    outer loop
      vertex -1.4135 -5.82806 -17.9445
      vertex -1.55291 -5.79555 -34
      vertex -1.47224 -5.81436 -17.85
    endloop
  endfacet
  facet normal 0.226949 0.973907 6.93841e-07
    outer loop
      vertex -1.47224 -5.81436 -17.85
      vertex -1.55291 -5.79555 -34
      vertex -1.52468 -5.80214 -17.7519
    endloop
  endfacet
  facet normal 0.227328 0.973818 0
    outer loop
      vertex -1.52468 -5.80214 -17.7519
      vertex -1.55291 -5.79555 -34
      vertex -1.55291 -5.79555 -17.6896
    endloop
  endfacet
  facet normal -0.935908 0.352245 0
    outer loop
      vertex 5.54328 -2.2961 -34
      vertex 5.68158 -1.92864 -2
      vertex 5.68158 -1.92864 -34
    endloop
  endfacet
  facet normal -0.935908 0.352245 0
    outer loop
      vertex 5.68158 -1.92864 -2
      vertex 5.54328 -2.2961 -34
      vertex 5.54328 -2.2961 -2
    endloop
  endfacet
  facet normal 0.995186 -0.0980062 0
    outer loop
      vertex -5.98715 0.392418 -2
      vertex -5.94867 0.783156 -34
      vertex -5.94867 0.783156 -2
    endloop
  endfacet
  facet normal 0.995186 -0.0980062 0
    outer loop
      vertex -5.94867 0.783156 -34
      vertex -5.98715 0.392418 -2
      vertex -5.98715 0.392418 -34
    endloop
  endfacet
  facet normal 0.849207 -0.528061 0
    outer loop
      vertex -5.19615 3 -2
      vertex -4.98882 3.33342 -34
      vertex -4.98882 3.33342 -2
    endloop
  endfacet
  facet normal 0.849207 -0.528061 0
    outer loop
      vertex -4.98882 3.33342 -34
      vertex -5.19615 3 -2
      vertex -5.19615 3 -34
    endloop
  endfacet
  facet normal 0.29027 0.956945 -0
    outer loop
      vertex -1.55291 -5.79555 -16.3104
      vertex -1.92864 -5.68158 -2
      vertex -1.55291 -5.79555 -2
    endloop
  endfacet
  facet normal 0.290135 0.956986 -3.84995e-06
    outer loop
      vertex -1.57059 -5.79019 -16.3494
      vertex -1.92864 -5.68158 -2
      vertex -1.55291 -5.79555 -16.3104
    endloop
  endfacet
  facet normal 0.290323 0.956929 1.25843e-06
    outer loop
      vertex -1.60978 -5.7783 -16.4536
      vertex -1.92864 -5.68158 -2
      vertex -1.57059 -5.79019 -16.3494
    endloop
  endfacet
  facet normal 0.290156 0.956979 -2.77058e-06
    outer loop
      vertex -1.64207 -5.76851 -16.56
      vertex -1.92864 -5.68158 -2
      vertex -1.60978 -5.7783 -16.4536
    endloop
  endfacet
  facet normal 0.290203 0.956965 -1.74107e-06
    outer loop
      vertex -1.66733 -5.76085 -16.6683
      vertex -1.92864 -5.68158 -2
      vertex -1.64207 -5.76851 -16.56
    endloop
  endfacet
  facet normal 0.2903 0.956936 1.29593e-07
    outer loop
      vertex -1.68546 -5.75535 -16.7781
      vertex -1.92864 -5.68158 -2
      vertex -1.66733 -5.76085 -16.6683
    endloop
  endfacet
  facet normal 0.290528 0.956866 4.23868e-06
    outer loop
      vertex -1.69636 -5.75204 -16.8888
      vertex -1.92864 -5.68158 -2
      vertex -1.68546 -5.75535 -16.7781
    endloop
  endfacet
  facet normal 0.289601 0.957147 -1.15588e-05
    outer loop
      vertex -1.7 -5.75094 -17
      vertex -1.92864 -5.68158 -2
      vertex -1.69636 -5.75204 -16.8888
    endloop
  endfacet
  facet normal 0.29027 0.956945 0
    outer loop
      vertex -1.92864 -5.68158 -34
      vertex -1.55291 -5.79555 -17.6896
      vertex -1.55291 -5.79555 -34
    endloop
  endfacet
  facet normal 0.290134 0.956986 3.40069e-06
    outer loop
      vertex -1.55291 -5.79555 -17.6896
      vertex -1.92864 -5.68158 -34
      vertex -1.57059 -5.79019 -17.6506
    endloop
  endfacet
  facet normal 0.290323 0.956929 -1.11296e-06
    outer loop
      vertex -1.57059 -5.79019 -17.6506
      vertex -1.92864 -5.68158 -34
      vertex -1.60978 -5.7783 -17.5464
    endloop
  endfacet
  facet normal 0.290155 0.95698 2.45402e-06
    outer loop
      vertex -1.60978 -5.7783 -17.5464
      vertex -1.92864 -5.68158 -34
      vertex -1.64207 -5.76851 -17.44
    endloop
  endfacet
  facet normal 0.290203 0.956965 1.54532e-06
    outer loop
      vertex -1.64207 -5.76851 -17.44
      vertex -1.92864 -5.68158 -34
      vertex -1.66733 -5.76085 -17.3317
    endloop
  endfacet
  facet normal 0.2903 0.956936 -1.15392e-07
    outer loop
      vertex -1.66733 -5.76085 -17.3317
      vertex -1.92864 -5.68158 -34
      vertex -1.68546 -5.75535 -17.2219
    endloop
  endfacet
  facet normal 0.290532 0.956865 -3.79825e-06
    outer loop
      vertex -1.68546 -5.75535 -17.2219
      vertex -1.92864 -5.68158 -34
      vertex -1.69636 -5.75204 -17.1112
    endloop
  endfacet
  facet normal 0.289574 0.957156 1.0595e-05
    outer loop
      vertex -1.69636 -5.75204 -17.1112
      vertex -1.92864 -5.68158 -34
      vertex -1.7 -5.75094 -17
    endloop
  endfacet
  facet normal 0.290295 0.956937 0
    outer loop
      vertex -1.7 -5.75094 -17
      vertex -1.92864 -5.68158 -34
      vertex -1.92864 -5.68158 -2
    endloop
  endfacet
  facet normal 0.956945 -0.29027 0
    outer loop
      vertex -5.79555 1.55291 -2
      vertex -5.68158 1.92864 -34
      vertex -5.68158 1.92864 -2
    endloop
  endfacet
  facet normal 0.956945 -0.29027 0
    outer loop
      vertex -5.68158 1.92864 -34
      vertex -5.79555 1.55291 -2
      vertex -5.79555 1.55291 -34
    endloop
  endfacet
  facet normal 0.471406 0.881916 -0
    outer loop
      vertex -2.65373 -5.38124 -34
      vertex -3 -5.19615 -2
      vertex -2.65373 -5.38124 -2
    endloop
  endfacet
  facet normal 0.471406 0.881916 0
    outer loop
      vertex -3 -5.19615 -2
      vertex -2.65373 -5.38124 -34
      vertex -3 -5.19615 -34
    endloop
  endfacet
  facet normal 0 0 -1
    outer loop
      vertex 0 -0.799999 -2
      vertex 5.88471 -1.17054 -2
      vertex 5.79555 -1.55291 -2
    endloop
  endfacet
  facet normal 0 0 -1
    outer loop
      vertex 0 -0.799999 -2
      vertex 5.79555 -1.55291 -2
      vertex 5.68158 -1.92864 -2
    endloop
  endfacet
  facet normal 0 0 -1
    outer loop
      vertex 0 -0.799999 -2
      vertex 5.68158 -1.92864 -2
      vertex 5.54328 -2.2961 -2
    endloop
  endfacet
  facet normal 0 0 -1
    outer loop
      vertex 0 -0.799999 -2
      vertex 5.54328 -2.2961 -2
      vertex 5.38124 -2.65373 -2
    endloop
  endfacet
  facet normal 0 0 -1
    outer loop
      vertex 0 -0.799999 -2
      vertex 5.38124 -2.65373 -2
      vertex 5.19615 -3 -2
    endloop
  endfacet
  facet normal 0 0 -1
    outer loop
      vertex 0 -0.799999 -2
      vertex 5.19615 -3 -2
      vertex 4.98882 -3.33342 -2
    endloop
  endfacet
  facet normal 0 0 -1
    outer loop
      vertex 0 -0.799999 -2
      vertex 4.98882 -3.33342 -2
      vertex 4.76012 -3.65257 -2
    endloop
  endfacet
  facet normal 0 0 -1
    outer loop
      vertex 0 -0.799999 -2
      vertex 4.76012 -3.65257 -2
      vertex 4.51104 -3.95607 -2
    endloop
  endfacet
  facet normal 0 0 -1
    outer loop
      vertex 0 -0.799999 -2
      vertex 4.51104 -3.95607 -2
      vertex 4.24264 -4.24264 -2
    endloop
  endfacet
  facet normal 0 0 -1
    outer loop
      vertex 0 -0.799999 -2
      vertex 4.24264 -4.24264 -2
      vertex 3.95607 -4.51104 -2
    endloop
  endfacet
  facet normal 0 0 -1
    outer loop
      vertex 0 -0.799999 -2
      vertex 3.95607 -4.51104 -2
      vertex 3.65257 -4.76012 -2
    endloop
  endfacet
  facet normal 0 0 -1
    outer loop
      vertex 0 -0.799999 -2
      vertex 3.65257 -4.76012 -2
      vertex 3.33342 -4.98882 -2
    endloop
  endfacet
  facet normal 0 0 -1
    outer loop
      vertex 0 -0.799999 -2
      vertex 3.33342 -4.98882 -2
      vertex 3 -5.19615 -2
    endloop
  endfacet
  facet normal 0 0 -1
    outer loop
      vertex 0 -0.799999 -2
      vertex 3 -5.19615 -2
      vertex 2.65373 -5.38124 -2
    endloop
  endfacet
  facet normal 0 0 -1
    outer loop
      vertex 0 -0.799999 -2
      vertex 2.65373 -5.38124 -2
      vertex 2.2961 -5.54328 -2
    endloop
  endfacet
  facet normal 0 0 -1
    outer loop
      vertex 0 -0.799999 -2
      vertex 2.2961 -5.54328 -2
      vertex 1.92864 -5.68158 -2
    endloop
  endfacet
  facet normal 0 0 -1
    outer loop
      vertex 0 -0.799999 -2
      vertex 1.92864 -5.68158 -2
      vertex 1.55291 -5.79555 -2
    endloop
  endfacet
  facet normal 0 0 -1
    outer loop
      vertex 0 -0.799999 -2
      vertex 1.55291 -5.79555 -2
      vertex 1.17054 -5.88471 -2
    endloop
  endfacet
  facet normal 0 0 -1
    outer loop
      vertex 0 -0.799999 -2
      vertex 1.17054 -5.88471 -2
      vertex 0.783156 -5.94867 -2
    endloop
  endfacet
  facet normal 0 0 -1
    outer loop
      vertex 0 -0.799999 -2
      vertex 0.783156 -5.94867 -2
      vertex 0.392418 -5.98715 -2
    endloop
  endfacet
  facet normal 0 0 -1
    outer loop
      vertex 0 -0.799999 -2
      vertex 0.392418 -5.98715 -2
      vertex 0 -6 -2
    endloop
  endfacet
  facet normal 0 0 -1
    outer loop
      vertex 5.88471 -1.17054 -2
      vertex 0 -0.799999 -2
      vertex 5.94589 -0.799999 -2
    endloop
  endfacet
  facet normal 0 0 -1
    outer loop
      vertex -0.392418 -5.98715 -2
      vertex 0 -0.799999 -2
      vertex 0 -6 -2
    endloop
  endfacet
  facet normal 0 0 -1
    outer loop
      vertex -0.783156 -5.94867 -2
      vertex 0 -0.799999 -2
      vertex -0.392418 -5.98715 -2
    endloop
  endfacet
  facet normal 0 0 -1
    outer loop
      vertex -1.17054 -5.88471 -2
      vertex 0 -0.799999 -2
      vertex -0.783156 -5.94867 -2
    endloop
  endfacet
  facet normal 0 0 -1
    outer loop
      vertex 0 0.799999 -2
      vertex -0.392418 5.98715 -2
      vertex 0 6 -2
    endloop
  endfacet
  facet normal 0 0 -1
    outer loop
      vertex -1.55291 -5.79555 -2
      vertex 0 -0.799999 -2
      vertex -1.17054 -5.88471 -2
    endloop
  endfacet
  facet normal 0 0 -1
    outer loop
      vertex 0 0.799999 -2
      vertex -0.783156 5.94867 -2
      vertex -0.392418 5.98715 -2
    endloop
  endfacet
  facet normal 0 0 -1
    outer loop
      vertex -1.92864 -5.68158 -2
      vertex 0 -0.799999 -2
      vertex -1.55291 -5.79555 -2
    endloop
  endfacet
  facet normal 0 0 -1
    outer loop
      vertex 0 0.799999 -2
      vertex -1.17054 5.88471 -2
      vertex -0.783156 5.94867 -2
    endloop
  endfacet
  facet normal 0 0 -1
    outer loop
      vertex -2.2961 -5.54328 -2
      vertex 0 -0.799999 -2
      vertex -1.92864 -5.68158 -2
    endloop
  endfacet
  facet normal 0 0 -1
    outer loop
      vertex 0 0.799999 -2
      vertex -1.55291 5.79555 -2
      vertex -1.17054 5.88471 -2
    endloop
  endfacet
  facet normal 0 0 -1
    outer loop
      vertex -2.65373 -5.38124 -2
      vertex 0 -0.799999 -2
      vertex -2.2961 -5.54328 -2
    endloop
  endfacet
  facet normal 0 0 -1
    outer loop
      vertex 0 0.799999 -2
      vertex -1.92864 5.68158 -2
      vertex -1.55291 5.79555 -2
    endloop
  endfacet
  facet normal 0 0 -1
    outer loop
      vertex -3 -5.19615 -2
      vertex 0 -0.799999 -2
      vertex -2.65373 -5.38124 -2
    endloop
  endfacet
  facet normal 0 0 -1
    outer loop
      vertex 0 0.799999 -2
      vertex -2.2961 5.54328 -2
      vertex -1.92864 5.68158 -2
    endloop
  endfacet
  facet normal 0 0 -1
    outer loop
      vertex -3.33342 -4.98882 -2
      vertex 0 -0.799999 -2
      vertex -3 -5.19615 -2
    endloop
  endfacet
  facet normal 0 0 -1
    outer loop
      vertex 0 0.799999 -2
      vertex -2.65373 5.38124 -2
      vertex -2.2961 5.54328 -2
    endloop
  endfacet
  facet normal 0 0 -1
    outer loop
      vertex -3.65257 -4.76012 -2
      vertex 0 -0.799999 -2
      vertex -3.33342 -4.98882 -2
    endloop
  endfacet
  facet normal 0 0 -1
    outer loop
      vertex 0 0.799999 -2
      vertex -3 5.19615 -2
      vertex -2.65373 5.38124 -2
    endloop
  endfacet
  facet normal 0 0 -1
    outer loop
      vertex -3.95607 -4.51104 -2
      vertex 0 -0.799999 -2
      vertex -3.65257 -4.76012 -2
    endloop
  endfacet
  facet normal 0 0 -1
    outer loop
      vertex 0 0.799999 -2
      vertex -3.33342 4.98882 -2
      vertex -3 5.19615 -2
    endloop
  endfacet
  facet normal 0 0 -1
    outer loop
      vertex -4.24264 -4.24264 -2
      vertex 0 -0.799999 -2
      vertex -3.95607 -4.51104 -2
    endloop
  endfacet
  facet normal 0 0 -1
    outer loop
      vertex 0 0.799999 -2
      vertex -3.65257 4.76012 -2
      vertex -3.33342 4.98882 -2
    endloop
  endfacet
  facet normal 0 0 -1
    outer loop
      vertex -4.51104 -3.95607 -2
      vertex 0 -0.799999 -2
      vertex -4.24264 -4.24264 -2
    endloop
  endfacet
  facet normal 0 0 -1
    outer loop
      vertex 0 0.799999 -2
      vertex -3.95607 4.51104 -2
      vertex -3.65257 4.76012 -2
    endloop
  endfacet
  facet normal 0 0 -1
    outer loop
      vertex -4.76012 -3.65257 -2
      vertex 0 -0.799999 -2
      vertex -4.51104 -3.95607 -2
    endloop
  endfacet
  facet normal 0 0 -1
    outer loop
      vertex 0 0.799999 -2
      vertex -4.24264 4.24264 -2
      vertex -3.95607 4.51104 -2
    endloop
  endfacet
  facet normal 0 0 -1
    outer loop
      vertex -4.98882 -3.33342 -2
      vertex 0 -0.799999 -2
      vertex -4.76012 -3.65257 -2
    endloop
  endfacet
  facet normal 0 0 -1
    outer loop
      vertex 0 0.799999 -2
      vertex -4.51104 3.95607 -2
      vertex -4.24264 4.24264 -2
    endloop
  endfacet
  facet normal 0 0 -1
    outer loop
      vertex -5.19615 -3 -2
      vertex 0 -0.799999 -2
      vertex -4.98882 -3.33342 -2
    endloop
  endfacet
  facet normal 0 0 -1
    outer loop
      vertex 0 0.799999 -2
      vertex -4.76012 3.65257 -2
      vertex -4.51104 3.95607 -2
    endloop
  endfacet
  facet normal 0 0 -1
    outer loop
      vertex -5.38124 -2.65373 -2
      vertex 0 -0.799999 -2
      vertex -5.19615 -3 -2
    endloop
  endfacet
  facet normal 0 0 -1
    outer loop
      vertex 0 0.799999 -2
      vertex -4.98882 3.33342 -2
      vertex -4.76012 3.65257 -2
    endloop
  endfacet
  facet normal 0 0 -1
    outer loop
      vertex -5.54328 -2.2961 -2
      vertex 0 -0.799999 -2
      vertex -5.38124 -2.65373 -2
    endloop
  endfacet
  facet normal 0 0 -1
    outer loop
      vertex 0 0.799999 -2
      vertex -5.19615 3 -2
      vertex -4.98882 3.33342 -2
    endloop
  endfacet
  facet normal 0 0 -1
    outer loop
      vertex -5.68158 -1.92864 -2
      vertex 0 -0.799999 -2
      vertex -5.54328 -2.2961 -2
    endloop
  endfacet
  facet normal 0 0 -1
    outer loop
      vertex 0 0.799999 -2
      vertex -5.38124 2.65373 -2
      vertex -5.19615 3 -2
    endloop
  endfacet
  facet normal 0 0 -1
    outer loop
      vertex -5.79555 -1.55291 -2
      vertex 0 -0.799999 -2
      vertex -5.68158 -1.92864 -2
    endloop
  endfacet
  facet normal 0 0 -1
    outer loop
      vertex 0 0.799999 -2
      vertex -5.54328 2.2961 -2
      vertex -5.38124 2.65373 -2
    endloop
  endfacet
  facet normal 0 0 -1
    outer loop
      vertex -5.88471 -1.17054 -2
      vertex 0 -0.799999 -2
      vertex -5.79555 -1.55291 -2
    endloop
  endfacet
  facet normal 0 0 -1
    outer loop
      vertex 0 0.799999 -2
      vertex -5.68158 1.92864 -2
      vertex -5.54328 2.2961 -2
    endloop
  endfacet
  facet normal 0 0 -1
    outer loop
      vertex -5.94867 -0.783156 -2
      vertex 0 -0.799999 -2
      vertex -5.88471 -1.17054 -2
    endloop
  endfacet
  facet normal 0 0 -1
    outer loop
      vertex 0 0.799999 -2
      vertex -5.79555 1.55291 -2
      vertex -5.68158 1.92864 -2
    endloop
  endfacet
  facet normal 0 0 -1
    outer loop
      vertex -5.98715 -0.392418 -2
      vertex 0 -0.799999 -2
      vertex -5.94867 -0.783156 -2
    endloop
  endfacet
  facet normal 0 0 -1
    outer loop
      vertex 0 0.799999 -2
      vertex -5.88471 1.17054 -2
      vertex -5.79555 1.55291 -2
    endloop
  endfacet
  facet normal 0 0 -1
    outer loop
      vertex -6 0 -2
      vertex 0 -0.799999 -2
      vertex -5.98715 -0.392418 -2
    endloop
  endfacet
  facet normal -0 0 -1
    outer loop
      vertex 0 0.799999 -2
      vertex -5.94867 0.783156 -2
      vertex -5.88471 1.17054 -2
    endloop
  endfacet
  facet normal 0 0 -1
    outer loop
      vertex 0 -0.799999 -2
      vertex -6 0 -2
      vertex 0 0.799999 -2
    endloop
  endfacet
  facet normal 0 0 -1
    outer loop
      vertex 0 0.799999 -2
      vertex -5.98715 0.392418 -2
      vertex -5.94867 0.783156 -2
    endloop
  endfacet
  facet normal 0 0 -1
    outer loop
      vertex 0 0.799999 -2
      vertex -6 0 -2
      vertex -5.98715 0.392418 -2
    endloop
  endfacet
  facet normal 0 0 -1
    outer loop
      vertex 0 0.799999 -2
      vertex 5.88471 1.17054 -2
      vertex 5.94589 0.799999 -2
    endloop
  endfacet
  facet normal -0 0 -1
    outer loop
      vertex 5.88471 1.17054 -2
      vertex 0 0.799999 -2
      vertex 5.79555 1.55291 -2
    endloop
  endfacet
  facet normal -0 0 -1
    outer loop
      vertex 5.79555 1.55291 -2
      vertex 0 0.799999 -2
      vertex 5.68158 1.92864 -2
    endloop
  endfacet
  facet normal -0 0 -1
    outer loop
      vertex 5.68158 1.92864 -2
      vertex 0 0.799999 -2
      vertex 5.54328 2.2961 -2
    endloop
  endfacet
  facet normal -0 0 -1
    outer loop
      vertex 5.54328 2.2961 -2
      vertex 0 0.799999 -2
      vertex 5.38124 2.65373 -2
    endloop
  endfacet
  facet normal -0 0 -1
    outer loop
      vertex 5.38124 2.65373 -2
      vertex 0 0.799999 -2
      vertex 5.19615 3 -2
    endloop
  endfacet
  facet normal -0 0 -1
    outer loop
      vertex 5.19615 3 -2
      vertex 0 0.799999 -2
      vertex 4.98882 3.33342 -2
    endloop
  endfacet
  facet normal -0 0 -1
    outer loop
      vertex 4.98882 3.33342 -2
      vertex 0 0.799999 -2
      vertex 4.76012 3.65257 -2
    endloop
  endfacet
  facet normal -0 0 -1
    outer loop
      vertex 4.76012 3.65257 -2
      vertex 0 0.799999 -2
      vertex 4.51104 3.95607 -2
    endloop
  endfacet
  facet normal -0 0 -1
    outer loop
      vertex 4.51104 3.95607 -2
      vertex 0 0.799999 -2
      vertex 4.24264 4.24264 -2
    endloop
  endfacet
  facet normal -0 0 -1
    outer loop
      vertex 4.24264 4.24264 -2
      vertex 0 0.799999 -2
      vertex 3.95607 4.51104 -2
    endloop
  endfacet
  facet normal -0 0 -1
    outer loop
      vertex 3.95607 4.51104 -2
      vertex 0 0.799999 -2
      vertex 3.65257 4.76012 -2
    endloop
  endfacet
  facet normal -0 0 -1
    outer loop
      vertex 3.65257 4.76012 -2
      vertex 0 0.799999 -2
      vertex 3.33342 4.98882 -2
    endloop
  endfacet
  facet normal -0 0 -1
    outer loop
      vertex 3.33342 4.98882 -2
      vertex 0 0.799999 -2
      vertex 3 5.19615 -2
    endloop
  endfacet
  facet normal -0 0 -1
    outer loop
      vertex 3 5.19615 -2
      vertex 0 0.799999 -2
      vertex 2.65373 5.38124 -2
    endloop
  endfacet
  facet normal -0 0 -1
    outer loop
      vertex 2.65373 5.38124 -2
      vertex 0 0.799999 -2
      vertex 2.2961 5.54328 -2
    endloop
  endfacet
  facet normal -0 0 -1
    outer loop
      vertex 2.2961 5.54328 -2
      vertex 0 0.799999 -2
      vertex 1.92864 5.68158 -2
    endloop
  endfacet
  facet normal -0 0 -1
    outer loop
      vertex 1.92864 5.68158 -2
      vertex 0 0.799999 -2
      vertex 1.55291 5.79555 -2
    endloop
  endfacet
  facet normal -0 0 -1
    outer loop
      vertex 1.55291 5.79555 -2
      vertex 0 0.799999 -2
      vertex 1.17054 5.88471 -2
    endloop
  endfacet
  facet normal -0 0 -1
    outer loop
      vertex 1.17054 5.88471 -2
      vertex 0 0.799999 -2
      vertex 0.783156 5.94867 -2
    endloop
  endfacet
  facet normal -0 0 -1
    outer loop
      vertex 0.783156 5.94867 -2
      vertex 0 0.799999 -2
      vertex 0.392418 5.98715 -2
    endloop
  endfacet
  facet normal -0 0 -1
    outer loop
      vertex 0.392418 5.98715 -2
      vertex 0 0.799999 -2
      vertex 0 6 -2
    endloop
  endfacet
  facet normal 0.412707 0.910864 -0
    outer loop
      vertex -2.2961 -5.54328 -34
      vertex -2.65373 -5.38124 -2
      vertex -2.2961 -5.54328 -2
    endloop
  endfacet
  facet normal 0.412707 0.910864 0
    outer loop
      vertex -2.65373 -5.38124 -2
      vertex -2.2961 -5.54328 -34
      vertex -2.65373 -5.38124 -34
    endloop
  endfacet
  facet normal 0.471406 -0.881916 0
    outer loop
      vertex -3 5.19615 -34
      vertex -2.65373 5.38124 -2
      vertex -3 5.19615 -2
    endloop
  endfacet
  facet normal 0.471406 -0.881916 0
    outer loop
      vertex -2.65373 5.38124 -2
      vertex -3 5.19615 -34
      vertex -2.65373 5.38124 -34
    endloop
  endfacet
  facet normal 0.582478 0.812846 -0
    outer loop
      vertex -3.33342 -4.98882 -34
      vertex -3.65257 -4.76012 -2
      vertex -3.33342 -4.98882 -2
    endloop
  endfacet
  facet normal 0.582478 0.812846 0
    outer loop
      vertex -3.65257 -4.76012 -2
      vertex -3.33342 -4.98882 -34
      vertex -3.65257 -4.76012 -34
    endloop
  endfacet
  facet normal 0 0 -1
    outer loop
      vertex 0 -0.799999 -0.0999994
      vertex 9 0 -0.0999994
      vertex 8.98073 -0.588628 -0.0999994
    endloop
  endfacet
  facet normal 0 0 -1
    outer loop
      vertex 0 -0.799999 -0.0999994
      vertex 8.98073 -0.588628 -0.0999994
      vertex 8.95991 -0.799999 -0.0999994
    endloop
  endfacet
  facet normal 0 0 -1
    outer loop
      vertex 0 0.799999 -0.0999994
      vertex 9 0 -0.0999994
      vertex 0 -0.799999 -0.0999994
    endloop
  endfacet
  facet normal 0 0 -1
    outer loop
      vertex 9 0 -0.0999994
      vertex 0 0.799999 -0.0999994
      vertex 8.98073 0.588628 -0.0999994
    endloop
  endfacet
  facet normal 0 0 -1
    outer loop
      vertex 8.98073 0.588628 -0.0999994
      vertex 0 0.799999 -0.0999994
      vertex 8.95991 0.799999 -0.0999994
    endloop
  endfacet
  facet normal 1 -0 0
    outer loop
      vertex 0 -0.799999 -0.0999994
      vertex 0 0.799999 -2
      vertex 0 0.799999 -0.0999994
    endloop
  endfacet
  facet normal 1 0 0
    outer loop
      vertex 0 0.799999 -2
      vertex 0 -0.799999 -0.0999994
      vertex 0 -0.799999 -2
    endloop
  endfacet
  facet normal 0 -1 0
    outer loop
      vertex 5.94589 0.799999 -2
      vertex 0 0.799999 -0.0999994
      vertex 0 0.799999 -2
    endloop
  endfacet
  facet normal 0 -1 0
    outer loop
      vertex 0 0.799999 -0.0999994
      vertex 5.94589 0.799999 -2
      vertex 8.95991 0.799999 -0.0999994
    endloop
  endfacet
  facet normal 0 -1 0
    outer loop
      vertex 8.95991 0.799999 -34
      vertex 5.94589 0.799999 -2
      vertex 5.94589 0.799999 -34
    endloop
  endfacet
  facet normal 0 -1 0
    outer loop
      vertex 5.94589 0.799999 -2
      vertex 8.95991 0.799999 -34
      vertex 8.95991 0.799999 -0.0999994
    endloop
  endfacet
  facet normal 0 1 0
    outer loop
      vertex 8.95991 -0.799999 -0.0999994
      vertex 5.94589 -0.799999 -2
      vertex 0 -0.799999 -0.0999994
    endloop
  endfacet
  facet normal 0 1 -0
    outer loop
      vertex 8.95991 -0.799999 -34
      vertex 5.94589 -0.799999 -2
      vertex 8.95991 -0.799999 -0.0999994
    endloop
  endfacet
  facet normal 0 1 0
    outer loop
      vertex 5.94589 -0.799999 -2
      vertex 8.95991 -0.799999 -34
      vertex 5.94589 -0.799999 -34
    endloop
  endfacet
  facet normal 0 1 0
    outer loop
      vertex 0 -0.799999 -0.0999994
      vertex 5.94589 -0.799999 -2
      vertex 0 -0.799999 -2
    endloop
  endfacet
  facet normal 0.986641 0 -0.162913
    outer loop
      vertex -1.66733 -5.76085 -16.6683
      vertex -1.68546 -8.83868 -16.7781
      vertex -1.68546 -5.75535 -16.7781
    endloop
  endfacet
  facet normal 0.986641 0 -0.162913
    outer loop
      vertex -1.68546 -8.83868 -16.7781
      vertex -1.66733 -5.76085 -16.6683
      vertex -1.66733 -8.84167 -16.6683
    endloop
  endfacet
  facet normal 0.986641 0 -0.162913
    outer loop
      vertex -1.66733 5.76085 -16.6683
      vertex -1.68546 8.83868 -16.7781
      vertex -1.66733 8.84167 -16.6683
    endloop
  endfacet
  facet normal 0.986641 0 -0.162913
    outer loop
      vertex -1.68546 8.83868 -16.7781
      vertex -1.66733 5.76085 -16.6683
      vertex -1.68546 5.75535 -16.7781
    endloop
  endfacet
  facet normal -0.999465 0 0.0327163
    outer loop
      vertex 1.69636 -5.75204 -17.1112
      vertex 1.7 -8.83628 -17
      vertex 1.7 -5.75094 -17
    endloop
  endfacet
  facet normal -0.999465 0 0.0327163
    outer loop
      vertex 1.7 -8.83628 -17
      vertex 1.69636 -5.75204 -17.1112
      vertex 1.69636 -8.83688 -17.1112
    endloop
  endfacet
  facet normal -0.999465 0 0.0327163
    outer loop
      vertex 1.69636 5.75204 -17.1112
      vertex 1.7 8.83628 -17
      vertex 1.69636 8.83688 -17.1112
    endloop
  endfacet
  facet normal -0.999465 0 0.0327163
    outer loop
      vertex 1.7 8.83628 -17
      vertex 1.69636 5.75204 -17.1112
      vertex 1.7 5.75094 -17
    endloop
  endfacet
  facet normal -0.995187 0 -0.0979904
    outer loop
      vertex 1.69636 -8.83688 -16.8888
      vertex 1.68546 -5.75535 -16.7781
      vertex 1.69636 -5.75204 -16.8888
    endloop
  endfacet
  facet normal -0.995187 -0 -0.0979904
    outer loop
      vertex 1.68546 -5.75535 -16.7781
      vertex 1.69636 -8.83688 -16.8888
      vertex 1.68546 -8.83868 -16.7781
    endloop
  endfacet
  facet normal -0.995187 0 -0.0979904
    outer loop
      vertex 1.69636 8.83688 -16.8888
      vertex 1.68546 5.75535 -16.7781
      vertex 1.68546 8.83868 -16.7781
    endloop
  endfacet
  facet normal -0.995187 0 -0.0979904
    outer loop
      vertex 1.68546 5.75535 -16.7781
      vertex 1.69636 8.83688 -16.8888
      vertex 1.69636 5.75204 -16.8888
    endloop
  endfacet
  facet normal -0.999465 0 -0.0327163
    outer loop
      vertex 1.7 -8.83628 -17
      vertex 1.69636 -5.75204 -16.8888
      vertex 1.7 -5.75094 -17
    endloop
  endfacet
  facet normal -0.999465 -0 -0.0327163
    outer loop
      vertex 1.69636 -5.75204 -16.8888
      vertex 1.7 -8.83628 -17
      vertex 1.69636 -8.83688 -16.8888
    endloop
  endfacet
  facet normal -0.999465 0 -0.0327163
    outer loop
      vertex 1.7 8.83628 -17
      vertex 1.69636 5.75204 -16.8888
      vertex 1.69636 8.83688 -16.8888
    endloop
  endfacet
  facet normal -0.999465 0 -0.0327163
    outer loop
      vertex 1.69636 5.75204 -16.8888
      vertex 1.7 8.83628 -17
      vertex 1.7 5.75094 -17
    endloop
  endfacet
  facet normal -0.227218 0 0.973844
    outer loop
      vertex 0.439992 8.9856 -18.6421
      vertex 0.392418 5.98715 -18.6532
      vertex 0.439992 5.98247 -18.6421
    endloop
  endfacet
  facet normal -0.226555 0 0.973998
    outer loop
      vertex 0.331653 5.98914 -18.6673
      vertex 0.439992 8.9856 -18.6421
      vertex 0.331653 8.98914 -18.6673
    endloop
  endfacet
  facet normal -0.226037 -1.97613e-05 0.974119
    outer loop
      vertex 0.439992 8.9856 -18.6421
      vertex 0.331653 5.98914 -18.6673
      vertex 0.392418 5.98715 -18.6532
    endloop
  endfacet
  facet normal -0.227218 0 0.973844
    outer loop
      vertex 0.392418 -5.98715 -18.6532
      vertex 0.439992 -8.9856 -18.6421
      vertex 0.439992 -5.98247 -18.6421
    endloop
  endfacet
  facet normal -0.226037 1.97613e-05 0.974119
    outer loop
      vertex 0.331653 -5.98914 -18.6673
      vertex 0.439992 -8.9856 -18.6421
      vertex 0.392418 -5.98715 -18.6532
    endloop
  endfacet
  facet normal -0.226555 0 0.973998
    outer loop
      vertex 0.439992 -8.9856 -18.6421
      vertex 0.331653 -5.98914 -18.6673
      vertex 0.331653 -8.98914 -18.6673
    endloop
  endfacet
  facet normal 0.973861 -0 0.227144
    outer loop
      vertex -1.66733 -8.84167 -17.3317
      vertex -1.64207 -5.76851 -17.44
      vertex -1.66733 -5.76085 -17.3317
    endloop
  endfacet
  facet normal 0.973861 0 0.227144
    outer loop
      vertex -1.64207 -5.76851 -17.44
      vertex -1.66733 -8.84167 -17.3317
      vertex -1.64207 -8.84585 -17.44
    endloop
  endfacet
  facet normal 0.973861 0 0.227144
    outer loop
      vertex -1.66733 8.84167 -17.3317
      vertex -1.64207 5.76851 -17.44
      vertex -1.64207 8.84585 -17.44
    endloop
  endfacet
  facet normal 0.973861 0 0.227144
    outer loop
      vertex -1.64207 5.76851 -17.44
      vertex -1.66733 8.84167 -17.3317
      vertex -1.66733 5.76085 -17.3317
    endloop
  endfacet
  facet normal 0.582504 -0 0.812827
    outer loop
      vertex -1.03489 -8.93678 -18.3487
      vertex -0.944468 -5.92204 -18.4135
      vertex -1.03489 -5.90711 -18.3487
    endloop
  endfacet
  facet normal 0.582504 0 0.812827
    outer loop
      vertex -0.944468 -5.92204 -18.4135
      vertex -1.03489 -8.93678 -18.3487
      vertex -0.944468 -8.94568 -18.4135
    endloop
  endfacet
  facet normal 0.582504 0 0.812827
    outer loop
      vertex -1.03489 8.93678 -18.3487
      vertex -0.944468 5.92204 -18.4135
      vertex -0.944468 8.94568 -18.4135
    endloop
  endfacet
  facet normal 0.582504 0 0.812827
    outer loop
      vertex -0.944468 5.92204 -18.4135
      vertex -1.03489 8.93678 -18.3487
      vertex -1.03489 5.90711 -18.3487
    endloop
  endfacet
  facet normal -0.81276 0 -0.582598
    outer loop
      vertex 1.4135 -8.88358 -16.0555
      vertex 1.3487 -5.84317 -15.9651
      vertex 1.4135 -5.82806 -16.0555
    endloop
  endfacet
  facet normal -0.81276 -0 -0.582598
    outer loop
      vertex 1.3487 -5.84317 -15.9651
      vertex 1.4135 -8.88358 -16.0555
      vertex 1.3487 -8.89428 -15.9651
    endloop
  endfacet
  facet normal -0.81276 0 -0.582598
    outer loop
      vertex 1.4135 8.88358 -16.0555
      vertex 1.3487 5.84317 -15.9651
      vertex 1.3487 8.89428 -15.9651
    endloop
  endfacet
  facet normal -0.81276 0 -0.582598
    outer loop
      vertex 1.3487 5.84317 -15.9651
      vertex 1.4135 8.88358 -16.0555
      vertex 1.4135 5.82806 -16.0555
    endloop
  endfacet
  facet normal -0.0979826 0 0.995188
    outer loop
      vertex 0.111185 -5.99636 -18.6964
      vertex 0.221894 -8.99274 -18.6855
      vertex 0.221894 -5.99274 -18.6855
    endloop
  endfacet
  facet normal -0.0979826 0 0.995188
    outer loop
      vertex 0.221894 -8.99274 -18.6855
      vertex 0.111185 -5.99636 -18.6964
      vertex 0.111185 -8.99636 -18.6964
    endloop
  endfacet
  facet normal -0.0979826 0 0.995188
    outer loop
      vertex 0.111185 5.99636 -18.6964
      vertex 0.221894 8.99274 -18.6855
      vertex 0.111185 8.99636 -18.6964
    endloop
  endfacet
  facet normal -0.0979826 0 0.995188
    outer loop
      vertex 0.221894 8.99274 -18.6855
      vertex 0.111185 5.99636 -18.6964
      vertex 0.221894 5.99274 -18.6855
    endloop
  endfacet
  facet normal -0.527779 0 0.849382
    outer loop
      vertex 0.849999 -5.93763 -18.4722
      vertex 0.944468 -8.94568 -18.4135
      vertex 0.944468 -5.92204 -18.4135
    endloop
  endfacet
  facet normal -0.527779 0 0.849382
    outer loop
      vertex 0.944468 -8.94568 -18.4135
      vertex 0.849999 -5.93763 -18.4722
      vertex 0.849999 -8.95499 -18.4722
    endloop
  endfacet
  facet normal -0.527779 0 0.849382
    outer loop
      vertex 0.849999 5.93763 -18.4722
      vertex 0.944468 8.94568 -18.4135
      vertex 0.849999 8.95499 -18.4722
    endloop
  endfacet
  facet normal -0.527779 0 0.849382
    outer loop
      vertex 0.944468 8.94568 -18.4135
      vertex 0.849999 5.93763 -18.4722
      vertex 0.944468 5.92204 -18.4135
    endloop
  endfacet
  facet normal -0.910782 0 -0.412888
    outer loop
      vertex 1.57059 -8.85765 -16.3494
      vertex 1.55291 -5.79555 -16.3104
      vertex 1.57059 -5.79019 -16.3494
    endloop
  endfacet
  facet normal -0.910851 -2.3555e-06 -0.412734
    outer loop
      vertex 1.57059 -8.85765 -16.3494
      vertex 1.52468 -5.80214 -16.2481
      vertex 1.55291 -5.79555 -16.3104
    endloop
  endfacet
  facet normal -0.910825 -0 -0.412793
    outer loop
      vertex 1.52468 -5.80214 -16.2481
      vertex 1.57059 -8.85765 -16.3494
      vertex 1.52468 -8.86523 -16.2481
    endloop
  endfacet
  facet normal -0.910825 0 -0.412793
    outer loop
      vertex 1.57059 8.85765 -16.3494
      vertex 1.52468 5.80214 -16.2481
      vertex 1.52468 8.86523 -16.2481
    endloop
  endfacet
  facet normal -0.910851 2.3555e-06 -0.412734
    outer loop
      vertex 1.57059 8.85765 -16.3494
      vertex 1.55291 5.79555 -16.3104
      vertex 1.52468 5.80214 -16.2481
    endloop
  endfacet
  facet normal -0.910782 0 -0.412888
    outer loop
      vertex 1.55291 5.79555 -16.3104
      vertex 1.57059 8.85765 -16.3494
      vertex 1.57059 5.79019 -16.3494
    endloop
  endfacet
  facet normal -0.910782 0 0.412888
    outer loop
      vertex 1.55291 -5.79555 -17.6896
      vertex 1.57059 -8.85765 -17.6506
      vertex 1.57059 -5.79019 -17.6506
    endloop
  endfacet
  facet normal -0.910851 -2.3555e-06 0.412734
    outer loop
      vertex 1.52468 -5.80214 -17.7519
      vertex 1.57059 -8.85765 -17.6506
      vertex 1.55291 -5.79555 -17.6896
    endloop
  endfacet
  facet normal -0.910825 0 0.412793
    outer loop
      vertex 1.57059 -8.85765 -17.6506
      vertex 1.52468 -5.80214 -17.7519
      vertex 1.52468 -8.86523 -17.7519
    endloop
  endfacet
  facet normal -0.910825 0 0.412793
    outer loop
      vertex 1.52468 5.80214 -17.7519
      vertex 1.57059 8.85765 -17.6506
      vertex 1.52468 8.86523 -17.7519
    endloop
  endfacet
  facet normal -0.910851 2.3555e-06 0.412734
    outer loop
      vertex 1.55291 5.79555 -17.6896
      vertex 1.57059 8.85765 -17.6506
      vertex 1.52468 5.80214 -17.7519
    endloop
  endfacet
  facet normal -0.910782 0 0.412888
    outer loop
      vertex 1.57059 8.85765 -17.6506
      vertex 1.55291 5.79555 -17.6896
      vertex 1.57059 5.79019 -17.6506
    endloop
  endfacet
  facet normal -0.773047 0 0.634348
    outer loop
      vertex 1.27813 -5.85963 -18.1209
      vertex 1.3487 -8.89428 -18.0349
      vertex 1.3487 -5.84317 -18.0349
    endloop
  endfacet
  facet normal -0.773047 0 0.634348
    outer loop
      vertex 1.3487 -8.89428 -18.0349
      vertex 1.27813 -5.85963 -18.1209
      vertex 1.27813 -8.90593 -18.1209
    endloop
  endfacet
  facet normal -0.773047 0 0.634348
    outer loop
      vertex 1.27813 5.85963 -18.1209
      vertex 1.3487 8.89428 -18.0349
      vertex 1.27813 8.90593 -18.1209
    endloop
  endfacet
  facet normal -0.773047 0 0.634348
    outer loop
      vertex 1.3487 8.89428 -18.0349
      vertex 1.27813 5.85963 -18.1209
      vertex 1.3487 5.84317 -18.0349
    endloop
  endfacet
  facet normal 0.935989 -0 0.352029
    outer loop
      vertex -1.60978 -8.85118 -17.5464
      vertex -1.57059 -5.79019 -17.6506
      vertex -1.60978 -5.7783 -17.5464
    endloop
  endfacet
  facet normal 0.935989 0 0.352029
    outer loop
      vertex -1.57059 -5.79019 -17.6506
      vertex -1.60978 -8.85118 -17.5464
      vertex -1.57059 -8.85765 -17.6506
    endloop
  endfacet
  facet normal 0.935989 0 0.352029
    outer loop
      vertex -1.60978 8.85118 -17.5464
      vertex -1.57059 5.79019 -17.6506
      vertex -1.57059 8.85765 -17.6506
    endloop
  endfacet
  facet normal 0.935989 0 0.352029
    outer loop
      vertex -1.57059 5.79019 -17.6506
      vertex -1.60978 8.85118 -17.5464
      vertex -1.60978 5.7783 -17.5464
    endloop
  endfacet
  facet normal 0.986641 -0 0.162913
    outer loop
      vertex -1.68546 -8.83868 -17.2219
      vertex -1.66733 -5.76085 -17.3317
      vertex -1.68546 -5.75535 -17.2219
    endloop
  endfacet
  facet normal 0.986641 0 0.162913
    outer loop
      vertex -1.66733 -5.76085 -17.3317
      vertex -1.68546 -8.83868 -17.2219
      vertex -1.66733 -8.84167 -17.3317
    endloop
  endfacet
  facet normal 0.986641 0 0.162913
    outer loop
      vertex -1.68546 8.83868 -17.2219
      vertex -1.66733 5.76085 -17.3317
      vertex -1.66733 8.84167 -17.3317
    endloop
  endfacet
  facet normal 0.986641 0 0.162913
    outer loop
      vertex -1.66733 5.76085 -17.3317
      vertex -1.68546 8.83868 -17.2219
      vertex -1.68546 5.75535 -17.2219
    endloop
  endfacet
  facet normal 0.973861 0 -0.227144
    outer loop
      vertex -1.64207 -5.76851 -16.56
      vertex -1.66733 -8.84167 -16.6683
      vertex -1.66733 -5.76085 -16.6683
    endloop
  endfacet
  facet normal 0.973861 0 -0.227144
    outer loop
      vertex -1.66733 -8.84167 -16.6683
      vertex -1.64207 -5.76851 -16.56
      vertex -1.64207 -8.84585 -16.56
    endloop
  endfacet
  facet normal 0.973861 0 -0.227144
    outer loop
      vertex -1.64207 5.76851 -16.56
      vertex -1.66733 8.84167 -16.6683
      vertex -1.64207 8.84585 -16.56
    endloop
  endfacet
  facet normal 0.973861 0 -0.227144
    outer loop
      vertex -1.66733 8.84167 -16.6683
      vertex -1.64207 5.76851 -16.56
      vertex -1.66733 5.76085 -16.6683
    endloop
  endfacet
  facet normal -0.935989 0 -0.352029
    outer loop
      vertex 1.60978 -8.85118 -16.4536
      vertex 1.57059 -5.79019 -16.3494
      vertex 1.60978 -5.7783 -16.4536
    endloop
  endfacet
  facet normal -0.935989 -0 -0.352029
    outer loop
      vertex 1.57059 -5.79019 -16.3494
      vertex 1.60978 -8.85118 -16.4536
      vertex 1.57059 -8.85765 -16.3494
    endloop
  endfacet
  facet normal -0.935989 0 -0.352029
    outer loop
      vertex 1.60978 8.85118 -16.4536
      vertex 1.57059 5.79019 -16.3494
      vertex 1.57059 8.85765 -16.3494
    endloop
  endfacet
  facet normal -0.935989 0 -0.352029
    outer loop
      vertex 1.57059 5.79019 -16.3494
      vertex 1.60978 8.85118 -16.4536
      vertex 1.60978 5.7783 -16.4536
    endloop
  endfacet
  facet normal 0.935989 0 -0.352029
    outer loop
      vertex -1.57059 -5.79019 -16.3494
      vertex -1.60978 -8.85118 -16.4536
      vertex -1.60978 -5.7783 -16.4536
    endloop
  endfacet
  facet normal 0.935989 0 -0.352029
    outer loop
      vertex -1.60978 -8.85118 -16.4536
      vertex -1.57059 -5.79019 -16.3494
      vertex -1.57059 -8.85765 -16.3494
    endloop
  endfacet
  facet normal 0.935989 0 -0.352029
    outer loop
      vertex -1.57059 5.79019 -16.3494
      vertex -1.60978 8.85118 -16.4536
      vertex -1.57059 8.85765 -16.3494
    endloop
  endfacet
  facet normal 0.935989 0 -0.352029
    outer loop
      vertex -1.60978 8.85118 -16.4536
      vertex -1.57059 5.79019 -16.3494
      vertex -1.60978 5.7783 -16.4536
    endloop
  endfacet
  facet normal -0.634509 -0 -0.772915
    outer loop
      vertex 1.03489 -5.90711 -15.6513
      vertex 1.12089 -8.92831 -15.7219
      vertex 1.03489 -8.93678 -15.6513
    endloop
  endfacet
  facet normal -0.634509 0 -0.772915
    outer loop
      vertex 1.12089 -8.92831 -15.7219
      vertex 1.03489 -5.90711 -15.6513
      vertex 1.12089 -5.89291 -15.7219
    endloop
  endfacet
  facet normal -0.634509 0 -0.772915
    outer loop
      vertex 1.03489 5.90711 -15.6513
      vertex 1.12089 8.92831 -15.7219
      vertex 1.12089 5.89291 -15.7219
    endloop
  endfacet
  facet normal -0.634509 0 -0.772915
    outer loop
      vertex 1.12089 8.92831 -15.7219
      vertex 1.03489 5.90711 -15.6513
      vertex 1.03489 8.93678 -15.6513
    endloop
  endfacet
  facet normal 0.956906 0 -0.290399
    outer loop
      vertex -1.60978 -5.7783 -16.4536
      vertex -1.64207 -8.84585 -16.56
      vertex -1.64207 -5.76851 -16.56
    endloop
  endfacet
  facet normal 0.956906 0 -0.290399
    outer loop
      vertex -1.64207 -8.84585 -16.56
      vertex -1.60978 -5.7783 -16.4536
      vertex -1.60978 -8.85118 -16.4536
    endloop
  endfacet
  facet normal 0.956906 0 -0.290399
    outer loop
      vertex -1.60978 5.7783 -16.4536
      vertex -1.64207 8.84585 -16.56
      vertex -1.60978 8.85118 -16.4536
    endloop
  endfacet
  facet normal 0.956906 0 -0.290399
    outer loop
      vertex -1.64207 8.84585 -16.56
      vertex -1.60978 5.7783 -16.4536
      vertex -1.64207 5.76851 -16.56
    endloop
  endfacet
  facet normal -0.472132 0 0.881528
    outer loop
      vertex 0.783156 -5.94867 -18.508
      vertex 0.849999 -8.95499 -18.4722
      vertex 0.849999 -5.93763 -18.4722
    endloop
  endfacet
  facet normal -0.471135 2.85092e-05 0.882061
    outer loop
      vertex 0.75189 -5.95175 -18.5247
      vertex 0.849999 -8.95499 -18.4722
      vertex 0.783156 -5.94867 -18.508
    endloop
  endfacet
  facet normal -0.471814 0 0.881698
    outer loop
      vertex 0.849999 -8.95499 -18.4722
      vertex 0.75189 -5.95175 -18.5247
      vertex 0.75189 -8.96465 -18.5247
    endloop
  endfacet
  facet normal -0.472132 0 0.881528
    outer loop
      vertex 0.849999 8.95499 -18.4722
      vertex 0.783156 5.94867 -18.508
      vertex 0.849999 5.93763 -18.4722
    endloop
  endfacet
  facet normal -0.471814 0 0.881698
    outer loop
      vertex 0.75189 5.95175 -18.5247
      vertex 0.849999 8.95499 -18.4722
      vertex 0.75189 8.96465 -18.5247
    endloop
  endfacet
  facet normal -0.471135 -2.85092e-05 0.882061
    outer loop
      vertex 0.849999 8.95499 -18.4722
      vertex 0.75189 5.95175 -18.5247
      vertex 0.783156 5.94867 -18.508
    endloop
  endfacet
  facet normal -0.582504 0 0.812827
    outer loop
      vertex 0.944468 -5.92204 -18.4135
      vertex 1.03489 -8.93678 -18.3487
      vertex 1.03489 -5.90711 -18.3487
    endloop
  endfacet
  facet normal -0.582504 0 0.812827
    outer loop
      vertex 1.03489 -8.93678 -18.3487
      vertex 0.944468 -5.92204 -18.4135
      vertex 0.944468 -8.94568 -18.4135
    endloop
  endfacet
  facet normal -0.582504 0 0.812827
    outer loop
      vertex 0.944468 5.92204 -18.4135
      vertex 1.03489 8.93678 -18.3487
      vertex 0.944468 8.94568 -18.4135
    endloop
  endfacet
  facet normal -0.582504 0 0.812827
    outer loop
      vertex 1.03489 8.93678 -18.3487
      vertex 0.944468 5.92204 -18.4135
      vertex 1.03489 5.90711 -18.3487
    endloop
  endfacet
  facet normal 0.999465 0 -0.0327163
    outer loop
      vertex -1.69636 -5.75204 -16.8888
      vertex -1.7 -8.83628 -17
      vertex -1.7 -5.75094 -17
    endloop
  endfacet
  facet normal 0.999465 0 -0.0327163
    outer loop
      vertex -1.7 -8.83628 -17
      vertex -1.69636 -5.75204 -16.8888
      vertex -1.69636 -8.83688 -16.8888
    endloop
  endfacet
  facet normal 0.999465 0 -0.0327163
    outer loop
      vertex -1.69636 5.75204 -16.8888
      vertex -1.7 8.83628 -17
      vertex -1.69636 8.83688 -16.8888
    endloop
  endfacet
  facet normal 0.999465 0 -0.0327163
    outer loop
      vertex -1.7 8.83628 -17
      vertex -1.69636 5.75204 -16.8888
      vertex -1.7 5.75094 -17
    endloop
  endfacet
  facet normal -0.986641 0 -0.162913
    outer loop
      vertex 1.68546 -8.83868 -16.7781
      vertex 1.66733 -5.76085 -16.6683
      vertex 1.68546 -5.75535 -16.7781
    endloop
  endfacet
  facet normal -0.986641 -0 -0.162913
    outer loop
      vertex 1.66733 -5.76085 -16.6683
      vertex 1.68546 -8.83868 -16.7781
      vertex 1.66733 -8.84167 -16.6683
    endloop
  endfacet
  facet normal -0.986641 0 -0.162913
    outer loop
      vertex 1.68546 8.83868 -16.7781
      vertex 1.66733 5.76085 -16.6683
      vertex 1.66733 8.84167 -16.6683
    endloop
  endfacet
  facet normal -0.986641 0 -0.162913
    outer loop
      vertex 1.66733 5.76085 -16.6683
      vertex 1.68546 8.83868 -16.7781
      vertex 1.68546 5.75535 -16.7781
    endloop
  endfacet
  facet normal 0.226555 0 -0.973998
    outer loop
      vertex -0.439992 -8.9856 -15.3579
      vertex -0.331653 -5.98914 -15.3327
      vertex -0.331653 -8.98914 -15.3327
    endloop
  endfacet
  facet normal 0.226037 1.97613e-05 -0.974119
    outer loop
      vertex -0.331653 -5.98914 -15.3327
      vertex -0.439992 -8.9856 -15.3579
      vertex -0.392418 -5.98715 -15.3468
    endloop
  endfacet
  facet normal 0.227218 0 -0.973844
    outer loop
      vertex -0.392418 -5.98715 -15.3468
      vertex -0.439992 -8.9856 -15.3579
      vertex -0.439992 -5.98247 -15.3579
    endloop
  endfacet
  facet normal 0.226037 -1.97613e-05 -0.974119
    outer loop
      vertex -0.439992 8.9856 -15.3579
      vertex -0.331653 5.98914 -15.3327
      vertex -0.392418 5.98715 -15.3468
    endloop
  endfacet
  facet normal 0.227218 0 -0.973844
    outer loop
      vertex -0.439992 8.9856 -15.3579
      vertex -0.392418 5.98715 -15.3468
      vertex -0.439992 5.98247 -15.3579
    endloop
  endfacet
  facet normal 0.226555 0 -0.973998
    outer loop
      vertex -0.331653 5.98914 -15.3327
      vertex -0.439992 8.9856 -15.3579
      vertex -0.331653 8.98914 -15.3327
    endloop
  endfacet
  facet normal -0.849298 0 0.527913
    outer loop
      vertex 1.4135 -5.82806 -17.9445
      vertex 1.47224 -8.87389 -17.85
      vertex 1.47224 -5.81436 -17.85
    endloop
  endfacet
  facet normal -0.849298 0 0.527913
    outer loop
      vertex 1.47224 -8.87389 -17.85
      vertex 1.4135 -5.82806 -17.9445
      vertex 1.4135 -8.88358 -17.9445
    endloop
  endfacet
  facet normal -0.849298 0 0.527913
    outer loop
      vertex 1.4135 5.82806 -17.9445
      vertex 1.47224 8.87389 -17.85
      vertex 1.4135 8.88358 -17.9445
    endloop
  endfacet
  facet normal -0.849298 0 0.527913
    outer loop
      vertex 1.47224 8.87389 -17.85
      vertex 1.4135 5.82806 -17.9445
      vertex 1.47224 5.81436 -17.85
    endloop
  endfacet
  facet normal -0.973861 0 0.227144
    outer loop
      vertex 1.64207 -5.76851 -17.44
      vertex 1.66733 -8.84167 -17.3317
      vertex 1.66733 -5.76085 -17.3317
    endloop
  endfacet
  facet normal -0.973861 0 0.227144
    outer loop
      vertex 1.66733 -8.84167 -17.3317
      vertex 1.64207 -5.76851 -17.44
      vertex 1.64207 -8.84585 -17.44
    endloop
  endfacet
  facet normal -0.973861 0 0.227144
    outer loop
      vertex 1.64207 5.76851 -17.44
      vertex 1.66733 8.84167 -17.3317
      vertex 1.64207 8.84585 -17.44
    endloop
  endfacet
  facet normal -0.973861 0 0.227144
    outer loop
      vertex 1.66733 8.84167 -17.3317
      vertex 1.64207 5.76851 -17.44
      vertex 1.66733 5.76085 -17.3317
    endloop
  endfacet
  facet normal -0.582504 -0 -0.812827
    outer loop
      vertex 0.944468 -5.92204 -15.5865
      vertex 1.03489 -8.93678 -15.6513
      vertex 0.944468 -8.94568 -15.5865
    endloop
  endfacet
  facet normal -0.582504 0 -0.812827
    outer loop
      vertex 1.03489 -8.93678 -15.6513
      vertex 0.944468 -5.92204 -15.5865
      vertex 1.03489 -5.90711 -15.6513
    endloop
  endfacet
  facet normal -0.582504 0 -0.812827
    outer loop
      vertex 0.944468 5.92204 -15.5865
      vertex 1.03489 8.93678 -15.6513
      vertex 1.03489 5.90711 -15.6513
    endloop
  endfacet
  facet normal -0.582504 0 -0.812827
    outer loop
      vertex 1.03489 8.93678 -15.6513
      vertex 0.944468 5.92204 -15.5865
      vertex 0.944468 8.94568 -15.5865
    endloop
  endfacet
  facet normal 0.729873 -0 0.683582
    outer loop
      vertex -1.27813 -8.90593 -18.1209
      vertex -1.20208 -5.87736 -18.2021
      vertex -1.27813 -5.85963 -18.1209
    endloop
  endfacet
  facet normal 0.729873 0 0.683582
    outer loop
      vertex -1.20208 -5.87736 -18.2021
      vertex -1.27813 -8.90593 -18.1209
      vertex -1.20208 -8.91849 -18.2021
    endloop
  endfacet
  facet normal 0.729873 0 0.683582
    outer loop
      vertex -1.27813 8.90593 -18.1209
      vertex -1.20208 5.87736 -18.2021
      vertex -1.20208 8.91849 -18.2021
    endloop
  endfacet
  facet normal 0.729873 0 0.683582
    outer loop
      vertex -1.20208 5.87736 -18.2021
      vertex -1.27813 8.90593 -18.1209
      vertex -1.27813 5.85963 -18.1209
    endloop
  endfacet
  facet normal 0.412621 0 -0.910903
    outer loop
      vertex -0.75189 -8.96465 -15.4753
      vertex -0.650561 -5.96173 -15.4294
      vertex -0.650561 -8.97463 -15.4294
    endloop
  endfacet
  facet normal 0.412621 0 -0.910903
    outer loop
      vertex -0.650561 -5.96173 -15.4294
      vertex -0.75189 -8.96465 -15.4753
      vertex -0.75189 -5.95175 -15.4753
    endloop
  endfacet
  facet normal 0.412621 0 -0.910903
    outer loop
      vertex -0.75189 8.96465 -15.4753
      vertex -0.650561 5.96173 -15.4294
      vertex -0.75189 5.95175 -15.4753
    endloop
  endfacet
  facet normal 0.412621 0 -0.910903
    outer loop
      vertex -0.650561 5.96173 -15.4294
      vertex -0.75189 8.96465 -15.4753
      vertex -0.650561 8.97463 -15.4294
    endloop
  endfacet
  facet normal -0.973861 0 -0.227144
    outer loop
      vertex 1.66733 -8.84167 -16.6683
      vertex 1.64207 -5.76851 -16.56
      vertex 1.66733 -5.76085 -16.6683
    endloop
  endfacet
  facet normal -0.973861 -0 -0.227144
    outer loop
      vertex 1.64207 -5.76851 -16.56
      vertex 1.66733 -8.84167 -16.6683
      vertex 1.64207 -8.84585 -16.56
    endloop
  endfacet
  facet normal -0.973861 0 -0.227144
    outer loop
      vertex 1.66733 8.84167 -16.6683
      vertex 1.64207 5.76851 -16.56
      vertex 1.64207 8.84585 -16.56
    endloop
  endfacet
  facet normal -0.973861 0 -0.227144
    outer loop
      vertex 1.64207 5.76851 -16.56
      vertex 1.66733 8.84167 -16.6683
      vertex 1.66733 5.76085 -16.6683
    endloop
  endfacet
  facet normal 0.163584 -0 0.986529
    outer loop
      vertex -0.331653 -8.98914 -18.6673
      vertex -0.221894 -5.99274 -18.6855
      vertex -0.331653 -5.98914 -18.6673
    endloop
  endfacet
  facet normal 0.163584 0 0.986529
    outer loop
      vertex -0.221894 -5.99274 -18.6855
      vertex -0.331653 -8.98914 -18.6673
      vertex -0.221894 -8.99274 -18.6855
    endloop
  endfacet
  facet normal 0.163584 0 0.986529
    outer loop
      vertex -0.331653 8.98914 -18.6673
      vertex -0.221894 5.99274 -18.6855
      vertex -0.221894 8.99274 -18.6855
    endloop
  endfacet
  facet normal 0.163584 0 0.986529
    outer loop
      vertex -0.221894 5.99274 -18.6855
      vertex -0.331653 8.98914 -18.6673
      vertex -0.331653 5.98914 -18.6673
    endloop
  endfacet
  facet normal 0.773047 -0 0.634348
    outer loop
      vertex -1.3487 -8.89428 -18.0349
      vertex -1.27813 -5.85963 -18.1209
      vertex -1.3487 -5.84317 -18.0349
    endloop
  endfacet
  facet normal 0.773047 0 0.634348
    outer loop
      vertex -1.27813 -5.85963 -18.1209
      vertex -1.3487 -8.89428 -18.0349
      vertex -1.27813 -8.90593 -18.1209
    endloop
  endfacet
  facet normal 0.773047 0 0.634348
    outer loop
      vertex -1.3487 8.89428 -18.0349
      vertex -1.27813 5.85963 -18.1209
      vertex -1.27813 8.90593 -18.1209
    endloop
  endfacet
  facet normal 0.773047 0 0.634348
    outer loop
      vertex -1.27813 5.85963 -18.1209
      vertex -1.3487 8.89428 -18.0349
      vertex -1.3487 5.84317 -18.0349
    endloop
  endfacet
  facet normal 0.582504 0 -0.812827
    outer loop
      vertex -1.03489 -8.93678 -15.6513
      vertex -0.944468 -5.92204 -15.5865
      vertex -0.944468 -8.94568 -15.5865
    endloop
  endfacet
  facet normal 0.582504 0 -0.812827
    outer loop
      vertex -0.944468 -5.92204 -15.5865
      vertex -1.03489 -8.93678 -15.6513
      vertex -1.03489 -5.90711 -15.6513
    endloop
  endfacet
  facet normal 0.582504 0 -0.812827
    outer loop
      vertex -1.03489 8.93678 -15.6513
      vertex -0.944468 5.92204 -15.5865
      vertex -1.03489 5.90711 -15.6513
    endloop
  endfacet
  facet normal 0.582504 0 -0.812827
    outer loop
      vertex -0.944468 5.92204 -15.5865
      vertex -1.03489 8.93678 -15.6513
      vertex -0.944468 8.94568 -15.5865
    endloop
  endfacet
  facet normal -0.472132 0 -0.881528
    outer loop
      vertex 0.783156 5.94867 -15.492
      vertex 0.849999 8.95499 -15.5278
      vertex 0.849999 5.93763 -15.5278
    endloop
  endfacet
  facet normal -0.471135 -2.85092e-05 -0.882061
    outer loop
      vertex 0.75189 5.95175 -15.4753
      vertex 0.849999 8.95499 -15.5278
      vertex 0.783156 5.94867 -15.492
    endloop
  endfacet
  facet normal -0.471814 0 -0.881698
    outer loop
      vertex 0.849999 8.95499 -15.5278
      vertex 0.75189 5.95175 -15.4753
      vertex 0.75189 8.96465 -15.4753
    endloop
  endfacet
  facet normal -0.472132 0 -0.881528
    outer loop
      vertex 0.849999 -8.95499 -15.5278
      vertex 0.783156 -5.94867 -15.492
      vertex 0.849999 -5.93763 -15.5278
    endloop
  endfacet
  facet normal -0.471814 -0 -0.881698
    outer loop
      vertex 0.75189 -5.95175 -15.4753
      vertex 0.849999 -8.95499 -15.5278
      vertex 0.75189 -8.96465 -15.4753
    endloop
  endfacet
  facet normal -0.471135 2.85092e-05 -0.882061
    outer loop
      vertex 0.849999 -8.95499 -15.5278
      vertex 0.75189 -5.95175 -15.4753
      vertex 0.783156 -5.94867 -15.492
    endloop
  endfacet
  facet normal 0.683388 0 -0.730056
    outer loop
      vertex -1.20208 -8.91849 -15.7979
      vertex -1.12089 -5.89291 -15.7219
      vertex -1.12089 -8.92831 -15.7219
    endloop
  endfacet
  facet normal 0.683079 -0.00466511 -0.730329
    outer loop
      vertex -1.20208 -8.91849 -15.7979
      vertex -1.12089 -8.92831 -15.7219
      vertex -1.17474 -8.923 -15.7723
    endloop
  endfacet
  facet normal 0.683573 -9.3602e-06 -0.729882
    outer loop
      vertex -1.12089 -5.89291 -15.7219
      vertex -1.20208 -8.91849 -15.7979
      vertex -1.17054 -5.88471 -15.7684
    endloop
  endfacet
  facet normal 0.683093 0 -0.730331
    outer loop
      vertex -1.17054 -5.88471 -15.7684
      vertex -1.20208 -8.91849 -15.7979
      vertex -1.20208 -5.87736 -15.7979
    endloop
  endfacet
  facet normal 0.683573 9.3602e-06 -0.729882
    outer loop
      vertex -1.20208 8.91849 -15.7979
      vertex -1.12089 5.89291 -15.7219
      vertex -1.17054 5.88471 -15.7684
    endloop
  endfacet
  facet normal 0.683388 0 -0.730056
    outer loop
      vertex -1.12089 5.89291 -15.7219
      vertex -1.20208 8.91849 -15.7979
      vertex -1.12089 8.92831 -15.7219
    endloop
  endfacet
  facet normal 0.683093 0 -0.730331
    outer loop
      vertex -1.20208 8.91849 -15.7979
      vertex -1.17054 5.88471 -15.7684
      vertex -1.20208 5.87736 -15.7979
    endloop
  endfacet
  facet normal 0.683079 0.00466511 -0.730329
    outer loop
      vertex -1.12089 8.92831 -15.7219
      vertex -1.20208 8.91849 -15.7979
      vertex -1.17474 8.923 -15.7723
    endloop
  endfacet
  facet normal -0.881905 0 0.471428
    outer loop
      vertex 1.47224 -5.81436 -17.85
      vertex 1.52468 -8.86523 -17.7519
      vertex 1.52468 -5.80214 -17.7519
    endloop
  endfacet
  facet normal -0.881905 0 0.471428
    outer loop
      vertex 1.52468 -8.86523 -17.7519
      vertex 1.47224 -5.81436 -17.85
      vertex 1.47224 -8.87389 -17.85
    endloop
  endfacet
  facet normal -0.881905 0 0.471428
    outer loop
      vertex 1.47224 5.81436 -17.85
      vertex 1.52468 8.86523 -17.7519
      vertex 1.47224 8.87389 -17.85
    endloop
  endfacet
  facet normal -0.881905 0 0.471428
    outer loop
      vertex 1.52468 8.86523 -17.7519
      vertex 1.47224 5.81436 -17.85
      vertex 1.52468 5.80214 -17.7519
    endloop
  endfacet
  facet normal 0.471814 0 -0.881698
    outer loop
      vertex -0.849999 -8.95499 -15.5278
      vertex -0.75189 -5.95175 -15.4753
      vertex -0.75189 -8.96465 -15.4753
    endloop
  endfacet
  facet normal 0.471135 2.85092e-05 -0.882061
    outer loop
      vertex -0.75189 -5.95175 -15.4753
      vertex -0.849999 -8.95499 -15.5278
      vertex -0.783156 -5.94867 -15.492
    endloop
  endfacet
  facet normal 0.472132 0 -0.881528
    outer loop
      vertex -0.783156 -5.94867 -15.492
      vertex -0.849999 -8.95499 -15.5278
      vertex -0.849999 -5.93763 -15.5278
    endloop
  endfacet
  facet normal 0.471135 -2.85092e-05 -0.882061
    outer loop
      vertex -0.849999 8.95499 -15.5278
      vertex -0.75189 5.95175 -15.4753
      vertex -0.783156 5.94867 -15.492
    endloop
  endfacet
  facet normal 0.472132 0 -0.881528
    outer loop
      vertex -0.849999 8.95499 -15.5278
      vertex -0.783156 5.94867 -15.492
      vertex -0.849999 5.93763 -15.5278
    endloop
  endfacet
  facet normal 0.471814 0 -0.881698
    outer loop
      vertex -0.75189 5.95175 -15.4753
      vertex -0.849999 8.95499 -15.5278
      vertex -0.75189 8.96465 -15.4753
    endloop
  endfacet
  facet normal -0.227218 0 -0.973844
    outer loop
      vertex 0.392418 5.98715 -15.3468
      vertex 0.439992 8.9856 -15.3579
      vertex 0.439992 5.98247 -15.3579
    endloop
  endfacet
  facet normal -0.226037 -1.97613e-05 -0.974119
    outer loop
      vertex 0.331653 5.98914 -15.3327
      vertex 0.439992 8.9856 -15.3579
      vertex 0.392418 5.98715 -15.3468
    endloop
  endfacet
  facet normal -0.226555 0 -0.973998
    outer loop
      vertex 0.439992 8.9856 -15.3579
      vertex 0.331653 5.98914 -15.3327
      vertex 0.331653 8.98914 -15.3327
    endloop
  endfacet
  facet normal -0.227218 0 -0.973844
    outer loop
      vertex 0.439992 -8.9856 -15.3579
      vertex 0.392418 -5.98715 -15.3468
      vertex 0.439992 -5.98247 -15.3579
    endloop
  endfacet
  facet normal -0.226555 -0 -0.973998
    outer loop
      vertex 0.331653 -5.98914 -15.3327
      vertex 0.439992 -8.9856 -15.3579
      vertex 0.331653 -8.98914 -15.3327
    endloop
  endfacet
  facet normal -0.226037 1.97613e-05 -0.974119
    outer loop
      vertex 0.439992 -8.9856 -15.3579
      vertex 0.331653 -5.98914 -15.3327
      vertex 0.392418 -5.98715 -15.3468
    endloop
  endfacet
  facet normal -0.956906 0 0.290399
    outer loop
      vertex 1.60978 -5.7783 -17.5464
      vertex 1.64207 -8.84585 -17.44
      vertex 1.64207 -5.76851 -17.44
    endloop
  endfacet
  facet normal -0.956906 0 0.290399
    outer loop
      vertex 1.64207 -8.84585 -17.44
      vertex 1.60978 -5.7783 -17.5464
      vertex 1.60978 -8.85118 -17.5464
    endloop
  endfacet
  facet normal -0.956906 0 0.290399
    outer loop
      vertex 1.60978 5.7783 -17.5464
      vertex 1.64207 8.84585 -17.44
      vertex 1.60978 8.85118 -17.5464
    endloop
  endfacet
  facet normal -0.956906 0 0.290399
    outer loop
      vertex 1.64207 8.84585 -17.44
      vertex 1.60978 5.7783 -17.5464
      vertex 1.64207 5.76851 -17.44
    endloop
  endfacet
  facet normal -0.995187 0 0.0979904
    outer loop
      vertex 1.68546 -5.75535 -17.2219
      vertex 1.69636 -8.83688 -17.1112
      vertex 1.69636 -5.75204 -17.1112
    endloop
  endfacet
  facet normal -0.995187 0 0.0979904
    outer loop
      vertex 1.69636 -8.83688 -17.1112
      vertex 1.68546 -5.75535 -17.2219
      vertex 1.68546 -8.83868 -17.2219
    endloop
  endfacet
  facet normal -0.995187 0 0.0979904
    outer loop
      vertex 1.68546 5.75535 -17.2219
      vertex 1.69636 8.83688 -17.1112
      vertex 1.68546 8.83868 -17.2219
    endloop
  endfacet
  facet normal -0.995187 0 0.0979904
    outer loop
      vertex 1.69636 8.83688 -17.1112
      vertex 1.68546 5.75535 -17.2219
      vertex 1.69636 5.75204 -17.1112
    endloop
  endfacet
  facet normal -0.412621 -0 -0.910903
    outer loop
      vertex 0.650561 -5.96173 -15.4294
      vertex 0.75189 -8.96465 -15.4753
      vertex 0.650561 -8.97463 -15.4294
    endloop
  endfacet
  facet normal -0.412621 0 -0.910903
    outer loop
      vertex 0.75189 -8.96465 -15.4753
      vertex 0.650561 -5.96173 -15.4294
      vertex 0.75189 -5.95175 -15.4753
    endloop
  endfacet
  facet normal -0.412621 0 -0.910903
    outer loop
      vertex 0.650561 5.96173 -15.4294
      vertex 0.75189 8.96465 -15.4753
      vertex 0.75189 5.95175 -15.4753
    endloop
  endfacet
  facet normal -0.412621 0 -0.910903
    outer loop
      vertex 0.75189 8.96465 -15.4753
      vertex 0.650561 5.96173 -15.4294
      vertex 0.650561 8.97463 -15.4294
    endloop
  endfacet
  facet normal -0.0323615 0 0.999476
    outer loop
      vertex 0 -6 -18.7
      vertex 0.111185 -8.99636 -18.6964
      vertex 0.111185 -5.99636 -18.6964
    endloop
  endfacet
  facet normal -0.0323615 0 0.999476
    outer loop
      vertex 0.111185 -8.99636 -18.6964
      vertex 0 -6 -18.7
      vertex 0 -9 -18.7
    endloop
  endfacet
  facet normal -0.0323615 0 0.999476
    outer loop
      vertex 0 6 -18.7
      vertex 0.111185 8.99636 -18.6964
      vertex 0 9 -18.7
    endloop
  endfacet
  facet normal -0.0323615 0 0.999476
    outer loop
      vertex 0.111185 8.99636 -18.6964
      vertex 0 6 -18.7
      vertex 0.111185 5.99636 -18.6964
    endloop
  endfacet
  facet normal 0.999465 -0 0.0327163
    outer loop
      vertex -1.7 -8.83628 -17
      vertex -1.69636 -5.75204 -17.1112
      vertex -1.7 -5.75094 -17
    endloop
  endfacet
  facet normal 0.999465 0 0.0327163
    outer loop
      vertex -1.69636 -5.75204 -17.1112
      vertex -1.7 -8.83628 -17
      vertex -1.69636 -8.83688 -17.1112
    endloop
  endfacet
  facet normal 0.999465 0 0.0327163
    outer loop
      vertex -1.7 8.83628 -17
      vertex -1.69636 5.75204 -17.1112
      vertex -1.69636 8.83688 -17.1112
    endloop
  endfacet
  facet normal 0.999465 0 0.0327163
    outer loop
      vertex -1.69636 5.75204 -17.1112
      vertex -1.7 8.83628 -17
      vertex -1.7 5.75094 -17
    endloop
  endfacet
  facet normal 0.527779 -0 0.849382
    outer loop
      vertex -0.944468 -8.94568 -18.4135
      vertex -0.849999 -5.93763 -18.4722
      vertex -0.944468 -5.92204 -18.4135
    endloop
  endfacet
  facet normal 0.527779 0 0.849382
    outer loop
      vertex -0.849999 -5.93763 -18.4722
      vertex -0.944468 -8.94568 -18.4135
      vertex -0.849999 -8.95499 -18.4722
    endloop
  endfacet
  facet normal 0.527779 0 0.849382
    outer loop
      vertex -0.944468 8.94568 -18.4135
      vertex -0.849999 5.93763 -18.4722
      vertex -0.849999 8.95499 -18.4722
    endloop
  endfacet
  facet normal 0.527779 0 0.849382
    outer loop
      vertex -0.849999 5.93763 -18.4722
      vertex -0.944468 8.94568 -18.4135
      vertex -0.944468 5.92204 -18.4135
    endloop
  endfacet
  facet normal -0.0323615 -0 -0.999476
    outer loop
      vertex 0 -6 -15.3
      vertex 0.111185 -8.99636 -15.3036
      vertex 0 -9 -15.3
    endloop
  endfacet
  facet normal -0.0323615 0 -0.999476
    outer loop
      vertex 0.111185 -8.99636 -15.3036
      vertex 0 -6 -15.3
      vertex 0.111185 -5.99636 -15.3036
    endloop
  endfacet
  facet normal -0.0323615 0 -0.999476
    outer loop
      vertex 0 6 -15.3
      vertex 0.111185 8.99636 -15.3036
      vertex 0.111185 5.99636 -15.3036
    endloop
  endfacet
  facet normal -0.0323615 0 -0.999476
    outer loop
      vertex 0.111185 8.99636 -15.3036
      vertex 0 6 -15.3
      vertex 0 9 -15.3
    endloop
  endfacet
  facet normal 0.81276 -0 0.582598
    outer loop
      vertex -1.4135 -8.88358 -17.9445
      vertex -1.3487 -5.84317 -18.0349
      vertex -1.4135 -5.82806 -17.9445
    endloop
  endfacet
  facet normal 0.81276 0 0.582598
    outer loop
      vertex -1.3487 -5.84317 -18.0349
      vertex -1.4135 -8.88358 -17.9445
      vertex -1.3487 -8.89428 -18.0349
    endloop
  endfacet
  facet normal 0.81276 0 0.582598
    outer loop
      vertex -1.4135 8.88358 -17.9445
      vertex -1.3487 5.84317 -18.0349
      vertex -1.3487 8.89428 -18.0349
    endloop
  endfacet
  facet normal 0.81276 0 0.582598
    outer loop
      vertex -1.3487 5.84317 -18.0349
      vertex -1.4135 8.88358 -17.9445
      vertex -1.4135 5.82806 -17.9445
    endloop
  endfacet
  facet normal 0.634509 -0 0.772915
    outer loop
      vertex -1.12089 -8.92831 -18.2781
      vertex -1.03489 -5.90711 -18.3487
      vertex -1.12089 -5.89291 -18.2781
    endloop
  endfacet
  facet normal 0.634509 0 0.772915
    outer loop
      vertex -1.03489 -5.90711 -18.3487
      vertex -1.12089 -8.92831 -18.2781
      vertex -1.03489 -8.93678 -18.3487
    endloop
  endfacet
  facet normal 0.634509 0 0.772915
    outer loop
      vertex -1.12089 8.92831 -18.2781
      vertex -1.03489 5.90711 -18.3487
      vertex -1.03489 8.93678 -18.3487
    endloop
  endfacet
  facet normal 0.634509 0 0.772915
    outer loop
      vertex -1.03489 5.90711 -18.3487
      vertex -1.12089 8.92831 -18.2781
      vertex -1.12089 5.89291 -18.2781
    endloop
  endfacet
  facet normal 0.290344 0 -0.956922
    outer loop
      vertex -0.546447 -8.98211 -15.3902
      vertex -0.439992 -5.98247 -15.3579
      vertex -0.439992 -8.9856 -15.3579
    endloop
  endfacet
  facet normal 0.290344 0 -0.956922
    outer loop
      vertex -0.439992 -5.98247 -15.3579
      vertex -0.546447 -8.98211 -15.3902
      vertex -0.546447 -5.97198 -15.3902
    endloop
  endfacet
  facet normal 0.290344 0 -0.956922
    outer loop
      vertex -0.546447 8.98211 -15.3902
      vertex -0.439992 5.98247 -15.3579
      vertex -0.546447 5.97198 -15.3902
    endloop
  endfacet
  facet normal 0.290344 0 -0.956922
    outer loop
      vertex -0.439992 5.98247 -15.3579
      vertex -0.546447 8.98211 -15.3902
      vertex -0.439992 8.9856 -15.3579
    endloop
  endfacet
  facet normal 0.412621 -0 0.910903
    outer loop
      vertex -0.75189 -8.96465 -18.5247
      vertex -0.650561 -5.96173 -18.5706
      vertex -0.75189 -5.95175 -18.5247
    endloop
  endfacet
  facet normal 0.412621 0 0.910903
    outer loop
      vertex -0.650561 -5.96173 -18.5706
      vertex -0.75189 -8.96465 -18.5247
      vertex -0.650561 -8.97463 -18.5706
    endloop
  endfacet
  facet normal 0.412621 0 0.910903
    outer loop
      vertex -0.75189 8.96465 -18.5247
      vertex -0.650561 5.96173 -18.5706
      vertex -0.650561 8.97463 -18.5706
    endloop
  endfacet
  facet normal 0.412621 0 0.910903
    outer loop
      vertex -0.650561 5.96173 -18.5706
      vertex -0.75189 8.96465 -18.5247
      vertex -0.75189 5.95175 -18.5247
    endloop
  endfacet
  facet normal -0.935989 0 0.352029
    outer loop
      vertex 1.57059 -5.79019 -17.6506
      vertex 1.60978 -8.85118 -17.5464
      vertex 1.60978 -5.7783 -17.5464
    endloop
  endfacet
  facet normal -0.935989 0 0.352029
    outer loop
      vertex 1.60978 -8.85118 -17.5464
      vertex 1.57059 -5.79019 -17.6506
      vertex 1.57059 -8.85765 -17.6506
    endloop
  endfacet
  facet normal -0.935989 0 0.352029
    outer loop
      vertex 1.57059 5.79019 -17.6506
      vertex 1.60978 8.85118 -17.5464
      vertex 1.57059 8.85765 -17.6506
    endloop
  endfacet
  facet normal -0.935989 0 0.352029
    outer loop
      vertex 1.60978 8.85118 -17.5464
      vertex 1.57059 5.79019 -17.6506
      vertex 1.60978 5.7783 -17.5464
    endloop
  endfacet
  facet normal 0.910782 -0 0.412888
    outer loop
      vertex -1.57059 -8.85765 -17.6506
      vertex -1.55291 -5.79555 -17.6896
      vertex -1.57059 -5.79019 -17.6506
    endloop
  endfacet
  facet normal 0.910851 -2.3555e-06 0.412734
    outer loop
      vertex -1.57059 -8.85765 -17.6506
      vertex -1.52468 -5.80214 -17.7519
      vertex -1.55291 -5.79555 -17.6896
    endloop
  endfacet
  facet normal 0.910825 0 0.412793
    outer loop
      vertex -1.52468 -5.80214 -17.7519
      vertex -1.57059 -8.85765 -17.6506
      vertex -1.52468 -8.86523 -17.7519
    endloop
  endfacet
  facet normal 0.910825 0 0.412793
    outer loop
      vertex -1.57059 8.85765 -17.6506
      vertex -1.52468 5.80214 -17.7519
      vertex -1.52468 8.86523 -17.7519
    endloop
  endfacet
  facet normal 0.910851 2.3555e-06 0.412734
    outer loop
      vertex -1.57059 8.85765 -17.6506
      vertex -1.55291 5.79555 -17.6896
      vertex -1.52468 5.80214 -17.7519
    endloop
  endfacet
  facet normal 0.910782 0 0.412888
    outer loop
      vertex -1.55291 5.79555 -17.6896
      vertex -1.57059 8.85765 -17.6506
      vertex -1.57059 5.79019 -17.6506
    endloop
  endfacet
  facet normal 0.729873 0 -0.683582
    outer loop
      vertex -1.20208 -5.87736 -15.7979
      vertex -1.27813 -8.90593 -15.8791
      vertex -1.27813 -5.85963 -15.8791
    endloop
  endfacet
  facet normal 0.729873 0 -0.683582
    outer loop
      vertex -1.27813 -8.90593 -15.8791
      vertex -1.20208 -5.87736 -15.7979
      vertex -1.20208 -8.91849 -15.7979
    endloop
  endfacet
  facet normal 0.729873 0 -0.683582
    outer loop
      vertex -1.20208 5.87736 -15.7979
      vertex -1.27813 8.90593 -15.8791
      vertex -1.20208 8.91849 -15.7979
    endloop
  endfacet
  facet normal 0.729873 0 -0.683582
    outer loop
      vertex -1.27813 8.90593 -15.8791
      vertex -1.20208 5.87736 -15.7979
      vertex -1.27813 5.85963 -15.8791
    endloop
  endfacet
  facet normal 0.0323615 0 -0.999476
    outer loop
      vertex -0.111185 -8.99636 -15.3036
      vertex 0 -6 -15.3
      vertex 0 -9 -15.3
    endloop
  endfacet
  facet normal 0.0323615 0 -0.999476
    outer loop
      vertex 0 -6 -15.3
      vertex -0.111185 -8.99636 -15.3036
      vertex -0.111185 -5.99636 -15.3036
    endloop
  endfacet
  facet normal 0.0323615 0 -0.999476
    outer loop
      vertex -0.111185 8.99636 -15.3036
      vertex 0 6 -15.3
      vertex -0.111185 5.99636 -15.3036
    endloop
  endfacet
  facet normal 0.0323615 0 -0.999476
    outer loop
      vertex 0 6 -15.3
      vertex -0.111185 8.99636 -15.3036
      vertex 0 9 -15.3
    endloop
  endfacet
  facet normal -0.683079 -0.00466511 -0.730329
    outer loop
      vertex 1.12089 -8.92831 -15.7219
      vertex 1.20208 -8.91849 -15.7979
      vertex 1.17474 -8.923 -15.7723
    endloop
  endfacet
  facet normal -0.683093 0 -0.730331
    outer loop
      vertex 1.20208 -8.91849 -15.7979
      vertex 1.17054 -5.88471 -15.7684
      vertex 1.20208 -5.87736 -15.7979
    endloop
  endfacet
  facet normal -0.683388 0 -0.730056
    outer loop
      vertex 1.20208 -8.91849 -15.7979
      vertex 1.12089 -8.92831 -15.7219
      vertex 1.12089 -5.89291 -15.7219
    endloop
  endfacet
  facet normal -0.683573 -9.3602e-06 -0.729882
    outer loop
      vertex 1.20208 -8.91849 -15.7979
      vertex 1.12089 -5.89291 -15.7219
      vertex 1.17054 -5.88471 -15.7684
    endloop
  endfacet
  facet normal -0.683093 0 -0.730331
    outer loop
      vertex 1.17054 5.88471 -15.7684
      vertex 1.20208 8.91849 -15.7979
      vertex 1.20208 5.87736 -15.7979
    endloop
  endfacet
  facet normal -0.683573 9.3602e-06 -0.729882
    outer loop
      vertex 1.12089 5.89291 -15.7219
      vertex 1.20208 8.91849 -15.7979
      vertex 1.17054 5.88471 -15.7684
    endloop
  endfacet
  facet normal -0.683388 -0 -0.730056
    outer loop
      vertex 1.12089 8.92831 -15.7219
      vertex 1.20208 8.91849 -15.7979
      vertex 1.12089 5.89291 -15.7219
    endloop
  endfacet
  facet normal -0.683079 0.00466511 -0.730329
    outer loop
      vertex 1.20208 8.91849 -15.7979
      vertex 1.12089 8.92831 -15.7219
      vertex 1.17474 8.923 -15.7723
    endloop
  endfacet
  facet normal -0.0979826 -0 -0.995188
    outer loop
      vertex 0.111185 -5.99636 -15.3036
      vertex 0.221894 -8.99274 -15.3145
      vertex 0.111185 -8.99636 -15.3036
    endloop
  endfacet
  facet normal -0.0979826 0 -0.995188
    outer loop
      vertex 0.221894 -8.99274 -15.3145
      vertex 0.111185 -5.99636 -15.3036
      vertex 0.221894 -5.99274 -15.3145
    endloop
  endfacet
  facet normal -0.0979826 0 -0.995188
    outer loop
      vertex 0.111185 5.99636 -15.3036
      vertex 0.221894 8.99274 -15.3145
      vertex 0.221894 5.99274 -15.3145
    endloop
  endfacet
  facet normal -0.0979826 0 -0.995188
    outer loop
      vertex 0.221894 8.99274 -15.3145
      vertex 0.111185 5.99636 -15.3036
      vertex 0.111185 8.99636 -15.3036
    endloop
  endfacet
  facet normal 0.849298 0 -0.527913
    outer loop
      vertex -1.4135 -5.82806 -16.0555
      vertex -1.47224 -8.87389 -16.15
      vertex -1.47224 -5.81436 -16.15
    endloop
  endfacet
  facet normal 0.849298 0 -0.527913
    outer loop
      vertex -1.47224 -8.87389 -16.15
      vertex -1.4135 -5.82806 -16.0555
      vertex -1.4135 -8.88358 -16.0555
    endloop
  endfacet
  facet normal 0.849298 0 -0.527913
    outer loop
      vertex -1.4135 5.82806 -16.0555
      vertex -1.47224 8.87389 -16.15
      vertex -1.4135 8.88358 -16.0555
    endloop
  endfacet
  facet normal 0.849298 0 -0.527913
    outer loop
      vertex -1.47224 8.87389 -16.15
      vertex -1.4135 5.82806 -16.0555
      vertex -1.47224 5.81436 -16.15
    endloop
  endfacet
  facet normal -0.163584 0 0.986529
    outer loop
      vertex 0.221894 -5.99274 -18.6855
      vertex 0.331653 -8.98914 -18.6673
      vertex 0.331653 -5.98914 -18.6673
    endloop
  endfacet
  facet normal -0.163584 0 0.986529
    outer loop
      vertex 0.331653 -8.98914 -18.6673
      vertex 0.221894 -5.99274 -18.6855
      vertex 0.221894 -8.99274 -18.6855
    endloop
  endfacet
  facet normal -0.163584 0 0.986529
    outer loop
      vertex 0.221894 5.99274 -18.6855
      vertex 0.331653 8.98914 -18.6673
      vertex 0.221894 8.99274 -18.6855
    endloop
  endfacet
  facet normal -0.163584 0 0.986529
    outer loop
      vertex 0.331653 8.98914 -18.6673
      vertex 0.221894 5.99274 -18.6855
      vertex 0.331653 5.98914 -18.6673
    endloop
  endfacet
  facet normal -0.849298 0 -0.527913
    outer loop
      vertex 1.47224 -8.87389 -16.15
      vertex 1.4135 -5.82806 -16.0555
      vertex 1.47224 -5.81436 -16.15
    endloop
  endfacet
  facet normal -0.849298 -0 -0.527913
    outer loop
      vertex 1.4135 -5.82806 -16.0555
      vertex 1.47224 -8.87389 -16.15
      vertex 1.4135 -8.88358 -16.0555
    endloop
  endfacet
  facet normal -0.849298 0 -0.527913
    outer loop
      vertex 1.47224 8.87389 -16.15
      vertex 1.4135 5.82806 -16.0555
      vertex 1.4135 8.88358 -16.0555
    endloop
  endfacet
  facet normal -0.849298 0 -0.527913
    outer loop
      vertex 1.4135 5.82806 -16.0555
      vertex 1.47224 8.87389 -16.15
      vertex 1.47224 5.81436 -16.15
    endloop
  endfacet
  facet normal 0.527779 0 -0.849382
    outer loop
      vertex -0.944468 -8.94568 -15.5865
      vertex -0.849999 -5.93763 -15.5278
      vertex -0.849999 -8.95499 -15.5278
    endloop
  endfacet
  facet normal 0.527779 0 -0.849382
    outer loop
      vertex -0.849999 -5.93763 -15.5278
      vertex -0.944468 -8.94568 -15.5865
      vertex -0.944468 -5.92204 -15.5865
    endloop
  endfacet
  facet normal 0.527779 0 -0.849382
    outer loop
      vertex -0.944468 8.94568 -15.5865
      vertex -0.849999 5.93763 -15.5278
      vertex -0.944468 5.92204 -15.5865
    endloop
  endfacet
  facet normal 0.527779 0 -0.849382
    outer loop
      vertex -0.849999 5.93763 -15.5278
      vertex -0.944468 8.94568 -15.5865
      vertex -0.849999 8.95499 -15.5278
    endloop
  endfacet
  facet normal -0.163584 -0 -0.986529
    outer loop
      vertex 0.221894 -5.99274 -15.3145
      vertex 0.331653 -8.98914 -15.3327
      vertex 0.221894 -8.99274 -15.3145
    endloop
  endfacet
  facet normal -0.163584 0 -0.986529
    outer loop
      vertex 0.331653 -8.98914 -15.3327
      vertex 0.221894 -5.99274 -15.3145
      vertex 0.331653 -5.98914 -15.3327
    endloop
  endfacet
  facet normal -0.163584 0 -0.986529
    outer loop
      vertex 0.221894 5.99274 -15.3145
      vertex 0.331653 8.98914 -15.3327
      vertex 0.331653 5.98914 -15.3327
    endloop
  endfacet
  facet normal -0.163584 0 -0.986529
    outer loop
      vertex 0.331653 8.98914 -15.3327
      vertex 0.221894 5.99274 -15.3145
      vertex 0.221894 8.99274 -15.3145
    endloop
  endfacet
  facet normal -0.290344 0 0.956922
    outer loop
      vertex 0.439992 -5.98247 -18.6421
      vertex 0.546447 -8.98211 -18.6098
      vertex 0.546447 -5.97198 -18.6098
    endloop
  endfacet
  facet normal -0.290344 0 0.956922
    outer loop
      vertex 0.546447 -8.98211 -18.6098
      vertex 0.439992 -5.98247 -18.6421
      vertex 0.439992 -8.9856 -18.6421
    endloop
  endfacet
  facet normal -0.290344 0 0.956922
    outer loop
      vertex 0.439992 5.98247 -18.6421
      vertex 0.546447 8.98211 -18.6098
      vertex 0.439992 8.9856 -18.6421
    endloop
  endfacet
  facet normal -0.290344 0 0.956922
    outer loop
      vertex 0.546447 8.98211 -18.6098
      vertex 0.439992 5.98247 -18.6421
      vertex 0.546447 5.97198 -18.6098
    endloop
  endfacet
  facet normal -0.773047 0 -0.634348
    outer loop
      vertex 1.3487 -8.89428 -15.9651
      vertex 1.27813 -5.85963 -15.8791
      vertex 1.3487 -5.84317 -15.9651
    endloop
  endfacet
  facet normal -0.773047 -0 -0.634348
    outer loop
      vertex 1.27813 -5.85963 -15.8791
      vertex 1.3487 -8.89428 -15.9651
      vertex 1.27813 -8.90593 -15.8791
    endloop
  endfacet
  facet normal -0.773047 0 -0.634348
    outer loop
      vertex 1.3487 8.89428 -15.9651
      vertex 1.27813 5.85963 -15.8791
      vertex 1.27813 8.90593 -15.8791
    endloop
  endfacet
  facet normal -0.773047 0 -0.634348
    outer loop
      vertex 1.27813 5.85963 -15.8791
      vertex 1.3487 8.89428 -15.9651
      vertex 1.3487 5.84317 -15.9651
    endloop
  endfacet
  facet normal 0.881905 -0 0.471428
    outer loop
      vertex -1.52468 -8.86523 -17.7519
      vertex -1.47224 -5.81436 -17.85
      vertex -1.52468 -5.80214 -17.7519
    endloop
  endfacet
  facet normal 0.881905 0 0.471428
    outer loop
      vertex -1.47224 -5.81436 -17.85
      vertex -1.52468 -8.86523 -17.7519
      vertex -1.47224 -8.87389 -17.85
    endloop
  endfacet
  facet normal 0.881905 0 0.471428
    outer loop
      vertex -1.52468 8.86523 -17.7519
      vertex -1.47224 5.81436 -17.85
      vertex -1.47224 8.87389 -17.85
    endloop
  endfacet
  facet normal 0.881905 0 0.471428
    outer loop
      vertex -1.47224 5.81436 -17.85
      vertex -1.52468 8.86523 -17.7519
      vertex -1.52468 5.80214 -17.7519
    endloop
  endfacet
  facet normal 0.352362 0 0.935864
    outer loop
      vertex -0.650561 -8.97463 -18.5706
      vertex -0.546447 -8.98211 -18.6098
      vertex -0.546447 -5.97198 -18.6098
    endloop
  endfacet
  facet normal 0.352362 -0 0.935864
    outer loop
      vertex -0.650561 -8.97463 -18.5706
      vertex -0.546447 -5.97198 -18.6098
      vertex -0.650561 -5.96173 -18.5706
    endloop
  endfacet
  facet normal 0.353 0.0104393 0.935565
    outer loop
      vertex -0.546447 -8.98211 -18.6098
      vertex -0.650561 -8.97463 -18.5706
      vertex -0.588628 -8.98073 -18.5939
    endloop
  endfacet
  facet normal 0.353 -0.0104393 0.935565
    outer loop
      vertex -0.650561 8.97463 -18.5706
      vertex -0.546447 8.98211 -18.6098
      vertex -0.588628 8.98073 -18.5939
    endloop
  endfacet
  facet normal 0.352362 0 0.935864
    outer loop
      vertex -0.546447 8.98211 -18.6098
      vertex -0.650561 8.97463 -18.5706
      vertex -0.546447 5.97198 -18.6098
    endloop
  endfacet
  facet normal 0.352362 0 0.935864
    outer loop
      vertex -0.546447 5.97198 -18.6098
      vertex -0.650561 8.97463 -18.5706
      vertex -0.650561 5.96173 -18.5706
    endloop
  endfacet
  facet normal 0.881905 0 -0.471428
    outer loop
      vertex -1.47224 -5.81436 -16.15
      vertex -1.52468 -8.86523 -16.2481
      vertex -1.52468 -5.80214 -16.2481
    endloop
  endfacet
  facet normal 0.881905 0 -0.471428
    outer loop
      vertex -1.52468 -8.86523 -16.2481
      vertex -1.47224 -5.81436 -16.15
      vertex -1.47224 -8.87389 -16.15
    endloop
  endfacet
  facet normal 0.881905 0 -0.471428
    outer loop
      vertex -1.47224 5.81436 -16.15
      vertex -1.52468 8.86523 -16.2481
      vertex -1.47224 8.87389 -16.15
    endloop
  endfacet
  facet normal 0.881905 0 -0.471428
    outer loop
      vertex -1.52468 8.86523 -16.2481
      vertex -1.47224 5.81436 -16.15
      vertex -1.52468 5.80214 -16.2481
    endloop
  endfacet
  facet normal -0.986641 0 0.162913
    outer loop
      vertex 1.66733 -5.76085 -17.3317
      vertex 1.68546 -8.83868 -17.2219
      vertex 1.68546 -5.75535 -17.2219
    endloop
  endfacet
  facet normal -0.986641 0 0.162913
    outer loop
      vertex 1.68546 -8.83868 -17.2219
      vertex 1.66733 -5.76085 -17.3317
      vertex 1.66733 -8.84167 -17.3317
    endloop
  endfacet
  facet normal -0.986641 0 0.162913
    outer loop
      vertex 1.66733 5.76085 -17.3317
      vertex 1.68546 8.83868 -17.2219
      vertex 1.66733 8.84167 -17.3317
    endloop
  endfacet
  facet normal -0.986641 0 0.162913
    outer loop
      vertex 1.68546 8.83868 -17.2219
      vertex 1.66733 5.76085 -17.3317
      vertex 1.68546 5.75535 -17.2219
    endloop
  endfacet
  facet normal 0.995187 0 -0.0979904
    outer loop
      vertex -1.68546 -5.75535 -16.7781
      vertex -1.69636 -8.83688 -16.8888
      vertex -1.69636 -5.75204 -16.8888
    endloop
  endfacet
  facet normal 0.995187 0 -0.0979904
    outer loop
      vertex -1.69636 -8.83688 -16.8888
      vertex -1.68546 -5.75535 -16.7781
      vertex -1.68546 -8.83868 -16.7781
    endloop
  endfacet
  facet normal 0.995187 0 -0.0979904
    outer loop
      vertex -1.68546 5.75535 -16.7781
      vertex -1.69636 8.83688 -16.8888
      vertex -1.68546 8.83868 -16.7781
    endloop
  endfacet
  facet normal 0.995187 0 -0.0979904
    outer loop
      vertex -1.69636 8.83688 -16.8888
      vertex -1.68546 5.75535 -16.7781
      vertex -1.69636 5.75204 -16.8888
    endloop
  endfacet
  facet normal 0.353 0.0104393 -0.935565
    outer loop
      vertex -0.650561 -8.97463 -15.4294
      vertex -0.546447 -8.98211 -15.3902
      vertex -0.588628 -8.98073 -15.4061
    endloop
  endfacet
  facet normal 0.352362 0 -0.935864
    outer loop
      vertex -0.546447 -8.98211 -15.3902
      vertex -0.650561 -8.97463 -15.4294
      vertex -0.546447 -5.97198 -15.3902
    endloop
  endfacet
  facet normal 0.352362 0 -0.935864
    outer loop
      vertex -0.546447 -5.97198 -15.3902
      vertex -0.650561 -8.97463 -15.4294
      vertex -0.650561 -5.96173 -15.4294
    endloop
  endfacet
  facet normal 0.352362 0 -0.935864
    outer loop
      vertex -0.650561 8.97463 -15.4294
      vertex -0.546447 8.98211 -15.3902
      vertex -0.546447 5.97198 -15.3902
    endloop
  endfacet
  facet normal 0.352362 0 -0.935864
    outer loop
      vertex -0.650561 8.97463 -15.4294
      vertex -0.546447 5.97198 -15.3902
      vertex -0.650561 5.96173 -15.4294
    endloop
  endfacet
  facet normal 0.353 -0.0104393 -0.935565
    outer loop
      vertex -0.546447 8.98211 -15.3902
      vertex -0.650561 8.97463 -15.4294
      vertex -0.588628 8.98073 -15.4061
    endloop
  endfacet
  facet normal -0.881905 0 -0.471428
    outer loop
      vertex 1.52468 -8.86523 -16.2481
      vertex 1.47224 -5.81436 -16.15
      vertex 1.52468 -5.80214 -16.2481
    endloop
  endfacet
  facet normal -0.881905 -0 -0.471428
    outer loop
      vertex 1.47224 -5.81436 -16.15
      vertex 1.52468 -8.86523 -16.2481
      vertex 1.47224 -8.87389 -16.15
    endloop
  endfacet
  facet normal -0.881905 0 -0.471428
    outer loop
      vertex 1.52468 8.86523 -16.2481
      vertex 1.47224 5.81436 -16.15
      vertex 1.47224 8.87389 -16.15
    endloop
  endfacet
  facet normal -0.881905 0 -0.471428
    outer loop
      vertex 1.47224 5.81436 -16.15
      vertex 1.52468 8.86523 -16.2481
      vertex 1.52468 5.80214 -16.2481
    endloop
  endfacet
  facet normal -0.956906 0 -0.290399
    outer loop
      vertex 1.64207 -8.84585 -16.56
      vertex 1.60978 -5.7783 -16.4536
      vertex 1.64207 -5.76851 -16.56
    endloop
  endfacet
  facet normal -0.956906 -0 -0.290399
    outer loop
      vertex 1.60978 -5.7783 -16.4536
      vertex 1.64207 -8.84585 -16.56
      vertex 1.60978 -8.85118 -16.4536
    endloop
  endfacet
  facet normal -0.956906 0 -0.290399
    outer loop
      vertex 1.64207 8.84585 -16.56
      vertex 1.60978 5.7783 -16.4536
      vertex 1.60978 8.85118 -16.4536
    endloop
  endfacet
  facet normal -0.956906 0 -0.290399
    outer loop
      vertex 1.60978 5.7783 -16.4536
      vertex 1.64207 8.84585 -16.56
      vertex 1.64207 5.76851 -16.56
    endloop
  endfacet
  facet normal -0.729873 0 -0.683582
    outer loop
      vertex 1.27813 -8.90593 -15.8791
      vertex 1.20208 -5.87736 -15.7979
      vertex 1.27813 -5.85963 -15.8791
    endloop
  endfacet
  facet normal -0.729873 -0 -0.683582
    outer loop
      vertex 1.20208 -5.87736 -15.7979
      vertex 1.27813 -8.90593 -15.8791
      vertex 1.20208 -8.91849 -15.7979
    endloop
  endfacet
  facet normal -0.729873 0 -0.683582
    outer loop
      vertex 1.27813 8.90593 -15.8791
      vertex 1.20208 5.87736 -15.7979
      vertex 1.20208 8.91849 -15.7979
    endloop
  endfacet
  facet normal -0.729873 0 -0.683582
    outer loop
      vertex 1.20208 5.87736 -15.7979
      vertex 1.27813 8.90593 -15.8791
      vertex 1.27813 5.85963 -15.8791
    endloop
  endfacet
  facet normal 0.0979826 -0 0.995188
    outer loop
      vertex -0.221894 -8.99274 -18.6855
      vertex -0.111185 -5.99636 -18.6964
      vertex -0.221894 -5.99274 -18.6855
    endloop
  endfacet
  facet normal 0.0979826 0 0.995188
    outer loop
      vertex -0.111185 -5.99636 -18.6964
      vertex -0.221894 -8.99274 -18.6855
      vertex -0.111185 -8.99636 -18.6964
    endloop
  endfacet
  facet normal 0.0979826 0 0.995188
    outer loop
      vertex -0.221894 8.99274 -18.6855
      vertex -0.111185 5.99636 -18.6964
      vertex -0.111185 8.99636 -18.6964
    endloop
  endfacet
  facet normal 0.0979826 0 0.995188
    outer loop
      vertex -0.111185 5.99636 -18.6964
      vertex -0.221894 8.99274 -18.6855
      vertex -0.221894 5.99274 -18.6855
    endloop
  endfacet
  facet normal 0.683573 -9.3602e-06 0.729882
    outer loop
      vertex -1.20208 -8.91849 -18.2021
      vertex -1.12089 -5.89291 -18.2781
      vertex -1.17054 -5.88471 -18.2316
    endloop
  endfacet
  facet normal 0.683388 0 0.730056
    outer loop
      vertex -1.12089 -5.89291 -18.2781
      vertex -1.20208 -8.91849 -18.2021
      vertex -1.12089 -8.92831 -18.2781
    endloop
  endfacet
  facet normal 0.683093 -0 0.730331
    outer loop
      vertex -1.20208 -8.91849 -18.2021
      vertex -1.17054 -5.88471 -18.2316
      vertex -1.20208 -5.87736 -18.2021
    endloop
  endfacet
  facet normal 0.683079 -0.00466511 0.730329
    outer loop
      vertex -1.12089 -8.92831 -18.2781
      vertex -1.20208 -8.91849 -18.2021
      vertex -1.17474 -8.923 -18.2277
    endloop
  endfacet
  facet normal 0.683388 0 0.730056
    outer loop
      vertex -1.20208 8.91849 -18.2021
      vertex -1.12089 5.89291 -18.2781
      vertex -1.12089 8.92831 -18.2781
    endloop
  endfacet
  facet normal 0.683079 0.00466511 0.730329
    outer loop
      vertex -1.20208 8.91849 -18.2021
      vertex -1.12089 8.92831 -18.2781
      vertex -1.17474 8.923 -18.2277
    endloop
  endfacet
  facet normal 0.683573 9.3602e-06 0.729882
    outer loop
      vertex -1.12089 5.89291 -18.2781
      vertex -1.20208 8.91849 -18.2021
      vertex -1.17054 5.88471 -18.2316
    endloop
  endfacet
  facet normal 0.683093 0 0.730331
    outer loop
      vertex -1.17054 5.88471 -18.2316
      vertex -1.20208 8.91849 -18.2021
      vertex -1.20208 5.87736 -18.2021
    endloop
  endfacet
  facet normal 0.163584 0 -0.986529
    outer loop
      vertex -0.331653 8.98914 -15.3327
      vertex -0.221894 5.99274 -15.3145
      vertex -0.331653 5.98914 -15.3327
    endloop
  endfacet
  facet normal 0.163584 0 -0.986529
    outer loop
      vertex -0.221894 5.99274 -15.3145
      vertex -0.331653 8.98914 -15.3327
      vertex -0.221894 8.99274 -15.3145
    endloop
  endfacet
  facet normal 0.163584 0 -0.986529
    outer loop
      vertex -0.331653 -8.98914 -15.3327
      vertex -0.221894 -5.99274 -15.3145
      vertex -0.221894 -8.99274 -15.3145
    endloop
  endfacet
  facet normal 0.163584 0 -0.986529
    outer loop
      vertex -0.221894 -5.99274 -15.3145
      vertex -0.331653 -8.98914 -15.3327
      vertex -0.331653 -5.98914 -15.3327
    endloop
  endfacet
  facet normal 0.0979826 0 -0.995188
    outer loop
      vertex -0.221894 8.99274 -15.3145
      vertex -0.111185 5.99636 -15.3036
      vertex -0.221894 5.99274 -15.3145
    endloop
  endfacet
  facet normal 0.0979826 0 -0.995188
    outer loop
      vertex -0.111185 5.99636 -15.3036
      vertex -0.221894 8.99274 -15.3145
      vertex -0.111185 8.99636 -15.3036
    endloop
  endfacet
  facet normal 0.0979826 0 -0.995188
    outer loop
      vertex -0.221894 -8.99274 -15.3145
      vertex -0.111185 -5.99636 -15.3036
      vertex -0.111185 -8.99636 -15.3036
    endloop
  endfacet
  facet normal 0.0979826 0 -0.995188
    outer loop
      vertex -0.111185 -5.99636 -15.3036
      vertex -0.221894 -8.99274 -15.3145
      vertex -0.221894 -5.99274 -15.3145
    endloop
  endfacet
  facet normal -0.729873 0 0.683582
    outer loop
      vertex 1.20208 -5.87736 -18.2021
      vertex 1.27813 -8.90593 -18.1209
      vertex 1.27813 -5.85963 -18.1209
    endloop
  endfacet
  facet normal -0.729873 0 0.683582
    outer loop
      vertex 1.27813 -8.90593 -18.1209
      vertex 1.20208 -5.87736 -18.2021
      vertex 1.20208 -8.91849 -18.2021
    endloop
  endfacet
  facet normal -0.729873 0 0.683582
    outer loop
      vertex 1.20208 5.87736 -18.2021
      vertex 1.27813 8.90593 -18.1209
      vertex 1.20208 8.91849 -18.2021
    endloop
  endfacet
  facet normal -0.729873 0 0.683582
    outer loop
      vertex 1.27813 8.90593 -18.1209
      vertex 1.20208 5.87736 -18.2021
      vertex 1.27813 5.85963 -18.1209
    endloop
  endfacet
  facet normal 0.226037 1.97613e-05 0.974119
    outer loop
      vertex -0.439992 -8.9856 -18.6421
      vertex -0.331653 -5.98914 -18.6673
      vertex -0.392418 -5.98715 -18.6532
    endloop
  endfacet
  facet normal 0.227218 -0 0.973844
    outer loop
      vertex -0.439992 -8.9856 -18.6421
      vertex -0.392418 -5.98715 -18.6532
      vertex -0.439992 -5.98247 -18.6421
    endloop
  endfacet
  facet normal 0.226555 0 0.973998
    outer loop
      vertex -0.331653 -5.98914 -18.6673
      vertex -0.439992 -8.9856 -18.6421
      vertex -0.331653 -8.98914 -18.6673
    endloop
  endfacet
  facet normal 0.226555 0 0.973998
    outer loop
      vertex -0.439992 8.9856 -18.6421
      vertex -0.331653 5.98914 -18.6673
      vertex -0.331653 8.98914 -18.6673
    endloop
  endfacet
  facet normal 0.226037 -1.97613e-05 0.974119
    outer loop
      vertex -0.331653 5.98914 -18.6673
      vertex -0.439992 8.9856 -18.6421
      vertex -0.392418 5.98715 -18.6532
    endloop
  endfacet
  facet normal 0.227218 0 0.973844
    outer loop
      vertex -0.392418 5.98715 -18.6532
      vertex -0.439992 8.9856 -18.6421
      vertex -0.439992 5.98247 -18.6421
    endloop
  endfacet
  facet normal -0.412621 0 0.910903
    outer loop
      vertex 0.650561 -5.96173 -18.5706
      vertex 0.75189 -8.96465 -18.5247
      vertex 0.75189 -5.95175 -18.5247
    endloop
  endfacet
  facet normal -0.412621 0 0.910903
    outer loop
      vertex 0.75189 -8.96465 -18.5247
      vertex 0.650561 -5.96173 -18.5706
      vertex 0.650561 -8.97463 -18.5706
    endloop
  endfacet
  facet normal -0.412621 0 0.910903
    outer loop
      vertex 0.650561 5.96173 -18.5706
      vertex 0.75189 8.96465 -18.5247
      vertex 0.650561 8.97463 -18.5706
    endloop
  endfacet
  facet normal -0.412621 0 0.910903
    outer loop
      vertex 0.75189 8.96465 -18.5247
      vertex 0.650561 5.96173 -18.5706
      vertex 0.75189 5.95175 -18.5247
    endloop
  endfacet
  facet normal 0.995187 -0 0.0979904
    outer loop
      vertex -1.69636 -8.83688 -17.1112
      vertex -1.68546 -5.75535 -17.2219
      vertex -1.69636 -5.75204 -17.1112
    endloop
  endfacet
  facet normal 0.995187 0 0.0979904
    outer loop
      vertex -1.68546 -5.75535 -17.2219
      vertex -1.69636 -8.83688 -17.1112
      vertex -1.68546 -8.83868 -17.2219
    endloop
  endfacet
  facet normal 0.995187 0 0.0979904
    outer loop
      vertex -1.69636 8.83688 -17.1112
      vertex -1.68546 5.75535 -17.2219
      vertex -1.68546 8.83868 -17.2219
    endloop
  endfacet
  facet normal 0.995187 0 0.0979904
    outer loop
      vertex -1.68546 5.75535 -17.2219
      vertex -1.69636 8.83688 -17.1112
      vertex -1.69636 5.75204 -17.1112
    endloop
  endfacet
  facet normal 0.849298 -0 0.527913
    outer loop
      vertex -1.47224 -8.87389 -17.85
      vertex -1.4135 -5.82806 -17.9445
      vertex -1.47224 -5.81436 -17.85
    endloop
  endfacet
  facet normal 0.849298 0 0.527913
    outer loop
      vertex -1.4135 -5.82806 -17.9445
      vertex -1.47224 -8.87389 -17.85
      vertex -1.4135 -8.88358 -17.9445
    endloop
  endfacet
  facet normal 0.849298 0 0.527913
    outer loop
      vertex -1.47224 8.87389 -17.85
      vertex -1.4135 5.82806 -17.9445
      vertex -1.4135 8.88358 -17.9445
    endloop
  endfacet
  facet normal 0.849298 0 0.527913
    outer loop
      vertex -1.4135 5.82806 -17.9445
      vertex -1.47224 8.87389 -17.85
      vertex -1.47224 5.81436 -17.85
    endloop
  endfacet
  facet normal 0.0323615 -0 0.999476
    outer loop
      vertex -0.111185 -8.99636 -18.6964
      vertex 0 -6 -18.7
      vertex -0.111185 -5.99636 -18.6964
    endloop
  endfacet
  facet normal 0.0323615 0 0.999476
    outer loop
      vertex 0 -6 -18.7
      vertex -0.111185 -8.99636 -18.6964
      vertex 0 -9 -18.7
    endloop
  endfacet
  facet normal 0.0323615 0 0.999476
    outer loop
      vertex -0.111185 8.99636 -18.6964
      vertex 0 6 -18.7
      vertex 0 9 -18.7
    endloop
  endfacet
  facet normal 0.0323615 0 0.999476
    outer loop
      vertex 0 6 -18.7
      vertex -0.111185 8.99636 -18.6964
      vertex -0.111185 5.99636 -18.6964
    endloop
  endfacet
  facet normal 0.956906 -0 0.290399
    outer loop
      vertex -1.64207 -8.84585 -17.44
      vertex -1.60978 -5.7783 -17.5464
      vertex -1.64207 -5.76851 -17.44
    endloop
  endfacet
  facet normal 0.956906 0 0.290399
    outer loop
      vertex -1.60978 -5.7783 -17.5464
      vertex -1.64207 -8.84585 -17.44
      vertex -1.60978 -8.85118 -17.5464
    endloop
  endfacet
  facet normal 0.956906 0 0.290399
    outer loop
      vertex -1.64207 8.84585 -17.44
      vertex -1.60978 5.7783 -17.5464
      vertex -1.60978 8.85118 -17.5464
    endloop
  endfacet
  facet normal 0.956906 0 0.290399
    outer loop
      vertex -1.60978 5.7783 -17.5464
      vertex -1.64207 8.84585 -17.44
      vertex -1.64207 5.76851 -17.44
    endloop
  endfacet
  facet normal -0.634509 0 0.772915
    outer loop
      vertex 1.03489 -5.90711 -18.3487
      vertex 1.12089 -8.92831 -18.2781
      vertex 1.12089 -5.89291 -18.2781
    endloop
  endfacet
  facet normal -0.634509 0 0.772915
    outer loop
      vertex 1.12089 -8.92831 -18.2781
      vertex 1.03489 -5.90711 -18.3487
      vertex 1.03489 -8.93678 -18.3487
    endloop
  endfacet
  facet normal -0.634509 0 0.772915
    outer loop
      vertex 1.03489 5.90711 -18.3487
      vertex 1.12089 8.92831 -18.2781
      vertex 1.03489 8.93678 -18.3487
    endloop
  endfacet
  facet normal -0.634509 0 0.772915
    outer loop
      vertex 1.12089 8.92831 -18.2781
      vertex 1.03489 5.90711 -18.3487
      vertex 1.12089 5.89291 -18.2781
    endloop
  endfacet
  facet normal 0.290344 -0 0.956922
    outer loop
      vertex -0.546447 -8.98211 -18.6098
      vertex -0.439992 -5.98247 -18.6421
      vertex -0.546447 -5.97198 -18.6098
    endloop
  endfacet
  facet normal 0.290344 0 0.956922
    outer loop
      vertex -0.439992 -5.98247 -18.6421
      vertex -0.546447 -8.98211 -18.6098
      vertex -0.439992 -8.9856 -18.6421
    endloop
  endfacet
  facet normal 0.290344 0 0.956922
    outer loop
      vertex -0.546447 8.98211 -18.6098
      vertex -0.439992 5.98247 -18.6421
      vertex -0.439992 8.9856 -18.6421
    endloop
  endfacet
  facet normal 0.290344 0 0.956922
    outer loop
      vertex -0.439992 5.98247 -18.6421
      vertex -0.546447 8.98211 -18.6098
      vertex -0.546447 5.97198 -18.6098
    endloop
  endfacet
  facet normal 0.471135 2.85092e-05 0.882061
    outer loop
      vertex -0.849999 -8.95499 -18.4722
      vertex -0.75189 -5.95175 -18.5247
      vertex -0.783156 -5.94867 -18.508
    endloop
  endfacet
  facet normal 0.472132 -0 0.881528
    outer loop
      vertex -0.849999 -8.95499 -18.4722
      vertex -0.783156 -5.94867 -18.508
      vertex -0.849999 -5.93763 -18.4722
    endloop
  endfacet
  facet normal 0.471814 0 0.881698
    outer loop
      vertex -0.75189 -5.95175 -18.5247
      vertex -0.849999 -8.95499 -18.4722
      vertex -0.75189 -8.96465 -18.5247
    endloop
  endfacet
  facet normal 0.471814 0 0.881698
    outer loop
      vertex -0.849999 8.95499 -18.4722
      vertex -0.75189 5.95175 -18.5247
      vertex -0.75189 8.96465 -18.5247
    endloop
  endfacet
  facet normal 0.471135 -2.85092e-05 0.882061
    outer loop
      vertex -0.75189 5.95175 -18.5247
      vertex -0.849999 8.95499 -18.4722
      vertex -0.783156 5.94867 -18.508
    endloop
  endfacet
  facet normal 0.472132 0 0.881528
    outer loop
      vertex -0.783156 5.94867 -18.508
      vertex -0.849999 8.95499 -18.4722
      vertex -0.849999 5.93763 -18.4722
    endloop
  endfacet
  facet normal -0.527779 -0 -0.849382
    outer loop
      vertex 0.849999 -5.93763 -15.5278
      vertex 0.944468 -8.94568 -15.5865
      vertex 0.849999 -8.95499 -15.5278
    endloop
  endfacet
  facet normal -0.527779 0 -0.849382
    outer loop
      vertex 0.944468 -8.94568 -15.5865
      vertex 0.849999 -5.93763 -15.5278
      vertex 0.944468 -5.92204 -15.5865
    endloop
  endfacet
  facet normal -0.527779 0 -0.849382
    outer loop
      vertex 0.849999 5.93763 -15.5278
      vertex 0.944468 8.94568 -15.5865
      vertex 0.944468 5.92204 -15.5865
    endloop
  endfacet
  facet normal -0.527779 0 -0.849382
    outer loop
      vertex 0.944468 8.94568 -15.5865
      vertex 0.849999 5.93763 -15.5278
      vertex 0.849999 8.95499 -15.5278
    endloop
  endfacet
  facet normal -0.290344 -0 -0.956922
    outer loop
      vertex 0.439992 -5.98247 -15.3579
      vertex 0.546447 -8.98211 -15.3902
      vertex 0.439992 -8.9856 -15.3579
    endloop
  endfacet
  facet normal -0.290344 0 -0.956922
    outer loop
      vertex 0.546447 -8.98211 -15.3902
      vertex 0.439992 -5.98247 -15.3579
      vertex 0.546447 -5.97198 -15.3902
    endloop
  endfacet
  facet normal -0.290344 0 -0.956922
    outer loop
      vertex 0.439992 5.98247 -15.3579
      vertex 0.546447 8.98211 -15.3902
      vertex 0.546447 5.97198 -15.3902
    endloop
  endfacet
  facet normal -0.290344 0 -0.956922
    outer loop
      vertex 0.546447 8.98211 -15.3902
      vertex 0.439992 5.98247 -15.3579
      vertex 0.439992 8.9856 -15.3579
    endloop
  endfacet
  facet normal -0.81276 0 0.582598
    outer loop
      vertex 1.3487 -5.84317 -18.0349
      vertex 1.4135 -8.88358 -17.9445
      vertex 1.4135 -5.82806 -17.9445
    endloop
  endfacet
  facet normal -0.81276 0 0.582598
    outer loop
      vertex 1.4135 -8.88358 -17.9445
      vertex 1.3487 -5.84317 -18.0349
      vertex 1.3487 -8.89428 -18.0349
    endloop
  endfacet
  facet normal -0.81276 0 0.582598
    outer loop
      vertex 1.3487 5.84317 -18.0349
      vertex 1.4135 8.88358 -17.9445
      vertex 1.3487 8.89428 -18.0349
    endloop
  endfacet
  facet normal -0.81276 0 0.582598
    outer loop
      vertex 1.4135 8.88358 -17.9445
      vertex 1.3487 5.84317 -18.0349
      vertex 1.4135 5.82806 -17.9445
    endloop
  endfacet
  facet normal 0.773047 0 -0.634348
    outer loop
      vertex -1.27813 -5.85963 -15.8791
      vertex -1.3487 -8.89428 -15.9651
      vertex -1.3487 -5.84317 -15.9651
    endloop
  endfacet
  facet normal 0.773047 0 -0.634348
    outer loop
      vertex -1.3487 -8.89428 -15.9651
      vertex -1.27813 -5.85963 -15.8791
      vertex -1.27813 -8.90593 -15.8791
    endloop
  endfacet
  facet normal 0.773047 0 -0.634348
    outer loop
      vertex -1.27813 5.85963 -15.8791
      vertex -1.3487 8.89428 -15.9651
      vertex -1.27813 8.90593 -15.8791
    endloop
  endfacet
  facet normal 0.773047 0 -0.634348
    outer loop
      vertex -1.3487 8.89428 -15.9651
      vertex -1.27813 5.85963 -15.8791
      vertex -1.3487 5.84317 -15.9651
    endloop
  endfacet
  facet normal -0.353 0.0104393 -0.935565
    outer loop
      vertex 0.546447 -8.98211 -15.3902
      vertex 0.650561 -8.97463 -15.4294
      vertex 0.588628 -8.98073 -15.4061
    endloop
  endfacet
  facet normal -0.352362 0 -0.935864
    outer loop
      vertex 0.650561 -8.97463 -15.4294
      vertex 0.546447 -8.98211 -15.3902
      vertex 0.546447 -5.97198 -15.3902
    endloop
  endfacet
  facet normal -0.352362 0 -0.935864
    outer loop
      vertex 0.650561 -8.97463 -15.4294
      vertex 0.546447 -5.97198 -15.3902
      vertex 0.650561 -5.96173 -15.4294
    endloop
  endfacet
  facet normal -0.352362 0 -0.935864
    outer loop
      vertex 0.546447 5.97198 -15.3902
      vertex 0.650561 8.97463 -15.4294
      vertex 0.650561 5.96173 -15.4294
    endloop
  endfacet
  facet normal -0.352362 -0 -0.935864
    outer loop
      vertex 0.546447 8.98211 -15.3902
      vertex 0.650561 8.97463 -15.4294
      vertex 0.546447 5.97198 -15.3902
    endloop
  endfacet
  facet normal -0.353 -0.0104393 -0.935565
    outer loop
      vertex 0.650561 8.97463 -15.4294
      vertex 0.546447 8.98211 -15.3902
      vertex 0.588628 8.98073 -15.4061
    endloop
  endfacet
  facet normal 0.81276 0 -0.582598
    outer loop
      vertex -1.3487 -5.84317 -15.9651
      vertex -1.4135 -8.88358 -16.0555
      vertex -1.4135 -5.82806 -16.0555
    endloop
  endfacet
  facet normal 0.81276 0 -0.582598
    outer loop
      vertex -1.4135 -8.88358 -16.0555
      vertex -1.3487 -5.84317 -15.9651
      vertex -1.3487 -8.89428 -15.9651
    endloop
  endfacet
  facet normal 0.81276 0 -0.582598
    outer loop
      vertex -1.3487 5.84317 -15.9651
      vertex -1.4135 8.88358 -16.0555
      vertex -1.3487 8.89428 -15.9651
    endloop
  endfacet
  facet normal 0.81276 0 -0.582598
    outer loop
      vertex -1.4135 8.88358 -16.0555
      vertex -1.3487 5.84317 -15.9651
      vertex -1.4135 5.82806 -16.0555
    endloop
  endfacet
  facet normal -0.352362 0 0.935864
    outer loop
      vertex 0.546447 -5.97198 -18.6098
      vertex 0.650561 -8.97463 -18.5706
      vertex 0.650561 -5.96173 -18.5706
    endloop
  endfacet
  facet normal -0.352362 0 0.935864
    outer loop
      vertex 0.546447 -8.98211 -18.6098
      vertex 0.650561 -8.97463 -18.5706
      vertex 0.546447 -5.97198 -18.6098
    endloop
  endfacet
  facet normal -0.353 0.0104393 0.935565
    outer loop
      vertex 0.650561 -8.97463 -18.5706
      vertex 0.546447 -8.98211 -18.6098
      vertex 0.588628 -8.98073 -18.5939
    endloop
  endfacet
  facet normal -0.353 -0.0104393 0.935565
    outer loop
      vertex 0.546447 8.98211 -18.6098
      vertex 0.650561 8.97463 -18.5706
      vertex 0.588628 8.98073 -18.5939
    endloop
  endfacet
  facet normal -0.352362 0 0.935864
    outer loop
      vertex 0.650561 8.97463 -18.5706
      vertex 0.546447 8.98211 -18.6098
      vertex 0.546447 5.97198 -18.6098
    endloop
  endfacet
  facet normal -0.352362 0 0.935864
    outer loop
      vertex 0.650561 8.97463 -18.5706
      vertex 0.546447 5.97198 -18.6098
      vertex 0.650561 5.96173 -18.5706
    endloop
  endfacet
  facet normal 0.634509 0 -0.772915
    outer loop
      vertex -1.12089 -8.92831 -15.7219
      vertex -1.03489 -5.90711 -15.6513
      vertex -1.03489 -8.93678 -15.6513
    endloop
  endfacet
  facet normal 0.634509 0 -0.772915
    outer loop
      vertex -1.03489 -5.90711 -15.6513
      vertex -1.12089 -8.92831 -15.7219
      vertex -1.12089 -5.89291 -15.7219
    endloop
  endfacet
  facet normal 0.634509 0 -0.772915
    outer loop
      vertex -1.12089 8.92831 -15.7219
      vertex -1.03489 5.90711 -15.6513
      vertex -1.12089 5.89291 -15.7219
    endloop
  endfacet
  facet normal 0.634509 0 -0.772915
    outer loop
      vertex -1.03489 5.90711 -15.6513
      vertex -1.12089 8.92831 -15.7219
      vertex -1.03489 8.93678 -15.6513
    endloop
  endfacet
  facet normal -0.683093 0 0.730331
    outer loop
      vertex 1.17054 -5.88471 -18.2316
      vertex 1.20208 -8.91849 -18.2021
      vertex 1.20208 -5.87736 -18.2021
    endloop
  endfacet
  facet normal -0.683573 -9.3602e-06 0.729882
    outer loop
      vertex 1.12089 -5.89291 -18.2781
      vertex 1.20208 -8.91849 -18.2021
      vertex 1.17054 -5.88471 -18.2316
    endloop
  endfacet
  facet normal -0.683388 0 0.730056
    outer loop
      vertex 1.12089 -8.92831 -18.2781
      vertex 1.20208 -8.91849 -18.2021
      vertex 1.12089 -5.89291 -18.2781
    endloop
  endfacet
  facet normal -0.683079 -0.00466511 0.730329
    outer loop
      vertex 1.20208 -8.91849 -18.2021
      vertex 1.12089 -8.92831 -18.2781
      vertex 1.17474 -8.923 -18.2277
    endloop
  endfacet
  facet normal -0.683079 0.00466511 0.730329
    outer loop
      vertex 1.12089 8.92831 -18.2781
      vertex 1.20208 8.91849 -18.2021
      vertex 1.17474 8.923 -18.2277
    endloop
  endfacet
  facet normal -0.683093 0 0.730331
    outer loop
      vertex 1.20208 8.91849 -18.2021
      vertex 1.17054 5.88471 -18.2316
      vertex 1.20208 5.87736 -18.2021
    endloop
  endfacet
  facet normal -0.683388 0 0.730056
    outer loop
      vertex 1.20208 8.91849 -18.2021
      vertex 1.12089 8.92831 -18.2781
      vertex 1.12089 5.89291 -18.2781
    endloop
  endfacet
  facet normal -0.683573 9.3602e-06 0.729882
    outer loop
      vertex 1.20208 8.91849 -18.2021
      vertex 1.12089 5.89291 -18.2781
      vertex 1.17054 5.88471 -18.2316
    endloop
  endfacet
  facet normal 0.910782 0 -0.412888
    outer loop
      vertex -1.55291 -5.79555 -16.3104
      vertex -1.57059 -8.85765 -16.3494
      vertex -1.57059 -5.79019 -16.3494
    endloop
  endfacet
  facet normal 0.910851 -2.3555e-06 -0.412734
    outer loop
      vertex -1.52468 -5.80214 -16.2481
      vertex -1.57059 -8.85765 -16.3494
      vertex -1.55291 -5.79555 -16.3104
    endloop
  endfacet
  facet normal 0.910825 0 -0.412793
    outer loop
      vertex -1.57059 -8.85765 -16.3494
      vertex -1.52468 -5.80214 -16.2481
      vertex -1.52468 -8.86523 -16.2481
    endloop
  endfacet
  facet normal 0.910825 0 -0.412793
    outer loop
      vertex -1.52468 5.80214 -16.2481
      vertex -1.57059 8.85765 -16.3494
      vertex -1.52468 8.86523 -16.2481
    endloop
  endfacet
  facet normal 0.910851 2.3555e-06 -0.412734
    outer loop
      vertex -1.55291 5.79555 -16.3104
      vertex -1.57059 8.85765 -16.3494
      vertex -1.52468 5.80214 -16.2481
    endloop
  endfacet
  facet normal 0.910782 0 -0.412888
    outer loop
      vertex -1.57059 8.85765 -16.3494
      vertex -1.55291 5.79555 -16.3104
      vertex -1.57059 5.79019 -16.3494
    endloop
  endfacet
endsolid OpenSCAD_Model
