solid OpenSCAD_Model
  facet normal -1 0 0
    outer loop
      vertex -5 11.2208 14.4
      vertex -5 19 17.6
      vertex -5 19 14.4
    endloop
  endfacet
  facet normal -1 -0 0
    outer loop
      vertex -5 19 17.6
      vertex -5 11.2208 14.4
      vertex -5 11.2208 17.6
    endloop
  endfacet
  facet normal 0 1 -0
    outer loop
      vertex -5.95 8 14.4
      vertex -8 8 17.6
      vertex -5.95 8 17.6
    endloop
  endfacet
  facet normal 0 1 0
    outer loop
      vertex -8 8 17.6
      vertex -5.95 8 14.4
      vertex -8 8 14.4
    endloop
  endfacet
  facet normal 0 0 -1
    outer loop
      vertex -8 16 17.6
      vertex -5 11.2208 17.6
      vertex -5.15285 10.975 17.6
    endloop
  endfacet
  facet normal 0 0 -1
    outer loop
      vertex -5 11.2208 17.6
      vertex -8 16 17.6
      vertex -5 19 17.6
    endloop
  endfacet
  facet normal 0 0 -1
    outer loop
      vertex -8 16 17.6
      vertex -5.15285 10.975 17.6
      vertex -5.33639 10.6316 17.6
    endloop
  endfacet
  facet normal 0 0 -1
    outer loop
      vertex -5 19 17.6
      vertex -8 16 17.6
      vertex -5.19621 18.9936 17.6
    endloop
  endfacet
  facet normal 0 0 -1
    outer loop
      vertex -8 16 17.6
      vertex -5.33639 10.6316 17.6
      vertex -5.49708 10.277 17.6
    endloop
  endfacet
  facet normal 0 0 -1
    outer loop
      vertex -5.19621 18.9936 17.6
      vertex -8 16 17.6
      vertex -5.39158 18.9743 17.6
    endloop
  endfacet
  facet normal 0 0 -1
    outer loop
      vertex -8 8 17.6
      vertex -5.49708 10.277 17.6
      vertex -5.63423 9.91256 17.6
    endloop
  endfacet
  facet normal 0 0 -1
    outer loop
      vertex -8 8 17.6
      vertex -5.63423 9.91256 17.6
      vertex -5.74726 9.53997 17.6
    endloop
  endfacet
  facet normal 0 0 -1
    outer loop
      vertex -5.39158 18.9743 17.6
      vertex -8 16 17.6
      vertex -5.58527 18.9424 17.6
    endloop
  endfacet
  facet normal 0 0 -1
    outer loop
      vertex -8 8 17.6
      vertex -5.74726 9.53997 17.6
      vertex -5.83567 9.16079 17.6
    endloop
  endfacet
  facet normal 0 0 -1
    outer loop
      vertex -8 8 17.6
      vertex -5.83567 9.16079 17.6
      vertex -5.8991 8.77663 17.6
    endloop
  endfacet
  facet normal 0 0 -1
    outer loop
      vertex -8 8 17.6
      vertex -5.8991 8.77663 17.6
      vertex -5.93726 8.38915 17.6
    endloop
  endfacet
  facet normal 0 0 -1
    outer loop
      vertex -8 8 17.6
      vertex -5.93726 8.38915 17.6
      vertex -5.95 8 17.6
    endloop
  endfacet
  facet normal 0 0 -1
    outer loop
      vertex -5.58527 18.9424 17.6
      vertex -8 16 17.6
      vertex -5.77646 18.8978 17.6
    endloop
  endfacet
  facet normal 0 0 -1
    outer loop
      vertex -5.77646 18.8978 17.6
      vertex -8 16 17.6
      vertex -5.96432 18.8408 17.6
    endloop
  endfacet
  facet normal 0 0 -1
    outer loop
      vertex -5.96432 18.8408 17.6
      vertex -8 16 17.6
      vertex -6.14805 18.7716 17.6
    endloop
  endfacet
  facet normal 0 0 -1
    outer loop
      vertex -6.14805 18.7716 17.6
      vertex -8 16 17.6
      vertex -6.32687 18.6906 17.6
    endloop
  endfacet
  facet normal 0 0 -1
    outer loop
      vertex -6.32687 18.6906 17.6
      vertex -8 16 17.6
      vertex -6.5 18.5981 17.6
    endloop
  endfacet
  facet normal 0 0 -1
    outer loop
      vertex -6.5 18.5981 17.6
      vertex -8 16 17.6
      vertex -6.66671 18.4944 17.6
    endloop
  endfacet
  facet normal 0 0 -1
    outer loop
      vertex -6.66671 18.4944 17.6
      vertex -8 16 17.6
      vertex -6.82628 18.3801 17.6
    endloop
  endfacet
  facet normal 0 0 -1
    outer loop
      vertex -6.82628 18.3801 17.6
      vertex -8 16 17.6
      vertex -6.97804 18.2555 17.6
    endloop
  endfacet
  facet normal 0 0 -1
    outer loop
      vertex -6.97804 18.2555 17.6
      vertex -8 16 17.6
      vertex -7.12132 18.1213 17.6
    endloop
  endfacet
  facet normal 0 0 -1
    outer loop
      vertex -7.12132 18.1213 17.6
      vertex -8 16 17.6
      vertex -7.25552 17.978 17.6
    endloop
  endfacet
  facet normal 0 0 -1
    outer loop
      vertex -7.25552 17.978 17.6
      vertex -8 16 17.6
      vertex -7.38006 17.8263 17.6
    endloop
  endfacet
  facet normal 0 0 -1
    outer loop
      vertex -7.38006 17.8263 17.6
      vertex -8 16 17.6
      vertex -7.49441 17.6667 17.6
    endloop
  endfacet
  facet normal 0 0 -1
    outer loop
      vertex -7.49441 17.6667 17.6
      vertex -8 16 17.6
      vertex -7.59808 17.5 17.6
    endloop
  endfacet
  facet normal 0 0 -1
    outer loop
      vertex -7.59808 17.5 17.6
      vertex -8 16 17.6
      vertex -7.69062 17.3269 17.6
    endloop
  endfacet
  facet normal 0 0 -1
    outer loop
      vertex -7.69062 17.3269 17.6
      vertex -8 16 17.6
      vertex -7.77164 17.148 17.6
    endloop
  endfacet
  facet normal 0 0 -1
    outer loop
      vertex -7.77164 17.148 17.6
      vertex -8 16 17.6
      vertex -7.84079 16.9643 17.6
    endloop
  endfacet
  facet normal 0 0 -1
    outer loop
      vertex -7.84079 16.9643 17.6
      vertex -8 16 17.6
      vertex -7.89778 16.7765 17.6
    endloop
  endfacet
  facet normal 0 0 -1
    outer loop
      vertex -7.89778 16.7765 17.6
      vertex -8 16 17.6
      vertex -7.94236 16.5853 17.6
    endloop
  endfacet
  facet normal 0 0 -1
    outer loop
      vertex -7.94236 16.5853 17.6
      vertex -8 16 17.6
      vertex -7.97433 16.3916 17.6
    endloop
  endfacet
  facet normal -0 0 -1
    outer loop
      vertex -5.49708 10.277 17.6
      vertex -8 8 17.6
      vertex -8 16 17.6
    endloop
  endfacet
  facet normal 0 0 -1
    outer loop
      vertex -7.97433 16.3916 17.6
      vertex -8 16 17.6
      vertex -7.99358 16.1962 17.6
    endloop
  endfacet
  facet normal -0 0 1
    outer loop
      vertex -8 16 14.4
      vertex -5 11.2208 14.4
      vertex -5 19 14.4
    endloop
  endfacet
  facet normal 0 0 1
    outer loop
      vertex -8 16 14.4
      vertex -5 19 14.4
      vertex -5.19621 18.9936 14.4
    endloop
  endfacet
  facet normal 0 0 1
    outer loop
      vertex -5 11.2208 14.4
      vertex -8 16 14.4
      vertex -5.15285 10.975 14.4
    endloop
  endfacet
  facet normal 0 0 1
    outer loop
      vertex -8 16 14.4
      vertex -5.19621 18.9936 14.4
      vertex -5.39158 18.9743 14.4
    endloop
  endfacet
  facet normal 0 0 1
    outer loop
      vertex -5.15285 10.975 14.4
      vertex -8 16 14.4
      vertex -5.33639 10.6316 14.4
    endloop
  endfacet
  facet normal 0 0 1
    outer loop
      vertex -8 16 14.4
      vertex -5.39158 18.9743 14.4
      vertex -5.58527 18.9424 14.4
    endloop
  endfacet
  facet normal 0 0 1
    outer loop
      vertex -5.33639 10.6316 14.4
      vertex -8 16 14.4
      vertex -5.49708 10.277 14.4
    endloop
  endfacet
  facet normal 0 0 1
    outer loop
      vertex -8 8 14.4
      vertex -5.49708 10.277 14.4
      vertex -8 16 14.4
    endloop
  endfacet
  facet normal 0 0 1
    outer loop
      vertex -8 16 14.4
      vertex -5.58527 18.9424 14.4
      vertex -5.77646 18.8978 14.4
    endloop
  endfacet
  facet normal 0 0 1
    outer loop
      vertex -5.49708 10.277 14.4
      vertex -8 8 14.4
      vertex -5.63423 9.91256 14.4
    endloop
  endfacet
  facet normal 0 0 1
    outer loop
      vertex -5.63423 9.91256 14.4
      vertex -8 8 14.4
      vertex -5.74726 9.53997 14.4
    endloop
  endfacet
  facet normal 0 0 1
    outer loop
      vertex -5.74726 9.53997 14.4
      vertex -8 8 14.4
      vertex -5.83567 9.16079 14.4
    endloop
  endfacet
  facet normal 0 0 1
    outer loop
      vertex -5.83567 9.16079 14.4
      vertex -8 8 14.4
      vertex -5.8991 8.77663 14.4
    endloop
  endfacet
  facet normal 0 0 1
    outer loop
      vertex -8 16 14.4
      vertex -5.77646 18.8978 14.4
      vertex -5.96432 18.8408 14.4
    endloop
  endfacet
  facet normal 0 0 1
    outer loop
      vertex -8 16 14.4
      vertex -5.96432 18.8408 14.4
      vertex -6.14805 18.7716 14.4
    endloop
  endfacet
  facet normal 0 0 1
    outer loop
      vertex -8 16 14.4
      vertex -6.14805 18.7716 14.4
      vertex -6.32687 18.6906 14.4
    endloop
  endfacet
  facet normal 0 0 1
    outer loop
      vertex -8 16 14.4
      vertex -6.32687 18.6906 14.4
      vertex -6.5 18.5981 14.4
    endloop
  endfacet
  facet normal 0 0 1
    outer loop
      vertex -8 16 14.4
      vertex -6.5 18.5981 14.4
      vertex -6.66671 18.4944 14.4
    endloop
  endfacet
  facet normal 0 0 1
    outer loop
      vertex -8 16 14.4
      vertex -6.66671 18.4944 14.4
      vertex -6.82628 18.3801 14.4
    endloop
  endfacet
  facet normal 0 0 1
    outer loop
      vertex -8 16 14.4
      vertex -6.82628 18.3801 14.4
      vertex -6.97804 18.2555 14.4
    endloop
  endfacet
  facet normal 0 0 1
    outer loop
      vertex -8 16 14.4
      vertex -6.97804 18.2555 14.4
      vertex -7.12132 18.1213 14.4
    endloop
  endfacet
  facet normal 0 0 1
    outer loop
      vertex -8 16 14.4
      vertex -7.12132 18.1213 14.4
      vertex -7.25552 17.978 14.4
    endloop
  endfacet
  facet normal 0 0 1
    outer loop
      vertex -8 16 14.4
      vertex -7.25552 17.978 14.4
      vertex -7.38006 17.8263 14.4
    endloop
  endfacet
  facet normal 0 0 1
    outer loop
      vertex -8 16 14.4
      vertex -7.38006 17.8263 14.4
      vertex -7.49441 17.6667 14.4
    endloop
  endfacet
  facet normal 0 0 1
    outer loop
      vertex -8 16 14.4
      vertex -7.49441 17.6667 14.4
      vertex -7.59808 17.5 14.4
    endloop
  endfacet
  facet normal 0 0 1
    outer loop
      vertex -8 16 14.4
      vertex -7.59808 17.5 14.4
      vertex -7.69062 17.3269 14.4
    endloop
  endfacet
  facet normal 0 0 1
    outer loop
      vertex -8 16 14.4
      vertex -7.69062 17.3269 14.4
      vertex -7.77164 17.148 14.4
    endloop
  endfacet
  facet normal 0 0 1
    outer loop
      vertex -8 16 14.4
      vertex -7.77164 17.148 14.4
      vertex -7.84079 16.9643 14.4
    endloop
  endfacet
  facet normal 0 0 1
    outer loop
      vertex -8 16 14.4
      vertex -7.84079 16.9643 14.4
      vertex -7.89778 16.7765 14.4
    endloop
  endfacet
  facet normal 0 0 1
    outer loop
      vertex -8 16 14.4
      vertex -7.89778 16.7765 14.4
      vertex -7.94236 16.5853 14.4
    endloop
  endfacet
  facet normal 0 0 1
    outer loop
      vertex -8 16 14.4
      vertex -7.94236 16.5853 14.4
      vertex -7.97433 16.3916 14.4
    endloop
  endfacet
  facet normal 0 0 1
    outer loop
      vertex -8 16 14.4
      vertex -7.97433 16.3916 14.4
      vertex -7.99358 16.1962 14.4
    endloop
  endfacet
  facet normal 0 0 1
    outer loop
      vertex -5.8991 8.77663 14.4
      vertex -8 8 14.4
      vertex -5.93726 8.38915 14.4
    endloop
  endfacet
  facet normal 0 0 1
    outer loop
      vertex -5.93726 8.38915 14.4
      vertex -8 8 14.4
      vertex -5.95 8 14.4
    endloop
  endfacet
  facet normal 1 -0 0
    outer loop
      vertex 5 11.2208 17.6
      vertex 5 19 14.4
      vertex 5 19 17.6
    endloop
  endfacet
  facet normal 1 0 0
    outer loop
      vertex 5 19 14.4
      vertex 5 11.2208 17.6
      vertex 5 11.2208 14.4
    endloop
  endfacet
  facet normal 0 1 -0
    outer loop
      vertex 8 8 14.4
      vertex 5.95 8 17.6
      vertex 8 8 17.6
    endloop
  endfacet
  facet normal 0 1 0
    outer loop
      vertex 5.95 8 17.6
      vertex 8 8 14.4
      vertex 5.95 8 14.4
    endloop
  endfacet
  facet normal 0 0 -1
    outer loop
      vertex 5.49708 10.277 17.6
      vertex 8 16 17.6
      vertex 8 8 17.6
    endloop
  endfacet
  facet normal 0 0 -1
    outer loop
      vertex 5.33639 10.6316 17.6
      vertex 8 16 17.6
      vertex 5.49708 10.277 17.6
    endloop
  endfacet
  facet normal 0 0 -1
    outer loop
      vertex 5.15285 10.975 17.6
      vertex 8 16 17.6
      vertex 5.33639 10.6316 17.6
    endloop
  endfacet
  facet normal 0 0 -1
    outer loop
      vertex 5 11.2208 17.6
      vertex 8 16 17.6
      vertex 5.15285 10.975 17.6
    endloop
  endfacet
  facet normal 0 0 -1
    outer loop
      vertex 8 16 17.6
      vertex 5 19 17.6
      vertex 7.99358 16.1962 17.6
    endloop
  endfacet
  facet normal 0 0 -1
    outer loop
      vertex 7.99358 16.1962 17.6
      vertex 5 19 17.6
      vertex 7.97433 16.3916 17.6
    endloop
  endfacet
  facet normal 0 0 -1
    outer loop
      vertex 7.97433 16.3916 17.6
      vertex 5 19 17.6
      vertex 7.94236 16.5853 17.6
    endloop
  endfacet
  facet normal 0 0 -1
    outer loop
      vertex 7.94236 16.5853 17.6
      vertex 5 19 17.6
      vertex 7.89778 16.7765 17.6
    endloop
  endfacet
  facet normal 0 0 -1
    outer loop
      vertex 7.89778 16.7765 17.6
      vertex 5 19 17.6
      vertex 7.84079 16.9643 17.6
    endloop
  endfacet
  facet normal 0 0 -1
    outer loop
      vertex 7.84079 16.9643 17.6
      vertex 5 19 17.6
      vertex 7.77164 17.148 17.6
    endloop
  endfacet
  facet normal 0 0 -1
    outer loop
      vertex 7.77164 17.148 17.6
      vertex 5 19 17.6
      vertex 7.69062 17.3269 17.6
    endloop
  endfacet
  facet normal 0 0 -1
    outer loop
      vertex 7.69062 17.3269 17.6
      vertex 5 19 17.6
      vertex 7.59808 17.5 17.6
    endloop
  endfacet
  facet normal 0 0 -1
    outer loop
      vertex 7.59808 17.5 17.6
      vertex 5 19 17.6
      vertex 7.49441 17.6667 17.6
    endloop
  endfacet
  facet normal 0 0 -1
    outer loop
      vertex 7.49441 17.6667 17.6
      vertex 5 19 17.6
      vertex 7.38006 17.8263 17.6
    endloop
  endfacet
  facet normal 0 0 -1
    outer loop
      vertex 7.38006 17.8263 17.6
      vertex 5 19 17.6
      vertex 7.25552 17.978 17.6
    endloop
  endfacet
  facet normal 0 0 -1
    outer loop
      vertex 7.25552 17.978 17.6
      vertex 5 19 17.6
      vertex 7.12132 18.1213 17.6
    endloop
  endfacet
  facet normal 0 0 -1
    outer loop
      vertex 7.12132 18.1213 17.6
      vertex 5 19 17.6
      vertex 6.97804 18.2555 17.6
    endloop
  endfacet
  facet normal 0 0 -1
    outer loop
      vertex 6.82628 18.3801 17.6
      vertex 5 19 17.6
      vertex 6.66671 18.4944 17.6
    endloop
  endfacet
  facet normal 0 0 -1
    outer loop
      vertex 6.66671 18.4944 17.6
      vertex 5 19 17.6
      vertex 6.5 18.5981 17.6
    endloop
  endfacet
  facet normal 0 0 -1
    outer loop
      vertex 5.93726 8.38915 17.6
      vertex 8 8 17.6
      vertex 5.95 8 17.6
    endloop
  endfacet
  facet normal 0 0 -1
    outer loop
      vertex 5.8991 8.77663 17.6
      vertex 8 8 17.6
      vertex 5.93726 8.38915 17.6
    endloop
  endfacet
  facet normal 0 0 -1
    outer loop
      vertex 5.83567 9.16079 17.6
      vertex 8 8 17.6
      vertex 5.8991 8.77663 17.6
    endloop
  endfacet
  facet normal 0 0 -1
    outer loop
      vertex 5.74726 9.53997 17.6
      vertex 8 8 17.6
      vertex 5.83567 9.16079 17.6
    endloop
  endfacet
  facet normal 0 0 -1
    outer loop
      vertex 5.63423 9.91256 17.6
      vertex 8 8 17.6
      vertex 5.74726 9.53997 17.6
    endloop
  endfacet
  facet normal 0 0 -1
    outer loop
      vertex 5.49708 10.277 17.6
      vertex 8 8 17.6
      vertex 5.63423 9.91256 17.6
    endloop
  endfacet
  facet normal 0 0 -1
    outer loop
      vertex 5 19 17.6
      vertex 8 16 17.6
      vertex 5 11.2208 17.6
    endloop
  endfacet
  facet normal 0 0 -1
    outer loop
      vertex 6.97804 18.2555 17.6
      vertex 5 19 17.6
      vertex 6.82628 18.3801 17.6
    endloop
  endfacet
  facet normal 0 0 -1
    outer loop
      vertex 6.5 18.5981 17.6
      vertex 5 19 17.6
      vertex 6.32687 18.6906 17.6
    endloop
  endfacet
  facet normal 0 0 -1
    outer loop
      vertex 6.32687 18.6906 17.6
      vertex 5 19 17.6
      vertex 6.14805 18.7716 17.6
    endloop
  endfacet
  facet normal 0 0 -1
    outer loop
      vertex 6.14805 18.7716 17.6
      vertex 5 19 17.6
      vertex 5.96432 18.8408 17.6
    endloop
  endfacet
  facet normal 0 0 -1
    outer loop
      vertex 5.96432 18.8408 17.6
      vertex 5 19 17.6
      vertex 5.77646 18.8978 17.6
    endloop
  endfacet
  facet normal 0 0 -1
    outer loop
      vertex 5.77646 18.8978 17.6
      vertex 5 19 17.6
      vertex 5.58527 18.9424 17.6
    endloop
  endfacet
  facet normal 0 0 -1
    outer loop
      vertex 5.58527 18.9424 17.6
      vertex 5 19 17.6
      vertex 5.39158 18.9743 17.6
    endloop
  endfacet
  facet normal 0 0 -1
    outer loop
      vertex 5.39158 18.9743 17.6
      vertex 5 19 17.6
      vertex 5.19621 18.9936 17.6
    endloop
  endfacet
  facet normal 0 0 1
    outer loop
      vertex 5 19 14.4
      vertex 8 16 14.4
      vertex 7.99358 16.1962 14.4
    endloop
  endfacet
  facet normal 0 0 1
    outer loop
      vertex 5 19 14.4
      vertex 7.99358 16.1962 14.4
      vertex 7.97433 16.3916 14.4
    endloop
  endfacet
  facet normal 0 0 1
    outer loop
      vertex 5 19 14.4
      vertex 7.97433 16.3916 14.4
      vertex 7.94236 16.5853 14.4
    endloop
  endfacet
  facet normal 0 0 1
    outer loop
      vertex 5 19 14.4
      vertex 7.94236 16.5853 14.4
      vertex 7.89778 16.7765 14.4
    endloop
  endfacet
  facet normal 0 0 1
    outer loop
      vertex 5 19 14.4
      vertex 7.89778 16.7765 14.4
      vertex 7.84079 16.9643 14.4
    endloop
  endfacet
  facet normal 0 0 1
    outer loop
      vertex 5 19 14.4
      vertex 7.84079 16.9643 14.4
      vertex 7.77164 17.148 14.4
    endloop
  endfacet
  facet normal 0 0 1
    outer loop
      vertex 5 19 14.4
      vertex 7.77164 17.148 14.4
      vertex 7.69062 17.3269 14.4
    endloop
  endfacet
  facet normal 0 0 1
    outer loop
      vertex 5 19 14.4
      vertex 7.69062 17.3269 14.4
      vertex 7.59808 17.5 14.4
    endloop
  endfacet
  facet normal 0 0 1
    outer loop
      vertex 5 19 14.4
      vertex 7.59808 17.5 14.4
      vertex 7.49441 17.6667 14.4
    endloop
  endfacet
  facet normal 0 0 1
    outer loop
      vertex 5 19 14.4
      vertex 7.49441 17.6667 14.4
      vertex 7.38006 17.8263 14.4
    endloop
  endfacet
  facet normal 0 0 1
    outer loop
      vertex 5 19 14.4
      vertex 7.38006 17.8263 14.4
      vertex 7.25552 17.978 14.4
    endloop
  endfacet
  facet normal 0 0 1
    outer loop
      vertex 5 19 14.4
      vertex 7.25552 17.978 14.4
      vertex 7.12132 18.1213 14.4
    endloop
  endfacet
  facet normal 0 0 1
    outer loop
      vertex 5 19 14.4
      vertex 7.12132 18.1213 14.4
      vertex 6.97804 18.2555 14.4
    endloop
  endfacet
  facet normal 0 0 1
    outer loop
      vertex 5 19 14.4
      vertex 6.97804 18.2555 14.4
      vertex 6.82628 18.3801 14.4
    endloop
  endfacet
  facet normal 0 0 1
    outer loop
      vertex 5 19 14.4
      vertex 6.82628 18.3801 14.4
      vertex 6.66671 18.4944 14.4
    endloop
  endfacet
  facet normal 0 0 1
    outer loop
      vertex 5 19 14.4
      vertex 6.66671 18.4944 14.4
      vertex 6.5 18.5981 14.4
    endloop
  endfacet
  facet normal 0 0 1
    outer loop
      vertex 5 19 14.4
      vertex 6.5 18.5981 14.4
      vertex 6.32687 18.6906 14.4
    endloop
  endfacet
  facet normal 0 0 1
    outer loop
      vertex 5 19 14.4
      vertex 6.32687 18.6906 14.4
      vertex 6.14805 18.7716 14.4
    endloop
  endfacet
  facet normal 0 0 1
    outer loop
      vertex 5 19 14.4
      vertex 6.14805 18.7716 14.4
      vertex 5.96432 18.8408 14.4
    endloop
  endfacet
  facet normal 0 0 1
    outer loop
      vertex 8 16 14.4
      vertex 5.15285 10.975 14.4
      vertex 5.33639 10.6316 14.4
    endloop
  endfacet
  facet normal 0 0 1
    outer loop
      vertex 8 8 14.4
      vertex 5.93726 8.38915 14.4
      vertex 5.95 8 14.4
    endloop
  endfacet
  facet normal 0 0 1
    outer loop
      vertex 8 8 14.4
      vertex 5.8991 8.77663 14.4
      vertex 5.93726 8.38915 14.4
    endloop
  endfacet
  facet normal 0 0 1
    outer loop
      vertex 8 8 14.4
      vertex 5.83567 9.16079 14.4
      vertex 5.8991 8.77663 14.4
    endloop
  endfacet
  facet normal 0 0 1
    outer loop
      vertex 5 19 14.4
      vertex 5.96432 18.8408 14.4
      vertex 5.77646 18.8978 14.4
    endloop
  endfacet
  facet normal 0 0 1
    outer loop
      vertex 8 8 14.4
      vertex 5.74726 9.53997 14.4
      vertex 5.83567 9.16079 14.4
    endloop
  endfacet
  facet normal 0 0 1
    outer loop
      vertex 8 8 14.4
      vertex 5.63423 9.91256 14.4
      vertex 5.74726 9.53997 14.4
    endloop
  endfacet
  facet normal 0 0 1
    outer loop
      vertex 5 19 14.4
      vertex 5.77646 18.8978 14.4
      vertex 5.58527 18.9424 14.4
    endloop
  endfacet
  facet normal 0 0 1
    outer loop
      vertex 8 8 14.4
      vertex 5.49708 10.277 14.4
      vertex 5.63423 9.91256 14.4
    endloop
  endfacet
  facet normal 0 0 1
    outer loop
      vertex 5 19 14.4
      vertex 5.58527 18.9424 14.4
      vertex 5.39158 18.9743 14.4
    endloop
  endfacet
  facet normal 0 0 1
    outer loop
      vertex 8 16 14.4
      vertex 5.49708 10.277 14.4
      vertex 8 8 14.4
    endloop
  endfacet
  facet normal 0 0 1
    outer loop
      vertex 5 19 14.4
      vertex 5.39158 18.9743 14.4
      vertex 5.19621 18.9936 14.4
    endloop
  endfacet
  facet normal 0 0 1
    outer loop
      vertex 8 16 14.4
      vertex 5.33639 10.6316 14.4
      vertex 5.49708 10.277 14.4
    endloop
  endfacet
  facet normal 0 0 1
    outer loop
      vertex 8 16 14.4
      vertex 5 19 14.4
      vertex 5 11.2208 14.4
    endloop
  endfacet
  facet normal 0 0 1
    outer loop
      vertex 8 16 14.4
      vertex 5 11.2208 14.4
      vertex 5.15285 10.975 14.4
    endloop
  endfacet
  facet normal -0.683602 -0.729855 0
    outer loop
      vertex -7.12132 -2.12132 0
      vertex -6.97804 -2.25552 32
      vertex -7.12132 -2.12132 32
    endloop
  endfacet
  facet normal -0.683602 -0.729855 -0
    outer loop
      vertex -6.97804 -2.25552 32
      vertex -7.12132 -2.12132 0
      vertex -6.97804 -2.25552 0
    endloop
  endfacet
  facet normal -0.995181 -0.0980567 0
    outer loop
      vertex -7.97433 -0.391578 0
      vertex -7.99358 -0.196209 32
      vertex -7.99358 -0.196209 0
    endloop
  endfacet
  facet normal -0.995181 -0.0980567 0
    outer loop
      vertex -7.99358 -0.196209 32
      vertex -7.97433 -0.391578 0
      vertex -7.97433 -0.391578 32
    endloop
  endfacet
  facet normal 0 -1 0
    outer loop
      vertex -5 -3 0
      vertex 5 -3 32
      vertex -5 -3 32
    endloop
  endfacet
  facet normal 0 -1 -0
    outer loop
      vertex 5 -3 32
      vertex -5 -3 0
      vertex 5 -3 0
    endloop
  endfacet
  facet normal -0.528079 -0.849195 0
    outer loop
      vertex -6.66671 -2.49441 0
      vertex -6.5 -2.59808 32
      vertex -6.66671 -2.49441 32
    endloop
  endfacet
  facet normal -0.528079 -0.849195 -0
    outer loop
      vertex -6.5 -2.59808 32
      vertex -6.66671 -2.49441 0
      vertex -6.5 -2.59808 0
    endloop
  endfacet
  facet normal -0.999465 0.0327042 0
    outer loop
      vertex -8 16 17.6
      vertex -7.99358 16.1962 32
      vertex -7.99358 16.1962 17.6
    endloop
  endfacet
  facet normal -0.999465 0.0327042 0
    outer loop
      vertex -7.99358 16.1962 32
      vertex -8 16 17.6
      vertex -8 16 32
    endloop
  endfacet
  facet normal -0.999465 0.0327042 0
    outer loop
      vertex -8 16 0
      vertex -7.99358 16.1962 14.4
      vertex -7.99358 16.1962 0
    endloop
  endfacet
  facet normal -0.999465 0.0327042 0
    outer loop
      vertex -7.99358 16.1962 14.4
      vertex -8 16 0
      vertex -8 16 14.4
    endloop
  endfacet
  facet normal 0.881887 0.471461 0
    outer loop
      vertex 7.69062 17.3269 14.4
      vertex 7.59808 17.5 0
      vertex 7.59808 17.5 14.4
    endloop
  endfacet
  facet normal 0.881887 0.471461 0
    outer loop
      vertex 7.59808 17.5 0
      vertex 7.69062 17.3269 14.4
      vertex 7.69062 17.3269 0
    endloop
  endfacet
  facet normal 0.881887 0.471461 0
    outer loop
      vertex 7.69062 17.3269 32
      vertex 7.59808 17.5 17.6
      vertex 7.59808 17.5 32
    endloop
  endfacet
  facet normal 0.881887 0.471461 0
    outer loop
      vertex 7.59808 17.5 17.6
      vertex 7.69062 17.3269 32
      vertex 7.69062 17.3269 17.6
    endloop
  endfacet
  facet normal -0.812838 -0.58249 0
    outer loop
      vertex -7.38006 -1.82628 0
      vertex -7.49441 -1.66671 32
      vertex -7.49441 -1.66671 0
    endloop
  endfacet
  facet normal -0.812838 -0.58249 0
    outer loop
      vertex -7.49441 -1.66671 32
      vertex -7.38006 -1.82628 0
      vertex -7.38006 -1.82628 32
    endloop
  endfacet
  facet normal -0.935909 -0.352242 0
    outer loop
      vertex -7.77164 -1.14805 0
      vertex -7.84079 -0.964318 32
      vertex -7.84079 -0.964318 0
    endloop
  endfacet
  facet normal -0.935909 -0.352242 0
    outer loop
      vertex -7.84079 -0.964318 32
      vertex -7.77164 -1.14805 0
      vertex -7.77164 -1.14805 32
    endloop
  endfacet
  facet normal -0.881921 -0.471397 0
    outer loop
      vertex -7.59808 -1.5 0
      vertex -7.69062 -1.32687 32
      vertex -7.69062 -1.32687 0
    endloop
  endfacet
  facet normal -0.881921 -0.471397 0
    outer loop
      vertex -7.69062 -1.32687 32
      vertex -7.59808 -1.5 0
      vertex -7.59808 -1.5 32
    endloop
  endfacet
  facet normal -0.0326008 0.999468 0
    outer loop
      vertex -5 19 17.6
      vertex -5.19621 18.9936 32
      vertex -5 19 32
    endloop
  endfacet
  facet normal -0.0326008 0.999468 0
    outer loop
      vertex -5.19621 18.9936 32
      vertex -5 19 17.6
      vertex -5.19621 18.9936 17.6
    endloop
  endfacet
  facet normal -0.0326008 0.999468 0
    outer loop
      vertex -5 19 0
      vertex -5.19621 18.9936 14.4
      vertex -5 19 14.4
    endloop
  endfacet
  facet normal -0.0326008 0.999468 0
    outer loop
      vertex -5.19621 18.9936 14.4
      vertex -5 19 0
      vertex -5.19621 18.9936 0
    endloop
  endfacet
  facet normal 0.986652 0.162846 0
    outer loop
      vertex 7.97433 16.3916 32
      vertex 7.94236 16.5853 17.6
      vertex 7.94236 16.5853 32
    endloop
  endfacet
  facet normal 0.986652 0.162846 0
    outer loop
      vertex 7.94236 16.5853 17.6
      vertex 7.97433 16.3916 32
      vertex 7.97433 16.3916 17.6
    endloop
  endfacet
  facet normal 0.986652 0.162846 0
    outer loop
      vertex 7.97433 16.3916 14.4
      vertex 7.94236 16.5853 0
      vertex 7.94236 16.5853 14.4
    endloop
  endfacet
  facet normal 0.986652 0.162846 0
    outer loop
      vertex 7.94236 16.5853 0
      vertex 7.97433 16.3916 14.4
      vertex 7.97433 16.3916 0
    endloop
  endfacet
  facet normal 0.995182 0.0980413 0
    outer loop
      vertex 7.99358 16.1962 32
      vertex 7.97433 16.3916 17.6
      vertex 7.97433 16.3916 32
    endloop
  endfacet
  facet normal 0.995182 0.0980413 0
    outer loop
      vertex 7.97433 16.3916 17.6
      vertex 7.99358 16.1962 32
      vertex 7.99358 16.1962 17.6
    endloop
  endfacet
  facet normal 0.995182 0.0980413 0
    outer loop
      vertex 7.99358 16.1962 14.4
      vertex 7.97433 16.3916 0
      vertex 7.97433 16.3916 14.4
    endloop
  endfacet
  facet normal 0.995182 0.0980413 0
    outer loop
      vertex 7.97433 16.3916 0
      vertex 7.99358 16.1962 14.4
      vertex 7.99358 16.1962 0
    endloop
  endfacet
  facet normal 0.352245 -0.935908 0
    outer loop
      vertex 5.96432 -2.84079 0
      vertex 6.14805 -2.77164 32
      vertex 5.96432 -2.84079 32
    endloop
  endfacet
  facet normal 0.352245 -0.935908 0
    outer loop
      vertex 6.14805 -2.77164 32
      vertex 5.96432 -2.84079 0
      vertex 6.14805 -2.77164 0
    endloop
  endfacet
  facet normal 0.0326008 0.999468 -0
    outer loop
      vertex 5.19621 18.9936 0
      vertex 5 19 14.4
      vertex 5.19621 18.9936 14.4
    endloop
  endfacet
  facet normal 0.0326008 0.999468 0
    outer loop
      vertex 5 19 14.4
      vertex 5.19621 18.9936 0
      vertex 5 19 0
    endloop
  endfacet
  facet normal 0.0326008 0.999468 -0
    outer loop
      vertex 5.19621 18.9936 17.6
      vertex 5 19 32
      vertex 5.19621 18.9936 32
    endloop
  endfacet
  facet normal 0.0326008 0.999468 0
    outer loop
      vertex 5 19 32
      vertex 5.19621 18.9936 17.6
      vertex 5 19 17.6
    endloop
  endfacet
  facet normal -0.0983084 0.995156 0
    outer loop
      vertex -5.19621 18.9936 17.6
      vertex -5.39158 18.9743 32
      vertex -5.19621 18.9936 32
    endloop
  endfacet
  facet normal -0.0983084 0.995156 0
    outer loop
      vertex -5.39158 18.9743 32
      vertex -5.19621 18.9936 17.6
      vertex -5.39158 18.9743 17.6
    endloop
  endfacet
  facet normal -0.0983084 0.995156 0
    outer loop
      vertex -5.19621 18.9936 0
      vertex -5.39158 18.9743 14.4
      vertex -5.19621 18.9936 14.4
    endloop
  endfacet
  facet normal -0.0983084 0.995156 0
    outer loop
      vertex -5.39158 18.9743 14.4
      vertex -5.19621 18.9936 0
      vertex -5.39158 18.9743 0
    endloop
  endfacet
  facet normal 0.412697 -0.910868 0
    outer loop
      vertex 6.14805 -2.77164 0
      vertex 6.32687 -2.69062 32
      vertex 6.14805 -2.77164 32
    endloop
  endfacet
  facet normal 0.412697 -0.910868 0
    outer loop
      vertex 6.32687 -2.69062 32
      vertex 6.14805 -2.77164 0
      vertex 6.32687 -2.69062 0
    endloop
  endfacet
  facet normal 0 0 1
    outer loop
      vertex 5 19 32
      vertex 8 16 32
      vertex 7.99358 16.1962 32
    endloop
  endfacet
  facet normal 0 0 1
    outer loop
      vertex 8 16 32
      vertex 1 8 32
      vertex 8 0 32
    endloop
  endfacet
  facet normal 0 0 1
    outer loop
      vertex 5 19 32
      vertex 7.99358 16.1962 32
      vertex 7.97433 16.3916 32
    endloop
  endfacet
  facet normal -0 0 1
    outer loop
      vertex 0.997858 7.9346 32
      vertex 8 0 32
      vertex 1 8 32
    endloop
  endfacet
  facet normal 0 0 1
    outer loop
      vertex 5 19 32
      vertex 7.97433 16.3916 32
      vertex 7.94236 16.5853 32
    endloop
  endfacet
  facet normal -0 0 1
    outer loop
      vertex 0.991445 7.86947 32
      vertex 8 0 32
      vertex 0.997858 7.9346 32
    endloop
  endfacet
  facet normal 0 0 1
    outer loop
      vertex 5 19 32
      vertex 7.94236 16.5853 32
      vertex 7.89778 16.7765 32
    endloop
  endfacet
  facet normal -0 0 1
    outer loop
      vertex 0.980784 7.80491 32
      vertex 8 0 32
      vertex 0.991445 7.86947 32
    endloop
  endfacet
  facet normal 0 0 1
    outer loop
      vertex 5 19 32
      vertex 7.89778 16.7765 32
      vertex 7.84079 16.9643 32
    endloop
  endfacet
  facet normal -0 0 1
    outer loop
      vertex 0.965925 7.74118 32
      vertex 8 0 32
      vertex 0.980784 7.80491 32
    endloop
  endfacet
  facet normal 0 0 1
    outer loop
      vertex 5 19 32
      vertex 7.84079 16.9643 32
      vertex 7.77164 17.148 32
    endloop
  endfacet
  facet normal -0 0 1
    outer loop
      vertex 0.94693 7.67856 32
      vertex 8 0 32
      vertex 0.965925 7.74118 32
    endloop
  endfacet
  facet normal 0 0 1
    outer loop
      vertex 5 19 32
      vertex 7.77164 17.148 32
      vertex 7.69062 17.3269 32
    endloop
  endfacet
  facet normal -0 0 1
    outer loop
      vertex 0.923879 7.61732 32
      vertex 8 0 32
      vertex 0.94693 7.67856 32
    endloop
  endfacet
  facet normal 0 0 1
    outer loop
      vertex 5 19 32
      vertex 7.69062 17.3269 32
      vertex 7.59808 17.5 32
    endloop
  endfacet
  facet normal -0 0 1
    outer loop
      vertex 0.896873 7.55771 32
      vertex 8 0 32
      vertex 0.923879 7.61732 32
    endloop
  endfacet
  facet normal 0 0 1
    outer loop
      vertex 5 19 32
      vertex 7.59808 17.5 32
      vertex 7.49441 17.6667 32
    endloop
  endfacet
  facet normal -0 0 1
    outer loop
      vertex 0.866025 7.5 32
      vertex 8 0 32
      vertex 0.896873 7.55771 32
    endloop
  endfacet
  facet normal 0 0 1
    outer loop
      vertex 5 19 32
      vertex 7.49441 17.6667 32
      vertex 7.38006 17.8263 32
    endloop
  endfacet
  facet normal -0 0 1
    outer loop
      vertex 0.83147 7.44443 32
      vertex 8 0 32
      vertex 0.866025 7.5 32
    endloop
  endfacet
  facet normal 0 0 1
    outer loop
      vertex 5 19 32
      vertex 7.38006 17.8263 32
      vertex 7.25552 17.978 32
    endloop
  endfacet
  facet normal -0 0 1
    outer loop
      vertex 0.793353 7.39124 32
      vertex 8 0 32
      vertex 0.83147 7.44443 32
    endloop
  endfacet
  facet normal 0 0 1
    outer loop
      vertex 5 19 32
      vertex 7.25552 17.978 32
      vertex 7.12132 18.1213 32
    endloop
  endfacet
  facet normal -0 0 1
    outer loop
      vertex 0.75184 7.34065 32
      vertex 8 0 32
      vertex 0.793353 7.39124 32
    endloop
  endfacet
  facet normal 0 0 1
    outer loop
      vertex 5 19 32
      vertex 7.12132 18.1213 32
      vertex 6.97804 18.2555 32
    endloop
  endfacet
  facet normal -0 0 1
    outer loop
      vertex 0.707107 7.29289 32
      vertex 8 0 32
      vertex 0.75184 7.34065 32
    endloop
  endfacet
  facet normal 0 0 1
    outer loop
      vertex 5 19 32
      vertex 6.97804 18.2555 32
      vertex 6.82628 18.3801 32
    endloop
  endfacet
  facet normal -0 0 1
    outer loop
      vertex 0.659346 7.24816 32
      vertex 8 0 32
      vertex 0.707107 7.29289 32
    endloop
  endfacet
  facet normal 0 0 1
    outer loop
      vertex 5 19 32
      vertex 6.82628 18.3801 32
      vertex 6.66671 18.4944 32
    endloop
  endfacet
  facet normal -0 0 1
    outer loop
      vertex 0.608761 7.20665 32
      vertex 8 0 32
      vertex 0.659346 7.24816 32
    endloop
  endfacet
  facet normal 0 0 1
    outer loop
      vertex 5 19 32
      vertex 6.66671 18.4944 32
      vertex 6.5 18.5981 32
    endloop
  endfacet
  facet normal -0 0 1
    outer loop
      vertex 0.55557 7.16853 32
      vertex 8 0 32
      vertex 0.608761 7.20665 32
    endloop
  endfacet
  facet normal 0 0 1
    outer loop
      vertex 5 19 32
      vertex 6.5 18.5981 32
      vertex 6.32687 18.6906 32
    endloop
  endfacet
  facet normal -0 0 1
    outer loop
      vertex 0.5 7.13397 32
      vertex 8 0 32
      vertex 0.55557 7.16853 32
    endloop
  endfacet
  facet normal 0 0 1
    outer loop
      vertex 5 19 32
      vertex 6.32687 18.6906 32
      vertex 6.14805 18.7716 32
    endloop
  endfacet
  facet normal -0 0 1
    outer loop
      vertex 0.442288 7.10313 32
      vertex 8 0 32
      vertex 0.5 7.13397 32
    endloop
  endfacet
  facet normal 0 0 1
    outer loop
      vertex 5 19 32
      vertex 6.14805 18.7716 32
      vertex 5.96432 18.8408 32
    endloop
  endfacet
  facet normal 0 -0 1
    outer loop
      vertex 5 -3 32
      vertex 8 0 32
      vertex 0.442288 7.10313 32
    endloop
  endfacet
  facet normal 0 0 1
    outer loop
      vertex 5 19 32
      vertex 5.96432 18.8408 32
      vertex 5.77646 18.8978 32
    endloop
  endfacet
  facet normal 0 0 1
    outer loop
      vertex 7.99358 -0.196209 32
      vertex 5 -3 32
      vertex 7.97433 -0.391578 32
    endloop
  endfacet
  facet normal 0 0 1
    outer loop
      vertex 5 19 32
      vertex 5.77646 18.8978 32
      vertex 5.58527 18.9424 32
    endloop
  endfacet
  facet normal 0 0 1
    outer loop
      vertex 7.97433 -0.391578 32
      vertex 5 -3 32
      vertex 7.94236 -0.585271 32
    endloop
  endfacet
  facet normal 0 0 1
    outer loop
      vertex 5 19 32
      vertex 5.58527 18.9424 32
      vertex 5.39158 18.9743 32
    endloop
  endfacet
  facet normal 0 0 1
    outer loop
      vertex 7.94236 -0.585271 32
      vertex 5 -3 32
      vertex 7.89778 -0.776457 32
    endloop
  endfacet
  facet normal 0 0 1
    outer loop
      vertex 5 19 32
      vertex 5.39158 18.9743 32
      vertex 5.19621 18.9936 32
    endloop
  endfacet
  facet normal 0 0 1
    outer loop
      vertex 7.89778 -0.776457 32
      vertex 5 -3 32
      vertex 7.84079 -0.964318 32
    endloop
  endfacet
  facet normal 0 0 1
    outer loop
      vertex 8 16 32
      vertex 5 19 32
      vertex 0.442288 8.89687 32
    endloop
  endfacet
  facet normal 0 0 1
    outer loop
      vertex 7.77164 -1.14805 32
      vertex 5 -3 32
      vertex 7.69062 -1.32687 32
    endloop
  endfacet
  facet normal 0 0 1
    outer loop
      vertex 7.69062 -1.32687 32
      vertex 5 -3 32
      vertex 7.59808 -1.5 32
    endloop
  endfacet
  facet normal 0 0 1
    outer loop
      vertex 8 16 32
      vertex 0.997858 8.0654 32
      vertex 1 8 32
    endloop
  endfacet
  facet normal 0 0 1
    outer loop
      vertex 8 16 32
      vertex 0.991445 8.13053 32
      vertex 0.997858 8.0654 32
    endloop
  endfacet
  facet normal 0 0 1
    outer loop
      vertex 8 16 32
      vertex 0.980784 8.19509 32
      vertex 0.991445 8.13053 32
    endloop
  endfacet
  facet normal 0 0 1
    outer loop
      vertex 8 16 32
      vertex 0.965925 8.25882 32
      vertex 0.980784 8.19509 32
    endloop
  endfacet
  facet normal 0 0 1
    outer loop
      vertex 8 16 32
      vertex 0.94693 8.32144 32
      vertex 0.965925 8.25882 32
    endloop
  endfacet
  facet normal 0 0 1
    outer loop
      vertex 8 16 32
      vertex 0.923879 8.38268 32
      vertex 0.94693 8.32144 32
    endloop
  endfacet
  facet normal 0 0 1
    outer loop
      vertex 8 16 32
      vertex 0.896873 8.44229 32
      vertex 0.923879 8.38268 32
    endloop
  endfacet
  facet normal 0 0 1
    outer loop
      vertex 8 16 32
      vertex 0.866025 8.5 32
      vertex 0.896873 8.44229 32
    endloop
  endfacet
  facet normal 0 0 1
    outer loop
      vertex 8 16 32
      vertex 0.83147 8.55557 32
      vertex 0.866025 8.5 32
    endloop
  endfacet
  facet normal 0 0 1
    outer loop
      vertex 8 16 32
      vertex 0.793353 8.60876 32
      vertex 0.83147 8.55557 32
    endloop
  endfacet
  facet normal 0 0 1
    outer loop
      vertex 8 16 32
      vertex 0.75184 8.65935 32
      vertex 0.793353 8.60876 32
    endloop
  endfacet
  facet normal 0 0 1
    outer loop
      vertex 8 16 32
      vertex 0.707107 8.70711 32
      vertex 0.75184 8.65935 32
    endloop
  endfacet
  facet normal 0 0 1
    outer loop
      vertex 8 16 32
      vertex 0.659346 8.75184 32
      vertex 0.707107 8.70711 32
    endloop
  endfacet
  facet normal 0 0 1
    outer loop
      vertex 8 16 32
      vertex 0.608761 8.79335 32
      vertex 0.659346 8.75184 32
    endloop
  endfacet
  facet normal 0 0 1
    outer loop
      vertex 8 16 32
      vertex 0.55557 8.83147 32
      vertex 0.608761 8.79335 32
    endloop
  endfacet
  facet normal 0 0 1
    outer loop
      vertex 8 16 32
      vertex 0.5 8.86602 32
      vertex 0.55557 8.83147 32
    endloop
  endfacet
  facet normal 0 0 1
    outer loop
      vertex 8 16 32
      vertex 0.442288 8.89687 32
      vertex 0.5 8.86602 32
    endloop
  endfacet
  facet normal 0 0 1
    outer loop
      vertex 5 19 32
      vertex 0.382683 8.92388 32
      vertex 0.442288 8.89687 32
    endloop
  endfacet
  facet normal 0 0 1
    outer loop
      vertex 5 19 32
      vertex 0.321439 8.94693 32
      vertex 0.382683 8.92388 32
    endloop
  endfacet
  facet normal 0 0 1
    outer loop
      vertex 5 19 32
      vertex 0.258819 8.96593 32
      vertex 0.321439 8.94693 32
    endloop
  endfacet
  facet normal 0 0 1
    outer loop
      vertex 5 19 32
      vertex 0.19509 8.98078 32
      vertex 0.258819 8.96593 32
    endloop
  endfacet
  facet normal 0 0 1
    outer loop
      vertex 5 19 32
      vertex 0.130526 8.99144 32
      vertex 0.19509 8.98078 32
    endloop
  endfacet
  facet normal 0 0 1
    outer loop
      vertex 5 19 32
      vertex 0.065403 8.99786 32
      vertex 0.130526 8.99144 32
    endloop
  endfacet
  facet normal 0 0 1
    outer loop
      vertex 5 19 32
      vertex 0 9 32
      vertex 0.065403 8.99786 32
    endloop
  endfacet
  facet normal -0 0 1
    outer loop
      vertex -5 19 32
      vertex 0 9 32
      vertex 5 19 32
    endloop
  endfacet
  facet normal 0 0 1
    outer loop
      vertex 0 9 32
      vertex -5 19 32
      vertex -0.065403 8.99786 32
    endloop
  endfacet
  facet normal 0 0 1
    outer loop
      vertex -0.065403 8.99786 32
      vertex -5 19 32
      vertex -0.130526 8.99144 32
    endloop
  endfacet
  facet normal 0 0 1
    outer loop
      vertex -0.130526 8.99144 32
      vertex -5 19 32
      vertex -0.19509 8.98078 32
    endloop
  endfacet
  facet normal 0 0 1
    outer loop
      vertex -0.19509 8.98078 32
      vertex -5 19 32
      vertex -0.258819 8.96593 32
    endloop
  endfacet
  facet normal 0 0 1
    outer loop
      vertex -0.258819 8.96593 32
      vertex -5 19 32
      vertex -0.321439 8.94693 32
    endloop
  endfacet
  facet normal 0 0 1
    outer loop
      vertex -0.321439 8.94693 32
      vertex -5 19 32
      vertex -0.382683 8.92388 32
    endloop
  endfacet
  facet normal 0 0 1
    outer loop
      vertex -0.382683 8.92388 32
      vertex -5 19 32
      vertex -0.442288 8.89687 32
    endloop
  endfacet
  facet normal -0 0 1
    outer loop
      vertex -8 16 32
      vertex -0.442288 8.89687 32
      vertex -5 19 32
    endloop
  endfacet
  facet normal 0 0 1
    outer loop
      vertex -0.442288 8.89687 32
      vertex -8 16 32
      vertex -0.5 8.86602 32
    endloop
  endfacet
  facet normal 0 0 1
    outer loop
      vertex -0.5 8.86602 32
      vertex -8 16 32
      vertex -0.55557 8.83147 32
    endloop
  endfacet
  facet normal 0 0 1
    outer loop
      vertex -0.55557 8.83147 32
      vertex -8 16 32
      vertex -0.608761 8.79335 32
    endloop
  endfacet
  facet normal 0 0 1
    outer loop
      vertex -0.608761 8.79335 32
      vertex -8 16 32
      vertex -0.659346 8.75184 32
    endloop
  endfacet
  facet normal 0 0 1
    outer loop
      vertex -0.659346 8.75184 32
      vertex -8 16 32
      vertex -0.707107 8.70711 32
    endloop
  endfacet
  facet normal 0 0 1
    outer loop
      vertex -0.707107 8.70711 32
      vertex -8 16 32
      vertex -0.75184 8.65935 32
    endloop
  endfacet
  facet normal 0 0 1
    outer loop
      vertex -0.75184 8.65935 32
      vertex -8 16 32
      vertex -0.793353 8.60876 32
    endloop
  endfacet
  facet normal 0 0 1
    outer loop
      vertex -0.991445 8.13053 32
      vertex -8 16 32
      vertex -0.997858 8.0654 32
    endloop
  endfacet
  facet normal 0 0 1
    outer loop
      vertex -0.980784 8.19509 32
      vertex -8 16 32
      vertex -0.991445 8.13053 32
    endloop
  endfacet
  facet normal 0 0 1
    outer loop
      vertex -0.965925 8.25882 32
      vertex -8 16 32
      vertex -0.980784 8.19509 32
    endloop
  endfacet
  facet normal 0 0 1
    outer loop
      vertex -0.94693 8.32144 32
      vertex -8 16 32
      vertex -0.965925 8.25882 32
    endloop
  endfacet
  facet normal 0 0 1
    outer loop
      vertex -0.923879 8.38268 32
      vertex -8 16 32
      vertex -0.94693 8.32144 32
    endloop
  endfacet
  facet normal 0 0 1
    outer loop
      vertex -0.896873 8.44229 32
      vertex -8 16 32
      vertex -0.923879 8.38268 32
    endloop
  endfacet
  facet normal 0 0 1
    outer loop
      vertex -0.866025 8.5 32
      vertex -8 16 32
      vertex -0.896873 8.44229 32
    endloop
  endfacet
  facet normal 0 0 1
    outer loop
      vertex -0.83147 8.55557 32
      vertex -8 16 32
      vertex -0.866025 8.5 32
    endloop
  endfacet
  facet normal 0 0 1
    outer loop
      vertex -0.793353 8.60876 32
      vertex -8 16 32
      vertex -0.83147 8.55557 32
    endloop
  endfacet
  facet normal 0 0 1
    outer loop
      vertex 7.59808 -1.5 32
      vertex 5 -3 32
      vertex 7.49441 -1.66671 32
    endloop
  endfacet
  facet normal 0 0 1
    outer loop
      vertex 7.38006 -1.82628 32
      vertex 5 -3 32
      vertex 7.25552 -1.97804 32
    endloop
  endfacet
  facet normal 0 0 1
    outer loop
      vertex 7.25552 -1.97804 32
      vertex 5 -3 32
      vertex 7.12132 -2.12132 32
    endloop
  endfacet
  facet normal 0 0 1
    outer loop
      vertex 7.12132 -2.12132 32
      vertex 5 -3 32
      vertex 6.97804 -2.25552 32
    endloop
  endfacet
  facet normal 0 0 1
    outer loop
      vertex 6.97804 -2.25552 32
      vertex 5 -3 32
      vertex 6.82628 -2.38006 32
    endloop
  endfacet
  facet normal 0 0 1
    outer loop
      vertex 6.66671 -2.49441 32
      vertex 5 -3 32
      vertex 6.5 -2.59808 32
    endloop
  endfacet
  facet normal 0 0 1
    outer loop
      vertex 6.5 -2.59808 32
      vertex 5 -3 32
      vertex 6.32687 -2.69062 32
    endloop
  endfacet
  facet normal 0 0 1
    outer loop
      vertex 6.32687 -2.69062 32
      vertex 5 -3 32
      vertex 6.14805 -2.77164 32
    endloop
  endfacet
  facet normal 0 0 1
    outer loop
      vertex 6.14805 -2.77164 32
      vertex 5 -3 32
      vertex 5.96432 -2.84079 32
    endloop
  endfacet
  facet normal 0 0 1
    outer loop
      vertex 5.77646 -2.89778 32
      vertex 5 -3 32
      vertex 5.58527 -2.94236 32
    endloop
  endfacet
  facet normal 0 0 1
    outer loop
      vertex 5.58527 -2.94236 32
      vertex 5 -3 32
      vertex 5.39158 -2.97433 32
    endloop
  endfacet
  facet normal 0 0 1
    outer loop
      vertex 5.39158 -2.97433 32
      vertex 5 -3 32
      vertex 5.19621 -2.99358 32
    endloop
  endfacet
  facet normal 0 0 1
    outer loop
      vertex 5.96432 -2.84079 32
      vertex 5 -3 32
      vertex 5.77646 -2.89778 32
    endloop
  endfacet
  facet normal 0 0 1
    outer loop
      vertex 6.82628 -2.38006 32
      vertex 5 -3 32
      vertex 6.66671 -2.49441 32
    endloop
  endfacet
  facet normal 0 0 1
    outer loop
      vertex 7.49441 -1.66671 32
      vertex 5 -3 32
      vertex 7.38006 -1.82628 32
    endloop
  endfacet
  facet normal 0 0 1
    outer loop
      vertex 7.84079 -0.964318 32
      vertex 5 -3 32
      vertex 7.77164 -1.14805 32
    endloop
  endfacet
  facet normal 0 0 1
    outer loop
      vertex 8 0 32
      vertex 5 -3 32
      vertex 7.99358 -0.196209 32
    endloop
  endfacet
  facet normal -0 0 1
    outer loop
      vertex 0.382683 7.07612 32
      vertex 5 -3 32
      vertex 0.442288 7.10313 32
    endloop
  endfacet
  facet normal -0 0 1
    outer loop
      vertex 0.321439 7.05307 32
      vertex 5 -3 32
      vertex 0.382683 7.07612 32
    endloop
  endfacet
  facet normal -0 0 1
    outer loop
      vertex 0.258819 7.03407 32
      vertex 5 -3 32
      vertex 0.321439 7.05307 32
    endloop
  endfacet
  facet normal -0 0 1
    outer loop
      vertex 0.19509 7.01921 32
      vertex 5 -3 32
      vertex 0.258819 7.03407 32
    endloop
  endfacet
  facet normal -0 0 1
    outer loop
      vertex 0.130526 7.00855 32
      vertex 5 -3 32
      vertex 0.19509 7.01921 32
    endloop
  endfacet
  facet normal -0 0 1
    outer loop
      vertex 0.065403 7.00214 32
      vertex 5 -3 32
      vertex 0.130526 7.00855 32
    endloop
  endfacet
  facet normal -0 0 1
    outer loop
      vertex 0 7 32
      vertex 5 -3 32
      vertex 0.065403 7.00214 32
    endloop
  endfacet
  facet normal 0 0 1
    outer loop
      vertex -5 -3 32
      vertex 0 7 32
      vertex -0.065403 7.00214 32
    endloop
  endfacet
  facet normal 0 0 1
    outer loop
      vertex -5 -3 32
      vertex -0.065403 7.00214 32
      vertex -0.130526 7.00855 32
    endloop
  endfacet
  facet normal 0 0 1
    outer loop
      vertex -5 -3 32
      vertex -0.130526 7.00855 32
      vertex -0.19509 7.01921 32
    endloop
  endfacet
  facet normal 0 0 1
    outer loop
      vertex -5 -3 32
      vertex -0.19509 7.01921 32
      vertex -0.258819 7.03407 32
    endloop
  endfacet
  facet normal 0 0 1
    outer loop
      vertex -5 -3 32
      vertex -0.258819 7.03407 32
      vertex -0.321439 7.05307 32
    endloop
  endfacet
  facet normal 0 0 1
    outer loop
      vertex -5 -3 32
      vertex -0.321439 7.05307 32
      vertex -0.382683 7.07612 32
    endloop
  endfacet
  facet normal 0 0 1
    outer loop
      vertex -5 -3 32
      vertex -0.382683 7.07612 32
      vertex -0.442288 7.10313 32
    endloop
  endfacet
  facet normal 0 0 1
    outer loop
      vertex -8 0 32
      vertex -0.442288 7.10313 32
      vertex -0.5 7.13397 32
    endloop
  endfacet
  facet normal 0 0 1
    outer loop
      vertex -8 0 32
      vertex -0.5 7.13397 32
      vertex -0.55557 7.16853 32
    endloop
  endfacet
  facet normal 0 0 1
    outer loop
      vertex -8 0 32
      vertex -0.55557 7.16853 32
      vertex -0.608761 7.20665 32
    endloop
  endfacet
  facet normal 0 0 1
    outer loop
      vertex -8 0 32
      vertex -0.608761 7.20665 32
      vertex -0.659346 7.24816 32
    endloop
  endfacet
  facet normal 0 0 1
    outer loop
      vertex -8 0 32
      vertex -0.659346 7.24816 32
      vertex -0.707107 7.29289 32
    endloop
  endfacet
  facet normal 0 0 1
    outer loop
      vertex -8 0 32
      vertex -0.707107 7.29289 32
      vertex -0.75184 7.34065 32
    endloop
  endfacet
  facet normal 0 0 1
    outer loop
      vertex -8 0 32
      vertex -0.75184 7.34065 32
      vertex -0.793353 7.39124 32
    endloop
  endfacet
  facet normal 0 0 1
    outer loop
      vertex -8 0 32
      vertex -0.793353 7.39124 32
      vertex -0.83147 7.44443 32
    endloop
  endfacet
  facet normal 0 0 1
    outer loop
      vertex -8 0 32
      vertex -0.83147 7.44443 32
      vertex -0.866025 7.5 32
    endloop
  endfacet
  facet normal 0 0 1
    outer loop
      vertex -0.997858 8.0654 32
      vertex -8 16 32
      vertex -1 8 32
    endloop
  endfacet
  facet normal 0 0 1
    outer loop
      vertex -8 0 32
      vertex -1 8 32
      vertex -8 16 32
    endloop
  endfacet
  facet normal 0 0 1
    outer loop
      vertex -1 8 32
      vertex -8 0 32
      vertex -0.997858 7.9346 32
    endloop
  endfacet
  facet normal 0 0 1
    outer loop
      vertex -0.997858 7.9346 32
      vertex -8 0 32
      vertex -0.991445 7.86947 32
    endloop
  endfacet
  facet normal 0 0 1
    outer loop
      vertex -0.991445 7.86947 32
      vertex -8 0 32
      vertex -0.980784 7.80491 32
    endloop
  endfacet
  facet normal 0 0 1
    outer loop
      vertex 0 7 32
      vertex -5 -3 32
      vertex 5 -3 32
    endloop
  endfacet
  facet normal 0 0 1
    outer loop
      vertex -8 0 32
      vertex -0.866025 7.5 32
      vertex -0.896873 7.55771 32
    endloop
  endfacet
  facet normal 0 0 1
    outer loop
      vertex -8 0 32
      vertex -0.896873 7.55771 32
      vertex -0.923879 7.61732 32
    endloop
  endfacet
  facet normal 0 0 1
    outer loop
      vertex -8 0 32
      vertex -0.923879 7.61732 32
      vertex -0.94693 7.67856 32
    endloop
  endfacet
  facet normal 0 0 1
    outer loop
      vertex -0.980784 7.80491 32
      vertex -8 0 32
      vertex -0.965925 7.74118 32
    endloop
  endfacet
  facet normal 0 0 1
    outer loop
      vertex -8 16 32
      vertex -5 19 32
      vertex -5.19621 18.9936 32
    endloop
  endfacet
  facet normal 0 0 1
    outer loop
      vertex -0.965925 7.74118 32
      vertex -8 0 32
      vertex -0.94693 7.67856 32
    endloop
  endfacet
  facet normal 0 0 1
    outer loop
      vertex -8 16 32
      vertex -5.19621 18.9936 32
      vertex -5.39158 18.9743 32
    endloop
  endfacet
  facet normal 0 0 1
    outer loop
      vertex -0.442288 7.10313 32
      vertex -8 0 32
      vertex -5 -3 32
    endloop
  endfacet
  facet normal 0 0 1
    outer loop
      vertex -8 16 32
      vertex -5.39158 18.9743 32
      vertex -5.58527 18.9424 32
    endloop
  endfacet
  facet normal 0 0 1
    outer loop
      vertex -5 -3 32
      vertex -8 0 32
      vertex -5.19621 -2.99358 32
    endloop
  endfacet
  facet normal 0 0 1
    outer loop
      vertex -8 16 32
      vertex -5.58527 18.9424 32
      vertex -5.77646 18.8978 32
    endloop
  endfacet
  facet normal 0 0 1
    outer loop
      vertex -5.19621 -2.99358 32
      vertex -8 0 32
      vertex -5.39158 -2.97433 32
    endloop
  endfacet
  facet normal 0 0 1
    outer loop
      vertex -8 16 32
      vertex -5.77646 18.8978 32
      vertex -5.96432 18.8408 32
    endloop
  endfacet
  facet normal 0 0 1
    outer loop
      vertex -5.39158 -2.97433 32
      vertex -8 0 32
      vertex -5.58527 -2.94236 32
    endloop
  endfacet
  facet normal 0 0 1
    outer loop
      vertex -8 16 32
      vertex -5.96432 18.8408 32
      vertex -6.14805 18.7716 32
    endloop
  endfacet
  facet normal 0 0 1
    outer loop
      vertex -5.58527 -2.94236 32
      vertex -8 0 32
      vertex -5.77646 -2.89778 32
    endloop
  endfacet
  facet normal 0 0 1
    outer loop
      vertex -8 16 32
      vertex -6.14805 18.7716 32
      vertex -6.32687 18.6906 32
    endloop
  endfacet
  facet normal 0 0 1
    outer loop
      vertex -5.77646 -2.89778 32
      vertex -8 0 32
      vertex -5.96432 -2.84079 32
    endloop
  endfacet
  facet normal 0 0 1
    outer loop
      vertex -8 16 32
      vertex -6.32687 18.6906 32
      vertex -6.5 18.5981 32
    endloop
  endfacet
  facet normal 0 0 1
    outer loop
      vertex -5.96432 -2.84079 32
      vertex -8 0 32
      vertex -6.14805 -2.77164 32
    endloop
  endfacet
  facet normal 0 0 1
    outer loop
      vertex -8 16 32
      vertex -6.5 18.5981 32
      vertex -6.66671 18.4944 32
    endloop
  endfacet
  facet normal 0 0 1
    outer loop
      vertex -6.14805 -2.77164 32
      vertex -8 0 32
      vertex -6.32687 -2.69062 32
    endloop
  endfacet
  facet normal 0 0 1
    outer loop
      vertex -8 16 32
      vertex -6.66671 18.4944 32
      vertex -6.82628 18.3801 32
    endloop
  endfacet
  facet normal 0 0 1
    outer loop
      vertex -6.32687 -2.69062 32
      vertex -8 0 32
      vertex -6.5 -2.59808 32
    endloop
  endfacet
  facet normal 0 0 1
    outer loop
      vertex -8 16 32
      vertex -6.82628 18.3801 32
      vertex -6.97804 18.2555 32
    endloop
  endfacet
  facet normal 0 0 1
    outer loop
      vertex -6.5 -2.59808 32
      vertex -8 0 32
      vertex -6.66671 -2.49441 32
    endloop
  endfacet
  facet normal 0 0 1
    outer loop
      vertex -8 16 32
      vertex -6.97804 18.2555 32
      vertex -7.12132 18.1213 32
    endloop
  endfacet
  facet normal 0 0 1
    outer loop
      vertex -6.66671 -2.49441 32
      vertex -8 0 32
      vertex -6.82628 -2.38006 32
    endloop
  endfacet
  facet normal 0 0 1
    outer loop
      vertex -8 16 32
      vertex -7.12132 18.1213 32
      vertex -7.25552 17.978 32
    endloop
  endfacet
  facet normal 0 0 1
    outer loop
      vertex -6.82628 -2.38006 32
      vertex -8 0 32
      vertex -6.97804 -2.25552 32
    endloop
  endfacet
  facet normal 0 0 1
    outer loop
      vertex -8 16 32
      vertex -7.25552 17.978 32
      vertex -7.38006 17.8263 32
    endloop
  endfacet
  facet normal 0 0 1
    outer loop
      vertex -6.97804 -2.25552 32
      vertex -8 0 32
      vertex -7.12132 -2.12132 32
    endloop
  endfacet
  facet normal 0 0 1
    outer loop
      vertex -8 16 32
      vertex -7.38006 17.8263 32
      vertex -7.49441 17.6667 32
    endloop
  endfacet
  facet normal 0 0 1
    outer loop
      vertex -7.12132 -2.12132 32
      vertex -8 0 32
      vertex -7.25552 -1.97804 32
    endloop
  endfacet
  facet normal 0 0 1
    outer loop
      vertex -8 16 32
      vertex -7.49441 17.6667 32
      vertex -7.59808 17.5 32
    endloop
  endfacet
  facet normal 0 0 1
    outer loop
      vertex -7.25552 -1.97804 32
      vertex -8 0 32
      vertex -7.38006 -1.82628 32
    endloop
  endfacet
  facet normal 0 0 1
    outer loop
      vertex -8 16 32
      vertex -7.59808 17.5 32
      vertex -7.69062 17.3269 32
    endloop
  endfacet
  facet normal 0 0 1
    outer loop
      vertex -7.38006 -1.82628 32
      vertex -8 0 32
      vertex -7.49441 -1.66671 32
    endloop
  endfacet
  facet normal 0 0 1
    outer loop
      vertex -8 16 32
      vertex -7.69062 17.3269 32
      vertex -7.77164 17.148 32
    endloop
  endfacet
  facet normal 0 0 1
    outer loop
      vertex -7.49441 -1.66671 32
      vertex -8 0 32
      vertex -7.59808 -1.5 32
    endloop
  endfacet
  facet normal 0 0 1
    outer loop
      vertex -8 16 32
      vertex -7.77164 17.148 32
      vertex -7.84079 16.9643 32
    endloop
  endfacet
  facet normal 0 0 1
    outer loop
      vertex -7.59808 -1.5 32
      vertex -8 0 32
      vertex -7.69062 -1.32687 32
    endloop
  endfacet
  facet normal 0 0 1
    outer loop
      vertex -8 16 32
      vertex -7.84079 16.9643 32
      vertex -7.89778 16.7765 32
    endloop
  endfacet
  facet normal 0 0 1
    outer loop
      vertex -7.69062 -1.32687 32
      vertex -8 0 32
      vertex -7.77164 -1.14805 32
    endloop
  endfacet
  facet normal 0 0 1
    outer loop
      vertex -8 16 32
      vertex -7.89778 16.7765 32
      vertex -7.94236 16.5853 32
    endloop
  endfacet
  facet normal 0 0 1
    outer loop
      vertex -7.77164 -1.14805 32
      vertex -8 0 32
      vertex -7.84079 -0.964318 32
    endloop
  endfacet
  facet normal 0 0 1
    outer loop
      vertex -8 16 32
      vertex -7.94236 16.5853 32
      vertex -7.97433 16.3916 32
    endloop
  endfacet
  facet normal 0 0 1
    outer loop
      vertex -7.84079 -0.964318 32
      vertex -8 0 32
      vertex -7.89778 -0.776457 32
    endloop
  endfacet
  facet normal 0 0 1
    outer loop
      vertex -8 16 32
      vertex -7.97433 16.3916 32
      vertex -7.99358 16.1962 32
    endloop
  endfacet
  facet normal 0 0 1
    outer loop
      vertex -7.89778 -0.776457 32
      vertex -8 0 32
      vertex -7.94236 -0.585271 32
    endloop
  endfacet
  facet normal 0 0 1
    outer loop
      vertex -7.94236 -0.585271 32
      vertex -8 0 32
      vertex -7.97433 -0.391578 32
    endloop
  endfacet
  facet normal 0 0 1
    outer loop
      vertex -7.97433 -0.391578 32
      vertex -8 0 32
      vertex -7.99358 -0.196209 32
    endloop
  endfacet
  facet normal -0.995182 0.0980413 0
    outer loop
      vertex -7.99358 16.1962 17.6
      vertex -7.97433 16.3916 32
      vertex -7.97433 16.3916 17.6
    endloop
  endfacet
  facet normal -0.995182 0.0980413 0
    outer loop
      vertex -7.97433 16.3916 32
      vertex -7.99358 16.1962 17.6
      vertex -7.99358 16.1962 32
    endloop
  endfacet
  facet normal -0.995182 0.0980413 0
    outer loop
      vertex -7.99358 16.1962 0
      vertex -7.97433 16.3916 14.4
      vertex -7.97433 16.3916 0
    endloop
  endfacet
  facet normal -0.995182 0.0980413 0
    outer loop
      vertex -7.97433 16.3916 14.4
      vertex -7.99358 16.1962 0
      vertex -7.99358 16.1962 14.4
    endloop
  endfacet
  facet normal -0.0980562 -0.995181 0
    outer loop
      vertex -5.39158 -2.97433 0
      vertex -5.19621 -2.99358 32
      vertex -5.39158 -2.97433 32
    endloop
  endfacet
  facet normal -0.0980562 -0.995181 -0
    outer loop
      vertex -5.19621 -2.99358 32
      vertex -5.39158 -2.97433 0
      vertex -5.19621 -2.99358 0
    endloop
  endfacet
  facet normal 0.22708 -0.973876 0
    outer loop
      vertex 5.58527 -2.94236 0
      vertex 5.77646 -2.89778 32
      vertex 5.58527 -2.94236 32
    endloop
  endfacet
  facet normal 0.22708 -0.973876 0
    outer loop
      vertex 5.77646 -2.89778 32
      vertex 5.58527 -2.94236 0
      vertex 5.77646 -2.89778 0
    endloop
  endfacet
  facet normal 0.290347 0.956922 -0
    outer loop
      vertex 5.96432 18.8408 17.6
      vertex 5.77646 18.8978 32
      vertex 5.96432 18.8408 32
    endloop
  endfacet
  facet normal 0.290347 0.956922 0
    outer loop
      vertex 5.77646 18.8978 32
      vertex 5.96432 18.8408 17.6
      vertex 5.77646 18.8978 17.6
    endloop
  endfacet
  facet normal 0.290347 0.956922 -0
    outer loop
      vertex 5.96432 18.8408 0
      vertex 5.77646 18.8978 14.4
      vertex 5.96432 18.8408 14.4
    endloop
  endfacet
  facet normal 0.290347 0.956922 0
    outer loop
      vertex 5.77646 18.8978 14.4
      vertex 5.96432 18.8408 0
      vertex 5.77646 18.8978 0
    endloop
  endfacet
  facet normal 0.956936 -0.290299 0
    outer loop
      vertex 7.84079 -0.964318 32
      vertex 7.89778 -0.776457 0
      vertex 7.89778 -0.776457 32
    endloop
  endfacet
  facet normal 0.956936 -0.290299 0
    outer loop
      vertex 7.89778 -0.776457 0
      vertex 7.84079 -0.964318 32
      vertex 7.84079 -0.964318 0
    endloop
  endfacet
  facet normal -0.0327025 -0.999465 0
    outer loop
      vertex -5.19621 -2.99358 0
      vertex -5 -3 32
      vertex -5.19621 -2.99358 32
    endloop
  endfacet
  facet normal -0.0327025 -0.999465 -0
    outer loop
      vertex -5 -3 32
      vertex -5.19621 -2.99358 0
      vertex -5 -3 0
    endloop
  endfacet
  facet normal -0.683602 0.729855 0
    outer loop
      vertex -6.97804 18.2555 17.6
      vertex -7.12132 18.1213 32
      vertex -6.97804 18.2555 32
    endloop
  endfacet
  facet normal -0.683602 0.729855 0
    outer loop
      vertex -7.12132 18.1213 32
      vertex -6.97804 18.2555 17.6
      vertex -7.12132 18.1213 17.6
    endloop
  endfacet
  facet normal -0.683602 0.729855 0
    outer loop
      vertex -6.97804 18.2555 0
      vertex -7.12132 18.1213 14.4
      vertex -6.97804 18.2555 14.4
    endloop
  endfacet
  facet normal -0.683602 0.729855 0
    outer loop
      vertex -7.12132 18.1213 14.4
      vertex -6.97804 18.2555 0
      vertex -7.12132 18.1213 0
    endloop
  endfacet
  facet normal -0.162507 0.986707 0
    outer loop
      vertex -5.39158 18.9743 0
      vertex -5.58527 18.9424 14.4
      vertex -5.39158 18.9743 14.4
    endloop
  endfacet
  facet normal -0.162507 0.986707 0
    outer loop
      vertex -5.58527 18.9424 14.4
      vertex -5.39158 18.9743 0
      vertex -5.58527 18.9424 0
    endloop
  endfacet
  facet normal -0.162507 0.986707 0
    outer loop
      vertex -5.39158 18.9743 17.6
      vertex -5.58527 18.9424 32
      vertex -5.39158 18.9743 32
    endloop
  endfacet
  facet normal -0.162507 0.986707 0
    outer loop
      vertex -5.58527 18.9424 32
      vertex -5.39158 18.9743 17.6
      vertex -5.58527 18.9424 17.6
    endloop
  endfacet
  facet normal 0.973875 -0.227084 0
    outer loop
      vertex 7.89778 -0.776457 32
      vertex 7.94236 -0.585271 0
      vertex 7.94236 -0.585271 32
    endloop
  endfacet
  facet normal 0.973875 -0.227084 0
    outer loop
      vertex 7.94236 -0.585271 0
      vertex 7.89778 -0.776457 32
      vertex 7.89778 -0.776457 0
    endloop
  endfacet
  facet normal -0.582322 0.812958 0
    outer loop
      vertex -6.66671 18.4944 0
      vertex -6.82628 18.3801 14.4
      vertex -6.66671 18.4944 14.4
    endloop
  endfacet
  facet normal -0.582322 0.812958 0
    outer loop
      vertex -6.82628 18.3801 14.4
      vertex -6.66671 18.4944 0
      vertex -6.82628 18.3801 0
    endloop
  endfacet
  facet normal -0.582322 0.812958 0
    outer loop
      vertex -6.66671 18.4944 17.6
      vertex -6.82628 18.3801 32
      vertex -6.66671 18.4944 32
    endloop
  endfacet
  facet normal -0.582322 0.812958 0
    outer loop
      vertex -6.82628 18.3801 32
      vertex -6.66671 18.4944 17.6
      vertex -6.82628 18.3801 17.6
    endloop
  endfacet
  facet normal 0.227176 0.973854 -0
    outer loop
      vertex 5.77646 18.8978 17.6
      vertex 5.58527 18.9424 32
      vertex 5.77646 18.8978 32
    endloop
  endfacet
  facet normal 0.227176 0.973854 0
    outer loop
      vertex 5.58527 18.9424 32
      vertex 5.77646 18.8978 17.6
      vertex 5.58527 18.9424 17.6
    endloop
  endfacet
  facet normal 0.227176 0.973854 -0
    outer loop
      vertex 5.77646 18.8978 0
      vertex 5.58527 18.9424 14.4
      vertex 5.77646 18.8978 14.4
    endloop
  endfacet
  facet normal 0.227176 0.973854 0
    outer loop
      vertex 5.58527 18.9424 14.4
      vertex 5.77646 18.8978 0
      vertex 5.58527 18.9424 0
    endloop
  endfacet
  facet normal -0.634557 0.772876 0
    outer loop
      vertex -6.82628 18.3801 0
      vertex -6.97804 18.2555 14.4
      vertex -6.82628 18.3801 14.4
    endloop
  endfacet
  facet normal -0.634557 0.772876 0
    outer loop
      vertex -6.97804 18.2555 14.4
      vertex -6.82628 18.3801 0
      vertex -6.97804 18.2555 0
    endloop
  endfacet
  facet normal -0.634557 0.772876 0
    outer loop
      vertex -6.82628 18.3801 17.6
      vertex -6.97804 18.2555 32
      vertex -6.82628 18.3801 32
    endloop
  endfacet
  facet normal -0.634557 0.772876 0
    outer loop
      vertex -6.97804 18.2555 32
      vertex -6.82628 18.3801 17.6
      vertex -6.97804 18.2555 17.6
    endloop
  endfacet
  facet normal 0.352468 0.935824 -0
    outer loop
      vertex 6.14805 18.7716 17.6
      vertex 5.96432 18.8408 32
      vertex 6.14805 18.7716 32
    endloop
  endfacet
  facet normal 0.352468 0.935824 0
    outer loop
      vertex 5.96432 18.8408 32
      vertex 6.14805 18.7716 17.6
      vertex 5.96432 18.8408 17.6
    endloop
  endfacet
  facet normal 0.352468 0.935824 -0
    outer loop
      vertex 6.14805 18.7716 0
      vertex 5.96432 18.8408 14.4
      vertex 6.14805 18.7716 14.4
    endloop
  endfacet
  facet normal 0.352468 0.935824 0
    outer loop
      vertex 5.96432 18.8408 14.4
      vertex 6.14805 18.7716 0
      vertex 5.96432 18.8408 0
    endloop
  endfacet
  facet normal 0.910938 0.412544 0
    outer loop
      vertex 7.77164 17.148 14.4
      vertex 7.69062 17.3269 0
      vertex 7.69062 17.3269 14.4
    endloop
  endfacet
  facet normal 0.910938 0.412544 0
    outer loop
      vertex 7.69062 17.3269 0
      vertex 7.77164 17.148 14.4
      vertex 7.77164 17.148 0
    endloop
  endfacet
  facet normal 0.910938 0.412544 0
    outer loop
      vertex 7.77164 17.148 32
      vertex 7.69062 17.3269 17.6
      vertex 7.69062 17.3269 32
    endloop
  endfacet
  facet normal 0.910938 0.412544 0
    outer loop
      vertex 7.69062 17.3269 17.6
      vertex 7.77164 17.148 32
      vertex 7.77164 17.148 17.6
    endloop
  endfacet
  facet normal 0.999465 -0.0327027 0
    outer loop
      vertex 7.99358 -0.196209 32
      vertex 8 0 0
      vertex 8 0 32
    endloop
  endfacet
  facet normal 0.999465 -0.0327027 0
    outer loop
      vertex 8 0 0
      vertex 7.99358 -0.196209 32
      vertex 7.99358 -0.196209 0
    endloop
  endfacet
  facet normal 0.935909 -0.352242 0
    outer loop
      vertex 7.77164 -1.14805 32
      vertex 7.84079 -0.964318 0
      vertex 7.84079 -0.964318 32
    endloop
  endfacet
  facet normal 0.935909 -0.352242 0
    outer loop
      vertex 7.84079 -0.964318 0
      vertex 7.77164 -1.14805 32
      vertex 7.77164 -1.14805 0
    endloop
  endfacet
  facet normal 0.986651 -0.162852 0
    outer loop
      vertex 7.94236 -0.585271 32
      vertex 7.97433 -0.391578 0
      vertex 7.97433 -0.391578 32
    endloop
  endfacet
  facet normal 0.986651 -0.162852 0
    outer loop
      vertex 7.97433 -0.391578 0
      vertex 7.94236 -0.585271 32
      vertex 7.94236 -0.585271 0
    endloop
  endfacet
  facet normal -1 0 0
    outer loop
      vertex -8 16 0
      vertex -8 8 14.4
      vertex -8 16 14.4
    endloop
  endfacet
  facet normal -1 -0 0
    outer loop
      vertex -8 8 14.4
      vertex -8 0 0
      vertex -8 8 17.6
    endloop
  endfacet
  facet normal -1 0 0
    outer loop
      vertex -8 0 0
      vertex -8 8 14.4
      vertex -8 16 0
    endloop
  endfacet
  facet normal -1 0 0
    outer loop
      vertex -8 8 17.6
      vertex -8 16 32
      vertex -8 16 17.6
    endloop
  endfacet
  facet normal -1 0 0
    outer loop
      vertex -8 8 17.6
      vertex -8 0 32
      vertex -8 16 32
    endloop
  endfacet
  facet normal -1 0 0
    outer loop
      vertex -8 0 32
      vertex -8 8 17.6
      vertex -8 0 0
    endloop
  endfacet
  facet normal 0.471239 0.882006 -0
    outer loop
      vertex 6.5 18.5981 0
      vertex 6.32687 18.6906 14.4
      vertex 6.5 18.5981 14.4
    endloop
  endfacet
  facet normal 0.471239 0.882006 0
    outer loop
      vertex 6.32687 18.6906 14.4
      vertex 6.5 18.5981 0
      vertex 6.32687 18.6906 0
    endloop
  endfacet
  facet normal 0.471239 0.882006 -0
    outer loop
      vertex 6.5 18.5981 17.6
      vertex 6.32687 18.6906 32
      vertex 6.5 18.5981 32
    endloop
  endfacet
  facet normal 0.471239 0.882006 0
    outer loop
      vertex 6.32687 18.6906 32
      vertex 6.5 18.5981 17.6
      vertex 6.32687 18.6906 17.6
    endloop
  endfacet
  facet normal -0.729855 -0.683602 0
    outer loop
      vertex -7.12132 -2.12132 0
      vertex -7.25552 -1.97804 32
      vertex -7.25552 -1.97804 0
    endloop
  endfacet
  facet normal -0.729855 -0.683602 0
    outer loop
      vertex -7.25552 -1.97804 32
      vertex -7.12132 -2.12132 0
      vertex -7.12132 -2.12132 32
    endloop
  endfacet
  facet normal 0.162854 -0.98665 0
    outer loop
      vertex 5.39158 -2.97433 0
      vertex 5.58527 -2.94236 32
      vertex 5.39158 -2.97433 32
    endloop
  endfacet
  facet normal 0.162854 -0.98665 0
    outer loop
      vertex 5.58527 -2.94236 32
      vertex 5.39158 -2.97433 0
      vertex 5.58527 -2.94236 0
    endloop
  endfacet
  facet normal 0.0327025 -0.999465 0
    outer loop
      vertex 5 -3 0
      vertex 5.19621 -2.99358 32
      vertex 5 -3 32
    endloop
  endfacet
  facet normal 0.0327025 -0.999465 0
    outer loop
      vertex 5.19621 -2.99358 32
      vertex 5 -3 0
      vertex 5.19621 -2.99358 0
    endloop
  endfacet
  facet normal 0.881921 -0.471397 0
    outer loop
      vertex 7.59808 -1.5 32
      vertex 7.69062 -1.32687 0
      vertex 7.69062 -1.32687 32
    endloop
  endfacet
  facet normal 0.881921 -0.471397 0
    outer loop
      vertex 7.69062 -1.32687 0
      vertex 7.59808 -1.5 32
      vertex 7.59808 -1.5 0
    endloop
  endfacet
  facet normal 0.935889 0.352296 0
    outer loop
      vertex 7.84079 16.9643 14.4
      vertex 7.77164 17.148 0
      vertex 7.77164 17.148 14.4
    endloop
  endfacet
  facet normal 0.935889 0.352296 0
    outer loop
      vertex 7.77164 17.148 0
      vertex 7.84079 16.9643 14.4
      vertex 7.84079 16.9643 0
    endloop
  endfacet
  facet normal 0.935889 0.352296 0
    outer loop
      vertex 7.84079 16.9643 32
      vertex 7.77164 17.148 17.6
      vertex 7.77164 17.148 32
    endloop
  endfacet
  facet normal 0.935889 0.352296 0
    outer loop
      vertex 7.77164 17.148 17.6
      vertex 7.84079 16.9643 32
      vertex 7.84079 16.9643 17.6
    endloop
  endfacet
  facet normal 0.729855 -0.683602 0
    outer loop
      vertex 7.12132 -2.12132 32
      vertex 7.25552 -1.97804 0
      vertex 7.25552 -1.97804 32
    endloop
  endfacet
  facet normal 0.729855 -0.683602 0
    outer loop
      vertex 7.25552 -1.97804 0
      vertex 7.12132 -2.12132 32
      vertex 7.12132 -2.12132 0
    endloop
  endfacet
  facet normal -0.910868 -0.412697 0
    outer loop
      vertex -7.69062 -1.32687 0
      vertex -7.77164 -1.14805 32
      vertex -7.77164 -1.14805 0
    endloop
  endfacet
  facet normal -0.910868 -0.412697 0
    outer loop
      vertex -7.77164 -1.14805 32
      vertex -7.69062 -1.32687 0
      vertex -7.69062 -1.32687 32
    endloop
  endfacet
  facet normal -0.352245 -0.935908 0
    outer loop
      vertex -6.14805 -2.77164 0
      vertex -5.96432 -2.84079 32
      vertex -6.14805 -2.77164 32
    endloop
  endfacet
  facet normal -0.352245 -0.935908 -0
    outer loop
      vertex -5.96432 -2.84079 32
      vertex -6.14805 -2.77164 0
      vertex -5.96432 -2.84079 0
    endloop
  endfacet
  facet normal -0.162854 -0.98665 0
    outer loop
      vertex -5.58527 -2.94236 0
      vertex -5.39158 -2.97433 32
      vertex -5.58527 -2.94236 32
    endloop
  endfacet
  facet normal -0.162854 -0.98665 -0
    outer loop
      vertex -5.39158 -2.97433 32
      vertex -5.58527 -2.94236 0
      vertex -5.39158 -2.97433 0
    endloop
  endfacet
  facet normal -0.58249 -0.812838 0
    outer loop
      vertex -6.82628 -2.38006 0
      vertex -6.66671 -2.49441 32
      vertex -6.82628 -2.38006 32
    endloop
  endfacet
  facet normal -0.58249 -0.812838 -0
    outer loop
      vertex -6.66671 -2.49441 32
      vertex -6.82628 -2.38006 0
      vertex -6.66671 -2.49441 0
    endloop
  endfacet
  facet normal -0.935889 0.352296 0
    outer loop
      vertex -7.84079 16.9643 0
      vertex -7.77164 17.148 14.4
      vertex -7.77164 17.148 0
    endloop
  endfacet
  facet normal -0.935889 0.352296 0
    outer loop
      vertex -7.77164 17.148 14.4
      vertex -7.84079 16.9643 0
      vertex -7.84079 16.9643 14.4
    endloop
  endfacet
  facet normal -0.935889 0.352296 0
    outer loop
      vertex -7.84079 16.9643 17.6
      vertex -7.77164 17.148 32
      vertex -7.77164 17.148 17.6
    endloop
  endfacet
  facet normal -0.935889 0.352296 0
    outer loop
      vertex -7.77164 17.148 32
      vertex -7.84079 16.9643 17.6
      vertex -7.84079 16.9643 32
    endloop
  endfacet
  facet normal -0.973875 -0.227084 0
    outer loop
      vertex -7.89778 -0.776457 0
      vertex -7.94236 -0.585271 32
      vertex -7.94236 -0.585271 0
    endloop
  endfacet
  facet normal -0.973875 -0.227084 0
    outer loop
      vertex -7.94236 -0.585271 32
      vertex -7.89778 -0.776457 0
      vertex -7.89778 -0.776457 32
    endloop
  endfacet
  facet normal -0.471239 0.882006 0
    outer loop
      vertex -6.32687 18.6906 17.6
      vertex -6.5 18.5981 32
      vertex -6.32687 18.6906 32
    endloop
  endfacet
  facet normal -0.471239 0.882006 0
    outer loop
      vertex -6.5 18.5981 32
      vertex -6.32687 18.6906 17.6
      vertex -6.5 18.5981 17.6
    endloop
  endfacet
  facet normal -0.471239 0.882006 0
    outer loop
      vertex -6.32687 18.6906 0
      vertex -6.5 18.5981 14.4
      vertex -6.32687 18.6906 14.4
    endloop
  endfacet
  facet normal -0.471239 0.882006 0
    outer loop
      vertex -6.5 18.5981 14.4
      vertex -6.32687 18.6906 0
      vertex -6.5 18.5981 0
    endloop
  endfacet
  facet normal 0.812889 0.582418 0
    outer loop
      vertex 7.49441 17.6667 14.4
      vertex 7.38006 17.8263 0
      vertex 7.38006 17.8263 14.4
    endloop
  endfacet
  facet normal 0.812889 0.582418 0
    outer loop
      vertex 7.38006 17.8263 0
      vertex 7.49441 17.6667 14.4
      vertex 7.49441 17.6667 0
    endloop
  endfacet
  facet normal 0.812889 0.582418 0
    outer loop
      vertex 7.49441 17.6667 32
      vertex 7.38006 17.8263 17.6
      vertex 7.38006 17.8263 32
    endloop
  endfacet
  facet normal 0.812889 0.582418 0
    outer loop
      vertex 7.38006 17.8263 17.6
      vertex 7.49441 17.6667 32
      vertex 7.49441 17.6667 17.6
    endloop
  endfacet
  facet normal 0.2903 -0.956936 0
    outer loop
      vertex 5.77646 -2.89778 0
      vertex 5.96432 -2.84079 32
      vertex 5.77646 -2.89778 32
    endloop
  endfacet
  facet normal 0.2903 -0.956936 0
    outer loop
      vertex 5.96432 -2.84079 32
      vertex 5.77646 -2.89778 0
      vertex 5.96432 -2.84079 0
    endloop
  endfacet
  facet normal 1 0 0
    outer loop
      vertex 8 16 32
      vertex 8 8 17.6
      vertex 8 16 17.6
    endloop
  endfacet
  facet normal 1 0 0
    outer loop
      vertex 8 8 17.6
      vertex 8 0 32
      vertex 8 8 14.4
    endloop
  endfacet
  facet normal 1 -0 0
    outer loop
      vertex 8 0 32
      vertex 8 8 17.6
      vertex 8 16 32
    endloop
  endfacet
  facet normal 1 -0 0
    outer loop
      vertex 8 8 14.4
      vertex 8 16 0
      vertex 8 16 14.4
    endloop
  endfacet
  facet normal 1 0 0
    outer loop
      vertex 8 8 14.4
      vertex 8 0 0
      vertex 8 16 0
    endloop
  endfacet
  facet normal 1 0 0
    outer loop
      vertex 8 0 0
      vertex 8 8 14.4
      vertex 8 0 32
    endloop
  endfacet
  facet normal 0.729902 0.683551 0
    outer loop
      vertex 7.25552 17.978 14.4
      vertex 7.12132 18.1213 0
      vertex 7.12132 18.1213 14.4
    endloop
  endfacet
  facet normal 0.729902 0.683551 0
    outer loop
      vertex 7.12132 18.1213 0
      vertex 7.25552 17.978 14.4
      vertex 7.25552 17.978 0
    endloop
  endfacet
  facet normal 0.729902 0.683551 0
    outer loop
      vertex 7.25552 17.978 32
      vertex 7.12132 18.1213 17.6
      vertex 7.12132 18.1213 32
    endloop
  endfacet
  facet normal 0.729902 0.683551 0
    outer loop
      vertex 7.12132 18.1213 17.6
      vertex 7.25552 17.978 32
      vertex 7.25552 17.978 17.6
    endloop
  endfacet
  facet normal 0.634374 -0.773026 0
    outer loop
      vertex 6.82628 -2.38006 0
      vertex 6.97804 -2.25552 32
      vertex 6.82628 -2.38006 32
    endloop
  endfacet
  facet normal 0.634374 -0.773026 0
    outer loop
      vertex 6.97804 -2.25552 32
      vertex 6.82628 -2.38006 0
      vertex 6.97804 -2.25552 0
    endloop
  endfacet
  facet normal 0.849181 0.528102 0
    outer loop
      vertex 7.59808 17.5 14.4
      vertex 7.49441 17.6667 0
      vertex 7.49441 17.6667 14.4
    endloop
  endfacet
  facet normal 0.849181 0.528102 0
    outer loop
      vertex 7.49441 17.6667 0
      vertex 7.59808 17.5 14.4
      vertex 7.59808 17.5 0
    endloop
  endfacet
  facet normal 0.849181 0.528102 0
    outer loop
      vertex 7.59808 17.5 32
      vertex 7.49441 17.6667 17.6
      vertex 7.49441 17.6667 32
    endloop
  endfacet
  facet normal 0.849181 0.528102 0
    outer loop
      vertex 7.49441 17.6667 17.6
      vertex 7.59808 17.5 32
      vertex 7.59808 17.5 17.6
    endloop
  endfacet
  facet normal -0.227176 0.973854 0
    outer loop
      vertex -5.58527 18.9424 0
      vertex -5.77646 18.8978 14.4
      vertex -5.58527 18.9424 14.4
    endloop
  endfacet
  facet normal -0.227176 0.973854 0
    outer loop
      vertex -5.77646 18.8978 14.4
      vertex -5.58527 18.9424 0
      vertex -5.77646 18.8978 0
    endloop
  endfacet
  facet normal -0.227176 0.973854 0
    outer loop
      vertex -5.58527 18.9424 17.6
      vertex -5.77646 18.8978 32
      vertex -5.58527 18.9424 32
    endloop
  endfacet
  facet normal -0.227176 0.973854 0
    outer loop
      vertex -5.77646 18.8978 32
      vertex -5.58527 18.9424 17.6
      vertex -5.77646 18.8978 17.6
    endloop
  endfacet
  facet normal -0.352468 0.935824 0
    outer loop
      vertex -5.96432 18.8408 0
      vertex -6.14805 18.7716 14.4
      vertex -5.96432 18.8408 14.4
    endloop
  endfacet
  facet normal -0.352468 0.935824 0
    outer loop
      vertex -6.14805 18.7716 14.4
      vertex -5.96432 18.8408 0
      vertex -6.14805 18.7716 0
    endloop
  endfacet
  facet normal -0.352468 0.935824 0
    outer loop
      vertex -5.96432 18.8408 17.6
      vertex -6.14805 18.7716 32
      vertex -5.96432 18.8408 32
    endloop
  endfacet
  facet normal -0.352468 0.935824 0
    outer loop
      vertex -6.14805 18.7716 32
      vertex -5.96432 18.8408 17.6
      vertex -6.14805 18.7716 17.6
    endloop
  endfacet
  facet normal 0.412613 0.910906 -0
    outer loop
      vertex 6.32687 18.6906 17.6
      vertex 6.14805 18.7716 32
      vertex 6.32687 18.6906 32
    endloop
  endfacet
  facet normal 0.412613 0.910906 0
    outer loop
      vertex 6.14805 18.7716 32
      vertex 6.32687 18.6906 17.6
      vertex 6.14805 18.7716 17.6
    endloop
  endfacet
  facet normal 0.412613 0.910906 -0
    outer loop
      vertex 6.32687 18.6906 0
      vertex 6.14805 18.7716 14.4
      vertex 6.32687 18.6906 14.4
    endloop
  endfacet
  facet normal 0.412613 0.910906 0
    outer loop
      vertex 6.14805 18.7716 14.4
      vertex 6.32687 18.6906 0
      vertex 6.14805 18.7716 0
    endloop
  endfacet
  facet normal -0.849195 -0.528079 0
    outer loop
      vertex -7.49441 -1.66671 0
      vertex -7.59808 -1.5 32
      vertex -7.59808 -1.5 0
    endloop
  endfacet
  facet normal -0.849195 -0.528079 0
    outer loop
      vertex -7.59808 -1.5 32
      vertex -7.49441 -1.66671 0
      vertex -7.49441 -1.66671 32
    endloop
  endfacet
  facet normal 0.772903 0.634524 0
    outer loop
      vertex 7.38006 17.8263 14.4
      vertex 7.25552 17.978 0
      vertex 7.25552 17.978 14.4
    endloop
  endfacet
  facet normal 0.772903 0.634524 0
    outer loop
      vertex 7.25552 17.978 0
      vertex 7.38006 17.8263 14.4
      vertex 7.38006 17.8263 0
    endloop
  endfacet
  facet normal 0.772903 0.634524 0
    outer loop
      vertex 7.38006 17.8263 32
      vertex 7.25552 17.978 17.6
      vertex 7.25552 17.978 32
    endloop
  endfacet
  facet normal 0.772903 0.634524 0
    outer loop
      vertex 7.25552 17.978 17.6
      vertex 7.38006 17.8263 32
      vertex 7.38006 17.8263 17.6
    endloop
  endfacet
  facet normal -0.22708 -0.973876 0
    outer loop
      vertex -5.77646 -2.89778 0
      vertex -5.58527 -2.94236 32
      vertex -5.77646 -2.89778 32
    endloop
  endfacet
  facet normal -0.22708 -0.973876 -0
    outer loop
      vertex -5.58527 -2.94236 32
      vertex -5.77646 -2.89778 0
      vertex -5.58527 -2.94236 0
    endloop
  endfacet
  facet normal -0.471397 -0.881921 0
    outer loop
      vertex -6.5 -2.59808 0
      vertex -6.32687 -2.69062 32
      vertex -6.5 -2.59808 32
    endloop
  endfacet
  facet normal -0.471397 -0.881921 -0
    outer loop
      vertex -6.32687 -2.69062 32
      vertex -6.5 -2.59808 0
      vertex -6.32687 -2.69062 0
    endloop
  endfacet
  facet normal 0.528189 0.849127 -0
    outer loop
      vertex 6.66671 18.4944 17.6
      vertex 6.5 18.5981 32
      vertex 6.66671 18.4944 32
    endloop
  endfacet
  facet normal 0.528189 0.849127 0
    outer loop
      vertex 6.5 18.5981 32
      vertex 6.66671 18.4944 17.6
      vertex 6.5 18.5981 17.6
    endloop
  endfacet
  facet normal 0.528189 0.849127 -0
    outer loop
      vertex 6.66671 18.4944 0
      vertex 6.5 18.5981 14.4
      vertex 6.66671 18.4944 14.4
    endloop
  endfacet
  facet normal 0.528189 0.849127 0
    outer loop
      vertex 6.5 18.5981 14.4
      vertex 6.66671 18.4944 0
      vertex 6.5 18.5981 0
    endloop
  endfacet
  facet normal 0 1 -0
    outer loop
      vertex 5 19 17.6
      vertex -5 19 32
      vertex 5 19 32
    endloop
  endfacet
  facet normal 0 1 0
    outer loop
      vertex 5 19 17.6
      vertex -5 19 17.6
      vertex -5 19 32
    endloop
  endfacet
  facet normal 0 1 -0
    outer loop
      vertex 5 19 14.4
      vertex -5 19 17.6
      vertex 5 19 17.6
    endloop
  endfacet
  facet normal 0 1 0
    outer loop
      vertex 5 19 14.4
      vertex -5 19 14.4
      vertex -5 19 17.6
    endloop
  endfacet
  facet normal 0 1 -0
    outer loop
      vertex 5 19 0
      vertex -5 19 14.4
      vertex 5 19 14.4
    endloop
  endfacet
  facet normal 0 1 0
    outer loop
      vertex -5 19 14.4
      vertex 5 19 0
      vertex -5 19 0
    endloop
  endfacet
  facet normal 0.582322 0.812958 -0
    outer loop
      vertex 6.82628 18.3801 17.6
      vertex 6.66671 18.4944 32
      vertex 6.82628 18.3801 32
    endloop
  endfacet
  facet normal 0.582322 0.812958 0
    outer loop
      vertex 6.66671 18.4944 32
      vertex 6.82628 18.3801 17.6
      vertex 6.66671 18.4944 17.6
    endloop
  endfacet
  facet normal 0.582322 0.812958 -0
    outer loop
      vertex 6.82628 18.3801 0
      vertex 6.66671 18.4944 14.4
      vertex 6.82628 18.3801 14.4
    endloop
  endfacet
  facet normal 0.582322 0.812958 0
    outer loop
      vertex 6.66671 18.4944 14.4
      vertex 6.82628 18.3801 0
      vertex 6.66671 18.4944 0
    endloop
  endfacet
  facet normal -0.910938 0.412544 0
    outer loop
      vertex -7.77164 17.148 0
      vertex -7.69062 17.3269 14.4
      vertex -7.69062 17.3269 0
    endloop
  endfacet
  facet normal -0.910938 0.412544 0
    outer loop
      vertex -7.69062 17.3269 14.4
      vertex -7.77164 17.148 0
      vertex -7.77164 17.148 14.4
    endloop
  endfacet
  facet normal -0.910938 0.412544 0
    outer loop
      vertex -7.77164 17.148 17.6
      vertex -7.69062 17.3269 32
      vertex -7.69062 17.3269 17.6
    endloop
  endfacet
  facet normal -0.910938 0.412544 0
    outer loop
      vertex -7.69062 17.3269 32
      vertex -7.77164 17.148 17.6
      vertex -7.77164 17.148 32
    endloop
  endfacet
  facet normal -0.412697 -0.910868 0
    outer loop
      vertex -6.32687 -2.69062 0
      vertex -6.14805 -2.77164 32
      vertex -6.32687 -2.69062 32
    endloop
  endfacet
  facet normal -0.412697 -0.910868 -0
    outer loop
      vertex -6.14805 -2.77164 32
      vertex -6.32687 -2.69062 0
      vertex -6.14805 -2.77164 0
    endloop
  endfacet
  facet normal 0.95691 0.290385 0
    outer loop
      vertex 7.89778 16.7765 32
      vertex 7.84079 16.9643 17.6
      vertex 7.84079 16.9643 32
    endloop
  endfacet
  facet normal 0.95691 0.290385 0
    outer loop
      vertex 7.84079 16.9643 17.6
      vertex 7.89778 16.7765 32
      vertex 7.89778 16.7765 17.6
    endloop
  endfacet
  facet normal 0.95691 0.290385 0
    outer loop
      vertex 7.89778 16.7765 14.4
      vertex 7.84079 16.9643 0
      vertex 7.84079 16.9643 14.4
    endloop
  endfacet
  facet normal 0.95691 0.290385 0
    outer loop
      vertex 7.84079 16.9643 0
      vertex 7.89778 16.7765 14.4
      vertex 7.89778 16.7765 0
    endloop
  endfacet
  facet normal -0.812889 0.582418 0
    outer loop
      vertex -7.49441 17.6667 17.6
      vertex -7.38006 17.8263 32
      vertex -7.38006 17.8263 17.6
    endloop
  endfacet
  facet normal -0.812889 0.582418 0
    outer loop
      vertex -7.38006 17.8263 32
      vertex -7.49441 17.6667 17.6
      vertex -7.49441 17.6667 32
    endloop
  endfacet
  facet normal -0.812889 0.582418 0
    outer loop
      vertex -7.49441 17.6667 0
      vertex -7.38006 17.8263 14.4
      vertex -7.38006 17.8263 0
    endloop
  endfacet
  facet normal -0.812889 0.582418 0
    outer loop
      vertex -7.38006 17.8263 14.4
      vertex -7.49441 17.6667 0
      vertex -7.49441 17.6667 14.4
    endloop
  endfacet
  facet normal 0.471397 -0.881921 0
    outer loop
      vertex 6.32687 -2.69062 0
      vertex 6.5 -2.59808 32
      vertex 6.32687 -2.69062 32
    endloop
  endfacet
  facet normal 0.471397 -0.881921 0
    outer loop
      vertex 6.5 -2.59808 32
      vertex 6.32687 -2.69062 0
      vertex 6.5 -2.59808 0
    endloop
  endfacet
  facet normal -0.2903 -0.956936 0
    outer loop
      vertex -5.96432 -2.84079 0
      vertex -5.77646 -2.89778 32
      vertex -5.96432 -2.84079 32
    endloop
  endfacet
  facet normal -0.2903 -0.956936 -0
    outer loop
      vertex -5.77646 -2.89778 32
      vertex -5.96432 -2.84079 0
      vertex -5.77646 -2.89778 0
    endloop
  endfacet
  facet normal -0.956936 -0.290299 0
    outer loop
      vertex -7.84079 -0.964318 0
      vertex -7.89778 -0.776457 32
      vertex -7.89778 -0.776457 0
    endloop
  endfacet
  facet normal -0.956936 -0.290299 0
    outer loop
      vertex -7.89778 -0.776457 32
      vertex -7.84079 -0.964318 0
      vertex -7.84079 -0.964318 32
    endloop
  endfacet
  facet normal 0.58249 -0.812838 0
    outer loop
      vertex 6.66671 -2.49441 0
      vertex 6.82628 -2.38006 32
      vertex 6.66671 -2.49441 32
    endloop
  endfacet
  facet normal 0.58249 -0.812838 0
    outer loop
      vertex 6.82628 -2.38006 32
      vertex 6.66671 -2.49441 0
      vertex 6.82628 -2.38006 0
    endloop
  endfacet
  facet normal -0.999465 -0.0327027 0
    outer loop
      vertex -7.99358 -0.196209 0
      vertex -8 0 32
      vertex -8 0 0
    endloop
  endfacet
  facet normal -0.999465 -0.0327027 0
    outer loop
      vertex -8 0 32
      vertex -7.99358 -0.196209 0
      vertex -7.99358 -0.196209 32
    endloop
  endfacet
  facet normal 0.999465 0.0327042 0
    outer loop
      vertex 8 16 32
      vertex 7.99358 16.1962 17.6
      vertex 7.99358 16.1962 32
    endloop
  endfacet
  facet normal 0.999465 0.0327042 0
    outer loop
      vertex 7.99358 16.1962 17.6
      vertex 8 16 32
      vertex 8 16 17.6
    endloop
  endfacet
  facet normal 0.999465 0.0327042 0
    outer loop
      vertex 8 16 14.4
      vertex 7.99358 16.1962 0
      vertex 7.99358 16.1962 14.4
    endloop
  endfacet
  facet normal 0.999465 0.0327042 0
    outer loop
      vertex 7.99358 16.1962 0
      vertex 8 16 14.4
      vertex 8 16 0
    endloop
  endfacet
  facet normal 0.0983084 0.995156 -0
    outer loop
      vertex 5.39158 18.9743 0
      vertex 5.19621 18.9936 14.4
      vertex 5.39158 18.9743 14.4
    endloop
  endfacet
  facet normal 0.0983084 0.995156 0
    outer loop
      vertex 5.19621 18.9936 14.4
      vertex 5.39158 18.9743 0
      vertex 5.19621 18.9936 0
    endloop
  endfacet
  facet normal 0.0983084 0.995156 -0
    outer loop
      vertex 5.39158 18.9743 17.6
      vertex 5.19621 18.9936 32
      vertex 5.39158 18.9743 32
    endloop
  endfacet
  facet normal 0.0983084 0.995156 0
    outer loop
      vertex 5.19621 18.9936 32
      vertex 5.39158 18.9743 17.6
      vertex 5.19621 18.9936 17.6
    endloop
  endfacet
  facet normal 0.773026 -0.634374 0
    outer loop
      vertex 7.25552 -1.97804 32
      vertex 7.38006 -1.82628 0
      vertex 7.38006 -1.82628 32
    endloop
  endfacet
  facet normal 0.773026 -0.634374 0
    outer loop
      vertex 7.38006 -1.82628 0
      vertex 7.25552 -1.97804 32
      vertex 7.25552 -1.97804 0
    endloop
  endfacet
  facet normal -0.973879 0.227069 0
    outer loop
      vertex -7.94236 16.5853 0
      vertex -7.89778 16.7765 14.4
      vertex -7.89778 16.7765 0
    endloop
  endfacet
  facet normal -0.973879 0.227069 0
    outer loop
      vertex -7.89778 16.7765 14.4
      vertex -7.94236 16.5853 0
      vertex -7.94236 16.5853 14.4
    endloop
  endfacet
  facet normal -0.973879 0.227069 0
    outer loop
      vertex -7.94236 16.5853 17.6
      vertex -7.89778 16.7765 32
      vertex -7.89778 16.7765 17.6
    endloop
  endfacet
  facet normal -0.973879 0.227069 0
    outer loop
      vertex -7.89778 16.7765 32
      vertex -7.94236 16.5853 17.6
      vertex -7.94236 16.5853 32
    endloop
  endfacet
  facet normal 0.849195 -0.528079 0
    outer loop
      vertex 7.49441 -1.66671 32
      vertex 7.59808 -1.5 0
      vertex 7.59808 -1.5 32
    endloop
  endfacet
  facet normal 0.849195 -0.528079 0
    outer loop
      vertex 7.59808 -1.5 0
      vertex 7.49441 -1.66671 32
      vertex 7.49441 -1.66671 0
    endloop
  endfacet
  facet normal -0.729902 0.683551 0
    outer loop
      vertex -7.25552 17.978 17.6
      vertex -7.12132 18.1213 32
      vertex -7.12132 18.1213 17.6
    endloop
  endfacet
  facet normal -0.729902 0.683551 0
    outer loop
      vertex -7.12132 18.1213 32
      vertex -7.25552 17.978 17.6
      vertex -7.25552 17.978 32
    endloop
  endfacet
  facet normal -0.729902 0.683551 0
    outer loop
      vertex -7.25552 17.978 0
      vertex -7.12132 18.1213 14.4
      vertex -7.12132 18.1213 0
    endloop
  endfacet
  facet normal -0.729902 0.683551 0
    outer loop
      vertex -7.12132 18.1213 14.4
      vertex -7.25552 17.978 0
      vertex -7.25552 17.978 14.4
    endloop
  endfacet
  facet normal -0.773026 -0.634374 0
    outer loop
      vertex -7.25552 -1.97804 0
      vertex -7.38006 -1.82628 32
      vertex -7.38006 -1.82628 0
    endloop
  endfacet
  facet normal -0.773026 -0.634374 0
    outer loop
      vertex -7.38006 -1.82628 32
      vertex -7.25552 -1.97804 0
      vertex -7.25552 -1.97804 32
    endloop
  endfacet
  facet normal 0.0980562 -0.995181 0
    outer loop
      vertex 5.19621 -2.99358 0
      vertex 5.39158 -2.97433 32
      vertex 5.19621 -2.99358 32
    endloop
  endfacet
  facet normal 0.0980562 -0.995181 0
    outer loop
      vertex 5.39158 -2.97433 32
      vertex 5.19621 -2.99358 0
      vertex 5.39158 -2.97433 0
    endloop
  endfacet
  facet normal -0.412613 0.910906 0
    outer loop
      vertex -6.14805 18.7716 0
      vertex -6.32687 18.6906 14.4
      vertex -6.14805 18.7716 14.4
    endloop
  endfacet
  facet normal -0.412613 0.910906 0
    outer loop
      vertex -6.32687 18.6906 14.4
      vertex -6.14805 18.7716 0
      vertex -6.32687 18.6906 0
    endloop
  endfacet
  facet normal -0.412613 0.910906 0
    outer loop
      vertex -6.14805 18.7716 17.6
      vertex -6.32687 18.6906 32
      vertex -6.14805 18.7716 32
    endloop
  endfacet
  facet normal -0.412613 0.910906 0
    outer loop
      vertex -6.32687 18.6906 32
      vertex -6.14805 18.7716 17.6
      vertex -6.32687 18.6906 17.6
    endloop
  endfacet
  facet normal 0.995181 -0.0980567 0
    outer loop
      vertex 7.97433 -0.391578 32
      vertex 7.99358 -0.196209 0
      vertex 7.99358 -0.196209 32
    endloop
  endfacet
  facet normal 0.995181 -0.0980567 0
    outer loop
      vertex 7.99358 -0.196209 0
      vertex 7.97433 -0.391578 32
      vertex 7.97433 -0.391578 0
    endloop
  endfacet
  facet normal -0.290347 0.956922 0
    outer loop
      vertex -5.77646 18.8978 0
      vertex -5.96432 18.8408 14.4
      vertex -5.77646 18.8978 14.4
    endloop
  endfacet
  facet normal -0.290347 0.956922 0
    outer loop
      vertex -5.96432 18.8408 14.4
      vertex -5.77646 18.8978 0
      vertex -5.96432 18.8408 0
    endloop
  endfacet
  facet normal -0.290347 0.956922 0
    outer loop
      vertex -5.77646 18.8978 17.6
      vertex -5.96432 18.8408 32
      vertex -5.77646 18.8978 32
    endloop
  endfacet
  facet normal -0.290347 0.956922 0
    outer loop
      vertex -5.96432 18.8408 32
      vertex -5.77646 18.8978 17.6
      vertex -5.96432 18.8408 17.6
    endloop
  endfacet
  facet normal 0.683602 0.729855 -0
    outer loop
      vertex 7.12132 18.1213 0
      vertex 6.97804 18.2555 14.4
      vertex 7.12132 18.1213 14.4
    endloop
  endfacet
  facet normal 0.683602 0.729855 0
    outer loop
      vertex 6.97804 18.2555 14.4
      vertex 7.12132 18.1213 0
      vertex 6.97804 18.2555 0
    endloop
  endfacet
  facet normal 0.683602 0.729855 -0
    outer loop
      vertex 7.12132 18.1213 17.6
      vertex 6.97804 18.2555 32
      vertex 7.12132 18.1213 32
    endloop
  endfacet
  facet normal 0.683602 0.729855 0
    outer loop
      vertex 6.97804 18.2555 32
      vertex 7.12132 18.1213 17.6
      vertex 6.97804 18.2555 17.6
    endloop
  endfacet
  facet normal 0.634557 0.772876 -0
    outer loop
      vertex 6.97804 18.2555 17.6
      vertex 6.82628 18.3801 32
      vertex 6.97804 18.2555 32
    endloop
  endfacet
  facet normal 0.634557 0.772876 0
    outer loop
      vertex 6.82628 18.3801 32
      vertex 6.97804 18.2555 17.6
      vertex 6.82628 18.3801 17.6
    endloop
  endfacet
  facet normal 0.634557 0.772876 -0
    outer loop
      vertex 6.97804 18.2555 0
      vertex 6.82628 18.3801 14.4
      vertex 6.97804 18.2555 14.4
    endloop
  endfacet
  facet normal 0.634557 0.772876 0
    outer loop
      vertex 6.82628 18.3801 14.4
      vertex 6.97804 18.2555 0
      vertex 6.82628 18.3801 0
    endloop
  endfacet
  facet normal 0.162507 0.986707 -0
    outer loop
      vertex 5.58527 18.9424 0
      vertex 5.39158 18.9743 14.4
      vertex 5.58527 18.9424 14.4
    endloop
  endfacet
  facet normal 0.162507 0.986707 0
    outer loop
      vertex 5.39158 18.9743 14.4
      vertex 5.58527 18.9424 0
      vertex 5.39158 18.9743 0
    endloop
  endfacet
  facet normal 0.162507 0.986707 -0
    outer loop
      vertex 5.58527 18.9424 17.6
      vertex 5.39158 18.9743 32
      vertex 5.58527 18.9424 32
    endloop
  endfacet
  facet normal 0.162507 0.986707 0
    outer loop
      vertex 5.39158 18.9743 32
      vertex 5.58527 18.9424 17.6
      vertex 5.39158 18.9743 17.6
    endloop
  endfacet
  facet normal 0.812838 -0.58249 0
    outer loop
      vertex 7.38006 -1.82628 32
      vertex 7.49441 -1.66671 0
      vertex 7.49441 -1.66671 32
    endloop
  endfacet
  facet normal 0.812838 -0.58249 0
    outer loop
      vertex 7.49441 -1.66671 0
      vertex 7.38006 -1.82628 32
      vertex 7.38006 -1.82628 0
    endloop
  endfacet
  facet normal 0.973879 0.227069 0
    outer loop
      vertex 7.94236 16.5853 32
      vertex 7.89778 16.7765 17.6
      vertex 7.89778 16.7765 32
    endloop
  endfacet
  facet normal 0.973879 0.227069 0
    outer loop
      vertex 7.89778 16.7765 17.6
      vertex 7.94236 16.5853 32
      vertex 7.94236 16.5853 17.6
    endloop
  endfacet
  facet normal 0.973879 0.227069 0
    outer loop
      vertex 7.94236 16.5853 14.4
      vertex 7.89778 16.7765 0
      vertex 7.89778 16.7765 14.4
    endloop
  endfacet
  facet normal 0.973879 0.227069 0
    outer loop
      vertex 7.89778 16.7765 0
      vertex 7.94236 16.5853 14.4
      vertex 7.94236 16.5853 0
    endloop
  endfacet
  facet normal -0.849181 0.528102 0
    outer loop
      vertex -7.59808 17.5 17.6
      vertex -7.49441 17.6667 32
      vertex -7.49441 17.6667 17.6
    endloop
  endfacet
  facet normal -0.849181 0.528102 0
    outer loop
      vertex -7.49441 17.6667 32
      vertex -7.59808 17.5 17.6
      vertex -7.59808 17.5 32
    endloop
  endfacet
  facet normal -0.849181 0.528102 0
    outer loop
      vertex -7.59808 17.5 0
      vertex -7.49441 17.6667 14.4
      vertex -7.49441 17.6667 0
    endloop
  endfacet
  facet normal -0.849181 0.528102 0
    outer loop
      vertex -7.49441 17.6667 14.4
      vertex -7.59808 17.5 0
      vertex -7.59808 17.5 14.4
    endloop
  endfacet
  facet normal 0.910868 -0.412697 0
    outer loop
      vertex 7.69062 -1.32687 32
      vertex 7.77164 -1.14805 0
      vertex 7.77164 -1.14805 32
    endloop
  endfacet
  facet normal 0.910868 -0.412697 0
    outer loop
      vertex 7.77164 -1.14805 0
      vertex 7.69062 -1.32687 32
      vertex 7.69062 -1.32687 0
    endloop
  endfacet
  facet normal -0.772903 0.634524 0
    outer loop
      vertex -7.38006 17.8263 17.6
      vertex -7.25552 17.978 32
      vertex -7.25552 17.978 17.6
    endloop
  endfacet
  facet normal -0.772903 0.634524 0
    outer loop
      vertex -7.25552 17.978 32
      vertex -7.38006 17.8263 17.6
      vertex -7.38006 17.8263 32
    endloop
  endfacet
  facet normal -0.772903 0.634524 0
    outer loop
      vertex -7.38006 17.8263 0
      vertex -7.25552 17.978 14.4
      vertex -7.25552 17.978 0
    endloop
  endfacet
  facet normal -0.772903 0.634524 0
    outer loop
      vertex -7.25552 17.978 14.4
      vertex -7.38006 17.8263 0
      vertex -7.38006 17.8263 14.4
    endloop
  endfacet
  facet normal -0.634374 -0.773026 0
    outer loop
      vertex -6.97804 -2.25552 0
      vertex -6.82628 -2.38006 32
      vertex -6.97804 -2.25552 32
    endloop
  endfacet
  facet normal -0.634374 -0.773026 -0
    outer loop
      vertex -6.82628 -2.38006 32
      vertex -6.97804 -2.25552 0
      vertex -6.82628 -2.38006 0
    endloop
  endfacet
  facet normal -0.986652 0.162846 0
    outer loop
      vertex -7.97433 16.3916 17.6
      vertex -7.94236 16.5853 32
      vertex -7.94236 16.5853 17.6
    endloop
  endfacet
  facet normal -0.986652 0.162846 0
    outer loop
      vertex -7.94236 16.5853 32
      vertex -7.97433 16.3916 17.6
      vertex -7.97433 16.3916 32
    endloop
  endfacet
  facet normal -0.986652 0.162846 0
    outer loop
      vertex -7.97433 16.3916 0
      vertex -7.94236 16.5853 14.4
      vertex -7.94236 16.5853 0
    endloop
  endfacet
  facet normal -0.986652 0.162846 0
    outer loop
      vertex -7.94236 16.5853 14.4
      vertex -7.97433 16.3916 0
      vertex -7.97433 16.3916 14.4
    endloop
  endfacet
  facet normal -0.881887 0.471461 0
    outer loop
      vertex -7.69062 17.3269 0
      vertex -7.59808 17.5 14.4
      vertex -7.59808 17.5 0
    endloop
  endfacet
  facet normal -0.881887 0.471461 0
    outer loop
      vertex -7.59808 17.5 14.4
      vertex -7.69062 17.3269 0
      vertex -7.69062 17.3269 14.4
    endloop
  endfacet
  facet normal -0.881887 0.471461 0
    outer loop
      vertex -7.69062 17.3269 17.6
      vertex -7.59808 17.5 32
      vertex -7.59808 17.5 17.6
    endloop
  endfacet
  facet normal -0.881887 0.471461 0
    outer loop
      vertex -7.59808 17.5 32
      vertex -7.69062 17.3269 17.6
      vertex -7.69062 17.3269 32
    endloop
  endfacet
  facet normal -0.528189 0.849127 0
    outer loop
      vertex -6.5 18.5981 17.6
      vertex -6.66671 18.4944 32
      vertex -6.5 18.5981 32
    endloop
  endfacet
  facet normal -0.528189 0.849127 0
    outer loop
      vertex -6.66671 18.4944 32
      vertex -6.5 18.5981 17.6
      vertex -6.66671 18.4944 17.6
    endloop
  endfacet
  facet normal -0.528189 0.849127 0
    outer loop
      vertex -6.5 18.5981 0
      vertex -6.66671 18.4944 14.4
      vertex -6.5 18.5981 14.4
    endloop
  endfacet
  facet normal -0.528189 0.849127 0
    outer loop
      vertex -6.66671 18.4944 14.4
      vertex -6.5 18.5981 0
      vertex -6.66671 18.4944 0
    endloop
  endfacet
  facet normal -0.986651 -0.162852 0
    outer loop
      vertex -7.94236 -0.585271 0
      vertex -7.97433 -0.391578 32
      vertex -7.97433 -0.391578 0
    endloop
  endfacet
  facet normal -0.986651 -0.162852 0
    outer loop
      vertex -7.97433 -0.391578 32
      vertex -7.94236 -0.585271 0
      vertex -7.94236 -0.585271 32
    endloop
  endfacet
  facet normal 0.683602 -0.729855 0
    outer loop
      vertex 6.97804 -2.25552 0
      vertex 7.12132 -2.12132 32
      vertex 6.97804 -2.25552 32
    endloop
  endfacet
  facet normal 0.683602 -0.729855 0
    outer loop
      vertex 7.12132 -2.12132 32
      vertex 6.97804 -2.25552 0
      vertex 7.12132 -2.12132 0
    endloop
  endfacet
  facet normal 0 0 -1
    outer loop
      vertex 3.30564 3.05276 0
      vertex 8 0 0
      vertex 7.99358 -0.196209 0
    endloop
  endfacet
  facet normal 0 0 -1
    outer loop
      vertex 8 0 0
      vertex 5.95 8 0
      vertex 8 16 0
    endloop
  endfacet
  facet normal 0 0 -1
    outer loop
      vertex 3.30564 3.05276 0
      vertex 7.99358 -0.196209 0
      vertex 7.97433 -0.391578 0
    endloop
  endfacet
  facet normal 0 0 -1
    outer loop
      vertex 5.93726 8.38915 0
      vertex 8 16 0
      vertex 5.95 8 0
    endloop
  endfacet
  facet normal 0 0 -1
    outer loop
      vertex 3.30564 3.05276 0
      vertex 7.97433 -0.391578 0
      vertex 7.94236 -0.585271 0
    endloop
  endfacet
  facet normal 0 0 -1
    outer loop
      vertex 5.8991 8.77663 0
      vertex 8 16 0
      vertex 5.93726 8.38915 0
    endloop
  endfacet
  facet normal 0 0 -1
    outer loop
      vertex 3.30564 3.05276 0
      vertex 7.94236 -0.585271 0
      vertex 7.89778 -0.776457 0
    endloop
  endfacet
  facet normal 0 0 -1
    outer loop
      vertex 5.83567 9.16079 0
      vertex 8 16 0
      vertex 5.8991 8.77663 0
    endloop
  endfacet
  facet normal 0 0 -1
    outer loop
      vertex 3.30564 3.05276 0
      vertex 7.89778 -0.776457 0
      vertex 7.84079 -0.964318 0
    endloop
  endfacet
  facet normal 0 0 -1
    outer loop
      vertex 5.74726 9.53997 0
      vertex 8 16 0
      vertex 5.83567 9.16079 0
    endloop
  endfacet
  facet normal 0 0 -1
    outer loop
      vertex 3.30564 3.05276 0
      vertex 7.84079 -0.964318 0
      vertex 7.77164 -1.14805 0
    endloop
  endfacet
  facet normal 0 0 -1
    outer loop
      vertex 5.63423 9.91256 0
      vertex 8 16 0
      vertex 5.74726 9.53997 0
    endloop
  endfacet
  facet normal 0 0 -1
    outer loop
      vertex 3.30564 3.05276 0
      vertex 7.77164 -1.14805 0
      vertex 7.69062 -1.32687 0
    endloop
  endfacet
  facet normal 0 0 -1
    outer loop
      vertex 5.49708 10.277 0
      vertex 8 16 0
      vertex 5.63423 9.91256 0
    endloop
  endfacet
  facet normal 0 0 -1
    outer loop
      vertex 3.30564 3.05276 0
      vertex 7.69062 -1.32687 0
      vertex 7.59808 -1.5 0
    endloop
  endfacet
  facet normal 0 0 -1
    outer loop
      vertex 5.33639 10.6316 0
      vertex 8 16 0
      vertex 5.49708 10.277 0
    endloop
  endfacet
  facet normal 0 0 -1
    outer loop
      vertex 3.30564 3.05276 0
      vertex 7.59808 -1.5 0
      vertex 7.49441 -1.66671 0
    endloop
  endfacet
  facet normal 0 0 -1
    outer loop
      vertex 5.15285 10.975 0
      vertex 8 16 0
      vertex 5.33639 10.6316 0
    endloop
  endfacet
  facet normal 0 0 -1
    outer loop
      vertex 3.30564 3.05276 0
      vertex 7.49441 -1.66671 0
      vertex 7.38006 -1.82628 0
    endloop
  endfacet
  facet normal 0 0 -1
    outer loop
      vertex 4.94724 11.3056 0
      vertex 8 16 0
      vertex 5.15285 10.975 0
    endloop
  endfacet
  facet normal 0 0 -1
    outer loop
      vertex 3.30564 3.05276 0
      vertex 7.38006 -1.82628 0
      vertex 7.25552 -1.97804 0
    endloop
  endfacet
  facet normal 0 0 -1
    outer loop
      vertex 4.72045 11.6221 0
      vertex 8 16 0
      vertex 4.94724 11.3056 0
    endloop
  endfacet
  facet normal 0 0 -1
    outer loop
      vertex 3.30564 3.05276 0
      vertex 7.25552 -1.97804 0
      vertex 7.12132 -2.12132 0
    endloop
  endfacet
  facet normal 0 0 -1
    outer loop
      vertex 4.47345 11.9231 0
      vertex 8 16 0
      vertex 4.72045 11.6221 0
    endloop
  endfacet
  facet normal 0 0 -1
    outer loop
      vertex 3.30564 3.05276 0
      vertex 7.12132 -2.12132 0
      vertex 6.97804 -2.25552 0
    endloop
  endfacet
  facet normal 0 0 -1
    outer loop
      vertex 4.20728 12.2073 0
      vertex 8 16 0
      vertex 4.47345 11.9231 0
    endloop
  endfacet
  facet normal 0 0 -1
    outer loop
      vertex 3.30564 3.05276 0
      vertex 6.97804 -2.25552 0
      vertex 6.82628 -2.38006 0
    endloop
  endfacet
  facet normal 0 0 -1
    outer loop
      vertex 3.92311 12.4734 0
      vertex 8 16 0
      vertex 4.20728 12.2073 0
    endloop
  endfacet
  facet normal 0 0 -1
    outer loop
      vertex 3.30564 3.05276 0
      vertex 6.82628 -2.38006 0
      vertex 6.66671 -2.49441 0
    endloop
  endfacet
  facet normal 0 0 -1
    outer loop
      vertex 3.62213 12.7205 0
      vertex 8 16 0
      vertex 3.92311 12.4734 0
    endloop
  endfacet
  facet normal 0 0 -1
    outer loop
      vertex 3.30564 3.05276 0
      vertex 6.66671 -2.49441 0
      vertex 6.5 -2.59808 0
    endloop
  endfacet
  facet normal 0 0 -1
    outer loop
      vertex 3.30564 12.9472 0
      vertex 8 16 0
      vertex 3.62213 12.7205 0
    endloop
  endfacet
  facet normal 0 0 -1
    outer loop
      vertex 3.30564 3.05276 0
      vertex 6.5 -2.59808 0
      vertex 6.32687 -2.69062 0
    endloop
  endfacet
  facet normal -0 0 -1
    outer loop
      vertex 8 16 0
      vertex 3.30564 12.9472 0
      vertex 7.99358 16.1962 0
    endloop
  endfacet
  facet normal 0 0 -1
    outer loop
      vertex 3.30564 3.05276 0
      vertex 6.32687 -2.69062 0
      vertex 6.14805 -2.77164 0
    endloop
  endfacet
  facet normal -0 0 -1
    outer loop
      vertex 7.99358 16.1962 0
      vertex 3.30564 12.9472 0
      vertex 7.97433 16.3916 0
    endloop
  endfacet
  facet normal 0 0 -1
    outer loop
      vertex 3.30564 3.05276 0
      vertex 6.14805 -2.77164 0
      vertex 5.96432 -2.84079 0
    endloop
  endfacet
  facet normal -0 0 -1
    outer loop
      vertex 7.97433 16.3916 0
      vertex 3.30564 12.9472 0
      vertex 7.94236 16.5853 0
    endloop
  endfacet
  facet normal -0 0 -1
    outer loop
      vertex 7.94236 16.5853 0
      vertex 3.30564 12.9472 0
      vertex 7.89778 16.7765 0
    endloop
  endfacet
  facet normal 0 0 -1
    outer loop
      vertex 8 0 0
      vertex 5.93726 7.61085 0
      vertex 5.95 8 0
    endloop
  endfacet
  facet normal 0 0 -1
    outer loop
      vertex 8 0 0
      vertex 5.8991 7.22337 0
      vertex 5.93726 7.61085 0
    endloop
  endfacet
  facet normal 0 0 -1
    outer loop
      vertex 8 0 0
      vertex 5.83567 6.83921 0
      vertex 5.8991 7.22337 0
    endloop
  endfacet
  facet normal 0 0 -1
    outer loop
      vertex 3.30564 3.05276 0
      vertex 5.96432 -2.84079 0
      vertex 5.77646 -2.89778 0
    endloop
  endfacet
  facet normal 0 0 -1
    outer loop
      vertex 8 0 0
      vertex 5.74726 6.46003 0
      vertex 5.83567 6.83921 0
    endloop
  endfacet
  facet normal 0 0 -1
    outer loop
      vertex 8 0 0
      vertex 5.63423 6.08743 0
      vertex 5.74726 6.46003 0
    endloop
  endfacet
  facet normal 0 0 -1
    outer loop
      vertex 3.30564 3.05276 0
      vertex 5.77646 -2.89778 0
      vertex 5.58527 -2.94236 0
    endloop
  endfacet
  facet normal 0 0 -1
    outer loop
      vertex 8 0 0
      vertex 5.49708 5.72303 0
      vertex 5.63423 6.08743 0
    endloop
  endfacet
  facet normal 0 0 -1
    outer loop
      vertex 3.30564 3.05276 0
      vertex 5.58527 -2.94236 0
      vertex 5.39158 -2.97433 0
    endloop
  endfacet
  facet normal 0 0 -1
    outer loop
      vertex 8 0 0
      vertex 5.33639 5.36838 0
      vertex 5.49708 5.72303 0
    endloop
  endfacet
  facet normal 0 0 -1
    outer loop
      vertex 3.30564 3.05276 0
      vertex 5.39158 -2.97433 0
      vertex 5.19621 -2.99358 0
    endloop
  endfacet
  facet normal 0 0 -1
    outer loop
      vertex 8 0 0
      vertex 5.15285 5.025 0
      vertex 5.33639 5.36838 0
    endloop
  endfacet
  facet normal 0 0 -1
    outer loop
      vertex 3.30564 3.05276 0
      vertex 5.19621 -2.99358 0
      vertex 5 -3 0
    endloop
  endfacet
  facet normal 0 0 -1
    outer loop
      vertex 8 0 0
      vertex 4.94724 4.69436 0
      vertex 5.15285 5.025 0
    endloop
  endfacet
  facet normal 0 0 -1
    outer loop
      vertex 8 0 0
      vertex 4.72045 4.37787 0
      vertex 4.94724 4.69436 0
    endloop
  endfacet
  facet normal 0 0 -1
    outer loop
      vertex 8 0 0
      vertex 4.47345 4.07689 0
      vertex 4.72045 4.37787 0
    endloop
  endfacet
  facet normal 0 0 -1
    outer loop
      vertex 8 0 0
      vertex 4.20728 3.79271 0
      vertex 4.47345 4.07689 0
    endloop
  endfacet
  facet normal 0 0 -1
    outer loop
      vertex 8 0 0
      vertex 3.92311 3.52655 0
      vertex 4.20728 3.79271 0
    endloop
  endfacet
  facet normal 0 0 -1
    outer loop
      vertex 8 0 0
      vertex 3.62213 3.27955 0
      vertex 3.92311 3.52655 0
    endloop
  endfacet
  facet normal 0 0 -1
    outer loop
      vertex 8 0 0
      vertex 3.30564 3.05276 0
      vertex 3.62213 3.27955 0
    endloop
  endfacet
  facet normal 0 0 -1
    outer loop
      vertex 5 -3 0
      vertex 2.975 2.84715 0
      vertex 3.30564 3.05276 0
    endloop
  endfacet
  facet normal 0 0 -1
    outer loop
      vertex 5 -3 0
      vertex 2.63162 2.66361 0
      vertex 2.975 2.84715 0
    endloop
  endfacet
  facet normal 0 0 -1
    outer loop
      vertex 5 -3 0
      vertex 2.27697 2.50292 0
      vertex 2.63162 2.66361 0
    endloop
  endfacet
  facet normal 0 0 -1
    outer loop
      vertex 5 -3 0
      vertex 1.91256 2.36577 0
      vertex 2.27697 2.50292 0
    endloop
  endfacet
  facet normal 0 0 -1
    outer loop
      vertex 5 -3 0
      vertex 1.53997 2.25274 0
      vertex 1.91256 2.36577 0
    endloop
  endfacet
  facet normal 0 0 -1
    outer loop
      vertex 5 -3 0
      vertex 1.16079 2.16433 0
      vertex 1.53997 2.25274 0
    endloop
  endfacet
  facet normal 0 0 -1
    outer loop
      vertex 5 -3 0
      vertex 0.77663 2.1009 0
      vertex 1.16079 2.16433 0
    endloop
  endfacet
  facet normal 0 0 -1
    outer loop
      vertex 5 -3 0
      vertex 0.389148 2.06274 0
      vertex 0.77663 2.1009 0
    endloop
  endfacet
  facet normal 0 0 -1
    outer loop
      vertex 5 -3 0
      vertex 0 2.05 0
      vertex 0.389148 2.06274 0
    endloop
  endfacet
  facet normal 0 0 -1
    outer loop
      vertex -5 -3 0
      vertex 0 2.05 0
      vertex 5 -3 0
    endloop
  endfacet
  facet normal -0 0 -1
    outer loop
      vertex 0 2.05 0
      vertex -5 -3 0
      vertex -0.389148 2.06274 0
    endloop
  endfacet
  facet normal -0 0 -1
    outer loop
      vertex -0.389148 2.06274 0
      vertex -5 -3 0
      vertex -0.77663 2.1009 0
    endloop
  endfacet
  facet normal -0 0 -1
    outer loop
      vertex -0.77663 2.1009 0
      vertex -5 -3 0
      vertex -1.16079 2.16433 0
    endloop
  endfacet
  facet normal -0 0 -1
    outer loop
      vertex -1.16079 2.16433 0
      vertex -5 -3 0
      vertex -1.53997 2.25274 0
    endloop
  endfacet
  facet normal -0 0 -1
    outer loop
      vertex -1.53997 2.25274 0
      vertex -5 -3 0
      vertex -1.91256 2.36577 0
    endloop
  endfacet
  facet normal -0 0 -1
    outer loop
      vertex -1.91256 2.36577 0
      vertex -5 -3 0
      vertex -2.27697 2.50292 0
    endloop
  endfacet
  facet normal -0 0 -1
    outer loop
      vertex -2.27697 2.50292 0
      vertex -5 -3 0
      vertex -2.63162 2.66361 0
    endloop
  endfacet
  facet normal -0 0 -1
    outer loop
      vertex -2.63162 2.66361 0
      vertex -5 -3 0
      vertex -2.975 2.84715 0
    endloop
  endfacet
  facet normal 0 0 -1
    outer loop
      vertex -8 0 0
      vertex -2.975 2.84715 0
      vertex -5 -3 0
    endloop
  endfacet
  facet normal -0 0 -1
    outer loop
      vertex -2.975 2.84715 0
      vertex -8 0 0
      vertex -3.30564 3.05276 0
    endloop
  endfacet
  facet normal -0 0 -1
    outer loop
      vertex -3.30564 3.05276 0
      vertex -8 0 0
      vertex -3.62213 3.27955 0
    endloop
  endfacet
  facet normal -0 0 -1
    outer loop
      vertex -3.62213 3.27955 0
      vertex -8 0 0
      vertex -3.92311 3.52655 0
    endloop
  endfacet
  facet normal -0 0 -1
    outer loop
      vertex -3.92311 3.52655 0
      vertex -8 0 0
      vertex -4.20728 3.79271 0
    endloop
  endfacet
  facet normal -0 0 -1
    outer loop
      vertex -4.20728 3.79271 0
      vertex -8 0 0
      vertex -4.47345 4.07689 0
    endloop
  endfacet
  facet normal -0 0 -1
    outer loop
      vertex -4.47345 4.07689 0
      vertex -8 0 0
      vertex -4.72045 4.37787 0
    endloop
  endfacet
  facet normal -0 0 -1
    outer loop
      vertex -4.72045 4.37787 0
      vertex -8 0 0
      vertex -4.94724 4.69436 0
    endloop
  endfacet
  facet normal 0 0 -1
    outer loop
      vertex -8 0 0
      vertex -5 -3 0
      vertex -5.19621 -2.99358 0
    endloop
  endfacet
  facet normal -0 0 -1
    outer loop
      vertex -4.94724 4.69436 0
      vertex -8 0 0
      vertex -5.15285 5.025 0
    endloop
  endfacet
  facet normal 0 0 -1
    outer loop
      vertex -8 0 0
      vertex -5.19621 -2.99358 0
      vertex -5.39158 -2.97433 0
    endloop
  endfacet
  facet normal -0 0 -1
    outer loop
      vertex -5.15285 5.025 0
      vertex -8 0 0
      vertex -5.33639 5.36838 0
    endloop
  endfacet
  facet normal 0 0 -1
    outer loop
      vertex -8 0 0
      vertex -5.39158 -2.97433 0
      vertex -5.58527 -2.94236 0
    endloop
  endfacet
  facet normal -0 0 -1
    outer loop
      vertex -5.33639 5.36838 0
      vertex -8 0 0
      vertex -5.49708 5.72303 0
    endloop
  endfacet
  facet normal -0 0 -1
    outer loop
      vertex -5.49708 5.72303 0
      vertex -8 0 0
      vertex -5.63423 6.08743 0
    endloop
  endfacet
  facet normal 0 0 -1
    outer loop
      vertex -8 0 0
      vertex -5.58527 -2.94236 0
      vertex -5.77646 -2.89778 0
    endloop
  endfacet
  facet normal -0 0 -1
    outer loop
      vertex -5.63423 6.08743 0
      vertex -8 0 0
      vertex -5.74726 6.46003 0
    endloop
  endfacet
  facet normal -0 0 -1
    outer loop
      vertex -5.74726 6.46003 0
      vertex -8 0 0
      vertex -5.83567 6.83921 0
    endloop
  endfacet
  facet normal -0 0 -1
    outer loop
      vertex -5.83567 6.83921 0
      vertex -8 0 0
      vertex -5.8991 7.22337 0
    endloop
  endfacet
  facet normal -0 0 -1
    outer loop
      vertex -5.8991 7.22337 0
      vertex -8 0 0
      vertex -5.93726 7.61085 0
    endloop
  endfacet
  facet normal 0 0 -1
    outer loop
      vertex -8 0 0
      vertex -5.77646 -2.89778 0
      vertex -5.96432 -2.84079 0
    endloop
  endfacet
  facet normal -0 0 -1
    outer loop
      vertex 7.89778 16.7765 0
      vertex 3.30564 12.9472 0
      vertex 7.84079 16.9643 0
    endloop
  endfacet
  facet normal -0 0 -1
    outer loop
      vertex 7.84079 16.9643 0
      vertex 3.30564 12.9472 0
      vertex 7.77164 17.148 0
    endloop
  endfacet
  facet normal -0 0 -1
    outer loop
      vertex 7.77164 17.148 0
      vertex 3.30564 12.9472 0
      vertex 7.69062 17.3269 0
    endloop
  endfacet
  facet normal -0 0 -1
    outer loop
      vertex 7.69062 17.3269 0
      vertex 3.30564 12.9472 0
      vertex 7.59808 17.5 0
    endloop
  endfacet
  facet normal -0 0 -1
    outer loop
      vertex 7.59808 17.5 0
      vertex 3.30564 12.9472 0
      vertex 7.49441 17.6667 0
    endloop
  endfacet
  facet normal -0 0 -1
    outer loop
      vertex 7.49441 17.6667 0
      vertex 3.30564 12.9472 0
      vertex 7.38006 17.8263 0
    endloop
  endfacet
  facet normal -0 0 -1
    outer loop
      vertex 7.38006 17.8263 0
      vertex 3.30564 12.9472 0
      vertex 7.25552 17.978 0
    endloop
  endfacet
  facet normal -0 0 -1
    outer loop
      vertex 7.25552 17.978 0
      vertex 3.30564 12.9472 0
      vertex 7.12132 18.1213 0
    endloop
  endfacet
  facet normal -0 0 -1
    outer loop
      vertex 7.12132 18.1213 0
      vertex 3.30564 12.9472 0
      vertex 6.97804 18.2555 0
    endloop
  endfacet
  facet normal -0 0 -1
    outer loop
      vertex 6.97804 18.2555 0
      vertex 3.30564 12.9472 0
      vertex 6.82628 18.3801 0
    endloop
  endfacet
  facet normal -0 0 -1
    outer loop
      vertex 6.82628 18.3801 0
      vertex 3.30564 12.9472 0
      vertex 6.66671 18.4944 0
    endloop
  endfacet
  facet normal -0 0 -1
    outer loop
      vertex 6.66671 18.4944 0
      vertex 3.30564 12.9472 0
      vertex 6.5 18.5981 0
    endloop
  endfacet
  facet normal -0 0 -1
    outer loop
      vertex 6.5 18.5981 0
      vertex 3.30564 12.9472 0
      vertex 6.32687 18.6906 0
    endloop
  endfacet
  facet normal -0 0 -1
    outer loop
      vertex 6.32687 18.6906 0
      vertex 3.30564 12.9472 0
      vertex 6.14805 18.7716 0
    endloop
  endfacet
  facet normal -0 0 -1
    outer loop
      vertex 6.14805 18.7716 0
      vertex 3.30564 12.9472 0
      vertex 5.96432 18.8408 0
    endloop
  endfacet
  facet normal -0 0 -1
    outer loop
      vertex 5.96432 18.8408 0
      vertex 3.30564 12.9472 0
      vertex 5.77646 18.8978 0
    endloop
  endfacet
  facet normal -0 0 -1
    outer loop
      vertex 5.77646 18.8978 0
      vertex 3.30564 12.9472 0
      vertex 5.58527 18.9424 0
    endloop
  endfacet
  facet normal -0 0 -1
    outer loop
      vertex 5.58527 18.9424 0
      vertex 3.30564 12.9472 0
      vertex 5.39158 18.9743 0
    endloop
  endfacet
  facet normal -0 0 -1
    outer loop
      vertex 5.39158 18.9743 0
      vertex 3.30564 12.9472 0
      vertex 5.19621 18.9936 0
    endloop
  endfacet
  facet normal -0 0 -1
    outer loop
      vertex 5.19621 18.9936 0
      vertex 3.30564 12.9472 0
      vertex 5 19 0
    endloop
  endfacet
  facet normal 0 0 -1
    outer loop
      vertex 2.975 13.1529 0
      vertex 5 19 0
      vertex 3.30564 12.9472 0
    endloop
  endfacet
  facet normal 0 0 -1
    outer loop
      vertex 2.63162 13.3364 0
      vertex 5 19 0
      vertex 2.975 13.1529 0
    endloop
  endfacet
  facet normal 0 0 -1
    outer loop
      vertex 2.27697 13.4971 0
      vertex 5 19 0
      vertex 2.63162 13.3364 0
    endloop
  endfacet
  facet normal 0 0 -1
    outer loop
      vertex 1.91256 13.6342 0
      vertex 5 19 0
      vertex 2.27697 13.4971 0
    endloop
  endfacet
  facet normal 0 0 -1
    outer loop
      vertex 1.53997 13.7473 0
      vertex 5 19 0
      vertex 1.91256 13.6342 0
    endloop
  endfacet
  facet normal 0 0 -1
    outer loop
      vertex 1.16079 13.8357 0
      vertex 5 19 0
      vertex 1.53997 13.7473 0
    endloop
  endfacet
  facet normal 0 0 -1
    outer loop
      vertex 0.77663 13.8991 0
      vertex 5 19 0
      vertex 1.16079 13.8357 0
    endloop
  endfacet
  facet normal 0 0 -1
    outer loop
      vertex 0.389148 13.9373 0
      vertex 5 19 0
      vertex 0.77663 13.8991 0
    endloop
  endfacet
  facet normal 0 0 -1
    outer loop
      vertex 0 13.95 0
      vertex 5 19 0
      vertex 0.389148 13.9373 0
    endloop
  endfacet
  facet normal 0 0 -1
    outer loop
      vertex -5 19 0
      vertex 0 13.95 0
      vertex -0.389148 13.9373 0
    endloop
  endfacet
  facet normal 0 0 -1
    outer loop
      vertex -5 19 0
      vertex -0.389148 13.9373 0
      vertex -0.77663 13.8991 0
    endloop
  endfacet
  facet normal 0 0 -1
    outer loop
      vertex -5 19 0
      vertex -0.77663 13.8991 0
      vertex -1.16079 13.8357 0
    endloop
  endfacet
  facet normal 0 0 -1
    outer loop
      vertex -5 19 0
      vertex -1.16079 13.8357 0
      vertex -1.53997 13.7473 0
    endloop
  endfacet
  facet normal 0 0 -1
    outer loop
      vertex -5 19 0
      vertex -1.53997 13.7473 0
      vertex -1.91256 13.6342 0
    endloop
  endfacet
  facet normal 0 0 -1
    outer loop
      vertex -5 19 0
      vertex -1.91256 13.6342 0
      vertex -2.27697 13.4971 0
    endloop
  endfacet
  facet normal 0 0 -1
    outer loop
      vertex -5 19 0
      vertex -2.27697 13.4971 0
      vertex -2.63162 13.3364 0
    endloop
  endfacet
  facet normal 0 0 -1
    outer loop
      vertex -5 19 0
      vertex -2.63162 13.3364 0
      vertex -2.975 13.1529 0
    endloop
  endfacet
  facet normal 0 0 -1
    outer loop
      vertex -8 16 0
      vertex -2.975 13.1529 0
      vertex -3.30564 12.9472 0
    endloop
  endfacet
  facet normal 0 0 -1
    outer loop
      vertex -8 16 0
      vertex -3.30564 12.9472 0
      vertex -3.62213 12.7205 0
    endloop
  endfacet
  facet normal 0 0 -1
    outer loop
      vertex 0 13.95 0
      vertex -5 19 0
      vertex 5 19 0
    endloop
  endfacet
  facet normal 0 0 -1
    outer loop
      vertex -8 16 0
      vertex -3.62213 12.7205 0
      vertex -3.92311 12.4734 0
    endloop
  endfacet
  facet normal 0 0 -1
    outer loop
      vertex -8 16 0
      vertex -3.92311 12.4734 0
      vertex -4.20728 12.2073 0
    endloop
  endfacet
  facet normal 0 0 -1
    outer loop
      vertex -8 16 0
      vertex -4.20728 12.2073 0
      vertex -4.47345 11.9231 0
    endloop
  endfacet
  facet normal 0 0 -1
    outer loop
      vertex -8 16 0
      vertex -4.47345 11.9231 0
      vertex -4.72045 11.6221 0
    endloop
  endfacet
  facet normal 0 0 -1
    outer loop
      vertex -8 16 0
      vertex -4.72045 11.6221 0
      vertex -4.94724 11.3056 0
    endloop
  endfacet
  facet normal 0 0 -1
    outer loop
      vertex -8 16 0
      vertex -4.94724 11.3056 0
      vertex -5.15285 10.975 0
    endloop
  endfacet
  facet normal 0 0 -1
    outer loop
      vertex -2.975 13.1529 0
      vertex -8 16 0
      vertex -5 19 0
    endloop
  endfacet
  facet normal 0 0 -1
    outer loop
      vertex -8 16 0
      vertex -5.15285 10.975 0
      vertex -5.33639 10.6316 0
    endloop
  endfacet
  facet normal 0 0 -1
    outer loop
      vertex -5 19 0
      vertex -8 16 0
      vertex -5.19621 18.9936 0
    endloop
  endfacet
  facet normal 0 0 -1
    outer loop
      vertex -8 16 0
      vertex -5.33639 10.6316 0
      vertex -5.49708 10.277 0
    endloop
  endfacet
  facet normal 0 0 -1
    outer loop
      vertex -5.19621 18.9936 0
      vertex -8 16 0
      vertex -5.39158 18.9743 0
    endloop
  endfacet
  facet normal 0 0 -1
    outer loop
      vertex -8 16 0
      vertex -5.49708 10.277 0
      vertex -5.63423 9.91256 0
    endloop
  endfacet
  facet normal 0 0 -1
    outer loop
      vertex -8 16 0
      vertex -5.63423 9.91256 0
      vertex -5.74726 9.53997 0
    endloop
  endfacet
  facet normal 0 0 -1
    outer loop
      vertex -5.39158 18.9743 0
      vertex -8 16 0
      vertex -5.58527 18.9424 0
    endloop
  endfacet
  facet normal 0 0 -1
    outer loop
      vertex -8 16 0
      vertex -5.74726 9.53997 0
      vertex -5.83567 9.16079 0
    endloop
  endfacet
  facet normal 0 0 -1
    outer loop
      vertex -8 16 0
      vertex -5.83567 9.16079 0
      vertex -5.8991 8.77663 0
    endloop
  endfacet
  facet normal 0 0 -1
    outer loop
      vertex -8 16 0
      vertex -5.8991 8.77663 0
      vertex -5.93726 8.38915 0
    endloop
  endfacet
  facet normal 0 0 -1
    outer loop
      vertex -8 16 0
      vertex -5.93726 8.38915 0
      vertex -5.95 8 0
    endloop
  endfacet
  facet normal 0 0 -1
    outer loop
      vertex -5.58527 18.9424 0
      vertex -8 16 0
      vertex -5.77646 18.8978 0
    endloop
  endfacet
  facet normal -0 0 -1
    outer loop
      vertex -5.93726 7.61085 0
      vertex -8 0 0
      vertex -5.95 8 0
    endloop
  endfacet
  facet normal 0 0 -1
    outer loop
      vertex -8 0 0
      vertex -5.96432 -2.84079 0
      vertex -6.14805 -2.77164 0
    endloop
  endfacet
  facet normal 0 0 -1
    outer loop
      vertex -8 16 0
      vertex -5.95 8 0
      vertex -8 0 0
    endloop
  endfacet
  facet normal 0 0 -1
    outer loop
      vertex -8 0 0
      vertex -6.14805 -2.77164 0
      vertex -6.32687 -2.69062 0
    endloop
  endfacet
  facet normal 0 0 -1
    outer loop
      vertex -5.77646 18.8978 0
      vertex -8 16 0
      vertex -5.96432 18.8408 0
    endloop
  endfacet
  facet normal 0 0 -1
    outer loop
      vertex -8 0 0
      vertex -6.32687 -2.69062 0
      vertex -6.5 -2.59808 0
    endloop
  endfacet
  facet normal 0 0 -1
    outer loop
      vertex -5.96432 18.8408 0
      vertex -8 16 0
      vertex -6.14805 18.7716 0
    endloop
  endfacet
  facet normal 0 0 -1
    outer loop
      vertex -8 0 0
      vertex -6.5 -2.59808 0
      vertex -6.66671 -2.49441 0
    endloop
  endfacet
  facet normal 0 0 -1
    outer loop
      vertex -6.14805 18.7716 0
      vertex -8 16 0
      vertex -6.32687 18.6906 0
    endloop
  endfacet
  facet normal 0 0 -1
    outer loop
      vertex -8 0 0
      vertex -6.66671 -2.49441 0
      vertex -6.82628 -2.38006 0
    endloop
  endfacet
  facet normal 0 0 -1
    outer loop
      vertex -6.32687 18.6906 0
      vertex -8 16 0
      vertex -6.5 18.5981 0
    endloop
  endfacet
  facet normal 0 0 -1
    outer loop
      vertex -8 0 0
      vertex -6.82628 -2.38006 0
      vertex -6.97804 -2.25552 0
    endloop
  endfacet
  facet normal 0 0 -1
    outer loop
      vertex -6.5 18.5981 0
      vertex -8 16 0
      vertex -6.66671 18.4944 0
    endloop
  endfacet
  facet normal 0 0 -1
    outer loop
      vertex -8 0 0
      vertex -6.97804 -2.25552 0
      vertex -7.12132 -2.12132 0
    endloop
  endfacet
  facet normal 0 0 -1
    outer loop
      vertex -6.66671 18.4944 0
      vertex -8 16 0
      vertex -6.82628 18.3801 0
    endloop
  endfacet
  facet normal 0 0 -1
    outer loop
      vertex -8 0 0
      vertex -7.12132 -2.12132 0
      vertex -7.25552 -1.97804 0
    endloop
  endfacet
  facet normal 0 0 -1
    outer loop
      vertex -6.82628 18.3801 0
      vertex -8 16 0
      vertex -6.97804 18.2555 0
    endloop
  endfacet
  facet normal 0 0 -1
    outer loop
      vertex -8 0 0
      vertex -7.25552 -1.97804 0
      vertex -7.38006 -1.82628 0
    endloop
  endfacet
  facet normal 0 0 -1
    outer loop
      vertex -6.97804 18.2555 0
      vertex -8 16 0
      vertex -7.12132 18.1213 0
    endloop
  endfacet
  facet normal 0 0 -1
    outer loop
      vertex -8 0 0
      vertex -7.38006 -1.82628 0
      vertex -7.49441 -1.66671 0
    endloop
  endfacet
  facet normal 0 0 -1
    outer loop
      vertex -7.12132 18.1213 0
      vertex -8 16 0
      vertex -7.25552 17.978 0
    endloop
  endfacet
  facet normal 0 0 -1
    outer loop
      vertex -8 0 0
      vertex -7.49441 -1.66671 0
      vertex -7.59808 -1.5 0
    endloop
  endfacet
  facet normal 0 0 -1
    outer loop
      vertex -7.25552 17.978 0
      vertex -8 16 0
      vertex -7.38006 17.8263 0
    endloop
  endfacet
  facet normal 0 0 -1
    outer loop
      vertex -8 0 0
      vertex -7.59808 -1.5 0
      vertex -7.69062 -1.32687 0
    endloop
  endfacet
  facet normal 0 0 -1
    outer loop
      vertex -7.38006 17.8263 0
      vertex -8 16 0
      vertex -7.49441 17.6667 0
    endloop
  endfacet
  facet normal 0 0 -1
    outer loop
      vertex -8 0 0
      vertex -7.69062 -1.32687 0
      vertex -7.77164 -1.14805 0
    endloop
  endfacet
  facet normal 0 0 -1
    outer loop
      vertex -7.49441 17.6667 0
      vertex -8 16 0
      vertex -7.59808 17.5 0
    endloop
  endfacet
  facet normal 0 0 -1
    outer loop
      vertex -8 0 0
      vertex -7.77164 -1.14805 0
      vertex -7.84079 -0.964318 0
    endloop
  endfacet
  facet normal 0 0 -1
    outer loop
      vertex -7.59808 17.5 0
      vertex -8 16 0
      vertex -7.69062 17.3269 0
    endloop
  endfacet
  facet normal 0 0 -1
    outer loop
      vertex -8 0 0
      vertex -7.84079 -0.964318 0
      vertex -7.89778 -0.776457 0
    endloop
  endfacet
  facet normal 0 0 -1
    outer loop
      vertex -7.69062 17.3269 0
      vertex -8 16 0
      vertex -7.77164 17.148 0
    endloop
  endfacet
  facet normal 0 0 -1
    outer loop
      vertex -8 0 0
      vertex -7.89778 -0.776457 0
      vertex -7.94236 -0.585271 0
    endloop
  endfacet
  facet normal 0 0 -1
    outer loop
      vertex -7.77164 17.148 0
      vertex -8 16 0
      vertex -7.84079 16.9643 0
    endloop
  endfacet
  facet normal 0 0 -1
    outer loop
      vertex -8 0 0
      vertex -7.94236 -0.585271 0
      vertex -7.97433 -0.391578 0
    endloop
  endfacet
  facet normal 0 0 -1
    outer loop
      vertex -7.84079 16.9643 0
      vertex -8 16 0
      vertex -7.89778 16.7765 0
    endloop
  endfacet
  facet normal 0 0 -1
    outer loop
      vertex -8 0 0
      vertex -7.97433 -0.391578 0
      vertex -7.99358 -0.196209 0
    endloop
  endfacet
  facet normal 0 0 -1
    outer loop
      vertex -7.89778 16.7765 0
      vertex -8 16 0
      vertex -7.94236 16.5853 0
    endloop
  endfacet
  facet normal 0 0 -1
    outer loop
      vertex -7.94236 16.5853 0
      vertex -8 16 0
      vertex -7.97433 16.3916 0
    endloop
  endfacet
  facet normal 0 0 -1
    outer loop
      vertex -7.97433 16.3916 0
      vertex -8 16 0
      vertex -7.99358 16.1962 0
    endloop
  endfacet
  facet normal 0.528079 -0.849195 0
    outer loop
      vertex 6.5 -2.59808 0
      vertex 6.66671 -2.49441 32
      vertex 6.5 -2.59808 32
    endloop
  endfacet
  facet normal 0.528079 -0.849195 0
    outer loop
      vertex 6.66671 -2.49441 32
      vertex 6.5 -2.59808 0
      vertex 6.66671 -2.49441 0
    endloop
  endfacet
  facet normal -0.95691 0.290385 0
    outer loop
      vertex -7.89778 16.7765 0
      vertex -7.84079 16.9643 14.4
      vertex -7.84079 16.9643 0
    endloop
  endfacet
  facet normal -0.95691 0.290385 0
    outer loop
      vertex -7.84079 16.9643 14.4
      vertex -7.89778 16.7765 0
      vertex -7.89778 16.7765 14.4
    endloop
  endfacet
  facet normal -0.95691 0.290385 0
    outer loop
      vertex -7.89778 16.7765 17.6
      vertex -7.84079 16.9643 32
      vertex -7.84079 16.9643 17.6
    endloop
  endfacet
  facet normal -0.95691 0.290385 0
    outer loop
      vertex -7.84079 16.9643 32
      vertex -7.89778 16.7765 17.6
      vertex -7.89778 16.7765 32
    endloop
  endfacet
  facet normal -0.412707 0.910864 0
    outer loop
      vertex 2.63162 2.66361 0
      vertex 2.27697 2.50292 29
      vertex 2.63162 2.66361 29
    endloop
  endfacet
  facet normal -0.412707 0.910864 0
    outer loop
      vertex 2.27697 2.50292 29
      vertex 2.63162 2.66361 0
      vertex 2.27697 2.50292 0
    endloop
  endfacet
  facet normal -0.995186 -0.0980084 0
    outer loop
      vertex 5.93726 8.38915 17.6
      vertex 5.8991 8.77663 29
      vertex 5.8991 8.77663 17.6
    endloop
  endfacet
  facet normal -0.995186 -0.0980084 0
    outer loop
      vertex 5.8991 8.77663 29
      vertex 5.93726 8.38915 17.6
      vertex 5.93726 8.38915 29
    endloop
  endfacet
  facet normal -0.995186 -0.0980084 0
    outer loop
      vertex 5.93726 8.38915 0
      vertex 5.8991 8.77663 1.95
      vertex 5.8991 8.77663 0
    endloop
  endfacet
  facet normal -0.995186 -0.0980084 0
    outer loop
      vertex 5.8991 8.77663 1.95
      vertex 5.93726 8.38915 0
      vertex 5.93726 8.38915 1.95
    endloop
  endfacet
  facet normal -0.995186 -0.0980084 0
    outer loop
      vertex 5.93726 8.38915 8.05
      vertex 5.8991 8.77663 14.4
      vertex 5.8991 8.77663 8.05
    endloop
  endfacet
  facet normal -0.995186 -0.0980084 0
    outer loop
      vertex 5.8991 8.77663 14.4
      vertex 5.93726 8.38915 8.05
      vertex 5.93726 8.38915 14.4
    endloop
  endfacet
  facet normal -0.999465 -0.0327205 0
    outer loop
      vertex 5.95 8 17.6
      vertex 5.93726 8.38915 29
      vertex 5.93726 8.38915 17.6
    endloop
  endfacet
  facet normal -0.999465 -0.0327205 0
    outer loop
      vertex 5.93726 8.38915 29
      vertex 5.95 8 17.6
      vertex 5.95 8 29
    endloop
  endfacet
  facet normal -0.999465 -0.0327205 0
    outer loop
      vertex 5.95 8 0
      vertex 5.93726 8.38915 1.95
      vertex 5.93726 8.38915 0
    endloop
  endfacet
  facet normal -0.999465 -0.0327205 0
    outer loop
      vertex 5.93726 8.38915 1.95
      vertex 5.95 8 0
      vertex 5.95 8 1.95
    endloop
  endfacet
  facet normal -0.999465 -0.0327205 0
    outer loop
      vertex 5.95 8 8.05
      vertex 5.93726 8.38915 14.4
      vertex 5.93726 8.38915 8.05
    endloop
  endfacet
  facet normal -0.999465 -0.0327205 0
    outer loop
      vertex 5.93726 8.38915 14.4
      vertex 5.95 8 8.05
      vertex 5.95 8 14.4
    endloop
  endfacet
  facet normal -0.986641 -0.162908 0
    outer loop
      vertex 5.8991 8.77663 17.6
      vertex 5.83567 9.16079 29
      vertex 5.83567 9.16079 17.6
    endloop
  endfacet
  facet normal -0.986641 -0.162908 0
    outer loop
      vertex 5.83567 9.16079 29
      vertex 5.8991 8.77663 17.6
      vertex 5.8991 8.77663 29
    endloop
  endfacet
  facet normal -0.986641 -0.162908 0
    outer loop
      vertex 5.8991 8.77663 0
      vertex 5.83567 9.16079 1.95
      vertex 5.83567 9.16079 0
    endloop
  endfacet
  facet normal -0.986641 -0.162908 0
    outer loop
      vertex 5.83567 9.16079 1.95
      vertex 5.8991 8.77663 0
      vertex 5.8991 8.77663 1.95
    endloop
  endfacet
  facet normal -0.986641 -0.162908 0
    outer loop
      vertex 5.8991 8.77663 8.05
      vertex 5.83567 9.16079 14.4
      vertex 5.83567 9.16079 8.05
    endloop
  endfacet
  facet normal -0.986641 -0.162908 0
    outer loop
      vertex 5.83567 9.16079 14.4
      vertex 5.8991 8.77663 8.05
      vertex 5.8991 8.77663 14.4
    endloop
  endfacet
  facet normal -0.973878 -0.22707 0
    outer loop
      vertex 5.83567 9.16079 17.6
      vertex 5.74726 9.53997 29
      vertex 5.74726 9.53997 17.6
    endloop
  endfacet
  facet normal -0.973878 -0.22707 0
    outer loop
      vertex 5.74726 9.53997 29
      vertex 5.83567 9.16079 17.6
      vertex 5.83567 9.16079 29
    endloop
  endfacet
  facet normal -0.973878 -0.22707 0
    outer loop
      vertex 5.83567 9.16079 0
      vertex 5.74726 9.53997 1.95
      vertex 5.74726 9.53997 0
    endloop
  endfacet
  facet normal -0.973878 -0.22707 0
    outer loop
      vertex 5.74726 9.53997 1.95
      vertex 5.83567 9.16079 0
      vertex 5.83567 9.16079 1.95
    endloop
  endfacet
  facet normal -0.973878 -0.22707 0
    outer loop
      vertex 5.83567 9.16079 8.05
      vertex 5.74726 9.53997 14.4
      vertex 5.74726 9.53997 8.05
    endloop
  endfacet
  facet normal -0.973878 -0.22707 0
    outer loop
      vertex 5.74726 9.53997 14.4
      vertex 5.83567 9.16079 8.05
      vertex 5.83567 9.16079 14.4
    endloop
  endfacet
  facet normal -0.849077 -0.52827 0
    outer loop
      vertex 4.94724 11.3056 0
      vertex 5 11.2208 14.4
      vertex 4.94724 11.3056 29
    endloop
  endfacet
  facet normal -0.849168 -0.528123 1.20009e-06
    outer loop
      vertex 5.15285 10.975 0
      vertex 5 11.2208 14.4
      vertex 4.94724 11.3056 0
    endloop
  endfacet
  facet normal -0.849199 -0.528072 0
    outer loop
      vertex 5 11.2208 14.4
      vertex 5.15285 10.975 0
      vertex 5.15285 10.975 14.4
    endloop
  endfacet
  facet normal -0.849077 -0.52827 -0
    outer loop
      vertex 5 11.2208 17.6
      vertex 4.94724 11.3056 29
      vertex 5 11.2208 14.4
    endloop
  endfacet
  facet normal -0.849199 -0.528072 -2.03896e-06
    outer loop
      vertex 5.15285 10.975 17.6
      vertex 4.94724 11.3056 29
      vertex 5 11.2208 17.6
    endloop
  endfacet
  facet normal -0.849168 -0.528123 0
    outer loop
      vertex 4.94724 11.3056 29
      vertex 5.15285 10.975 17.6
      vertex 5.15285 10.975 29
    endloop
  endfacet
  facet normal 0.634535 -0.772894 0
    outer loop
      vertex -3.92311 12.4734 0
      vertex -3.62213 12.7205 29
      vertex -3.92311 12.4734 29
    endloop
  endfacet
  facet normal 0.634535 -0.772894 0
    outer loop
      vertex -3.62213 12.7205 29
      vertex -3.92311 12.4734 0
      vertex -3.62213 12.7205 0
    endloop
  endfacet
  facet normal 0.22707 0.973878 -0
    outer loop
      vertex -1.16079 2.16433 0
      vertex -1.53997 2.25274 29
      vertex -1.16079 2.16433 29
    endloop
  endfacet
  facet normal 0.22707 0.973878 0
    outer loop
      vertex -1.53997 2.25274 29
      vertex -1.16079 2.16433 0
      vertex -1.53997 2.25274 0
    endloop
  endfacet
  facet normal -0.528243 -0.849093 0
    outer loop
      vertex 2.975 13.1529 0
      vertex 3.30564 12.9472 29
      vertex 2.975 13.1529 29
    endloop
  endfacet
  facet normal -0.528243 -0.849093 -0
    outer loop
      vertex 3.30564 12.9472 29
      vertex 2.975 13.1529 0
      vertex 3.30564 12.9472 0
    endloop
  endfacet
  facet normal 0.986641 -0.162908 0
    outer loop
      vertex -5.8991 8.77663 29
      vertex -5.83567 9.16079 17.6
      vertex -5.83567 9.16079 29
    endloop
  endfacet
  facet normal 0.986641 -0.162908 0
    outer loop
      vertex -5.83567 9.16079 17.6
      vertex -5.8991 8.77663 29
      vertex -5.8991 8.77663 17.6
    endloop
  endfacet
  facet normal 0.986641 -0.162908 0
    outer loop
      vertex -5.8991 8.77663 14.4
      vertex -5.83567 9.16079 0
      vertex -5.83567 9.16079 14.4
    endloop
  endfacet
  facet normal 0.986641 -0.162908 0
    outer loop
      vertex -5.83567 9.16079 0
      vertex -5.8991 8.77663 14.4
      vertex -5.8991 8.77663 0
    endloop
  endfacet
  facet normal -0.881933 -0.471375 0
    outer loop
      vertex 5.33639 10.6316 17.6
      vertex 5.15285 10.975 29
      vertex 5.15285 10.975 17.6
    endloop
  endfacet
  facet normal -0.881933 -0.471375 0
    outer loop
      vertex 5.15285 10.975 29
      vertex 5.33639 10.6316 17.6
      vertex 5.33639 10.6316 29
    endloop
  endfacet
  facet normal -0.881933 -0.471375 0
    outer loop
      vertex 5.33639 10.6316 0
      vertex 5.15285 10.975 14.4
      vertex 5.15285 10.975 0
    endloop
  endfacet
  facet normal -0.881933 -0.471375 0
    outer loop
      vertex 5.15285 10.975 14.4
      vertex 5.33639 10.6316 0
      vertex 5.33639 10.6316 14.4
    endloop
  endfacet
  facet normal 0.582319 -0.81296 0
    outer loop
      vertex -3.62213 12.7205 0
      vertex -3.30564 12.9472 29
      vertex -3.62213 12.7205 29
    endloop
  endfacet
  facet normal 0.582319 -0.81296 0
    outer loop
      vertex -3.30564 12.9472 29
      vertex -3.62213 12.7205 0
      vertex -3.30564 12.9472 0
    endloop
  endfacet
  facet normal -0.956938 0.290292 0
    outer loop
      vertex 5.63423 6.08743 8.05
      vertex 5.74726 6.46003 29
      vertex 5.74726 6.46003 8.05
    endloop
  endfacet
  facet normal -0.956938 0.290292 0
    outer loop
      vertex 5.74726 6.46003 29
      vertex 5.63423 6.08743 8.05
      vertex 5.63423 6.08743 29
    endloop
  endfacet
  facet normal -0.956938 0.290292 0
    outer loop
      vertex 5.63423 6.08743 0
      vertex 5.74726 6.46003 1.95
      vertex 5.74726 6.46003 0
    endloop
  endfacet
  facet normal -0.956938 0.290292 0
    outer loop
      vertex 5.74726 6.46003 1.95
      vertex 5.63423 6.08743 0
      vertex 5.63423 6.08743 1.95
    endloop
  endfacet
  facet normal 0.910842 -0.412756 0
    outer loop
      vertex -5.49708 10.277 29
      vertex -5.33639 10.6316 17.6
      vertex -5.33639 10.6316 29
    endloop
  endfacet
  facet normal 0.910842 -0.412756 0
    outer loop
      vertex -5.33639 10.6316 17.6
      vertex -5.49708 10.277 29
      vertex -5.49708 10.277 17.6
    endloop
  endfacet
  facet normal 0.910842 -0.412756 0
    outer loop
      vertex -5.49708 10.277 14.4
      vertex -5.33639 10.6316 0
      vertex -5.33639 10.6316 14.4
    endloop
  endfacet
  facet normal 0.910842 -0.412756 0
    outer loop
      vertex -5.33639 10.6316 0
      vertex -5.49708 10.277 14.4
      vertex -5.49708 10.277 0
    endloop
  endfacet
  facet normal 0.956936 -0.290299 0
    outer loop
      vertex -5.74726 9.53997 29
      vertex -5.63423 9.91256 17.6
      vertex -5.63423 9.91256 29
    endloop
  endfacet
  facet normal 0.956936 -0.290299 0
    outer loop
      vertex -5.63423 9.91256 17.6
      vertex -5.74726 9.53997 29
      vertex -5.74726 9.53997 17.6
    endloop
  endfacet
  facet normal 0.956936 -0.290299 0
    outer loop
      vertex -5.74726 9.53997 14.4
      vertex -5.63423 9.91256 0
      vertex -5.63423 9.91256 14.4
    endloop
  endfacet
  facet normal 0.956936 -0.290299 0
    outer loop
      vertex -5.63423 9.91256 0
      vertex -5.74726 9.53997 14.4
      vertex -5.74726 9.53997 0
    endloop
  endfacet
  facet normal -0.471316 -0.881964 0
    outer loop
      vertex 2.63162 13.3364 0
      vertex 2.975 13.1529 29
      vertex 2.63162 13.3364 29
    endloop
  endfacet
  facet normal -0.471316 -0.881964 -0
    outer loop
      vertex 2.975 13.1529 29
      vertex 2.63162 13.3364 0
      vertex 2.975 13.1529 0
    endloop
  endfacet
  facet normal 0.634381 0.77302 -0
    outer loop
      vertex -3.62213 3.27955 0
      vertex -3.92311 3.52655 29
      vertex -3.62213 3.27955 29
    endloop
  endfacet
  facet normal 0.634381 0.77302 0
    outer loop
      vertex -3.92311 3.52655 29
      vertex -3.62213 3.27955 0
      vertex -3.92311 3.52655 0
    endloop
  endfacet
  facet normal 0.773041 -0.634356 0
    outer loop
      vertex -4.72045 11.6221 29
      vertex -4.47345 11.9231 0
      vertex -4.47345 11.9231 29
    endloop
  endfacet
  facet normal 0.773041 -0.634356 0
    outer loop
      vertex -4.47345 11.9231 0
      vertex -4.72045 11.6221 29
      vertex -4.72045 11.6221 0
    endloop
  endfacet
  facet normal -0.0327207 0.999465 0
    outer loop
      vertex 0.389148 2.06274 0
      vertex 0 2.05 29
      vertex 0.389148 2.06274 29
    endloop
  endfacet
  facet normal -0.0327207 0.999465 0
    outer loop
      vertex 0 2.05 29
      vertex 0.389148 2.06274 0
      vertex 0 2.05 0
    endloop
  endfacet
  facet normal -0.227046 -0.973884 0
    outer loop
      vertex 1.16079 13.8357 0
      vertex 1.53997 13.7473 29
      vertex 1.16079 13.8357 29
    endloop
  endfacet
  facet normal -0.227046 -0.973884 -0
    outer loop
      vertex 1.53997 13.7473 29
      vertex 1.16079 13.8357 0
      vertex 1.53997 13.7473 0
    endloop
  endfacet
  facet normal -0.77302 0.634381 0
    outer loop
      vertex 4.47345 4.07689 0
      vertex 4.72045 4.37787 29
      vertex 4.72045 4.37787 0
    endloop
  endfacet
  facet normal -0.77302 0.634381 0
    outer loop
      vertex 4.72045 4.37787 29
      vertex 4.47345 4.07689 0
      vertex 4.47345 4.07689 29
    endloop
  endfacet
  facet normal 0.0327207 0.999465 -0
    outer loop
      vertex 0 2.05 0
      vertex -0.389148 2.06274 29
      vertex 0 2.05 29
    endloop
  endfacet
  facet normal 0.0327207 0.999465 0
    outer loop
      vertex -0.389148 2.06274 29
      vertex 0 2.05 0
      vertex -0.389148 2.06274 0
    endloop
  endfacet
  facet normal 0.973878 -0.22707 0
    outer loop
      vertex -5.83567 9.16079 29
      vertex -5.74726 9.53997 17.6
      vertex -5.74726 9.53997 29
    endloop
  endfacet
  facet normal 0.973878 -0.22707 0
    outer loop
      vertex -5.74726 9.53997 17.6
      vertex -5.83567 9.16079 29
      vertex -5.83567 9.16079 17.6
    endloop
  endfacet
  facet normal 0.973878 -0.22707 0
    outer loop
      vertex -5.83567 9.16079 14.4
      vertex -5.74726 9.53997 0
      vertex -5.74726 9.53997 14.4
    endloop
  endfacet
  facet normal 0.973878 -0.22707 0
    outer loop
      vertex -5.74726 9.53997 0
      vertex -5.83567 9.16079 14.4
      vertex -5.83567 9.16079 0
    endloop
  endfacet
  facet normal -0.683518 -0.729934 0
    outer loop
      vertex 3.92311 12.4734 0
      vertex 4.20728 12.2073 29
      vertex 3.92311 12.4734 29
    endloop
  endfacet
  facet normal -0.683518 -0.729934 -0
    outer loop
      vertex 4.20728 12.2073 29
      vertex 3.92311 12.4734 0
      vertex 4.20728 12.2073 0
    endloop
  endfacet
  facet normal 0.0980079 0.995186 -0
    outer loop
      vertex -0.389148 2.06274 0
      vertex -0.77663 2.1009 29
      vertex -0.389148 2.06274 29
    endloop
  endfacet
  facet normal 0.0980079 0.995186 0
    outer loop
      vertex -0.77663 2.1009 29
      vertex -0.389148 2.06274 0
      vertex -0.77663 2.1009 0
    endloop
  endfacet
  facet normal -0.999465 0.0327205 0
    outer loop
      vertex 5.93726 7.61085 8.05
      vertex 5.95 8 14.4
      vertex 5.95 8 8.05
    endloop
  endfacet
  facet normal -0.999465 0.0327205 0
    outer loop
      vertex 5.95 8 14.4
      vertex 5.93726 7.61085 8.05
      vertex 5.95 8 17.6
    endloop
  endfacet
  facet normal -0.999465 0.0327205 0
    outer loop
      vertex 5.93726 7.61085 29
      vertex 5.95 8 17.6
      vertex 5.93726 7.61085 8.05
    endloop
  endfacet
  facet normal -0.999465 0.0327205 0
    outer loop
      vertex 5.95 8 17.6
      vertex 5.93726 7.61085 29
      vertex 5.95 8 29
    endloop
  endfacet
  facet normal -0.999465 0.0327205 0
    outer loop
      vertex 5.93726 7.61085 0
      vertex 5.95 8 1.95
      vertex 5.95 8 0
    endloop
  endfacet
  facet normal -0.999465 0.0327205 0
    outer loop
      vertex 5.95 8 1.95
      vertex 5.93726 7.61085 0
      vertex 5.93726 7.61085 1.95
    endloop
  endfacet
  facet normal -0.032618 -0.999468 0
    outer loop
      vertex 0 13.95 0
      vertex 0.389148 13.9373 29
      vertex 0 13.95 29
    endloop
  endfacet
  facet normal -0.032618 -0.999468 -0
    outer loop
      vertex 0.389148 13.9373 29
      vertex 0 13.95 0
      vertex 0.389148 13.9373 0
    endloop
  endfacet
  facet normal -0.634535 -0.772894 0
    outer loop
      vertex 3.62213 12.7205 0
      vertex 3.92311 12.4734 29
      vertex 3.62213 12.7205 29
    endloop
  endfacet
  facet normal -0.634535 -0.772894 -0
    outer loop
      vertex 3.92311 12.4734 29
      vertex 3.62213 12.7205 0
      vertex 3.92311 12.4734 0
    endloop
  endfacet
  facet normal 0.412729 -0.910854 0
    outer loop
      vertex -2.63162 13.3364 0
      vertex -2.27697 13.4971 29
      vertex -2.63162 13.3364 29
    endloop
  endfacet
  facet normal 0.412729 -0.910854 0
    outer loop
      vertex -2.27697 13.4971 29
      vertex -2.63162 13.3364 0
      vertex -2.27697 13.4971 0
    endloop
  endfacet
  facet normal -0.471396 0.881922 0
    outer loop
      vertex 2.975 2.84715 0
      vertex 2.63162 2.66361 29
      vertex 2.975 2.84715 29
    endloop
  endfacet
  facet normal -0.471396 0.881922 0
    outer loop
      vertex 2.63162 2.66361 29
      vertex 2.975 2.84715 0
      vertex 2.63162 2.66361 0
    endloop
  endfacet
  facet normal 0.935906 0.352249 0
    outer loop
      vertex -5.49708 5.72303 29
      vertex -5.63423 6.08743 0
      vertex -5.63423 6.08743 29
    endloop
  endfacet
  facet normal 0.935906 0.352249 0
    outer loop
      vertex -5.63423 6.08743 0
      vertex -5.49708 5.72303 29
      vertex -5.49708 5.72303 0
    endloop
  endfacet
  facet normal -0.162908 0.986641 0
    outer loop
      vertex 1.16079 2.16433 0
      vertex 0.77663 2.1009 29
      vertex 1.16079 2.16433 29
    endloop
  endfacet
  facet normal -0.162908 0.986641 0
    outer loop
      vertex 0.77663 2.1009 29
      vertex 1.16079 2.16433 0
      vertex 0.77663 2.1009 0
    endloop
  endfacet
  facet normal -0.910842 -0.412756 0
    outer loop
      vertex 5.49708 10.277 17.6
      vertex 5.33639 10.6316 29
      vertex 5.33639 10.6316 17.6
    endloop
  endfacet
  facet normal -0.910842 -0.412756 0
    outer loop
      vertex 5.33639 10.6316 29
      vertex 5.49708 10.277 17.6
      vertex 5.49708 10.277 29
    endloop
  endfacet
  facet normal -0.910849 -0.412739 -0
    outer loop
      vertex 5.48665 10.3 8.05
      vertex 5.33639 10.6316 0
      vertex 5.48665 10.3 1.95
    endloop
  endfacet
  facet normal -0.910842 -0.412756 -3.4354e-06
    outer loop
      vertex 5.49708 10.277 0
      vertex 5.48665 10.3 1.95
      vertex 5.33639 10.6316 0
    endloop
  endfacet
  facet normal -0.910732 -0.412997 0
    outer loop
      vertex 5.48665 10.3 1.95
      vertex 5.49708 10.277 0
      vertex 5.49708 10.277 1.95
    endloop
  endfacet
  facet normal -0.910849 -0.412739 0
    outer loop
      vertex 5.33639 10.6316 0
      vertex 5.48665 10.3 8.05
      vertex 5.33639 10.6316 14.4
    endloop
  endfacet
  facet normal -0.910732 -0.412997 -0
    outer loop
      vertex 5.49708 10.277 14.4
      vertex 5.48665 10.3 8.05
      vertex 5.49708 10.277 8.05
    endloop
  endfacet
  facet normal -0.910842 -0.412756 1.05497e-06
    outer loop
      vertex 5.48665 10.3 8.05
      vertex 5.49708 10.277 14.4
      vertex 5.33639 10.6316 14.4
    endloop
  endfacet
  facet normal 0.77302 0.634381 0
    outer loop
      vertex -4.47345 4.07689 29
      vertex -4.72045 4.37787 0
      vertex -4.72045 4.37787 29
    endloop
  endfacet
  facet normal 0.77302 0.634381 0
    outer loop
      vertex -4.72045 4.37787 0
      vertex -4.47345 4.07689 29
      vertex -4.47345 4.07689 0
    endloop
  endfacet
  facet normal -0.935906 0.352249 0
    outer loop
      vertex 5.49708 5.72303 8.05
      vertex 5.63423 6.08743 29
      vertex 5.63423 6.08743 8.05
    endloop
  endfacet
  facet normal -0.935906 0.352249 0
    outer loop
      vertex 5.63423 6.08743 29
      vertex 5.49708 5.72303 8.05
      vertex 5.49708 5.72303 29
    endloop
  endfacet
  facet normal -0.935906 0.352249 0
    outer loop
      vertex 5.49708 5.72303 0
      vertex 5.63423 6.08743 1.95
      vertex 5.63423 6.08743 0
    endloop
  endfacet
  facet normal -0.935906 0.352249 0
    outer loop
      vertex 5.63423 6.08743 1.95
      vertex 5.49708 5.72303 0
      vertex 5.49708 5.72303 1.95
    endloop
  endfacet
  facet normal 0.227046 -0.973884 0
    outer loop
      vertex -1.53997 13.7473 0
      vertex -1.16079 13.8357 29
      vertex -1.53997 13.7473 29
    endloop
  endfacet
  facet normal 0.227046 -0.973884 0
    outer loop
      vertex -1.16079 13.8357 29
      vertex -1.53997 13.7473 0
      vertex -1.16079 13.8357 0
    endloop
  endfacet
  facet normal 0.290464 -0.956886 0
    outer loop
      vertex -1.91256 13.6342 0
      vertex -1.53997 13.7473 29
      vertex -1.91256 13.6342 29
    endloop
  endfacet
  facet normal 0.290464 -0.956886 0
    outer loop
      vertex -1.53997 13.7473 29
      vertex -1.91256 13.6342 0
      vertex -1.53997 13.7473 0
    endloop
  endfacet
  facet normal 0.849197 0.528077 0
    outer loop
      vertex -4.94724 4.69436 29
      vertex -5.15285 5.025 0
      vertex -5.15285 5.025 29
    endloop
  endfacet
  facet normal 0.849197 0.528077 0
    outer loop
      vertex -5.15285 5.025 0
      vertex -4.94724 4.69436 29
      vertex -4.94724 4.69436 0
    endloop
  endfacet
  facet normal -0.582472 0.812851 0
    outer loop
      vertex 3.62213 3.27955 0
      vertex 3.30564 3.05276 29
      vertex 3.62213 3.27955 29
    endloop
  endfacet
  facet normal -0.582472 0.812851 0
    outer loop
      vertex 3.30564 3.05276 29
      vertex 3.62213 3.27955 0
      vertex 3.30564 3.05276 0
    endloop
  endfacet
  facet normal 0.528077 0.849197 -0
    outer loop
      vertex -2.975 2.84715 0
      vertex -3.30564 3.05276 29
      vertex -2.975 2.84715 29
    endloop
  endfacet
  facet normal 0.528077 0.849197 0
    outer loop
      vertex -3.30564 3.05276 29
      vertex -2.975 2.84715 0
      vertex -3.30564 3.05276 0
    endloop
  endfacet
  facet normal -0.290464 -0.956886 0
    outer loop
      vertex 1.53997 13.7473 0
      vertex 1.91256 13.6342 29
      vertex 1.53997 13.7473 29
    endloop
  endfacet
  facet normal -0.290464 -0.956886 -0
    outer loop
      vertex 1.91256 13.6342 29
      vertex 1.53997 13.7473 0
      vertex 1.91256 13.6342 0
    endloop
  endfacet
  facet normal -0.6836 0.729857 0
    outer loop
      vertex 4.20728 3.79271 0
      vertex 3.92311 3.52655 29
      vertex 4.20728 3.79271 29
    endloop
  endfacet
  facet normal -0.6836 0.729857 0
    outer loop
      vertex 3.92311 3.52655 29
      vertex 4.20728 3.79271 0
      vertex 3.92311 3.52655 0
    endloop
  endfacet
  facet normal 0.6836 0.729857 -0
    outer loop
      vertex -3.92311 3.52655 0
      vertex -4.20728 3.79271 29
      vertex -3.92311 3.52655 29
    endloop
  endfacet
  facet normal 0.6836 0.729857 0
    outer loop
      vertex -4.20728 3.79271 29
      vertex -3.92311 3.52655 0
      vertex -4.20728 3.79271 0
    endloop
  endfacet
  facet normal 0.849077 -0.52827 0
    outer loop
      vertex -4.94724 11.3056 29
      vertex -5 11.2208 17.6
      vertex -4.94724 11.3056 0
    endloop
  endfacet
  facet normal 0.849168 -0.528123 -1.5159e-06
    outer loop
      vertex -5.15285 10.975 29
      vertex -5 11.2208 17.6
      vertex -4.94724 11.3056 29
    endloop
  endfacet
  facet normal 0.849199 -0.528072 0
    outer loop
      vertex -5 11.2208 17.6
      vertex -5.15285 10.975 29
      vertex -5.15285 10.975 17.6
    endloop
  endfacet
  facet normal 0.849077 -0.52827 0
    outer loop
      vertex -5 11.2208 14.4
      vertex -4.94724 11.3056 0
      vertex -5 11.2208 17.6
    endloop
  endfacet
  facet normal 0.849199 -0.528072 1.61418e-06
    outer loop
      vertex -5.15285 10.975 14.4
      vertex -4.94724 11.3056 0
      vertex -5 11.2208 14.4
    endloop
  endfacet
  facet normal 0.849168 -0.528123 0
    outer loop
      vertex -4.94724 11.3056 0
      vertex -5.15285 10.975 14.4
      vertex -5.15285 10.975 0
    endloop
  endfacet
  facet normal -0.956936 -0.290299 0
    outer loop
      vertex 5.74726 9.53997 17.6
      vertex 5.63423 9.91256 29
      vertex 5.63423 9.91256 17.6
    endloop
  endfacet
  facet normal -0.956936 -0.290299 0
    outer loop
      vertex 5.63423 9.91256 29
      vertex 5.74726 9.53997 17.6
      vertex 5.74726 9.53997 29
    endloop
  endfacet
  facet normal -0.956936 -0.290299 0
    outer loop
      vertex 5.74726 9.53997 0
      vertex 5.63423 9.91256 1.95
      vertex 5.63423 9.91256 0
    endloop
  endfacet
  facet normal -0.956936 -0.290299 0
    outer loop
      vertex 5.63423 9.91256 1.95
      vertex 5.74726 9.53997 0
      vertex 5.74726 9.53997 1.95
    endloop
  endfacet
  facet normal -0.956936 -0.290299 0
    outer loop
      vertex 5.74726 9.53997 8.05
      vertex 5.63423 9.91256 14.4
      vertex 5.63423 9.91256 8.05
    endloop
  endfacet
  facet normal -0.956936 -0.290299 0
    outer loop
      vertex 5.63423 9.91256 14.4
      vertex 5.74726 9.53997 8.05
      vertex 5.74726 9.53997 14.4
    endloop
  endfacet
  facet normal 0.910864 0.412707 0
    outer loop
      vertex -5.33639 5.36838 29
      vertex -5.49708 5.72303 0
      vertex -5.49708 5.72303 29
    endloop
  endfacet
  facet normal 0.910864 0.412707 0
    outer loop
      vertex -5.49708 5.72303 0
      vertex -5.33639 5.36838 29
      vertex -5.33639 5.36838 0
    endloop
  endfacet
  facet normal -0.729856 0.683601 0
    outer loop
      vertex 4.20728 3.79271 0
      vertex 4.47345 4.07689 29
      vertex 4.47345 4.07689 0
    endloop
  endfacet
  facet normal -0.729856 0.683601 0
    outer loop
      vertex 4.47345 4.07689 29
      vertex 4.20728 3.79271 0
      vertex 4.20728 3.79271 29
    endloop
  endfacet
  facet normal 0.995186 -0.0980084 0
    outer loop
      vertex -5.93726 8.38915 29
      vertex -5.8991 8.77663 17.6
      vertex -5.8991 8.77663 29
    endloop
  endfacet
  facet normal 0.995186 -0.0980084 0
    outer loop
      vertex -5.8991 8.77663 17.6
      vertex -5.93726 8.38915 29
      vertex -5.93726 8.38915 17.6
    endloop
  endfacet
  facet normal 0.995186 -0.0980084 0
    outer loop
      vertex -5.93726 8.38915 14.4
      vertex -5.8991 8.77663 0
      vertex -5.8991 8.77663 14.4
    endloop
  endfacet
  facet normal 0.995186 -0.0980084 0
    outer loop
      vertex -5.8991 8.77663 0
      vertex -5.93726 8.38915 14.4
      vertex -5.93726 8.38915 0
    endloop
  endfacet
  facet normal 0.995186 0.0980084 0
    outer loop
      vertex -5.8991 7.22337 29
      vertex -5.93726 7.61085 0
      vertex -5.93726 7.61085 29
    endloop
  endfacet
  facet normal 0.995186 0.0980084 0
    outer loop
      vertex -5.93726 7.61085 0
      vertex -5.8991 7.22337 29
      vertex -5.8991 7.22337 0
    endloop
  endfacet
  facet normal -0.986641 0.162908 0
    outer loop
      vertex 5.83567 6.83921 8.05
      vertex 5.8991 7.22337 29
      vertex 5.8991 7.22337 8.05
    endloop
  endfacet
  facet normal -0.986641 0.162908 0
    outer loop
      vertex 5.8991 7.22337 29
      vertex 5.83567 6.83921 8.05
      vertex 5.83567 6.83921 29
    endloop
  endfacet
  facet normal -0.986641 0.162908 0
    outer loop
      vertex 5.83567 6.83921 0
      vertex 5.8991 7.22337 1.95
      vertex 5.8991 7.22337 0
    endloop
  endfacet
  facet normal -0.986641 0.162908 0
    outer loop
      vertex 5.8991 7.22337 1.95
      vertex 5.83567 6.83921 0
      vertex 5.83567 6.83921 1.95
    endloop
  endfacet
  facet normal -0.81286 -0.58246 0
    outer loop
      vertex 4.94724 11.3056 0
      vertex 4.72045 11.6221 29
      vertex 4.72045 11.6221 0
    endloop
  endfacet
  facet normal -0.81286 -0.58246 0
    outer loop
      vertex 4.72045 11.6221 29
      vertex 4.94724 11.3056 0
      vertex 4.94724 11.3056 29
    endloop
  endfacet
  facet normal -0.0980079 0.995186 0
    outer loop
      vertex 0.77663 2.1009 0
      vertex 0.389148 2.06274 29
      vertex 0.77663 2.1009 29
    endloop
  endfacet
  facet normal -0.0980079 0.995186 0
    outer loop
      vertex 0.389148 2.06274 29
      vertex 0.77663 2.1009 0
      vertex 0.389148 2.06274 0
    endloop
  endfacet
  facet normal 0.881933 -0.471375 0
    outer loop
      vertex -5.33639 10.6316 29
      vertex -5.15285 10.975 17.6
      vertex -5.15285 10.975 29
    endloop
  endfacet
  facet normal 0.881933 -0.471375 0
    outer loop
      vertex -5.15285 10.975 17.6
      vertex -5.33639 10.6316 29
      vertex -5.33639 10.6316 17.6
    endloop
  endfacet
  facet normal 0.881933 -0.471375 0
    outer loop
      vertex -5.33639 10.6316 14.4
      vertex -5.15285 10.975 0
      vertex -5.15285 10.975 14.4
    endloop
  endfacet
  facet normal 0.881933 -0.471375 0
    outer loop
      vertex -5.15285 10.975 0
      vertex -5.33639 10.6316 14.4
      vertex -5.33639 10.6316 0
    endloop
  endfacet
  facet normal -0.352128 -0.935952 0
    outer loop
      vertex 1.91256 13.6342 0
      vertex 2.27697 13.4971 29
      vertex 1.91256 13.6342 29
    endloop
  endfacet
  facet normal -0.352128 -0.935952 -0
    outer loop
      vertex 2.27697 13.4971 29
      vertex 1.91256 13.6342 0
      vertex 2.27697 13.4971 0
    endloop
  endfacet
  facet normal 0.812851 0.582472 0
    outer loop
      vertex -4.72045 4.37787 29
      vertex -4.94724 4.69436 0
      vertex -4.94724 4.69436 29
    endloop
  endfacet
  facet normal 0.812851 0.582472 0
    outer loop
      vertex -4.94724 4.69436 0
      vertex -4.72045 4.37787 29
      vertex -4.72045 4.37787 0
    endloop
  endfacet
  facet normal 0.72988 -0.683575 0
    outer loop
      vertex -4.47345 11.9231 29
      vertex -4.20728 12.2073 0
      vertex -4.20728 12.2073 29
    endloop
  endfacet
  facet normal 0.72988 -0.683575 0
    outer loop
      vertex -4.20728 12.2073 0
      vertex -4.47345 11.9231 29
      vertex -4.47345 11.9231 0
    endloop
  endfacet
  facet normal 0.582472 0.812851 -0
    outer loop
      vertex -3.30564 3.05276 0
      vertex -3.62213 3.27955 29
      vertex -3.30564 3.05276 29
    endloop
  endfacet
  facet normal 0.582472 0.812851 0
    outer loop
      vertex -3.62213 3.27955 29
      vertex -3.30564 3.05276 0
      vertex -3.62213 3.27955 0
    endloop
  endfacet
  facet normal -0.0981096 -0.995176 0
    outer loop
      vertex 0.389148 13.9373 0
      vertex 0.77663 13.8991 29
      vertex 0.389148 13.9373 29
    endloop
  endfacet
  facet normal -0.0981096 -0.995176 -0
    outer loop
      vertex 0.77663 13.8991 29
      vertex 0.389148 13.9373 0
      vertex 0.77663 13.8991 0
    endloop
  endfacet
  facet normal 0.471396 0.881922 -0
    outer loop
      vertex -2.63162 2.66361 0
      vertex -2.975 2.84715 29
      vertex -2.63162 2.66361 29
    endloop
  endfacet
  facet normal 0.471396 0.881922 0
    outer loop
      vertex -2.975 2.84715 29
      vertex -2.63162 2.66361 0
      vertex -2.975 2.84715 0
    endloop
  endfacet
  facet normal -0.849197 0.528077 0
    outer loop
      vertex 4.94724 4.69436 0
      vertex 5.15285 5.025 29
      vertex 5.15285 5.025 0
    endloop
  endfacet
  facet normal -0.849197 0.528077 0
    outer loop
      vertex 5.15285 5.025 29
      vertex 4.94724 4.69436 0
      vertex 4.94724 4.69436 29
    endloop
  endfacet
  facet normal 0.412707 0.910864 -0
    outer loop
      vertex -2.27697 2.50292 0
      vertex -2.63162 2.66361 29
      vertex -2.27697 2.50292 29
    endloop
  endfacet
  facet normal 0.412707 0.910864 0
    outer loop
      vertex -2.63162 2.66361 29
      vertex -2.27697 2.50292 0
      vertex -2.63162 2.66361 0
    endloop
  endfacet
  facet normal -0.881922 0.471396 0
    outer loop
      vertex 5.15285 5.025 0
      vertex 5.33639 5.36838 29
      vertex 5.33639 5.36838 0
    endloop
  endfacet
  facet normal -0.881922 0.471396 0
    outer loop
      vertex 5.33639 5.36838 29
      vertex 5.15285 5.025 0
      vertex 5.15285 5.025 29
    endloop
  endfacet
  facet normal 0.352241 0.935909 -0
    outer loop
      vertex -1.91256 2.36577 0
      vertex -2.27697 2.50292 29
      vertex -1.91256 2.36577 29
    endloop
  endfacet
  facet normal 0.352241 0.935909 0
    outer loop
      vertex -2.27697 2.50292 29
      vertex -1.91256 2.36577 0
      vertex -2.27697 2.50292 0
    endloop
  endfacet
  facet normal 0.162833 -0.986654 0
    outer loop
      vertex -1.16079 13.8357 0
      vertex -0.77663 13.8991 29
      vertex -1.16079 13.8357 29
    endloop
  endfacet
  facet normal 0.162833 -0.986654 0
    outer loop
      vertex -0.77663 13.8991 29
      vertex -1.16079 13.8357 0
      vertex -0.77663 13.8991 0
    endloop
  endfacet
  facet normal -0.412729 -0.910854 0
    outer loop
      vertex 2.27697 13.4971 0
      vertex 2.63162 13.3364 29
      vertex 2.27697 13.4971 29
    endloop
  endfacet
  facet normal -0.412729 -0.910854 -0
    outer loop
      vertex 2.63162 13.3364 29
      vertex 2.27697 13.4971 0
      vertex 2.63162 13.3364 0
    endloop
  endfacet
  facet normal -0.973878 0.22707 0
    outer loop
      vertex 5.74726 6.46003 8.05
      vertex 5.83567 6.83921 29
      vertex 5.83567 6.83921 8.05
    endloop
  endfacet
  facet normal -0.973878 0.22707 0
    outer loop
      vertex 5.83567 6.83921 29
      vertex 5.74726 6.46003 8.05
      vertex 5.74726 6.46003 29
    endloop
  endfacet
  facet normal -0.973878 0.22707 0
    outer loop
      vertex 5.74726 6.46003 0
      vertex 5.83567 6.83921 1.95
      vertex 5.83567 6.83921 0
    endloop
  endfacet
  facet normal -0.973878 0.22707 0
    outer loop
      vertex 5.83567 6.83921 1.95
      vertex 5.74726 6.46003 0
      vertex 5.74726 6.46003 1.95
    endloop
  endfacet
  facet normal 0.973878 0.22707 0
    outer loop
      vertex -5.74726 6.46003 29
      vertex -5.83567 6.83921 0
      vertex -5.83567 6.83921 29
    endloop
  endfacet
  facet normal 0.973878 0.22707 0
    outer loop
      vertex -5.83567 6.83921 0
      vertex -5.74726 6.46003 29
      vertex -5.74726 6.46003 0
    endloop
  endfacet
  facet normal 0.881922 0.471396 0
    outer loop
      vertex -5.15285 5.025 29
      vertex -5.33639 5.36838 0
      vertex -5.33639 5.36838 29
    endloop
  endfacet
  facet normal 0.881922 0.471396 0
    outer loop
      vertex -5.33639 5.36838 0
      vertex -5.15285 5.025 29
      vertex -5.15285 5.025 0
    endloop
  endfacet
  facet normal -0.995186 0.0980084 0
    outer loop
      vertex 5.8991 7.22337 8.05
      vertex 5.93726 7.61085 29
      vertex 5.93726 7.61085 8.05
    endloop
  endfacet
  facet normal -0.995186 0.0980084 0
    outer loop
      vertex 5.93726 7.61085 29
      vertex 5.8991 7.22337 8.05
      vertex 5.8991 7.22337 29
    endloop
  endfacet
  facet normal -0.995186 0.0980084 0
    outer loop
      vertex 5.8991 7.22337 0
      vertex 5.93726 7.61085 1.95
      vertex 5.93726 7.61085 0
    endloop
  endfacet
  facet normal -0.995186 0.0980084 0
    outer loop
      vertex 5.93726 7.61085 1.95
      vertex 5.8991 7.22337 0
      vertex 5.8991 7.22337 1.95
    endloop
  endfacet
  facet normal -0.935919 -0.352215 0
    outer loop
      vertex 5.63423 9.91256 17.6
      vertex 5.49708 10.277 29
      vertex 5.49708 10.277 17.6
    endloop
  endfacet
  facet normal -0.935919 -0.352215 0
    outer loop
      vertex 5.49708 10.277 29
      vertex 5.63423 9.91256 17.6
      vertex 5.63423 9.91256 29
    endloop
  endfacet
  facet normal -0.935919 -0.352215 0
    outer loop
      vertex 5.63423 9.91256 0
      vertex 5.49708 10.277 1.95
      vertex 5.49708 10.277 0
    endloop
  endfacet
  facet normal -0.935919 -0.352215 0
    outer loop
      vertex 5.49708 10.277 1.95
      vertex 5.63423 9.91256 0
      vertex 5.63423 9.91256 1.95
    endloop
  endfacet
  facet normal -0.935919 -0.352215 0
    outer loop
      vertex 5.63423 9.91256 8.05
      vertex 5.49708 10.277 14.4
      vertex 5.49708 10.277 8.05
    endloop
  endfacet
  facet normal -0.935919 -0.352215 0
    outer loop
      vertex 5.49708 10.277 14.4
      vertex 5.63423 9.91256 8.05
      vertex 5.63423 9.91256 14.4
    endloop
  endfacet
  facet normal 0.471316 -0.881964 0
    outer loop
      vertex -2.975 13.1529 0
      vertex -2.63162 13.3364 29
      vertex -2.975 13.1529 29
    endloop
  endfacet
  facet normal 0.471316 -0.881964 0
    outer loop
      vertex -2.63162 13.3364 29
      vertex -2.975 13.1529 0
      vertex -2.63162 13.3364 0
    endloop
  endfacet
  facet normal -0.582319 -0.81296 0
    outer loop
      vertex 3.30564 12.9472 0
      vertex 3.62213 12.7205 29
      vertex 3.30564 12.9472 29
    endloop
  endfacet
  facet normal -0.582319 -0.81296 -0
    outer loop
      vertex 3.62213 12.7205 29
      vertex 3.30564 12.9472 0
      vertex 3.62213 12.7205 0
    endloop
  endfacet
  facet normal 0.032618 -0.999468 0
    outer loop
      vertex -0.389148 13.9373 0
      vertex 0 13.95 29
      vertex -0.389148 13.9373 29
    endloop
  endfacet
  facet normal 0.032618 -0.999468 0
    outer loop
      vertex 0 13.95 29
      vertex -0.389148 13.9373 0
      vertex 0 13.95 0
    endloop
  endfacet
  facet normal -0.352241 0.935909 0
    outer loop
      vertex 2.27697 2.50292 0
      vertex 1.91256 2.36577 29
      vertex 2.27697 2.50292 29
    endloop
  endfacet
  facet normal -0.352241 0.935909 0
    outer loop
      vertex 1.91256 2.36577 29
      vertex 2.27697 2.50292 0
      vertex 1.91256 2.36577 0
    endloop
  endfacet
  facet normal -0.290299 0.956936 0
    outer loop
      vertex 1.91256 2.36577 0
      vertex 1.53997 2.25274 29
      vertex 1.91256 2.36577 29
    endloop
  endfacet
  facet normal -0.290299 0.956936 0
    outer loop
      vertex 1.53997 2.25274 29
      vertex 1.91256 2.36577 0
      vertex 1.53997 2.25274 0
    endloop
  endfacet
  facet normal 0.81286 -0.58246 0
    outer loop
      vertex -4.94724 11.3056 29
      vertex -4.72045 11.6221 0
      vertex -4.72045 11.6221 29
    endloop
  endfacet
  facet normal 0.81286 -0.58246 0
    outer loop
      vertex -4.72045 11.6221 0
      vertex -4.94724 11.3056 29
      vertex -4.94724 11.3056 0
    endloop
  endfacet
  facet normal -0.773041 -0.634356 0
    outer loop
      vertex 4.72045 11.6221 0
      vertex 4.47345 11.9231 29
      vertex 4.47345 11.9231 0
    endloop
  endfacet
  facet normal -0.773041 -0.634356 0
    outer loop
      vertex 4.47345 11.9231 29
      vertex 4.72045 11.6221 0
      vertex 4.72045 11.6221 29
    endloop
  endfacet
  facet normal 0.290299 0.956936 -0
    outer loop
      vertex -1.53997 2.25274 0
      vertex -1.91256 2.36577 29
      vertex -1.53997 2.25274 29
    endloop
  endfacet
  facet normal 0.290299 0.956936 0
    outer loop
      vertex -1.91256 2.36577 29
      vertex -1.53997 2.25274 0
      vertex -1.91256 2.36577 0
    endloop
  endfacet
  facet normal -0.528077 0.849197 0
    outer loop
      vertex 3.30564 3.05276 0
      vertex 2.975 2.84715 29
      vertex 3.30564 3.05276 29
    endloop
  endfacet
  facet normal -0.528077 0.849197 0
    outer loop
      vertex 2.975 2.84715 29
      vertex 3.30564 3.05276 0
      vertex 2.975 2.84715 0
    endloop
  endfacet
  facet normal -0.812851 0.582472 0
    outer loop
      vertex 4.72045 4.37787 0
      vertex 4.94724 4.69436 29
      vertex 4.94724 4.69436 0
    endloop
  endfacet
  facet normal -0.812851 0.582472 0
    outer loop
      vertex 4.94724 4.69436 29
      vertex 4.72045 4.37787 0
      vertex 4.72045 4.37787 29
    endloop
  endfacet
  facet normal -0.910935 0.412551 0
    outer loop
      vertex 5.49708 5.72303 0
      vertex 5.48665 5.7 1.95
      vertex 5.49708 5.72303 1.95
    endloop
  endfacet
  facet normal -0.910859 0.412718 0
    outer loop
      vertex 5.48665 5.7 1.95
      vertex 5.33639 5.36838 0
      vertex 5.48665 5.7 8.05
    endloop
  endfacet
  facet normal -0.910864 0.412707 2.22748e-06
    outer loop
      vertex 5.33639 5.36838 0
      vertex 5.48665 5.7 1.95
      vertex 5.49708 5.72303 0
    endloop
  endfacet
  facet normal -0.910935 0.412551 0
    outer loop
      vertex 5.48665 5.7 8.05
      vertex 5.49708 5.72303 29
      vertex 5.49708 5.72303 8.05
    endloop
  endfacet
  facet normal -0.910859 0.412718 0
    outer loop
      vertex 5.33639 5.36838 29
      vertex 5.48665 5.7 8.05
      vertex 5.33639 5.36838 0
    endloop
  endfacet
  facet normal -0.910864 0.412707 -2.07331e-07
    outer loop
      vertex 5.48665 5.7 8.05
      vertex 5.33639 5.36838 29
      vertex 5.49708 5.72303 29
    endloop
  endfacet
  facet normal 0.986641 0.162908 0
    outer loop
      vertex -5.83567 6.83921 29
      vertex -5.8991 7.22337 0
      vertex -5.8991 7.22337 29
    endloop
  endfacet
  facet normal 0.986641 0.162908 0
    outer loop
      vertex -5.8991 7.22337 0
      vertex -5.83567 6.83921 29
      vertex -5.83567 6.83921 0
    endloop
  endfacet
  facet normal 0.683518 -0.729934 0
    outer loop
      vertex -4.20728 12.2073 0
      vertex -3.92311 12.4734 29
      vertex -4.20728 12.2073 29
    endloop
  endfacet
  facet normal 0.683518 -0.729934 0
    outer loop
      vertex -3.92311 12.4734 29
      vertex -4.20728 12.2073 0
      vertex -3.92311 12.4734 0
    endloop
  endfacet
  facet normal 0 0 -1
    outer loop
      vertex 1 8 29
      vertex 5.95 8 29
      vertex 5.93726 7.61085 29
    endloop
  endfacet
  facet normal 0 0 -1
    outer loop
      vertex 0.997858 7.9346 29
      vertex 5.93726 7.61085 29
      vertex 5.8991 7.22337 29
    endloop
  endfacet
  facet normal 0 0 -1
    outer loop
      vertex 5.95 8 29
      vertex 1 8 29
      vertex 5.93726 8.38915 29
    endloop
  endfacet
  facet normal 0 0 -1
    outer loop
      vertex 0.991445 7.86947 29
      vertex 5.8991 7.22337 29
      vertex 5.83567 6.83921 29
    endloop
  endfacet
  facet normal 0 0 -1
    outer loop
      vertex 0.997858 8.0654 29
      vertex 5.93726 8.38915 29
      vertex 1 8 29
    endloop
  endfacet
  facet normal 0 0 -1
    outer loop
      vertex 0.980784 7.80491 29
      vertex 5.83567 6.83921 29
      vertex 5.74726 6.46003 29
    endloop
  endfacet
  facet normal -0 0 -1
    outer loop
      vertex 5.93726 8.38915 29
      vertex 0.997858 8.0654 29
      vertex 5.8991 8.77663 29
    endloop
  endfacet
  facet normal 0 0 -1
    outer loop
      vertex 0.965925 7.74118 29
      vertex 5.74726 6.46003 29
      vertex 5.63423 6.08743 29
    endloop
  endfacet
  facet normal 0 0 -1
    outer loop
      vertex 0.991445 8.13053 29
      vertex 5.8991 8.77663 29
      vertex 0.997858 8.0654 29
    endloop
  endfacet
  facet normal 0 0 -1
    outer loop
      vertex 0.94693 7.67856 29
      vertex 5.63423 6.08743 29
      vertex 5.49708 5.72303 29
    endloop
  endfacet
  facet normal -0 0 -1
    outer loop
      vertex 5.8991 8.77663 29
      vertex 0.991445 8.13053 29
      vertex 5.83567 9.16079 29
    endloop
  endfacet
  facet normal 0 0 -1
    outer loop
      vertex 0.923879 7.61732 29
      vertex 5.49708 5.72303 29
      vertex 5.33639 5.36838 29
    endloop
  endfacet
  facet normal 0 0 -1
    outer loop
      vertex 0.980784 8.19509 29
      vertex 5.83567 9.16079 29
      vertex 0.991445 8.13053 29
    endloop
  endfacet
  facet normal 0 0 -1
    outer loop
      vertex 0.896873 7.55771 29
      vertex 5.33639 5.36838 29
      vertex 5.15285 5.025 29
    endloop
  endfacet
  facet normal -0 0 -1
    outer loop
      vertex 5.83567 9.16079 29
      vertex 0.980784 8.19509 29
      vertex 5.74726 9.53997 29
    endloop
  endfacet
  facet normal 0 0 -1
    outer loop
      vertex 0.866025 7.5 29
      vertex 5.15285 5.025 29
      vertex 4.94724 4.69436 29
    endloop
  endfacet
  facet normal 0 0 -1
    outer loop
      vertex 0.965925 8.25882 29
      vertex 5.74726 9.53997 29
      vertex 0.980784 8.19509 29
    endloop
  endfacet
  facet normal 0 0 -1
    outer loop
      vertex 0.83147 7.44443 29
      vertex 4.94724 4.69436 29
      vertex 4.72045 4.37787 29
    endloop
  endfacet
  facet normal -0 0 -1
    outer loop
      vertex 5.74726 9.53997 29
      vertex 0.965925 8.25882 29
      vertex 5.63423 9.91256 29
    endloop
  endfacet
  facet normal 0 0 -1
    outer loop
      vertex 0.793353 7.39124 29
      vertex 4.72045 4.37787 29
      vertex 4.47345 4.07689 29
    endloop
  endfacet
  facet normal 0 0 -1
    outer loop
      vertex 0.94693 8.32144 29
      vertex 5.63423 9.91256 29
      vertex 0.965925 8.25882 29
    endloop
  endfacet
  facet normal 0 0 -1
    outer loop
      vertex 0.75184 7.34065 29
      vertex 4.47345 4.07689 29
      vertex 4.20728 3.79271 29
    endloop
  endfacet
  facet normal -0 0 -1
    outer loop
      vertex 5.63423 9.91256 29
      vertex 0.94693 8.32144 29
      vertex 5.49708 10.277 29
    endloop
  endfacet
  facet normal 0 0 -1
    outer loop
      vertex 0.707107 7.29289 29
      vertex 4.20728 3.79271 29
      vertex 3.92311 3.52655 29
    endloop
  endfacet
  facet normal 0 0 -1
    outer loop
      vertex 0.923879 8.38268 29
      vertex 5.49708 10.277 29
      vertex 0.94693 8.32144 29
    endloop
  endfacet
  facet normal 0 0 -1
    outer loop
      vertex 0.659346 7.24816 29
      vertex 3.92311 3.52655 29
      vertex 3.62213 3.27955 29
    endloop
  endfacet
  facet normal -0 0 -1
    outer loop
      vertex 5.49708 10.277 29
      vertex 0.923879 8.38268 29
      vertex 5.33639 10.6316 29
    endloop
  endfacet
  facet normal 0 0 -1
    outer loop
      vertex 0.608761 7.20665 29
      vertex 3.62213 3.27955 29
      vertex 3.30564 3.05276 29
    endloop
  endfacet
  facet normal 0 0 -1
    outer loop
      vertex 0.896873 8.44229 29
      vertex 5.33639 10.6316 29
      vertex 0.923879 8.38268 29
    endloop
  endfacet
  facet normal 0 0 -1
    outer loop
      vertex 0.55557 7.16853 29
      vertex 3.30564 3.05276 29
      vertex 2.975 2.84715 29
    endloop
  endfacet
  facet normal -0 0 -1
    outer loop
      vertex 5.33639 10.6316 29
      vertex 0.896873 8.44229 29
      vertex 5.15285 10.975 29
    endloop
  endfacet
  facet normal 0 0 -1
    outer loop
      vertex 0.5 7.13397 29
      vertex 2.975 2.84715 29
      vertex 2.63162 2.66361 29
    endloop
  endfacet
  facet normal 0 0 -1
    outer loop
      vertex 0.866025 8.5 29
      vertex 5.15285 10.975 29
      vertex 0.896873 8.44229 29
    endloop
  endfacet
  facet normal 0 0 -1
    outer loop
      vertex 0.442288 7.10313 29
      vertex 2.63162 2.66361 29
      vertex 2.27697 2.50292 29
    endloop
  endfacet
  facet normal -0 0 -1
    outer loop
      vertex 5.15285 10.975 29
      vertex 0.866025 8.5 29
      vertex 4.94724 11.3056 29
    endloop
  endfacet
  facet normal 0 0 -1
    outer loop
      vertex 0.382683 7.07612 29
      vertex 2.27697 2.50292 29
      vertex 1.91256 2.36577 29
    endloop
  endfacet
  facet normal 0 0 -1
    outer loop
      vertex 0.83147 8.55557 29
      vertex 4.94724 11.3056 29
      vertex 0.866025 8.5 29
    endloop
  endfacet
  facet normal 0 0 -1
    outer loop
      vertex 0.321439 7.05307 29
      vertex 1.91256 2.36577 29
      vertex 1.53997 2.25274 29
    endloop
  endfacet
  facet normal -0 0 -1
    outer loop
      vertex 4.94724 11.3056 29
      vertex 0.83147 8.55557 29
      vertex 4.72045 11.6221 29
    endloop
  endfacet
  facet normal 0 0 -1
    outer loop
      vertex 0.258819 7.03407 29
      vertex 1.53997 2.25274 29
      vertex 1.16079 2.16433 29
    endloop
  endfacet
  facet normal 0 0 -1
    outer loop
      vertex 0.793353 8.60876 29
      vertex 4.72045 11.6221 29
      vertex 0.83147 8.55557 29
    endloop
  endfacet
  facet normal -0 0 -1
    outer loop
      vertex 4.72045 11.6221 29
      vertex 0.793353 8.60876 29
      vertex 4.47345 11.9231 29
    endloop
  endfacet
  facet normal 0 0 -1
    outer loop
      vertex 5.93726 7.61085 29
      vertex 0.997858 7.9346 29
      vertex 1 8 29
    endloop
  endfacet
  facet normal 0 0 -1
    outer loop
      vertex 5.8991 7.22337 29
      vertex 0.991445 7.86947 29
      vertex 0.997858 7.9346 29
    endloop
  endfacet
  facet normal 0 0 -1
    outer loop
      vertex 5.83567 6.83921 29
      vertex 0.980784 7.80491 29
      vertex 0.991445 7.86947 29
    endloop
  endfacet
  facet normal 0 0 -1
    outer loop
      vertex 5.74726 6.46003 29
      vertex 0.965925 7.74118 29
      vertex 0.980784 7.80491 29
    endloop
  endfacet
  facet normal 0 0 -1
    outer loop
      vertex 5.63423 6.08743 29
      vertex 0.94693 7.67856 29
      vertex 0.965925 7.74118 29
    endloop
  endfacet
  facet normal 0 0 -1
    outer loop
      vertex 5.49708 5.72303 29
      vertex 0.923879 7.61732 29
      vertex 0.94693 7.67856 29
    endloop
  endfacet
  facet normal 0 0 -1
    outer loop
      vertex 5.33639 5.36838 29
      vertex 0.896873 7.55771 29
      vertex 0.923879 7.61732 29
    endloop
  endfacet
  facet normal 0 0 -1
    outer loop
      vertex 5.15285 5.025 29
      vertex 0.866025 7.5 29
      vertex 0.896873 7.55771 29
    endloop
  endfacet
  facet normal 0 0 -1
    outer loop
      vertex 4.94724 4.69436 29
      vertex 0.83147 7.44443 29
      vertex 0.866025 7.5 29
    endloop
  endfacet
  facet normal 0 0 -1
    outer loop
      vertex 4.72045 4.37787 29
      vertex 0.793353 7.39124 29
      vertex 0.83147 7.44443 29
    endloop
  endfacet
  facet normal 0 0 -1
    outer loop
      vertex 0.19509 7.01921 29
      vertex 1.16079 2.16433 29
      vertex 0.77663 2.1009 29
    endloop
  endfacet
  facet normal 0 0 -1
    outer loop
      vertex 4.47345 4.07689 29
      vertex 0.75184 7.34065 29
      vertex 0.793353 7.39124 29
    endloop
  endfacet
  facet normal 0 0 -1
    outer loop
      vertex 4.20728 3.79271 29
      vertex 0.707107 7.29289 29
      vertex 0.75184 7.34065 29
    endloop
  endfacet
  facet normal 0 0 -1
    outer loop
      vertex 3.92311 3.52655 29
      vertex 0.659346 7.24816 29
      vertex 0.707107 7.29289 29
    endloop
  endfacet
  facet normal 0 0 -1
    outer loop
      vertex 3.62213 3.27955 29
      vertex 0.608761 7.20665 29
      vertex 0.659346 7.24816 29
    endloop
  endfacet
  facet normal 0 0 -1
    outer loop
      vertex 3.30564 3.05276 29
      vertex 0.55557 7.16853 29
      vertex 0.608761 7.20665 29
    endloop
  endfacet
  facet normal 0 0 -1
    outer loop
      vertex 2.975 2.84715 29
      vertex 0.5 7.13397 29
      vertex 0.55557 7.16853 29
    endloop
  endfacet
  facet normal 0 0 -1
    outer loop
      vertex 2.63162 2.66361 29
      vertex 0.442288 7.10313 29
      vertex 0.5 7.13397 29
    endloop
  endfacet
  facet normal 0 0 -1
    outer loop
      vertex 0.130526 7.00855 29
      vertex 0.77663 2.1009 29
      vertex 0.389148 2.06274 29
    endloop
  endfacet
  facet normal 0 0 -1
    outer loop
      vertex 2.27697 2.50292 29
      vertex 0.382683 7.07612 29
      vertex 0.442288 7.10313 29
    endloop
  endfacet
  facet normal 0 0 -1
    outer loop
      vertex 1.91256 2.36577 29
      vertex 0.321439 7.05307 29
      vertex 0.382683 7.07612 29
    endloop
  endfacet
  facet normal 0 0 -1
    outer loop
      vertex 1.53997 2.25274 29
      vertex 0.258819 7.03407 29
      vertex 0.321439 7.05307 29
    endloop
  endfacet
  facet normal 0 0 -1
    outer loop
      vertex 1.16079 2.16433 29
      vertex 0.19509 7.01921 29
      vertex 0.258819 7.03407 29
    endloop
  endfacet
  facet normal 0 0 -1
    outer loop
      vertex 0.77663 2.1009 29
      vertex 0.130526 7.00855 29
      vertex 0.19509 7.01921 29
    endloop
  endfacet
  facet normal 0 0 -1
    outer loop
      vertex 0.389148 2.06274 29
      vertex 0.065403 7.00214 29
      vertex 0.130526 7.00855 29
    endloop
  endfacet
  facet normal 0 0 -1
    outer loop
      vertex 0 2.05 29
      vertex 0.065403 7.00214 29
      vertex 0.389148 2.06274 29
    endloop
  endfacet
  facet normal 0 0 -1
    outer loop
      vertex 0 2.05 29
      vertex 0 7 29
      vertex 0.065403 7.00214 29
    endloop
  endfacet
  facet normal 0 0 -1
    outer loop
      vertex 0 2.05 29
      vertex -0.065403 7.00214 29
      vertex 0 7 29
    endloop
  endfacet
  facet normal 0 0 -1
    outer loop
      vertex -0.389148 2.06274 29
      vertex -0.065403 7.00214 29
      vertex 0 2.05 29
    endloop
  endfacet
  facet normal -0 0 -1
    outer loop
      vertex -0.065403 7.00214 29
      vertex -0.389148 2.06274 29
      vertex -0.130526 7.00855 29
    endloop
  endfacet
  facet normal 0 0 -1
    outer loop
      vertex -0.77663 2.1009 29
      vertex -0.130526 7.00855 29
      vertex -0.389148 2.06274 29
    endloop
  endfacet
  facet normal -0 0 -1
    outer loop
      vertex -0.130526 7.00855 29
      vertex -0.77663 2.1009 29
      vertex -0.19509 7.01921 29
    endloop
  endfacet
  facet normal 0 0 -1
    outer loop
      vertex -1.16079 2.16433 29
      vertex -0.19509 7.01921 29
      vertex -0.77663 2.1009 29
    endloop
  endfacet
  facet normal -0 0 -1
    outer loop
      vertex -0.19509 7.01921 29
      vertex -1.16079 2.16433 29
      vertex -0.258819 7.03407 29
    endloop
  endfacet
  facet normal 0 0 -1
    outer loop
      vertex -1.53997 2.25274 29
      vertex -0.258819 7.03407 29
      vertex -1.16079 2.16433 29
    endloop
  endfacet
  facet normal -0 0 -1
    outer loop
      vertex -0.258819 7.03407 29
      vertex -1.53997 2.25274 29
      vertex -0.321439 7.05307 29
    endloop
  endfacet
  facet normal 0 0 -1
    outer loop
      vertex -1.91256 2.36577 29
      vertex -0.321439 7.05307 29
      vertex -1.53997 2.25274 29
    endloop
  endfacet
  facet normal -0 0 -1
    outer loop
      vertex -0.321439 7.05307 29
      vertex -1.91256 2.36577 29
      vertex -0.382683 7.07612 29
    endloop
  endfacet
  facet normal 0 0 -1
    outer loop
      vertex -2.27697 2.50292 29
      vertex -0.382683 7.07612 29
      vertex -1.91256 2.36577 29
    endloop
  endfacet
  facet normal -0 0 -1
    outer loop
      vertex -0.382683 7.07612 29
      vertex -2.27697 2.50292 29
      vertex -0.442288 7.10313 29
    endloop
  endfacet
  facet normal 0 0 -1
    outer loop
      vertex -2.63162 2.66361 29
      vertex -0.442288 7.10313 29
      vertex -2.27697 2.50292 29
    endloop
  endfacet
  facet normal -0 0 -1
    outer loop
      vertex -0.442288 7.10313 29
      vertex -2.63162 2.66361 29
      vertex -0.5 7.13397 29
    endloop
  endfacet
  facet normal 0 0 -1
    outer loop
      vertex -2.975 2.84715 29
      vertex -0.5 7.13397 29
      vertex -2.63162 2.66361 29
    endloop
  endfacet
  facet normal -0 0 -1
    outer loop
      vertex -0.5 7.13397 29
      vertex -2.975 2.84715 29
      vertex -0.55557 7.16853 29
    endloop
  endfacet
  facet normal 0 0 -1
    outer loop
      vertex -3.30564 3.05276 29
      vertex -0.55557 7.16853 29
      vertex -2.975 2.84715 29
    endloop
  endfacet
  facet normal -0 0 -1
    outer loop
      vertex -0.55557 7.16853 29
      vertex -3.30564 3.05276 29
      vertex -0.608761 7.20665 29
    endloop
  endfacet
  facet normal 0 0 -1
    outer loop
      vertex -3.62213 3.27955 29
      vertex -0.608761 7.20665 29
      vertex -3.30564 3.05276 29
    endloop
  endfacet
  facet normal -0 0 -1
    outer loop
      vertex -0.608761 7.20665 29
      vertex -3.62213 3.27955 29
      vertex -0.659346 7.24816 29
    endloop
  endfacet
  facet normal 0 0 -1
    outer loop
      vertex -3.92311 3.52655 29
      vertex -0.659346 7.24816 29
      vertex -3.62213 3.27955 29
    endloop
  endfacet
  facet normal -0 0 -1
    outer loop
      vertex -0.659346 7.24816 29
      vertex -3.92311 3.52655 29
      vertex -0.707107 7.29289 29
    endloop
  endfacet
  facet normal 0 0 -1
    outer loop
      vertex -4.20728 3.79271 29
      vertex -0.707107 7.29289 29
      vertex -3.92311 3.52655 29
    endloop
  endfacet
  facet normal -0 0 -1
    outer loop
      vertex -0.707107 7.29289 29
      vertex -4.20728 3.79271 29
      vertex -0.75184 7.34065 29
    endloop
  endfacet
  facet normal -0 0 -1
    outer loop
      vertex -0.75184 7.34065 29
      vertex -4.47345 4.07689 29
      vertex -0.793353 7.39124 29
    endloop
  endfacet
  facet normal 0 0 -1
    outer loop
      vertex -4.47345 4.07689 29
      vertex -0.75184 7.34065 29
      vertex -4.20728 3.79271 29
    endloop
  endfacet
  facet normal 0 0 -1
    outer loop
      vertex 0.75184 8.65935 29
      vertex 4.47345 11.9231 29
      vertex 0.793353 8.60876 29
    endloop
  endfacet
  facet normal -0 0 -1
    outer loop
      vertex 4.47345 11.9231 29
      vertex 0.75184 8.65935 29
      vertex 4.20728 12.2073 29
    endloop
  endfacet
  facet normal 0 0 -1
    outer loop
      vertex 0.707107 8.70711 29
      vertex 4.20728 12.2073 29
      vertex 0.75184 8.65935 29
    endloop
  endfacet
  facet normal -0 0 -1
    outer loop
      vertex 4.20728 12.2073 29
      vertex 0.707107 8.70711 29
      vertex 3.92311 12.4734 29
    endloop
  endfacet
  facet normal 0 0 -1
    outer loop
      vertex 0.659346 8.75184 29
      vertex 3.92311 12.4734 29
      vertex 0.707107 8.70711 29
    endloop
  endfacet
  facet normal -0 0 -1
    outer loop
      vertex 3.92311 12.4734 29
      vertex 0.659346 8.75184 29
      vertex 3.62213 12.7205 29
    endloop
  endfacet
  facet normal 0 0 -1
    outer loop
      vertex 0.608761 8.79335 29
      vertex 3.62213 12.7205 29
      vertex 0.659346 8.75184 29
    endloop
  endfacet
  facet normal -0 0 -1
    outer loop
      vertex 3.62213 12.7205 29
      vertex 0.608761 8.79335 29
      vertex 3.30564 12.9472 29
    endloop
  endfacet
  facet normal 0 0 -1
    outer loop
      vertex 0.55557 8.83147 29
      vertex 3.30564 12.9472 29
      vertex 0.608761 8.79335 29
    endloop
  endfacet
  facet normal -0 0 -1
    outer loop
      vertex 3.30564 12.9472 29
      vertex 0.55557 8.83147 29
      vertex 2.975 13.1529 29
    endloop
  endfacet
  facet normal 0 0 -1
    outer loop
      vertex 0.5 8.86602 29
      vertex 2.975 13.1529 29
      vertex 0.55557 8.83147 29
    endloop
  endfacet
  facet normal -0 0 -1
    outer loop
      vertex 2.975 13.1529 29
      vertex 0.5 8.86602 29
      vertex 2.63162 13.3364 29
    endloop
  endfacet
  facet normal 0 0 -1
    outer loop
      vertex 0.442288 8.89687 29
      vertex 2.63162 13.3364 29
      vertex 0.5 8.86602 29
    endloop
  endfacet
  facet normal -0 0 -1
    outer loop
      vertex 2.63162 13.3364 29
      vertex 0.442288 8.89687 29
      vertex 2.27697 13.4971 29
    endloop
  endfacet
  facet normal 0 0 -1
    outer loop
      vertex 0.382683 8.92388 29
      vertex 2.27697 13.4971 29
      vertex 0.442288 8.89687 29
    endloop
  endfacet
  facet normal -0 0 -1
    outer loop
      vertex 2.27697 13.4971 29
      vertex 0.382683 8.92388 29
      vertex 1.91256 13.6342 29
    endloop
  endfacet
  facet normal 0 0 -1
    outer loop
      vertex 0.321439 8.94693 29
      vertex 1.91256 13.6342 29
      vertex 0.382683 8.92388 29
    endloop
  endfacet
  facet normal -0 0 -1
    outer loop
      vertex 1.91256 13.6342 29
      vertex 0.321439 8.94693 29
      vertex 1.53997 13.7473 29
    endloop
  endfacet
  facet normal 0 0 -1
    outer loop
      vertex 0.258819 8.96593 29
      vertex 1.53997 13.7473 29
      vertex 0.321439 8.94693 29
    endloop
  endfacet
  facet normal -0 0 -1
    outer loop
      vertex 1.53997 13.7473 29
      vertex 0.258819 8.96593 29
      vertex 1.16079 13.8357 29
    endloop
  endfacet
  facet normal 0 0 -1
    outer loop
      vertex 0.19509 8.98078 29
      vertex 1.16079 13.8357 29
      vertex 0.258819 8.96593 29
    endloop
  endfacet
  facet normal -0 0 -1
    outer loop
      vertex 1.16079 13.8357 29
      vertex 0.19509 8.98078 29
      vertex 0.77663 13.8991 29
    endloop
  endfacet
  facet normal 0 0 -1
    outer loop
      vertex 0.130526 8.99144 29
      vertex 0.77663 13.8991 29
      vertex 0.19509 8.98078 29
    endloop
  endfacet
  facet normal -0 0 -1
    outer loop
      vertex 0.77663 13.8991 29
      vertex 0.130526 8.99144 29
      vertex 0.389148 13.9373 29
    endloop
  endfacet
  facet normal 0 0 -1
    outer loop
      vertex 0.065403 8.99786 29
      vertex 0.389148 13.9373 29
      vertex 0.130526 8.99144 29
    endloop
  endfacet
  facet normal 0 0 -1
    outer loop
      vertex 0 9 29
      vertex 0.389148 13.9373 29
      vertex 0.065403 8.99786 29
    endloop
  endfacet
  facet normal 0 0 -1
    outer loop
      vertex 0 9 29
      vertex 0 13.95 29
      vertex 0.389148 13.9373 29
    endloop
  endfacet
  facet normal 0 0 -1
    outer loop
      vertex -0.065403 8.99786 29
      vertex 0 13.95 29
      vertex 0 9 29
    endloop
  endfacet
  facet normal 0 0 -1
    outer loop
      vertex -0.389148 13.9373 29
      vertex -0.065403 8.99786 29
      vertex -0.130526 8.99144 29
    endloop
  endfacet
  facet normal 0 0 -1
    outer loop
      vertex -0.77663 13.8991 29
      vertex -0.130526 8.99144 29
      vertex -0.19509 8.98078 29
    endloop
  endfacet
  facet normal 0 0 -1
    outer loop
      vertex -1.16079 13.8357 29
      vertex -0.19509 8.98078 29
      vertex -0.258819 8.96593 29
    endloop
  endfacet
  facet normal 0 0 -1
    outer loop
      vertex -1.53997 13.7473 29
      vertex -0.258819 8.96593 29
      vertex -0.321439 8.94693 29
    endloop
  endfacet
  facet normal 0 0 -1
    outer loop
      vertex -1.91256 13.6342 29
      vertex -0.321439 8.94693 29
      vertex -0.382683 8.92388 29
    endloop
  endfacet
  facet normal 0 0 -1
    outer loop
      vertex -0.065403 8.99786 29
      vertex -0.389148 13.9373 29
      vertex 0 13.95 29
    endloop
  endfacet
  facet normal 0 0 -1
    outer loop
      vertex -2.27697 13.4971 29
      vertex -0.382683 8.92388 29
      vertex -0.442288 8.89687 29
    endloop
  endfacet
  facet normal 0 0 -1
    outer loop
      vertex -2.63162 13.3364 29
      vertex -0.442288 8.89687 29
      vertex -0.5 8.86602 29
    endloop
  endfacet
  facet normal 0 0 -1
    outer loop
      vertex -2.975 13.1529 29
      vertex -0.5 8.86602 29
      vertex -0.55557 8.83147 29
    endloop
  endfacet
  facet normal 0 0 -1
    outer loop
      vertex -3.30564 12.9472 29
      vertex -0.55557 8.83147 29
      vertex -0.608761 8.79335 29
    endloop
  endfacet
  facet normal 0 0 -1
    outer loop
      vertex -3.62213 12.7205 29
      vertex -0.608761 8.79335 29
      vertex -0.659346 8.75184 29
    endloop
  endfacet
  facet normal 0 0 -1
    outer loop
      vertex -3.92311 12.4734 29
      vertex -0.659346 8.75184 29
      vertex -0.707107 8.70711 29
    endloop
  endfacet
  facet normal 0 0 -1
    outer loop
      vertex -4.20728 12.2073 29
      vertex -0.707107 8.70711 29
      vertex -0.75184 8.65935 29
    endloop
  endfacet
  facet normal 0 0 -1
    outer loop
      vertex -0.130526 8.99144 29
      vertex -0.77663 13.8991 29
      vertex -0.389148 13.9373 29
    endloop
  endfacet
  facet normal 0 0 -1
    outer loop
      vertex -4.47345 11.9231 29
      vertex -0.75184 8.65935 29
      vertex -0.793353 8.60876 29
    endloop
  endfacet
  facet normal 0 0 -1
    outer loop
      vertex -4.72045 11.6221 29
      vertex -0.793353 8.60876 29
      vertex -0.83147 8.55557 29
    endloop
  endfacet
  facet normal 0 0 -1
    outer loop
      vertex -4.94724 11.3056 29
      vertex -0.83147 8.55557 29
      vertex -0.866025 8.5 29
    endloop
  endfacet
  facet normal 0 0 -1
    outer loop
      vertex -5.15285 10.975 29
      vertex -0.866025 8.5 29
      vertex -0.896873 8.44229 29
    endloop
  endfacet
  facet normal 0 0 -1
    outer loop
      vertex -5.33639 10.6316 29
      vertex -0.896873 8.44229 29
      vertex -0.923879 8.38268 29
    endloop
  endfacet
  facet normal 0 0 -1
    outer loop
      vertex -5.49708 10.277 29
      vertex -0.923879 8.38268 29
      vertex -0.94693 8.32144 29
    endloop
  endfacet
  facet normal 0 0 -1
    outer loop
      vertex -5.63423 9.91256 29
      vertex -0.94693 8.32144 29
      vertex -0.965925 8.25882 29
    endloop
  endfacet
  facet normal 0 0 -1
    outer loop
      vertex -5.74726 9.53997 29
      vertex -0.965925 8.25882 29
      vertex -0.980784 8.19509 29
    endloop
  endfacet
  facet normal 0 0 -1
    outer loop
      vertex -5.83567 9.16079 29
      vertex -0.980784 8.19509 29
      vertex -0.991445 8.13053 29
    endloop
  endfacet
  facet normal 0 0 -1
    outer loop
      vertex -5.8991 8.77663 29
      vertex -0.991445 8.13053 29
      vertex -0.997858 8.0654 29
    endloop
  endfacet
  facet normal 0 0 -1
    outer loop
      vertex -0.19509 8.98078 29
      vertex -1.16079 13.8357 29
      vertex -0.77663 13.8991 29
    endloop
  endfacet
  facet normal 0 0 -1
    outer loop
      vertex -5.93726 8.38915 29
      vertex -0.997858 8.0654 29
      vertex -1 8 29
    endloop
  endfacet
  facet normal 0 0 -1
    outer loop
      vertex -4.72045 4.37787 29
      vertex -0.793353 7.39124 29
      vertex -4.47345 4.07689 29
    endloop
  endfacet
  facet normal -0 0 -1
    outer loop
      vertex -0.793353 7.39124 29
      vertex -4.72045 4.37787 29
      vertex -0.83147 7.44443 29
    endloop
  endfacet
  facet normal 0 0 -1
    outer loop
      vertex -0.258819 8.96593 29
      vertex -1.53997 13.7473 29
      vertex -1.16079 13.8357 29
    endloop
  endfacet
  facet normal 0 0 -1
    outer loop
      vertex -4.94724 4.69436 29
      vertex -0.83147 7.44443 29
      vertex -4.72045 4.37787 29
    endloop
  endfacet
  facet normal 0 0 -1
    outer loop
      vertex -0.321439 8.94693 29
      vertex -1.91256 13.6342 29
      vertex -1.53997 13.7473 29
    endloop
  endfacet
  facet normal -0 0 -1
    outer loop
      vertex -0.83147 7.44443 29
      vertex -4.94724 4.69436 29
      vertex -0.866025 7.5 29
    endloop
  endfacet
  facet normal 0 0 -1
    outer loop
      vertex -0.382683 8.92388 29
      vertex -2.27697 13.4971 29
      vertex -1.91256 13.6342 29
    endloop
  endfacet
  facet normal 0 0 -1
    outer loop
      vertex -5.15285 5.025 29
      vertex -0.866025 7.5 29
      vertex -4.94724 4.69436 29
    endloop
  endfacet
  facet normal 0 0 -1
    outer loop
      vertex -0.442288 8.89687 29
      vertex -2.63162 13.3364 29
      vertex -2.27697 13.4971 29
    endloop
  endfacet
  facet normal -0 0 -1
    outer loop
      vertex -0.866025 7.5 29
      vertex -5.15285 5.025 29
      vertex -0.896873 7.55771 29
    endloop
  endfacet
  facet normal 0 0 -1
    outer loop
      vertex -0.5 8.86602 29
      vertex -2.975 13.1529 29
      vertex -2.63162 13.3364 29
    endloop
  endfacet
  facet normal 0 0 -1
    outer loop
      vertex -5.33639 5.36838 29
      vertex -0.896873 7.55771 29
      vertex -5.15285 5.025 29
    endloop
  endfacet
  facet normal 0 0 -1
    outer loop
      vertex -0.55557 8.83147 29
      vertex -3.30564 12.9472 29
      vertex -2.975 13.1529 29
    endloop
  endfacet
  facet normal -0 0 -1
    outer loop
      vertex -0.896873 7.55771 29
      vertex -5.33639 5.36838 29
      vertex -0.923879 7.61732 29
    endloop
  endfacet
  facet normal 0 0 -1
    outer loop
      vertex -0.608761 8.79335 29
      vertex -3.62213 12.7205 29
      vertex -3.30564 12.9472 29
    endloop
  endfacet
  facet normal 0 0 -1
    outer loop
      vertex -5.49708 5.72303 29
      vertex -0.923879 7.61732 29
      vertex -5.33639 5.36838 29
    endloop
  endfacet
  facet normal 0 0 -1
    outer loop
      vertex -0.659346 8.75184 29
      vertex -3.92311 12.4734 29
      vertex -3.62213 12.7205 29
    endloop
  endfacet
  facet normal -0 0 -1
    outer loop
      vertex -0.923879 7.61732 29
      vertex -5.49708 5.72303 29
      vertex -0.94693 7.67856 29
    endloop
  endfacet
  facet normal 0 0 -1
    outer loop
      vertex -0.707107 8.70711 29
      vertex -4.20728 12.2073 29
      vertex -3.92311 12.4734 29
    endloop
  endfacet
  facet normal 0 0 -1
    outer loop
      vertex -5.63423 6.08743 29
      vertex -0.94693 7.67856 29
      vertex -5.49708 5.72303 29
    endloop
  endfacet
  facet normal 0 0 -1
    outer loop
      vertex -0.75184 8.65935 29
      vertex -4.47345 11.9231 29
      vertex -4.20728 12.2073 29
    endloop
  endfacet
  facet normal -0 0 -1
    outer loop
      vertex -0.94693 7.67856 29
      vertex -5.63423 6.08743 29
      vertex -0.965925 7.74118 29
    endloop
  endfacet
  facet normal 0 0 -1
    outer loop
      vertex -0.793353 8.60876 29
      vertex -4.72045 11.6221 29
      vertex -4.47345 11.9231 29
    endloop
  endfacet
  facet normal 0 0 -1
    outer loop
      vertex -5.74726 6.46003 29
      vertex -0.965925 7.74118 29
      vertex -5.63423 6.08743 29
    endloop
  endfacet
  facet normal 0 0 -1
    outer loop
      vertex -0.83147 8.55557 29
      vertex -4.94724 11.3056 29
      vertex -4.72045 11.6221 29
    endloop
  endfacet
  facet normal -0 0 -1
    outer loop
      vertex -0.965925 7.74118 29
      vertex -5.74726 6.46003 29
      vertex -0.980784 7.80491 29
    endloop
  endfacet
  facet normal 0 0 -1
    outer loop
      vertex -0.866025 8.5 29
      vertex -5.15285 10.975 29
      vertex -4.94724 11.3056 29
    endloop
  endfacet
  facet normal 0 0 -1
    outer loop
      vertex -5.83567 6.83921 29
      vertex -0.980784 7.80491 29
      vertex -5.74726 6.46003 29
    endloop
  endfacet
  facet normal 0 0 -1
    outer loop
      vertex -0.896873 8.44229 29
      vertex -5.33639 10.6316 29
      vertex -5.15285 10.975 29
    endloop
  endfacet
  facet normal -0 0 -1
    outer loop
      vertex -0.980784 7.80491 29
      vertex -5.83567 6.83921 29
      vertex -0.991445 7.86947 29
    endloop
  endfacet
  facet normal 0 0 -1
    outer loop
      vertex -0.923879 8.38268 29
      vertex -5.49708 10.277 29
      vertex -5.33639 10.6316 29
    endloop
  endfacet
  facet normal 0 0 -1
    outer loop
      vertex -5.8991 7.22337 29
      vertex -0.991445 7.86947 29
      vertex -5.83567 6.83921 29
    endloop
  endfacet
  facet normal 0 0 -1
    outer loop
      vertex -0.94693 8.32144 29
      vertex -5.63423 9.91256 29
      vertex -5.49708 10.277 29
    endloop
  endfacet
  facet normal -0 0 -1
    outer loop
      vertex -0.991445 7.86947 29
      vertex -5.8991 7.22337 29
      vertex -0.997858 7.9346 29
    endloop
  endfacet
  facet normal 0 0 -1
    outer loop
      vertex -0.965925 8.25882 29
      vertex -5.74726 9.53997 29
      vertex -5.63423 9.91256 29
    endloop
  endfacet
  facet normal 0 0 -1
    outer loop
      vertex -5.93726 7.61085 29
      vertex -0.997858 7.9346 29
      vertex -5.8991 7.22337 29
    endloop
  endfacet
  facet normal 0 0 -1
    outer loop
      vertex -0.980784 8.19509 29
      vertex -5.83567 9.16079 29
      vertex -5.74726 9.53997 29
    endloop
  endfacet
  facet normal -0 0 -1
    outer loop
      vertex -0.997858 7.9346 29
      vertex -5.93726 7.61085 29
      vertex -1 8 29
    endloop
  endfacet
  facet normal 0 0 -1
    outer loop
      vertex -0.991445 8.13053 29
      vertex -5.8991 8.77663 29
      vertex -5.83567 9.16079 29
    endloop
  endfacet
  facet normal 0 0 -1
    outer loop
      vertex -5.95 8 29
      vertex -1 8 29
      vertex -5.93726 7.61085 29
    endloop
  endfacet
  facet normal 0 0 -1
    outer loop
      vertex -0.997858 8.0654 29
      vertex -5.93726 8.38915 29
      vertex -5.8991 8.77663 29
    endloop
  endfacet
  facet normal 0 0 -1
    outer loop
      vertex -1 8 29
      vertex -5.95 8 29
      vertex -5.93726 8.38915 29
    endloop
  endfacet
  facet normal -0.634381 0.77302 0
    outer loop
      vertex 3.92311 3.52655 0
      vertex 3.62213 3.27955 29
      vertex 3.92311 3.52655 29
    endloop
  endfacet
  facet normal -0.634381 0.77302 0
    outer loop
      vertex 3.62213 3.27955 29
      vertex 3.92311 3.52655 0
      vertex 3.62213 3.27955 0
    endloop
  endfacet
  facet normal -0.72988 -0.683575 0
    outer loop
      vertex 4.47345 11.9231 0
      vertex 4.20728 12.2073 29
      vertex 4.20728 12.2073 0
    endloop
  endfacet
  facet normal -0.72988 -0.683575 0
    outer loop
      vertex 4.20728 12.2073 29
      vertex 4.47345 11.9231 0
      vertex 4.47345 11.9231 29
    endloop
  endfacet
  facet normal 0.0981096 -0.995176 0
    outer loop
      vertex -0.77663 13.8991 0
      vertex -0.389148 13.9373 29
      vertex -0.77663 13.8991 29
    endloop
  endfacet
  facet normal 0.0981096 -0.995176 0
    outer loop
      vertex -0.389148 13.9373 29
      vertex -0.77663 13.8991 0
      vertex -0.389148 13.9373 0
    endloop
  endfacet
  facet normal 0.352128 -0.935952 0
    outer loop
      vertex -2.27697 13.4971 0
      vertex -1.91256 13.6342 29
      vertex -2.27697 13.4971 29
    endloop
  endfacet
  facet normal 0.352128 -0.935952 0
    outer loop
      vertex -1.91256 13.6342 29
      vertex -2.27697 13.4971 0
      vertex -1.91256 13.6342 0
    endloop
  endfacet
  facet normal 0.999465 0.0327205 0
    outer loop
      vertex -5.93726 7.61085 29
      vertex -5.95 8 17.6
      vertex -5.95 8 29
    endloop
  endfacet
  facet normal 0.999465 0.0327205 0
    outer loop
      vertex -5.95 8 17.6
      vertex -5.93726 7.61085 29
      vertex -5.95 8 14.4
    endloop
  endfacet
  facet normal 0.999465 0.0327205 -0
    outer loop
      vertex -5.93726 7.61085 0
      vertex -5.95 8 14.4
      vertex -5.93726 7.61085 29
    endloop
  endfacet
  facet normal 0.999465 0.0327205 0
    outer loop
      vertex -5.95 8 14.4
      vertex -5.93726 7.61085 0
      vertex -5.95 8 0
    endloop
  endfacet
  facet normal 0.729856 0.683601 0
    outer loop
      vertex -4.20728 3.79271 29
      vertex -4.47345 4.07689 0
      vertex -4.47345 4.07689 29
    endloop
  endfacet
  facet normal 0.729856 0.683601 0
    outer loop
      vertex -4.47345 4.07689 0
      vertex -4.20728 3.79271 29
      vertex -4.20728 3.79271 0
    endloop
  endfacet
  facet normal -0.162833 -0.986654 0
    outer loop
      vertex 0.77663 13.8991 0
      vertex 1.16079 13.8357 29
      vertex 0.77663 13.8991 29
    endloop
  endfacet
  facet normal -0.162833 -0.986654 -0
    outer loop
      vertex 1.16079 13.8357 29
      vertex 0.77663 13.8991 0
      vertex 1.16079 13.8357 0
    endloop
  endfacet
  facet normal 0.528243 -0.849093 0
    outer loop
      vertex -3.30564 12.9472 0
      vertex -2.975 13.1529 29
      vertex -3.30564 12.9472 29
    endloop
  endfacet
  facet normal 0.528243 -0.849093 0
    outer loop
      vertex -2.975 13.1529 29
      vertex -3.30564 12.9472 0
      vertex -2.975 13.1529 0
    endloop
  endfacet
  facet normal 0.162908 0.986641 -0
    outer loop
      vertex -0.77663 2.1009 0
      vertex -1.16079 2.16433 29
      vertex -0.77663 2.1009 29
    endloop
  endfacet
  facet normal 0.162908 0.986641 0
    outer loop
      vertex -1.16079 2.16433 29
      vertex -0.77663 2.1009 0
      vertex -1.16079 2.16433 0
    endloop
  endfacet
  facet normal 0.999465 -0.0327205 0
    outer loop
      vertex -5.95 8 29
      vertex -5.93726 8.38915 17.6
      vertex -5.93726 8.38915 29
    endloop
  endfacet
  facet normal 0.999465 -0.0327205 0
    outer loop
      vertex -5.93726 8.38915 17.6
      vertex -5.95 8 29
      vertex -5.95 8 17.6
    endloop
  endfacet
  facet normal 0.999465 -0.0327205 0
    outer loop
      vertex -5.95 8 14.4
      vertex -5.93726 8.38915 0
      vertex -5.93726 8.38915 14.4
    endloop
  endfacet
  facet normal 0.999465 -0.0327205 0
    outer loop
      vertex -5.93726 8.38915 0
      vertex -5.95 8 14.4
      vertex -5.95 8 0
    endloop
  endfacet
  facet normal -0.22707 0.973878 0
    outer loop
      vertex 1.53997 2.25274 0
      vertex 1.16079 2.16433 29
      vertex 1.53997 2.25274 29
    endloop
  endfacet
  facet normal -0.22707 0.973878 0
    outer loop
      vertex 1.16079 2.16433 29
      vertex 1.53997 2.25274 0
      vertex 1.16079 2.16433 0
    endloop
  endfacet
  facet normal 0.935919 -0.352215 0
    outer loop
      vertex -5.63423 9.91256 29
      vertex -5.49708 10.277 17.6
      vertex -5.49708 10.277 29
    endloop
  endfacet
  facet normal 0.935919 -0.352215 0
    outer loop
      vertex -5.49708 10.277 17.6
      vertex -5.63423 9.91256 29
      vertex -5.63423 9.91256 17.6
    endloop
  endfacet
  facet normal 0.935919 -0.352215 0
    outer loop
      vertex -5.63423 9.91256 14.4
      vertex -5.49708 10.277 0
      vertex -5.49708 10.277 14.4
    endloop
  endfacet
  facet normal 0.935919 -0.352215 0
    outer loop
      vertex -5.49708 10.277 0
      vertex -5.63423 9.91256 14.4
      vertex -5.63423 9.91256 0
    endloop
  endfacet
  facet normal 0.956938 0.290292 0
    outer loop
      vertex -5.63423 6.08743 29
      vertex -5.74726 6.46003 0
      vertex -5.74726 6.46003 29
    endloop
  endfacet
  facet normal 0.956938 0.290292 0
    outer loop
      vertex -5.74726 6.46003 0
      vertex -5.63423 6.08743 29
      vertex -5.63423 6.08743 0
    endloop
  endfacet
  facet normal -0.995187 -0.0979907 0
    outer loop
      vertex 0.997858 8.0654 29
      vertex 0.991445 8.13053 32
      vertex 0.991445 8.13053 29
    endloop
  endfacet
  facet normal -0.995187 -0.0979907 0
    outer loop
      vertex 0.991445 8.13053 32
      vertex 0.997858 8.0654 29
      vertex 0.997858 8.0654 32
    endloop
  endfacet
  facet normal -0.999464 -0.0327347 0
    outer loop
      vertex 1 8 29
      vertex 0.997858 8.0654 32
      vertex 0.997858 8.0654 29
    endloop
  endfacet
  facet normal -0.999464 -0.0327347 0
    outer loop
      vertex 0.997858 8.0654 32
      vertex 1 8 29
      vertex 1 8 32
    endloop
  endfacet
  facet normal 0.290347 -0.956922 0
    outer loop
      vertex -0.321439 8.94693 29
      vertex -0.258819 8.96593 32
      vertex -0.321439 8.94693 32
    endloop
  endfacet
  facet normal 0.290347 -0.956922 0
    outer loop
      vertex -0.258819 8.96593 32
      vertex -0.321439 8.94693 29
      vertex -0.258819 8.96593 29
    endloop
  endfacet
  facet normal 0.582517 -0.812819 0
    outer loop
      vertex -0.608761 8.79335 29
      vertex -0.55557 8.83147 32
      vertex -0.608761 8.79335 32
    endloop
  endfacet
  facet normal 0.582517 -0.812819 0
    outer loop
      vertex -0.55557 8.83147 32
      vertex -0.608761 8.79335 29
      vertex -0.55557 8.83147 29
    endloop
  endfacet
  facet normal -0.910881 0.41267 0
    outer loop
      vertex 0.896873 7.55771 29
      vertex 0.923879 7.61732 32
      vertex 0.923879 7.61732 29
    endloop
  endfacet
  facet normal -0.910881 0.41267 0
    outer loop
      vertex 0.923879 7.61732 32
      vertex 0.896873 7.55771 29
      vertex 0.896873 7.55771 32
    endloop
  endfacet
  facet normal -0.471305 0.88197 0
    outer loop
      vertex 0.5 7.13397 29
      vertex 0.442288 7.10313 32
      vertex 0.5 7.13397 32
    endloop
  endfacet
  facet normal -0.471305 0.88197 0
    outer loop
      vertex 0.442288 7.10313 32
      vertex 0.5 7.13397 29
      vertex 0.442288 7.10313 29
    endloop
  endfacet
  facet normal -0.290347 0.956922 0
    outer loop
      vertex 0.321439 7.05307 29
      vertex 0.258819 7.03407 32
      vertex 0.321439 7.05307 32
    endloop
  endfacet
  facet normal -0.290347 0.956922 0
    outer loop
      vertex 0.258819 7.03407 32
      vertex 0.321439 7.05307 29
      vertex 0.258819 7.03407 29
    endloop
  endfacet
  facet normal -0.412749 0.910845 0
    outer loop
      vertex 0.442288 7.10313 29
      vertex 0.382683 7.07612 32
      vertex 0.442288 7.10313 32
    endloop
  endfacet
  facet normal -0.412749 0.910845 0
    outer loop
      vertex 0.382683 7.07612 32
      vertex 0.442288 7.10313 29
      vertex 0.382683 7.07612 29
    endloop
  endfacet
  facet normal -0.995187 0.0979907 0
    outer loop
      vertex 0.991445 7.86947 29
      vertex 0.997858 7.9346 32
      vertex 0.997858 7.9346 29
    endloop
  endfacet
  facet normal -0.995187 0.0979907 0
    outer loop
      vertex 0.997858 7.9346 32
      vertex 0.991445 7.86947 29
      vertex 0.991445 7.86947 32
    endloop
  endfacet
  facet normal 0.986638 0.162927 0
    outer loop
      vertex -0.980784 7.80491 32
      vertex -0.991445 7.86947 29
      vertex -0.991445 7.86947 32
    endloop
  endfacet
  facet normal 0.986638 0.162927 0
    outer loop
      vertex -0.991445 7.86947 29
      vertex -0.980784 7.80491 32
      vertex -0.980784 7.80491 29
    endloop
  endfacet
  facet normal -0.729857 0.683599 0
    outer loop
      vertex 0.707107 7.29289 29
      vertex 0.75184 7.34065 32
      vertex 0.75184 7.34065 29
    endloop
  endfacet
  facet normal -0.729857 0.683599 0
    outer loop
      vertex 0.75184 7.34065 32
      vertex 0.707107 7.29289 29
      vertex 0.707107 7.29289 32
    endloop
  endfacet
  facet normal -0.97388 -0.227065 0
    outer loop
      vertex 0.980784 8.19509 29
      vertex 0.965925 8.25882 32
      vertex 0.965925 8.25882 29
    endloop
  endfacet
  facet normal -0.97388 -0.227065 0
    outer loop
      vertex 0.965925 8.25882 32
      vertex 0.980784 8.19509 29
      vertex 0.980784 8.19509 32
    endloop
  endfacet
  facet normal -0.352242 -0.935909 0
    outer loop
      vertex 0.321439 8.94693 29
      vertex 0.382683 8.92388 32
      vertex 0.321439 8.94693 32
    endloop
  endfacet
  facet normal -0.352242 -0.935909 -0
    outer loop
      vertex 0.382683 8.92388 32
      vertex 0.321439 8.94693 29
      vertex 0.382683 8.92388 29
    endloop
  endfacet
  facet normal 0.412749 -0.910845 0
    outer loop
      vertex -0.442288 8.89687 29
      vertex -0.382683 8.92388 32
      vertex -0.442288 8.89687 32
    endloop
  endfacet
  facet normal 0.412749 -0.910845 0
    outer loop
      vertex -0.382683 8.92388 32
      vertex -0.442288 8.89687 29
      vertex -0.382683 8.92388 29
    endloop
  endfacet
  facet normal 0.0979558 0.995191 -0
    outer loop
      vertex -0.065403 7.00214 29
      vertex -0.130526 7.00855 32
      vertex -0.065403 7.00214 32
    endloop
  endfacet
  facet normal 0.0979558 0.995191 0
    outer loop
      vertex -0.130526 7.00855 32
      vertex -0.065403 7.00214 29
      vertex -0.130526 7.00855 29
    endloop
  endfacet
  facet normal 0.956943 0.290277 0
    outer loop
      vertex -0.94693 7.67856 32
      vertex -0.965925 7.74118 29
      vertex -0.965925 7.74118 32
    endloop
  endfacet
  facet normal 0.956943 0.290277 0
    outer loop
      vertex -0.965925 7.74118 29
      vertex -0.94693 7.67856 32
      vertex -0.94693 7.67856 29
    endloop
  endfacet
  facet normal 0.0327027 -0.999465 0
    outer loop
      vertex -0.065403 8.99786 29
      vertex 0 9 32
      vertex -0.065403 8.99786 32
    endloop
  endfacet
  facet normal 0.0327027 -0.999465 0
    outer loop
      vertex 0 9 32
      vertex -0.065403 8.99786 29
      vertex 0 9 29
    endloop
  endfacet
  facet normal -0.773049 -0.634346 0
    outer loop
      vertex 0.793353 8.60876 29
      vertex 0.75184 8.65935 32
      vertex 0.75184 8.65935 29
    endloop
  endfacet
  facet normal -0.773049 -0.634346 0
    outer loop
      vertex 0.75184 8.65935 32
      vertex 0.793353 8.60876 29
      vertex 0.793353 8.60876 32
    endloop
  endfacet
  facet normal -0.956943 -0.290277 0
    outer loop
      vertex 0.965925 8.25882 29
      vertex 0.94693 8.32144 32
      vertex 0.94693 8.32144 29
    endloop
  endfacet
  facet normal -0.956943 -0.290277 0
    outer loop
      vertex 0.94693 8.32144 32
      vertex 0.965925 8.25882 29
      vertex 0.965925 8.25882 32
    endloop
  endfacet
  facet normal 0.227083 0.973875 -0
    outer loop
      vertex -0.19509 7.01921 29
      vertex -0.258819 7.03407 32
      vertex -0.19509 7.01921 32
    endloop
  endfacet
  facet normal 0.227083 0.973875 0
    outer loop
      vertex -0.258819 7.03407 32
      vertex -0.19509 7.01921 29
      vertex -0.258819 7.03407 29
    endloop
  endfacet
  facet normal -0.935896 -0.352275 0
    outer loop
      vertex 0.94693 8.32144 29
      vertex 0.923879 8.38268 32
      vertex 0.923879 8.38268 29
    endloop
  endfacet
  facet normal -0.935896 -0.352275 0
    outer loop
      vertex 0.923879 8.38268 32
      vertex 0.94693 8.32144 29
      vertex 0.94693 8.32144 32
    endloop
  endfacet
  facet normal 0.849207 0.528061 0
    outer loop
      vertex -0.83147 7.44443 32
      vertex -0.866025 7.5 29
      vertex -0.866025 7.5 32
    endloop
  endfacet
  facet normal 0.849207 0.528061 0
    outer loop
      vertex -0.866025 7.5 29
      vertex -0.83147 7.44443 32
      vertex -0.83147 7.44443 29
    endloop
  endfacet
  facet normal 0.849207 -0.528061 0
    outer loop
      vertex -0.866025 8.5 32
      vertex -0.83147 8.55557 29
      vertex -0.83147 8.55557 32
    endloop
  endfacet
  facet normal 0.849207 -0.528061 0
    outer loop
      vertex -0.83147 8.55557 29
      vertex -0.866025 8.5 32
      vertex -0.866025 8.5 29
    endloop
  endfacet
  facet normal -0.812835 -0.582494 0
    outer loop
      vertex 0.83147 8.55557 29
      vertex 0.793353 8.60876 32
      vertex 0.793353 8.60876 29
    endloop
  endfacet
  facet normal -0.812835 -0.582494 0
    outer loop
      vertex 0.793353 8.60876 32
      vertex 0.83147 8.55557 29
      vertex 0.83147 8.55557 32
    endloop
  endfacet
  facet normal 0.683567 -0.729887 0
    outer loop
      vertex -0.707107 8.70711 29
      vertex -0.659346 8.75184 32
      vertex -0.707107 8.70711 32
    endloop
  endfacet
  facet normal 0.683567 -0.729887 0
    outer loop
      vertex -0.659346 8.75184 32
      vertex -0.707107 8.70711 29
      vertex -0.659346 8.75184 29
    endloop
  endfacet
  facet normal -0.956943 0.290277 0
    outer loop
      vertex 0.94693 7.67856 29
      vertex 0.965925 7.74118 32
      vertex 0.965925 7.74118 29
    endloop
  endfacet
  facet normal -0.956943 0.290277 0
    outer loop
      vertex 0.965925 7.74118 32
      vertex 0.94693 7.67856 29
      vertex 0.94693 7.67856 32
    endloop
  endfacet
  facet normal 0.528116 0.849172 -0
    outer loop
      vertex -0.5 7.13397 29
      vertex -0.55557 7.16853 32
      vertex -0.5 7.13397 32
    endloop
  endfacet
  facet normal 0.528116 0.849172 0
    outer loop
      vertex -0.55557 7.16853 32
      vertex -0.5 7.13397 29
      vertex -0.55557 7.16853 29
    endloop
  endfacet
  facet normal -0.352242 0.935909 0
    outer loop
      vertex 0.382683 7.07612 29
      vertex 0.321439 7.05307 32
      vertex 0.382683 7.07612 32
    endloop
  endfacet
  facet normal -0.352242 0.935909 0
    outer loop
      vertex 0.321439 7.05307 32
      vertex 0.382683 7.07612 29
      vertex 0.321439 7.05307 29
    endloop
  endfacet
  facet normal -0.634356 -0.773041 0
    outer loop
      vertex 0.608761 8.79335 29
      vertex 0.659346 8.75184 32
      vertex 0.608761 8.79335 32
    endloop
  endfacet
  facet normal -0.634356 -0.773041 -0
    outer loop
      vertex 0.659346 8.75184 32
      vertex 0.608761 8.79335 29
      vertex 0.659346 8.75184 29
    endloop
  endfacet
  facet normal 0.634356 -0.773041 0
    outer loop
      vertex -0.659346 8.75184 29
      vertex -0.608761 8.79335 32
      vertex -0.659346 8.75184 32
    endloop
  endfacet
  facet normal 0.634356 -0.773041 0
    outer loop
      vertex -0.608761 8.79335 32
      vertex -0.659346 8.75184 29
      vertex -0.608761 8.79335 29
    endloop
  endfacet
  facet normal -0.881913 -0.471413 0
    outer loop
      vertex 0.896873 8.44229 29
      vertex 0.866025 8.5 32
      vertex 0.866025 8.5 29
    endloop
  endfacet
  facet normal -0.881913 -0.471413 0
    outer loop
      vertex 0.866025 8.5 32
      vertex 0.896873 8.44229 29
      vertex 0.896873 8.44229 32
    endloop
  endfacet
  facet normal -0.528116 0.849172 0
    outer loop
      vertex 0.55557 7.16853 29
      vertex 0.5 7.13397 32
      vertex 0.55557 7.16853 32
    endloop
  endfacet
  facet normal -0.528116 0.849172 0
    outer loop
      vertex 0.5 7.13397 32
      vertex 0.55557 7.16853 29
      vertex 0.5 7.13397 29
    endloop
  endfacet
  facet normal 0.935896 -0.352275 0
    outer loop
      vertex -0.94693 8.32144 32
      vertex -0.923879 8.38268 29
      vertex -0.923879 8.38268 32
    endloop
  endfacet
  facet normal 0.935896 -0.352275 0
    outer loop
      vertex -0.923879 8.38268 29
      vertex -0.94693 8.32144 32
      vertex -0.94693 8.32144 29
    endloop
  endfacet
  facet normal 0.683567 0.729887 -0
    outer loop
      vertex -0.659346 7.24816 29
      vertex -0.707107 7.29289 32
      vertex -0.659346 7.24816 32
    endloop
  endfacet
  facet normal 0.683567 0.729887 0
    outer loop
      vertex -0.707107 7.29289 32
      vertex -0.659346 7.24816 29
      vertex -0.707107 7.29289 29
    endloop
  endfacet
  facet normal -0.528006 -0.849241 0
    outer loop
      vertex 0.5 8.86602 29
      vertex 0.55557 8.83147 32
      vertex 0.5 8.86602 32
    endloop
  endfacet
  facet normal -0.528006 -0.849241 -0
    outer loop
      vertex 0.55557 8.83147 32
      vertex 0.5 8.86602 29
      vertex 0.55557 8.83147 29
    endloop
  endfacet
  facet normal 0.935896 0.352275 0
    outer loop
      vertex -0.923879 7.61732 32
      vertex -0.94693 7.67856 29
      vertex -0.94693 7.67856 32
    endloop
  endfacet
  facet normal 0.935896 0.352275 0
    outer loop
      vertex -0.94693 7.67856 29
      vertex -0.923879 7.61732 32
      vertex -0.923879 7.61732 29
    endloop
  endfacet
  facet normal -0.227083 0.973875 0
    outer loop
      vertex 0.258819 7.03407 29
      vertex 0.19509 7.01921 32
      vertex 0.258819 7.03407 32
    endloop
  endfacet
  facet normal -0.227083 0.973875 0
    outer loop
      vertex 0.19509 7.01921 32
      vertex 0.258819 7.03407 29
      vertex 0.19509 7.01921 29
    endloop
  endfacet
  facet normal -0.471424 -0.881907 0
    outer loop
      vertex 0.442288 8.89687 29
      vertex 0.5 8.86602 32
      vertex 0.442288 8.89687 32
    endloop
  endfacet
  facet normal -0.471424 -0.881907 -0
    outer loop
      vertex 0.5 8.86602 32
      vertex 0.442288 8.89687 29
      vertex 0.5 8.86602 29
    endloop
  endfacet
  facet normal -0.0979558 0.995191 0
    outer loop
      vertex 0.130526 7.00855 29
      vertex 0.065403 7.00214 32
      vertex 0.130526 7.00855 32
    endloop
  endfacet
  facet normal -0.0979558 0.995191 0
    outer loop
      vertex 0.065403 7.00214 32
      vertex 0.130526 7.00855 29
      vertex 0.065403 7.00214 29
    endloop
  endfacet
  facet normal -0.849207 0.528061 0
    outer loop
      vertex 0.83147 7.44443 29
      vertex 0.866025 7.5 32
      vertex 0.866025 7.5 29
    endloop
  endfacet
  facet normal -0.849207 0.528061 0
    outer loop
      vertex 0.866025 7.5 32
      vertex 0.83147 7.44443 29
      vertex 0.83147 7.44443 32
    endloop
  endfacet
  facet normal -0.729857 -0.683599 0
    outer loop
      vertex 0.75184 8.65935 29
      vertex 0.707107 8.70711 32
      vertex 0.707107 8.70711 29
    endloop
  endfacet
  facet normal -0.729857 -0.683599 0
    outer loop
      vertex 0.707107 8.70711 32
      vertex 0.75184 8.65935 29
      vertex 0.75184 8.65935 32
    endloop
  endfacet
  facet normal -0.634356 0.773041 0
    outer loop
      vertex 0.659346 7.24816 29
      vertex 0.608761 7.20665 32
      vertex 0.659346 7.24816 32
    endloop
  endfacet
  facet normal -0.634356 0.773041 0
    outer loop
      vertex 0.608761 7.20665 32
      vertex 0.659346 7.24816 29
      vertex 0.608761 7.20665 29
    endloop
  endfacet
  facet normal 0.773049 -0.634346 0
    outer loop
      vertex -0.793353 8.60876 32
      vertex -0.75184 8.65935 29
      vertex -0.75184 8.65935 32
    endloop
  endfacet
  facet normal 0.773049 -0.634346 0
    outer loop
      vertex -0.75184 8.65935 29
      vertex -0.793353 8.60876 32
      vertex -0.793353 8.60876 29
    endloop
  endfacet
  facet normal 0.956943 -0.290277 0
    outer loop
      vertex -0.965925 8.25882 32
      vertex -0.94693 8.32144 29
      vertex -0.94693 8.32144 32
    endloop
  endfacet
  facet normal 0.956943 -0.290277 0
    outer loop
      vertex -0.94693 8.32144 29
      vertex -0.965925 8.25882 32
      vertex -0.965925 8.25882 29
    endloop
  endfacet
  facet normal 0.910881 0.41267 0
    outer loop
      vertex -0.896873 7.55771 32
      vertex -0.923879 7.61732 29
      vertex -0.923879 7.61732 32
    endloop
  endfacet
  facet normal 0.910881 0.41267 0
    outer loop
      vertex -0.923879 7.61732 29
      vertex -0.896873 7.55771 32
      vertex -0.896873 7.55771 29
    endloop
  endfacet
  facet normal -0.582517 0.812819 0
    outer loop
      vertex 0.608761 7.20665 29
      vertex 0.55557 7.16853 32
      vertex 0.608761 7.20665 32
    endloop
  endfacet
  facet normal -0.582517 0.812819 0
    outer loop
      vertex 0.55557 7.16853 32
      vertex 0.608761 7.20665 29
      vertex 0.55557 7.16853 29
    endloop
  endfacet
  facet normal -0.910881 -0.41267 0
    outer loop
      vertex 0.923879 8.38268 29
      vertex 0.896873 8.44229 32
      vertex 0.896873 8.44229 29
    endloop
  endfacet
  facet normal -0.910881 -0.41267 0
    outer loop
      vertex 0.896873 8.44229 32
      vertex 0.923879 8.38268 29
      vertex 0.923879 8.38268 32
    endloop
  endfacet
  facet normal -0.683567 -0.729887 0
    outer loop
      vertex 0.659346 8.75184 29
      vertex 0.707107 8.70711 32
      vertex 0.659346 8.75184 32
    endloop
  endfacet
  facet normal -0.683567 -0.729887 -0
    outer loop
      vertex 0.707107 8.70711 32
      vertex 0.659346 8.75184 29
      vertex 0.707107 8.70711 29
    endloop
  endfacet
  facet normal 0.226938 -0.973909 0
    outer loop
      vertex -0.258819 8.96593 29
      vertex -0.19509 8.98078 32
      vertex -0.258819 8.96593 32
    endloop
  endfacet
  facet normal 0.226938 -0.973909 0
    outer loop
      vertex -0.19509 8.98078 32
      vertex -0.258819 8.96593 29
      vertex -0.19509 8.98078 29
    endloop
  endfacet
  facet normal -0.812835 0.582494 0
    outer loop
      vertex 0.793353 7.39124 29
      vertex 0.83147 7.44443 32
      vertex 0.83147 7.44443 29
    endloop
  endfacet
  facet normal -0.812835 0.582494 0
    outer loop
      vertex 0.83147 7.44443 32
      vertex 0.793353 7.39124 29
      vertex 0.793353 7.39124 32
    endloop
  endfacet
  facet normal 0.773049 0.634346 0
    outer loop
      vertex -0.75184 7.34065 32
      vertex -0.793353 7.39124 29
      vertex -0.793353 7.39124 32
    endloop
  endfacet
  facet normal 0.773049 0.634346 0
    outer loop
      vertex -0.793353 7.39124 29
      vertex -0.75184 7.34065 32
      vertex -0.75184 7.34065 29
    endloop
  endfacet
  facet normal 0.352242 0.935909 -0
    outer loop
      vertex -0.321439 7.05307 29
      vertex -0.382683 7.07612 32
      vertex -0.321439 7.05307 32
    endloop
  endfacet
  facet normal 0.352242 0.935909 0
    outer loop
      vertex -0.382683 7.07612 32
      vertex -0.321439 7.05307 29
      vertex -0.382683 7.07612 29
    endloop
  endfacet
  facet normal -0.999464 0.0327347 0
    outer loop
      vertex 0.997858 7.9346 29
      vertex 1 8 32
      vertex 1 8 29
    endloop
  endfacet
  facet normal -0.999464 0.0327347 0
    outer loop
      vertex 1 8 32
      vertex 0.997858 7.9346 29
      vertex 0.997858 7.9346 32
    endloop
  endfacet
  facet normal 0.0981071 -0.995176 0
    outer loop
      vertex -0.130526 8.99144 29
      vertex -0.065403 8.99786 32
      vertex -0.130526 8.99144 32
    endloop
  endfacet
  facet normal 0.0981071 -0.995176 0
    outer loop
      vertex -0.065403 8.99786 32
      vertex -0.130526 8.99144 29
      vertex -0.065403 8.99786 29
    endloop
  endfacet
  facet normal 0.995187 0.0979907 0
    outer loop
      vertex -0.991445 7.86947 32
      vertex -0.997858 7.9346 29
      vertex -0.997858 7.9346 32
    endloop
  endfacet
  facet normal 0.995187 0.0979907 0
    outer loop
      vertex -0.997858 7.9346 29
      vertex -0.991445 7.86947 32
      vertex -0.991445 7.86947 29
    endloop
  endfacet
  facet normal -0.683567 0.729887 0
    outer loop
      vertex 0.707107 7.29289 29
      vertex 0.659346 7.24816 32
      vertex 0.707107 7.29289 32
    endloop
  endfacet
  facet normal -0.683567 0.729887 0
    outer loop
      vertex 0.659346 7.24816 32
      vertex 0.707107 7.29289 29
      vertex 0.659346 7.24816 29
    endloop
  endfacet
  facet normal 0.162902 0.986642 -0
    outer loop
      vertex -0.130526 7.00855 29
      vertex -0.19509 7.01921 32
      vertex -0.130526 7.00855 32
    endloop
  endfacet
  facet normal 0.162902 0.986642 0
    outer loop
      vertex -0.19509 7.01921 32
      vertex -0.130526 7.00855 29
      vertex -0.19509 7.01921 29
    endloop
  endfacet
  facet normal 0.352242 -0.935909 0
    outer loop
      vertex -0.382683 8.92388 29
      vertex -0.321439 8.94693 32
      vertex -0.382683 8.92388 32
    endloop
  endfacet
  facet normal 0.352242 -0.935909 0
    outer loop
      vertex -0.321439 8.94693 32
      vertex -0.382683 8.92388 29
      vertex -0.321439 8.94693 29
    endloop
  endfacet
  facet normal -0.226938 -0.973909 0
    outer loop
      vertex 0.19509 8.98078 29
      vertex 0.258819 8.96593 32
      vertex 0.19509 8.98078 32
    endloop
  endfacet
  facet normal -0.226938 -0.973909 -0
    outer loop
      vertex 0.258819 8.96593 32
      vertex 0.19509 8.98078 29
      vertex 0.258819 8.96593 29
    endloop
  endfacet
  facet normal -0.412749 -0.910845 0
    outer loop
      vertex 0.382683 8.92388 29
      vertex 0.442288 8.89687 32
      vertex 0.382683 8.92388 32
    endloop
  endfacet
  facet normal -0.412749 -0.910845 -0
    outer loop
      vertex 0.442288 8.89687 32
      vertex 0.382683 8.92388 29
      vertex 0.442288 8.89687 29
    endloop
  endfacet
  facet normal -0.849207 -0.528061 0
    outer loop
      vertex 0.866025 8.5 29
      vertex 0.83147 8.55557 32
      vertex 0.83147 8.55557 29
    endloop
  endfacet
  facet normal -0.849207 -0.528061 0
    outer loop
      vertex 0.83147 8.55557 32
      vertex 0.866025 8.5 29
      vertex 0.866025 8.5 32
    endloop
  endfacet
  facet normal -0.97388 0.227065 0
    outer loop
      vertex 0.965925 7.74118 29
      vertex 0.980784 7.80491 32
      vertex 0.980784 7.80491 29
    endloop
  endfacet
  facet normal -0.97388 0.227065 0
    outer loop
      vertex 0.980784 7.80491 32
      vertex 0.965925 7.74118 29
      vertex 0.965925 7.74118 32
    endloop
  endfacet
  facet normal -0.881913 0.471413 0
    outer loop
      vertex 0.866025 7.5 29
      vertex 0.896873 7.55771 32
      vertex 0.896873 7.55771 29
    endloop
  endfacet
  facet normal -0.881913 0.471413 0
    outer loop
      vertex 0.896873 7.55771 32
      vertex 0.866025 7.5 29
      vertex 0.866025 7.5 32
    endloop
  endfacet
  facet normal -0.773049 0.634346 0
    outer loop
      vertex 0.75184 7.34065 29
      vertex 0.793353 7.39124 32
      vertex 0.793353 7.39124 29
    endloop
  endfacet
  facet normal -0.773049 0.634346 0
    outer loop
      vertex 0.793353 7.39124 32
      vertex 0.75184 7.34065 29
      vertex 0.75184 7.34065 32
    endloop
  endfacet
  facet normal -0.0327027 0.999465 0
    outer loop
      vertex 0.065403 7.00214 29
      vertex 0 7 32
      vertex 0.065403 7.00214 32
    endloop
  endfacet
  facet normal -0.0327027 0.999465 0
    outer loop
      vertex 0 7 32
      vertex 0.065403 7.00214 29
      vertex 0 7 29
    endloop
  endfacet
  facet normal 0.729857 -0.683599 0
    outer loop
      vertex -0.75184 8.65935 32
      vertex -0.707107 8.70711 29
      vertex -0.707107 8.70711 32
    endloop
  endfacet
  facet normal 0.729857 -0.683599 0
    outer loop
      vertex -0.707107 8.70711 29
      vertex -0.75184 8.65935 32
      vertex -0.75184 8.65935 29
    endloop
  endfacet
  facet normal -0.582517 -0.812819 0
    outer loop
      vertex 0.55557 8.83147 29
      vertex 0.608761 8.79335 32
      vertex 0.55557 8.83147 32
    endloop
  endfacet
  facet normal -0.582517 -0.812819 -0
    outer loop
      vertex 0.608761 8.79335 32
      vertex 0.55557 8.83147 29
      vertex 0.608761 8.79335 29
    endloop
  endfacet
  facet normal -0.935896 0.352275 0
    outer loop
      vertex 0.923879 7.61732 29
      vertex 0.94693 7.67856 32
      vertex 0.94693 7.67856 29
    endloop
  endfacet
  facet normal -0.935896 0.352275 0
    outer loop
      vertex 0.94693 7.67856 32
      vertex 0.923879 7.61732 29
      vertex 0.923879 7.61732 32
    endloop
  endfacet
  facet normal -0.162902 -0.986642 0
    outer loop
      vertex 0.130526 8.99144 29
      vertex 0.19509 8.98078 32
      vertex 0.130526 8.99144 32
    endloop
  endfacet
  facet normal -0.162902 -0.986642 -0
    outer loop
      vertex 0.19509 8.98078 32
      vertex 0.130526 8.99144 29
      vertex 0.19509 8.98078 29
    endloop
  endfacet
  facet normal -0.986638 -0.162927 0
    outer loop
      vertex 0.991445 8.13053 29
      vertex 0.980784 8.19509 32
      vertex 0.980784 8.19509 29
    endloop
  endfacet
  facet normal -0.986638 -0.162927 0
    outer loop
      vertex 0.980784 8.19509 32
      vertex 0.991445 8.13053 29
      vertex 0.991445 8.13053 32
    endloop
  endfacet
  facet normal -0.290347 -0.956922 0
    outer loop
      vertex 0.258819 8.96593 29
      vertex 0.321439 8.94693 32
      vertex 0.258819 8.96593 32
    endloop
  endfacet
  facet normal -0.290347 -0.956922 -0
    outer loop
      vertex 0.321439 8.94693 32
      vertex 0.258819 8.96593 29
      vertex 0.321439 8.94693 29
    endloop
  endfacet
  facet normal 0.881913 0.471413 0
    outer loop
      vertex -0.866025 7.5 32
      vertex -0.896873 7.55771 29
      vertex -0.896873 7.55771 32
    endloop
  endfacet
  facet normal 0.881913 0.471413 0
    outer loop
      vertex -0.896873 7.55771 29
      vertex -0.866025 7.5 32
      vertex -0.866025 7.5 29
    endloop
  endfacet
  facet normal 0.162902 -0.986642 0
    outer loop
      vertex -0.19509 8.98078 29
      vertex -0.130526 8.99144 32
      vertex -0.19509 8.98078 32
    endloop
  endfacet
  facet normal 0.162902 -0.986642 0
    outer loop
      vertex -0.130526 8.99144 32
      vertex -0.19509 8.98078 29
      vertex -0.130526 8.99144 29
    endloop
  endfacet
  facet normal 0.812835 0.582494 0
    outer loop
      vertex -0.793353 7.39124 32
      vertex -0.83147 7.44443 29
      vertex -0.83147 7.44443 32
    endloop
  endfacet
  facet normal 0.812835 0.582494 0
    outer loop
      vertex -0.83147 7.44443 29
      vertex -0.793353 7.39124 32
      vertex -0.793353 7.39124 29
    endloop
  endfacet
  facet normal 0.471424 -0.881907 0
    outer loop
      vertex -0.5 8.86602 29
      vertex -0.442288 8.89687 32
      vertex -0.5 8.86602 32
    endloop
  endfacet
  facet normal 0.471424 -0.881907 0
    outer loop
      vertex -0.442288 8.89687 32
      vertex -0.5 8.86602 29
      vertex -0.442288 8.89687 29
    endloop
  endfacet
  facet normal 0.999464 0.0327347 0
    outer loop
      vertex -0.997858 7.9346 32
      vertex -1 8 29
      vertex -1 8 32
    endloop
  endfacet
  facet normal 0.999464 0.0327347 0
    outer loop
      vertex -1 8 29
      vertex -0.997858 7.9346 32
      vertex -0.997858 7.9346 29
    endloop
  endfacet
  facet normal 0.290347 0.956922 -0
    outer loop
      vertex -0.258819 7.03407 29
      vertex -0.321439 7.05307 32
      vertex -0.258819 7.03407 32
    endloop
  endfacet
  facet normal 0.290347 0.956922 0
    outer loop
      vertex -0.321439 7.05307 32
      vertex -0.258819 7.03407 29
      vertex -0.321439 7.05307 29
    endloop
  endfacet
  facet normal 0.97388 0.227065 0
    outer loop
      vertex -0.965925 7.74118 32
      vertex -0.980784 7.80491 29
      vertex -0.980784 7.80491 32
    endloop
  endfacet
  facet normal 0.97388 0.227065 0
    outer loop
      vertex -0.980784 7.80491 29
      vertex -0.965925 7.74118 32
      vertex -0.965925 7.74118 29
    endloop
  endfacet
  facet normal -0.162902 0.986642 0
    outer loop
      vertex 0.19509 7.01921 29
      vertex 0.130526 7.00855 32
      vertex 0.19509 7.01921 32
    endloop
  endfacet
  facet normal -0.162902 0.986642 0
    outer loop
      vertex 0.130526 7.00855 32
      vertex 0.19509 7.01921 29
      vertex 0.130526 7.00855 29
    endloop
  endfacet
  facet normal 0.729857 0.683599 0
    outer loop
      vertex -0.707107 7.29289 32
      vertex -0.75184 7.34065 29
      vertex -0.75184 7.34065 32
    endloop
  endfacet
  facet normal 0.729857 0.683599 0
    outer loop
      vertex -0.75184 7.34065 29
      vertex -0.707107 7.29289 32
      vertex -0.707107 7.29289 29
    endloop
  endfacet
  facet normal -0.0981071 -0.995176 0
    outer loop
      vertex 0.065403 8.99786 29
      vertex 0.130526 8.99144 32
      vertex 0.065403 8.99786 32
    endloop
  endfacet
  facet normal -0.0981071 -0.995176 -0
    outer loop
      vertex 0.130526 8.99144 32
      vertex 0.065403 8.99786 29
      vertex 0.130526 8.99144 29
    endloop
  endfacet
  facet normal 0.812835 -0.582494 0
    outer loop
      vertex -0.83147 8.55557 32
      vertex -0.793353 8.60876 29
      vertex -0.793353 8.60876 32
    endloop
  endfacet
  facet normal 0.812835 -0.582494 0
    outer loop
      vertex -0.793353 8.60876 29
      vertex -0.83147 8.55557 32
      vertex -0.83147 8.55557 29
    endloop
  endfacet
  facet normal -0.0327027 -0.999465 0
    outer loop
      vertex 0 9 29
      vertex 0.065403 8.99786 32
      vertex 0 9 32
    endloop
  endfacet
  facet normal -0.0327027 -0.999465 -0
    outer loop
      vertex 0.065403 8.99786 32
      vertex 0 9 29
      vertex 0.065403 8.99786 29
    endloop
  endfacet
  facet normal -0.986638 0.162927 0
    outer loop
      vertex 0.980784 7.80491 29
      vertex 0.991445 7.86947 32
      vertex 0.991445 7.86947 29
    endloop
  endfacet
  facet normal -0.986638 0.162927 0
    outer loop
      vertex 0.991445 7.86947 32
      vertex 0.980784 7.80491 29
      vertex 0.980784 7.80491 32
    endloop
  endfacet
  facet normal 0.0327027 0.999465 -0
    outer loop
      vertex 0 7 29
      vertex -0.065403 7.00214 32
      vertex 0 7 32
    endloop
  endfacet
  facet normal 0.0327027 0.999465 0
    outer loop
      vertex -0.065403 7.00214 32
      vertex 0 7 29
      vertex -0.065403 7.00214 29
    endloop
  endfacet
  facet normal 0.986638 -0.162927 0
    outer loop
      vertex -0.991445 8.13053 32
      vertex -0.980784 8.19509 29
      vertex -0.980784 8.19509 32
    endloop
  endfacet
  facet normal 0.986638 -0.162927 0
    outer loop
      vertex -0.980784 8.19509 29
      vertex -0.991445 8.13053 32
      vertex -0.991445 8.13053 29
    endloop
  endfacet
  facet normal 0.97388 -0.227065 0
    outer loop
      vertex -0.980784 8.19509 32
      vertex -0.965925 8.25882 29
      vertex -0.965925 8.25882 32
    endloop
  endfacet
  facet normal 0.97388 -0.227065 0
    outer loop
      vertex -0.965925 8.25882 29
      vertex -0.980784 8.19509 32
      vertex -0.980784 8.19509 29
    endloop
  endfacet
  facet normal 0.471305 0.88197 -0
    outer loop
      vertex -0.442288 7.10313 29
      vertex -0.5 7.13397 32
      vertex -0.442288 7.10313 32
    endloop
  endfacet
  facet normal 0.471305 0.88197 0
    outer loop
      vertex -0.5 7.13397 32
      vertex -0.442288 7.10313 29
      vertex -0.5 7.13397 29
    endloop
  endfacet
  facet normal 0.634356 0.773041 -0
    outer loop
      vertex -0.608761 7.20665 29
      vertex -0.659346 7.24816 32
      vertex -0.608761 7.20665 32
    endloop
  endfacet
  facet normal 0.634356 0.773041 0
    outer loop
      vertex -0.659346 7.24816 32
      vertex -0.608761 7.20665 29
      vertex -0.659346 7.24816 29
    endloop
  endfacet
  facet normal 0.995187 -0.0979907 0
    outer loop
      vertex -0.997858 8.0654 32
      vertex -0.991445 8.13053 29
      vertex -0.991445 8.13053 32
    endloop
  endfacet
  facet normal 0.995187 -0.0979907 0
    outer loop
      vertex -0.991445 8.13053 29
      vertex -0.997858 8.0654 32
      vertex -0.997858 8.0654 29
    endloop
  endfacet
  facet normal 0.999464 -0.0327347 0
    outer loop
      vertex -1 8 32
      vertex -0.997858 8.0654 29
      vertex -0.997858 8.0654 32
    endloop
  endfacet
  facet normal 0.999464 -0.0327347 0
    outer loop
      vertex -0.997858 8.0654 29
      vertex -1 8 32
      vertex -1 8 29
    endloop
  endfacet
  facet normal 0.881913 -0.471413 0
    outer loop
      vertex -0.896873 8.44229 32
      vertex -0.866025 8.5 29
      vertex -0.866025 8.5 32
    endloop
  endfacet
  facet normal 0.881913 -0.471413 0
    outer loop
      vertex -0.866025 8.5 29
      vertex -0.896873 8.44229 32
      vertex -0.896873 8.44229 29
    endloop
  endfacet
  facet normal 0.910881 -0.41267 0
    outer loop
      vertex -0.923879 8.38268 32
      vertex -0.896873 8.44229 29
      vertex -0.896873 8.44229 32
    endloop
  endfacet
  facet normal 0.910881 -0.41267 0
    outer loop
      vertex -0.896873 8.44229 29
      vertex -0.923879 8.38268 32
      vertex -0.923879 8.38268 29
    endloop
  endfacet
  facet normal 0.528006 -0.849241 0
    outer loop
      vertex -0.55557 8.83147 29
      vertex -0.5 8.86602 32
      vertex -0.55557 8.83147 32
    endloop
  endfacet
  facet normal 0.528006 -0.849241 0
    outer loop
      vertex -0.5 8.86602 32
      vertex -0.55557 8.83147 29
      vertex -0.5 8.86602 29
    endloop
  endfacet
  facet normal 0.582517 0.812819 -0
    outer loop
      vertex -0.55557 7.16853 29
      vertex -0.608761 7.20665 32
      vertex -0.55557 7.16853 32
    endloop
  endfacet
  facet normal 0.582517 0.812819 0
    outer loop
      vertex -0.608761 7.20665 32
      vertex -0.55557 7.16853 29
      vertex -0.608761 7.20665 29
    endloop
  endfacet
  facet normal 0.412749 0.910845 -0
    outer loop
      vertex -0.382683 7.07612 29
      vertex -0.442288 7.10313 32
      vertex -0.382683 7.07612 32
    endloop
  endfacet
  facet normal 0.412749 0.910845 0
    outer loop
      vertex -0.442288 7.10313 32
      vertex -0.382683 7.07612 29
      vertex -0.442288 7.10313 29
    endloop
  endfacet
  facet normal -1 0 0
    outer loop
      vertex 7.75 5.7 1.95
      vertex 7.75 10.3 8.05
      vertex 7.75 10.3 1.95
    endloop
  endfacet
  facet normal -1 -0 0
    outer loop
      vertex 7.75 10.3 8.05
      vertex 7.75 5.7 1.95
      vertex 7.75 5.7 8.05
    endloop
  endfacet
  facet normal 0 0 -1
    outer loop
      vertex 7.75 5.7 8.05
      vertex 5.95 8 8.05
      vertex 7.75 10.3 8.05
    endloop
  endfacet
  facet normal 0 0 -1
    outer loop
      vertex 7.75 5.7 8.05
      vertex 5.93726 7.61085 8.05
      vertex 5.95 8 8.05
    endloop
  endfacet
  facet normal 0 0 -1
    outer loop
      vertex 7.75 5.7 8.05
      vertex 5.8991 7.22337 8.05
      vertex 5.93726 7.61085 8.05
    endloop
  endfacet
  facet normal 0 0 -1
    outer loop
      vertex 7.75 5.7 8.05
      vertex 5.83567 6.83921 8.05
      vertex 5.8991 7.22337 8.05
    endloop
  endfacet
  facet normal 0 0 -1
    outer loop
      vertex 7.75 5.7 8.05
      vertex 5.74726 6.46003 8.05
      vertex 5.83567 6.83921 8.05
    endloop
  endfacet
  facet normal 0 0 -1
    outer loop
      vertex 7.75 5.7 8.05
      vertex 5.63423 6.08743 8.05
      vertex 5.74726 6.46003 8.05
    endloop
  endfacet
  facet normal 0 0 -1
    outer loop
      vertex 7.75 5.7 8.05
      vertex 5.49708 5.72303 8.05
      vertex 5.63423 6.08743 8.05
    endloop
  endfacet
  facet normal 0 -0 -1
    outer loop
      vertex 5.49708 5.72303 8.05
      vertex 7.75 5.7 8.05
      vertex 5.48665 5.7 8.05
    endloop
  endfacet
  facet normal 0 0 -1
    outer loop
      vertex 5.93726 8.38915 8.05
      vertex 7.75 10.3 8.05
      vertex 5.95 8 8.05
    endloop
  endfacet
  facet normal 0 0 -1
    outer loop
      vertex 5.8991 8.77663 8.05
      vertex 7.75 10.3 8.05
      vertex 5.93726 8.38915 8.05
    endloop
  endfacet
  facet normal 0 0 -1
    outer loop
      vertex 5.83567 9.16079 8.05
      vertex 7.75 10.3 8.05
      vertex 5.8991 8.77663 8.05
    endloop
  endfacet
  facet normal 0 0 -1
    outer loop
      vertex 5.74726 9.53997 8.05
      vertex 7.75 10.3 8.05
      vertex 5.83567 9.16079 8.05
    endloop
  endfacet
  facet normal 0 0 -1
    outer loop
      vertex 5.63423 9.91256 8.05
      vertex 7.75 10.3 8.05
      vertex 5.74726 9.53997 8.05
    endloop
  endfacet
  facet normal 0 0 -1
    outer loop
      vertex 5.49708 10.277 8.05
      vertex 7.75 10.3 8.05
      vertex 5.63423 9.91256 8.05
    endloop
  endfacet
  facet normal -0 0 -1
    outer loop
      vertex 7.75 10.3 8.05
      vertex 5.49708 10.277 8.05
      vertex 5.48665 10.3 8.05
    endloop
  endfacet
  facet normal 0 -1 0
    outer loop
      vertex 5.48665 10.3 1.95
      vertex 7.75 10.3 8.05
      vertex 5.48665 10.3 8.05
    endloop
  endfacet
  facet normal 0 -1 -0
    outer loop
      vertex 7.75 10.3 8.05
      vertex 5.48665 10.3 1.95
      vertex 7.75 10.3 1.95
    endloop
  endfacet
  facet normal 0 1 -0
    outer loop
      vertex 7.75 5.7 1.95
      vertex 5.48665 5.7 8.05
      vertex 7.75 5.7 8.05
    endloop
  endfacet
  facet normal 0 1 0
    outer loop
      vertex 5.48665 5.7 8.05
      vertex 7.75 5.7 1.95
      vertex 5.48665 5.7 1.95
    endloop
  endfacet
  facet normal 0 0 1
    outer loop
      vertex 7.75 10.3 1.95
      vertex 5.95 8 1.95
      vertex 7.75 5.7 1.95
    endloop
  endfacet
  facet normal 0 0 1
    outer loop
      vertex 7.75 10.3 1.95
      vertex 5.93726 8.38915 1.95
      vertex 5.95 8 1.95
    endloop
  endfacet
  facet normal 0 0 1
    outer loop
      vertex 7.75 10.3 1.95
      vertex 5.8991 8.77663 1.95
      vertex 5.93726 8.38915 1.95
    endloop
  endfacet
  facet normal 0 0 1
    outer loop
      vertex 7.75 10.3 1.95
      vertex 5.83567 9.16079 1.95
      vertex 5.8991 8.77663 1.95
    endloop
  endfacet
  facet normal 0 0 1
    outer loop
      vertex 7.75 10.3 1.95
      vertex 5.74726 9.53997 1.95
      vertex 5.83567 9.16079 1.95
    endloop
  endfacet
  facet normal 0 0 1
    outer loop
      vertex 7.75 10.3 1.95
      vertex 5.63423 9.91256 1.95
      vertex 5.74726 9.53997 1.95
    endloop
  endfacet
  facet normal 0 0 1
    outer loop
      vertex 7.75 10.3 1.95
      vertex 5.49708 10.277 1.95
      vertex 5.63423 9.91256 1.95
    endloop
  endfacet
  facet normal 0 -0 1
    outer loop
      vertex 5.49708 10.277 1.95
      vertex 7.75 10.3 1.95
      vertex 5.48665 10.3 1.95
    endloop
  endfacet
  facet normal -0 0 1
    outer loop
      vertex 5.93726 7.61085 1.95
      vertex 7.75 5.7 1.95
      vertex 5.95 8 1.95
    endloop
  endfacet
  facet normal -0 0 1
    outer loop
      vertex 5.8991 7.22337 1.95
      vertex 7.75 5.7 1.95
      vertex 5.93726 7.61085 1.95
    endloop
  endfacet
  facet normal -0 0 1
    outer loop
      vertex 5.83567 6.83921 1.95
      vertex 7.75 5.7 1.95
      vertex 5.8991 7.22337 1.95
    endloop
  endfacet
  facet normal -0 0 1
    outer loop
      vertex 5.74726 6.46003 1.95
      vertex 7.75 5.7 1.95
      vertex 5.83567 6.83921 1.95
    endloop
  endfacet
  facet normal -0 0 1
    outer loop
      vertex 5.63423 6.08743 1.95
      vertex 7.75 5.7 1.95
      vertex 5.74726 6.46003 1.95
    endloop
  endfacet
  facet normal -0 0 1
    outer loop
      vertex 5.49708 5.72303 1.95
      vertex 7.75 5.7 1.95
      vertex 5.63423 6.08743 1.95
    endloop
  endfacet
  facet normal 0 0 1
    outer loop
      vertex 7.75 5.7 1.95
      vertex 5.49708 5.72303 1.95
      vertex 5.48665 5.7 1.95
    endloop
  endfacet
endsolid OpenSCAD_Model
